{"type":"FeatureCollection","features":[{"type":"Feature","id":4172,"geometry":{"type":"Polygon","coordinates":[[[-82.330835999959433,29.651119999880844],[-82.330836999784339,29.650273999884408],[-82.330498999675555,29.650272999819304],[-82.330363999956333,29.650261999883138],[-82.329723999723726,29.650269999623916],[-82.329527000080247,29.650269000339463],[-82.3287780000677,29.650266000143962],[-82.327964999582733,29.650272999819304],[-82.327288000438543,29.65027900020976],[-82.326582000083718,29.650284999819224],[-82.326570000388131,29.649666999912998],[-82.326561000167317,29.649009000139717],[-82.326556999969341,29.648354000221207],[-82.326556999969341,29.647084000065604],[-82.3265539995963,29.646489000047463],[-82.326547999748527,29.645292000369817],[-82.326539000425996,29.64434399969112],[-82.326534000403115,29.644218999726132],[-82.325033000005007,29.644474000114684],[-82.324887000415131,29.64450100030167],[-82.323924000142355,29.644681999662442],[-82.321643999594457,29.645095000242112],[-82.319799000138062,29.645344000069755],[-82.318469000342461,29.645586000061488],[-82.318081999829872,29.645701999676998],[-82.317921000171395,29.645770000143294],[-82.317746000269196,29.645798000092338],[-82.316497999591064,29.646293000024578],[-82.315105000046302,29.647025999899693],[-82.313925999863443,29.648235000282682],[-82.313478999974691,29.648706999650777],[-82.313152999561453,29.649147999910323],[-82.312991000078057,29.649329000284336],[-82.312861000381716,29.649475000124585],[-82.312797999734215,29.649598999737037],[-82.312757999551238,29.649700999983715],[-82.312658999817046,29.649896999616512],[-82.312586999847028,29.650092999648294],[-82.311812999720118,29.651199999700772],[-82.311543000281702,29.651199999700772],[-82.31153300023594,29.651470000380023],[-82.311504999748564,29.651741000385559],[-82.311488999855015,29.651861000131845],[-82.311468999763548,29.651984999927585],[-82.311414000410267,29.652100999975879],[-82.310928000163472,29.652875999809368],[-82.310236999877247,29.653865000198827],[-82.309649000421487,29.654713999738444],[-82.309000999792985,29.655691999896888],[-82.307957000227674,29.657224000031452],[-82.306576000378456,29.659337999903059],[-82.306377000186814,29.659748999730922],[-82.306177999995199,29.660106999622151],[-82.305794999680543,29.66066600013642],[-82.305363999685326,29.661278999853064],[-82.304798999795793,29.662114000023916],[-82.304115999905491,29.663152000220482],[-82.303797000063255,29.663622000014563],[-82.301971999800031,29.666311000226308],[-82.301830000408131,29.666510999905963],[-82.302587999743196,29.666499000279796],[-82.303414999573519,29.666507000290924],[-82.303858999987554,29.666488999679625],[-82.303945000201267,29.666493999979863],[-82.303967999767494,29.666495999787653],[-82.304139000370029,29.666507000290924],[-82.304965000375461,29.666493000075953],[-82.305807000274413,29.666513999617067],[-82.306706999899703,29.666518000012399],[-82.307511999988748,29.666520999723364],[-82.30838400002493,29.666535999837922],[-82.309298999718806,29.666526999925544],[-82.310256000143809,29.666545999652854],[-82.311250000378735,29.666549000143576],[-82.312110999645967,29.666564000253949],[-82.31304799997946,29.666558000053932],[-82.313962999673365,29.666551999853596],[-82.314759000439892,29.666574000066106],[-82.315690000027303,29.666581000168218],[-82.316496999766144,29.666583999877247],[-82.317372000175382,29.666561999666936],[-82.318271999800658,29.666574999969203],[-82.318860000154729,29.666580000265167],[-82.319565999611243,29.66659099997867],[-82.320451000066228,29.666596000273781],[-82.320615999922666,29.666592999784537],[-82.321893000014796,29.666596000273781],[-82.322447000033662,29.666596000273781],[-82.322832999823049,29.66659800007956],[-82.32308600044135,29.666604000277196],[-82.323115999680269,29.665924999970006],[-82.32311900005331,29.665314000293584],[-82.323113000205538,29.664641000179707],[-82.323129000099058,29.66406999997977],[-82.323117000403499,29.66343400004822],[-82.323109000007577,29.66292999988309],[-82.323125999726017,29.661226999799247],[-82.323107000357766,29.661084999665459],[-82.323109999832482,29.660774999820422],[-82.323109000007577,29.660087000272355],[-82.323109000007577,29.659973999968269],[-82.323109000007577,29.659231000175758],[-82.323350000032008,29.659246999792053],[-82.323730999798499,29.659247999767999],[-82.32393900021097,29.659256000355697],[-82.324487000382064,29.659273999919332],[-82.324960000210083,29.659234000103989],[-82.32584599959165,29.659193000296291],[-82.326098000385031,29.659205999989645],[-82.326591000304532,29.65923700003216],[-82.32661800006872,29.658963999958779],[-82.326640999634932,29.658736999842695],[-82.326649000030869,29.658167999673847],[-82.326645999657813,29.658028999870723],[-82.326642000358163,29.657851000280473],[-82.326627000289548,29.656962999945272],[-82.326627000289548,29.656916999997492],[-82.326627000289548,29.656821000038725],[-82.326627000289548,29.656660999903938],[-82.326625999566332,29.656026999991095],[-82.326624999741412,29.65570600005363],[-82.326613999870759,29.655336999954844],[-82.326606000373147,29.655065000246978],[-82.326603000000105,29.654687999970065],[-82.32658799993149,29.654026000123],[-82.326592000129452,29.653325000036709],[-82.327946000214467,29.653350000122632],[-82.330582000414537,29.653377000270915],[-82.330741000423188,29.65339800020778],[-82.330820000065913,29.653381999661477],[-82.330831999761472,29.652727000096224],[-82.330832999586377,29.652104000116701],[-82.330829000286727,29.652041000263722],[-82.330835999959433,29.651119999880844]]]},"properties":{"MTFCC":"G5020","OID":"20790267578097","GEOID":"12001000500","STATE":"12","COUNTY":"001","TRACT":"000500","BASENAME":"5","NAME":"Census Tract 5","LSADC":"CT","FUNCSTAT":"S","AREALAND":3917560,"AREAWATER":1068,"CENTLAT":"+29.6567199","CENTLON":"-082.3172229","INTPTLAT":"+29.6568455","INTPTLON":"-082.3169268","OBJECTID":4172}},{"type":"Feature","id":5268,"geometry":{"type":"Polygon","coordinates":[[[-82.372323999653716,29.688536000188606],[-82.372327999851677,29.687619000274545],[-82.372322000003905,29.687087000200624],[-82.372325000376946,29.68681900009425],[-82.372140000429042,29.68681900009425],[-82.372024000078071,29.686793999742164],[-82.371936000214518,29.686751000058432],[-82.371861999696364,29.686690999942716],[-82.371798000122254,29.68660199979616],[-82.371321999921193,29.68515200030129],[-82.370582000129488,29.682938999805227],[-82.370531000075857,29.682808999911732],[-82.3704919997178,29.682708999939326],[-82.37042899996861,29.682495000147963],[-82.370355000348766,29.682341000307972],[-82.370281999655518,29.68221800021567],[-82.37008199963897,29.681979999920554],[-82.369951999942629,29.681857000166929],[-82.369654000016794,29.681661000362723],[-82.369433000083859,29.68156700011399],[-82.369257000356768,29.681501999691356],[-82.369126999762116,29.681475999822709],[-82.368944000362333,29.681440000053502],[-82.368485999704617,29.681433999960593],[-82.36817600008321,29.681427999867406],[-82.367489999819867,29.681417000215848],[-82.366767999571493,29.681405000027056],[-82.366072000160742,29.681394000373004],[-82.365457000042497,29.681385000229447],[-82.36500699978069,29.681379000133322],[-82.36444199989117,29.681370999744424],[-82.36425299974529,29.681367999695951],[-82.362331000295995,29.68134199979264],[-82.361250999847329,29.68132800008209],[-82.35998299997604,29.681314000369532],[-82.35863899993673,29.681300999631301],[-82.356272000248538,29.681277999761839],[-82.356226000217788,29.681277999761839],[-82.355656000305373,29.681273999953714],[-82.354780999896136,29.681287999671795],[-82.354458999680872,29.681277999761839],[-82.354092999982967,29.681277000004933],[-82.353811999775587,29.681273000196768],[-82.353637999698307,29.681270999902356],[-82.353054000440508,29.681263000285327],[-82.352755999616377,29.681257999939021],[-82.352341000412991,29.681244999973966],[-82.352019000197728,29.681292000259894],[-82.351553000042401,29.681337000230684],[-82.351559999715093,29.681563000317364],[-82.351563999913054,29.682044000284815],[-82.351559999715093,29.682699000170729],[-82.351558999890173,29.682844000229785],[-82.351563000088134,29.683004000079112],[-82.351569999760841,29.683270999694685],[-82.351568000111016,29.683444000107606],[-82.351558999890173,29.684154000136036],[-82.351551000392575,29.684854999999068],[-82.351546000369709,29.68515399973802],[-82.351522999905157,29.685759999709362],[-82.350203999980238,29.685772000158732],[-82.349476999708997,29.685780000197351],[-82.349227000362063,29.685758000284729],[-82.348628999962258,29.685740999710394],[-82.347434999710785,29.685718000076484],[-82.347424999665051,29.686402000275251],[-82.347417999992359,29.686944999901332],[-82.347408999771531,29.68755500033841],[-82.347380000357532,29.688420999701652],[-82.347376000159571,29.688553000290092],[-82.348144000438694,29.688553999974637],[-82.349824000038637,29.688553999974637],[-82.350643000371392,29.688554999659168],[-82.350979999756959,29.688554999659168],[-82.351484000445424,29.688519000084177],[-82.35148600009525,29.689266999616386],[-82.351496999965889,29.689843999920225],[-82.351466000003754,29.690130999716668],[-82.351497999790809,29.690341000190436],[-82.351486999920141,29.692198999867909],[-82.351479000422557,29.694017999909541],[-82.351477999699313,29.694219999917006],[-82.351368000094467,29.695848000208954],[-82.350617000432109,29.695844000200324],[-82.349853000350947,29.695846999816684],[-82.349808999970023,29.695846000204696],[-82.349198000049739,29.695840000191545],[-82.348999999683031,29.695838000187056],[-82.348676999642819,29.695838000187056],[-82.347267000379631,29.695876999876777],[-82.347280999725015,29.698276999850822],[-82.347294000143805,29.699147999901911],[-82.347315999885112,29.70058799998694],[-82.347319000258153,29.70119300017706],[-82.347322999557804,29.702240000169866],[-82.34731199968715,29.702738000307033],[-82.347300999816483,29.703272000079814],[-82.346525000039776,29.70326700004836],[-82.344884999724485,29.703233000139914],[-82.344705999624338,29.703228999645052],[-82.34457099990513,29.703199999758791],[-82.344045000373654,29.703192999865706],[-82.343738000227006,29.703201999616702],[-82.343427999707288,29.703207999970381],[-82.343091000321706,29.703214999862421],[-82.3451819998254,29.705026000126939],[-82.345823999707818,29.705563000325302],[-82.346888000262936,29.706496000218817],[-82.349142999798147,29.708428999716098],[-82.349474000234281,29.708722999763722],[-82.353576999598928,29.712234000298004],[-82.353686000277193,29.711902000145528],[-82.3537080000185,29.711702000275853],[-82.353718000064248,29.711649000321646],[-82.353776999615491,29.711374000095223],[-82.353896000339475,29.710933999882766],[-82.353984000203027,29.710545999620603],[-82.354083999762139,29.710193000353826],[-82.354178000371789,29.709795999629407],[-82.354272999908019,29.709444000323526],[-82.354396999756588,29.709109999787984],[-82.354548000267627,29.708776999965544],[-82.354722000344907,29.708439000045018],[-82.354771999675307,29.708388999950969],[-82.354862000086996,29.70824700010979],[-82.354929999859053,29.708137000127792],[-82.355118000180042,29.707913999766159],[-82.355250000424519,29.707750999748352],[-82.355358000379553,29.707616999645673],[-82.355539999954416,29.707402000347486],[-82.355833999682289,29.707135000092038],[-82.356054999615225,29.706955999765817],[-82.356198999555275,29.70684599993011],[-82.356319000104179,29.706753000116937],[-82.35659399956549,29.70656499966098],[-82.356872000298154,29.706414000118993],[-82.357196999988176,29.706244000326773],[-82.357479000020462,29.706112999863741],[-82.358818999861796,29.705521000387144],[-82.359090999848362,29.705402999723788],[-82.359822000317564,29.705076000334941],[-82.360246999566684,29.704890999987224],[-82.360680999934957,29.704711000038749],[-82.361017000393929,29.704558000219095],[-82.361649000230614,29.704283000079627],[-82.361958000027087,29.704119999630155],[-82.362358999885075,29.703949000324787],[-82.36264599994027,29.70382900030981],[-82.362933999820342,29.703695999969689],[-82.363764000023735,29.703331000120137],[-82.364030000162529,29.703211000147142],[-82.364432999670342,29.703036000352103],[-82.36510499968999,29.702724999999564],[-82.365337000391889,29.702630999946841],[-82.36554699955586,29.702541000328594],[-82.367160000106978,29.701825999802629],[-82.367884000005162,29.701505000147126],[-82.368657000307152,29.701165000042351],[-82.369407999969525,29.700818000288642],[-82.36973699985748,29.700623000355197],[-82.370301999746999,29.700209000345978],[-82.370599999672834,29.699952999659846],[-82.370819999780878,29.699749999901709],[-82.37096500044413,29.699590999758541],[-82.371167999935409,29.699347000227139],[-82.371399999738998,29.69908099998602],[-82.371557000097823,29.698842000248209],[-82.371687999619098,29.698591999829041],[-82.371803999970055,29.698331000207119],[-82.37192799981861,29.69797200025608],[-82.372038000321766,29.697689999755692],[-82.372127999835143,29.697415000320564],[-82.372183999911641,29.69718100007508],[-82.372236999615083,29.696766999926211],[-82.372266999752327,29.69662599964434],[-82.372276999798061,29.696043999657533],[-82.372267999577218,29.695926000345874],[-82.372265999927393,29.695107000180109],[-82.372269000300449,29.694697999746367],[-82.372281999820927,29.694337000044602],[-82.372284000369078,29.693816999908581],[-82.372275000148235,29.693387999935826],[-82.372280000171116,29.692962999815627],[-82.372280000171116,29.692635999727848],[-82.372280999996008,29.692320999803954],[-82.372280999996008,29.692249000217839],[-82.372281999820927,29.691920999716114],[-82.372281999820927,29.691839000203789],[-82.372292999691581,29.691338000131061],[-82.372291999866661,29.69101199987777],[-82.372301000087504,29.690859000263142],[-82.372322000003905,29.689674000178996],[-82.372316999981024,29.689360000011078],[-82.372300000262584,29.689030999764253],[-82.37232000035408,29.688692000048388],[-82.37232299982881,29.68856800023957],[-82.372323999653716,29.688536000188606]]]},"properties":{"MTFCC":"G5020","OID":"20790267578205","GEOID":"12001001202","STATE":"12","COUNTY":"001","TRACT":"001202","BASENAME":"12.02","NAME":"Census Tract 12.02","LSADC":"CT","FUNCSTAT":"S","AREALAND":5862244,"AREAWATER":12288,"CENTLAT":"+29.6942777","CENTLON":"-082.3592550","INTPTLAT":"+29.6971758","INTPTLON":"-082.3589878","OBJECTID":5268}},{"type":"Feature","id":18804,"geometry":{"type":"Polygon","coordinates":[[[-82.324451000397048,29.667982999644885],[-82.324529000214852,29.666641999699099],[-82.324109999915194,29.666605000180017],[-82.323923000317436,29.666606999985589],[-82.32343200004776,29.666611000377184],[-82.32308600044135,29.666604000277196],[-82.322832999823049,29.66659800007956],[-82.322447000033662,29.666596000273781],[-82.321893000014796,29.666596000273781],[-82.320615999922666,29.666592999784537],[-82.320451000066228,29.666596000273781],[-82.319565999611243,29.66659099997867],[-82.318860000154729,29.666580000265167],[-82.318271999800658,29.666574999969203],[-82.317372000175382,29.666561999666936],[-82.316496999766144,29.666583999877247],[-82.315690000027303,29.666581000168218],[-82.314759000439892,29.666574000066106],[-82.313962999673365,29.666551999853596],[-82.31304799997946,29.666558000053932],[-82.312110999645967,29.666564000253949],[-82.311250000378735,29.666549000143576],[-82.310256000143809,29.666545999652854],[-82.309298999718806,29.666526999925544],[-82.30838400002493,29.666535999837922],[-82.307511999988748,29.666520999723364],[-82.306706999899703,29.666518000012399],[-82.305807000274413,29.666513999617067],[-82.304965000375461,29.666493000075953],[-82.304139000370029,29.666507000290924],[-82.303967999767494,29.666495999787653],[-82.303945000201267,29.666493999979863],[-82.303858999987554,29.666488999679625],[-82.303414999573519,29.666507000290924],[-82.302587999743196,29.666499000279796],[-82.301830000408131,29.666510999905963],[-82.301346999636053,29.667199999910153],[-82.301144000144788,29.667499999751254],[-82.300627999760749,29.668277000175316],[-82.300041999954828,29.669155000222833],[-82.299420000163906,29.670071999966989],[-82.29897400010006,29.670714999890819],[-82.298795999824833,29.671006999741863],[-82.298365999654521,29.67160700001471],[-82.297755999559158,29.672532000349019],[-82.297517999907782,29.67287300038894],[-82.297365999571824,29.673113000064724],[-82.296867999629441,29.67381699992012],[-82.296651999719373,29.674164000032189],[-82.296095000225762,29.674939999883581],[-82.295972000202127,29.675117999674981],[-82.295333999619359,29.676082999868903],[-82.292725999906708,29.679981999737453],[-82.291803999641814,29.681353999989017],[-82.289342000417349,29.684916000151123],[-82.28928399979273,29.685025000087652],[-82.290955000070156,29.685866000377228],[-82.291829999581068,29.686298000367152],[-82.292218999743511,29.686490000113494],[-82.293043000099118,29.68687300036537],[-82.293880999800123,29.687176999615986],[-82.294425999598161,29.687366000154906],[-82.295146000196695,29.68759100025872],[-82.295815999668193,29.687759000236699],[-82.296491999885802,29.687904999710771],[-82.296687999704389,29.687941000286134],[-82.297173999951184,29.688030000027346],[-82.297860000214541,29.688133999704004],[-82.298549999777535,29.688217000366766],[-82.299244000436815,29.688277000351864],[-82.299939000022661,29.688317000321994],[-82.300093999833365,29.688320999849914],[-82.300635000331766,29.688333999680175],[-82.301331999567438,29.688330000152817],[-82.301841000278785,29.688322000317182],[-82.30241299984101,29.688320000163042],[-82.303678000237582,29.688332999993445],[-82.304693000388895,29.688337999987777],[-82.305587999991317,29.688347000289163],[-82.305788999832757,29.688348999662335],[-82.307614000095981,29.688360000116067],[-82.308558999927115,29.688368999635074],[-82.309163000174692,29.688375000094346],[-82.309519999651755,29.688375999780671],[-82.31043299969582,29.688377999933675],[-82.311255000401616,29.688397999900626],[-82.312221999974028,29.688437999822643],[-82.312907000412466,29.688422000167925],[-82.31410400013867,29.688410999720976],[-82.31473799962518,29.688407000196644],[-82.315433000109337,29.688390999756557],[-82.316874000233014,29.688389000384277],[-82.317041999564182,29.688395000061945],[-82.317689000367793,29.688402999891789],[-82.318409999892921,29.688402999891789],[-82.319368000142845,29.688417000177754],[-82.319365999594694,29.688320000163042],[-82.319358999922002,29.687690000363343],[-82.319363000119964,29.687310999671361],[-82.319360999571828,29.686837999889484],[-82.319367000317925,29.686206999676347],[-82.319379999838404,29.685568000129365],[-82.319377000363673,29.684888000162719],[-82.319377000363673,29.684815000211891],[-82.319379999838404,29.684079999923156],[-82.319384000036365,29.683088000034637],[-82.319379000013498,29.682425999782637],[-82.319368999967736,29.681382000181397],[-82.319370999617576,29.681186999989411],[-82.319364999769789,29.68013900015465],[-82.319368999967736,29.679086999645701],[-82.319389000059246,29.67888600022038],[-82.319372000340806,29.678719000023239],[-82.319445999960649,29.678444999968264],[-82.319491999991413,29.678217000321666],[-82.319485000318707,29.678129000265084],[-82.319517000105762,29.678052000152327],[-82.319518999755573,29.67789699995938],[-82.319582000403088,29.677656999994841],[-82.319721000320271,29.677436000249305],[-82.319818000404624,29.677099999846678],[-82.319866000085227,29.677002000038065],[-82.320118999805203,29.676486999768546],[-82.320189999950315,29.676341999906352],[-82.32042299957881,29.675950000265452],[-82.320435999997613,29.675927999762493],[-82.320692000090645,29.675439999926486],[-82.320990999841385,29.674886000226639],[-82.321235000238858,29.674515999628706],[-82.321374000156041,29.674304000001559],[-82.32155800027904,29.673887999610894],[-82.321800999953282,29.673509999789825],[-82.322099999704051,29.672820000243494],[-82.322364000192991,29.672399999796543],[-82.322955000021793,29.671350999836594],[-82.322991999831714,29.67128499997774],[-82.323785000225186,29.669874000083926],[-82.324044999617868,29.669371999934324],[-82.324126999633634,29.669194999996229],[-82.324334000221185,29.668527000290144],[-82.324451000397048,29.667982999644885]]]},"properties":{"MTFCC":"G5020","OID":"20790267578074","GEOID":"12001000400","STATE":"12","COUNTY":"001","TRACT":"000400","BASENAME":"4","NAME":"Census Tract 4","LSADC":"CT","FUNCSTAT":"S","AREALAND":6010490,"AREAWATER":18712,"CENTLAT":"+29.6777863","CENTLON":"-082.3078758","INTPTLAT":"+29.6794765","INTPTLON":"-082.3081207","OBJECTID":18804}},{"type":"Feature","id":18828,"geometry":{"type":"Polygon","coordinates":[[[-82.372455000073288,29.652010000346358],[-82.372458000446329,29.651711999696779],[-82.372424999936072,29.650425000233465],[-82.372423000286247,29.65032099981055],[-82.37227799962298,29.650317000332553],[-82.372219000071738,29.650319999745903],[-82.372033000298913,29.65032099981055],[-82.370926999910992,29.65034900005508],[-82.369798999781764,29.650388000215418],[-82.369110000043676,29.65039399981837],[-82.36746600042872,29.650399000137821],[-82.365571999670209,29.650413000250175],[-82.365343000239676,29.650406999867656],[-82.364630000212145,29.650401000265468],[-82.364163000231912,29.650397000010067],[-82.364149999813122,29.650056000288927],[-82.364144999790241,29.649889999915015],[-82.36412600042199,29.649849000203787],[-82.364251000095479,29.64960800038293],[-82.364230000179063,29.648930000218268],[-82.364230000179063,29.647830000028211],[-82.364282999882505,29.646738999650246],[-82.364324999715294,29.645204999730819],[-82.36429899977604,29.64506200029404],[-82.362631999696546,29.644960000031126],[-82.362614000153215,29.647791999747245],[-82.361281999809492,29.647772000292122],[-82.361284000357628,29.647840000140867],[-82.361378000068953,29.649146999834024],[-82.361525000382045,29.650376000227727],[-82.361107999732212,29.650357999853213],[-82.360738999661251,29.650342000385017],[-82.360510000230732,29.650351000183772],[-82.359460999744229,29.650341000320573],[-82.359011000380733,29.650339000191678],[-82.358258999995158,29.65035899991749],[-82.35808800029092,29.650357999853213],[-82.356939000245305,29.65034900005508],[-82.356702000418849,29.650343999733138],[-82.356146999676739,29.650341000320573],[-82.355775999955981,29.650380999767368],[-82.355717000404752,29.65039199969053],[-82.355661000328254,29.652069000029744],[-82.355059999555394,29.652062999746004],[-82.35364400044439,29.65207100012428],[-82.352189000077047,29.652088000145415],[-82.351518999707196,29.652104000116701],[-82.350828000319297,29.652093000380692],[-82.349947000062286,29.652083999957007],[-82.349697999641933,29.652081999862741],[-82.349307999654613,29.652077999674106],[-82.347818000025441,29.652076999626914],[-82.347202000082305,29.652077999674106],[-82.347005000438799,29.652076999626914],[-82.346705999789748,29.652075000313193],[-82.3462720003198,29.652072000171522],[-82.344733000286823,29.652066999935187],[-82.343332000346138,29.652063999793334],[-82.343221999842953,29.652063999793334],[-82.342676000220024,29.652067999982478],[-82.341785999742157,29.652074000265976],[-82.340475000213146,29.652061999698674],[-82.340256999754942,29.652060000384658],[-82.339373000023187,29.652056000195135],[-82.339312999748742,29.652810000319942],[-82.339296999855208,29.653360999721315],[-82.339280000136768,29.653917000153996],[-82.339276999763726,29.654403999781326],[-82.339275999938806,29.654564000382081],[-82.339275000113901,29.654829999763916],[-82.339272999565765,29.655250000191376],[-82.339260000045286,29.655723000241348],[-82.339251999649377,29.656334999622707],[-82.33923999995379,29.656549999660974],[-82.339244000151766,29.656946999965779],[-82.339228000258231,29.65754399981752],[-82.339219999862323,29.65867100029401],[-82.339208000166749,29.659185999680137],[-82.339215999664361,29.660289999733113],[-82.339219999862323,29.661215000323395],[-82.339219999862323,29.662163999725411],[-82.339215999664361,29.662542999980044],[-82.339212000364711,29.663056999903997],[-82.339219999862323,29.663803000115276],[-82.339208000166749,29.664862999863573],[-82.339203999968788,29.665126000367],[-82.339215999664361,29.666678000083145],[-82.340004999859858,29.666704999777245],[-82.341945999575742,29.666704999777245],[-82.343243999584274,29.666710999968458],[-82.343344999866602,29.666710999968458],[-82.344411999896465,29.666716000257654],[-82.345543000398735,29.66672300034984],[-82.346678000200654,29.666726000054698],[-82.347478000266818,29.66672799985788],[-82.348770000427564,29.666729999661012],[-82.34905999995749,29.666731000343155],[-82.349922999772843,29.666732000244689],[-82.351369999744293,29.666734999949277],[-82.352907999952336,29.666736999752231],[-82.355435000372452,29.666741000138686],[-82.3557709999331,29.666741000138686],[-82.35604299991968,29.666750999933235],[-82.356263000027695,29.666745999645833],[-82.357388999608773,29.666744999744413],[-82.357487000416398,29.666744999744413],[-82.357749000357217,29.666742000040131],[-82.358478000278268,29.666745999645833],[-82.361030999739313,29.666743999842993],[-82.361362000175433,29.66675999982559],[-82.362182000333078,29.666751999834577],[-82.362738000001769,29.666753999637251],[-82.36343400031086,29.666757000121752],[-82.364056999926703,29.666763000309849],[-82.365272000094564,29.66677599980563],[-82.366021000107096,29.666755000319142],[-82.367351999727603,29.666760999726844],[-82.368234999634453,29.666753999637251],[-82.368937999616236,29.666757000121752],[-82.369345000220321,29.666758999924312],[-82.370017000239955,29.66675999982559],[-82.371241999555252,29.666743999842993],[-82.372373000057507,29.666769999618246],[-82.37236999968448,29.666370000110717],[-82.372379999730214,29.665802000090736],[-82.372378000080388,29.665584999702258],[-82.372377000255483,29.665112999877447],[-82.372385999578,29.664776999671471],[-82.372387000301231,29.664501000028675],[-82.372397000346979,29.661749999761927],[-82.372392000324098,29.661264999691056],[-82.372404000019671,29.660149999771988],[-82.37239999982171,29.659844000048629],[-82.372405999669482,29.659507000225435],[-82.372405999669482,29.658646999950619],[-82.372407000392712,29.657895999811927],[-82.372418000263366,29.657398999967349],[-82.372412000415579,29.656894000015718],[-82.372409999867443,29.655190000014567],[-82.372390999600867,29.654885000059046],[-82.372393000149017,29.654268000319753],[-82.372380999555133,29.653542000325764],[-82.372458000446329,29.653141999749469],[-82.372448000400595,29.652951000383094],[-82.372444000202634,29.652803000040358],[-82.372445999852459,29.652725000014744],[-82.372458000446329,29.652139000191479],[-82.372455000073288,29.652010000346358]]]},"properties":{"MTFCC":"G5020","OID":"20790267578118","GEOID":"12001001000","STATE":"12","COUNTY":"001","TRACT":"001000","BASENAME":"10","NAME":"Census Tract 10","LSADC":"CT","FUNCSTAT":"S","AREALAND":5635552,"AREAWATER":17810,"CENTLAT":"+29.6587073","CENTLON":"-082.3564394","INTPTLAT":"+29.6558706","INTPTLON":"-082.3551638","OBJECTID":18828}},{"type":"Feature","id":21485,"geometry":{"type":"Polygon","coordinates":[[[-82.293580000399544,29.674123000065599],[-82.29386900010455,29.673816000089005],[-82.293552999737059,29.673689000383973],[-82.293145000206366,29.673495999769198],[-82.292559000400459,29.673199000153875],[-82.291721999626049,29.672867999625307],[-82.291462000233381,29.672727000156335],[-82.291247999973123,29.672615999687974],[-82.291048999781495,29.672477000335011],[-82.290940999826461,29.672359999736859],[-82.290835000419548,29.672231000060282],[-82.290832000046521,29.672221999877006],[-82.290739999985007,29.671958000126526],[-82.290735999787046,29.671635999652331],[-82.290755000053622,29.671448999689083],[-82.291006000123787,29.67096000011178],[-82.291410000354816,29.670272999839785],[-82.291165999957371,29.670135000238261],[-82.290888999947924,29.669999000185509],[-82.290664999641919,29.66989899996058],[-82.290361999693232,29.669771000120704],[-82.290031000155437,29.669637999974292],[-82.289790000131021,29.669534999769375],[-82.289546999558453,29.669390000029672],[-82.289359999960695,29.669301000177406],[-82.289192999556121,29.669233999877051],[-82.289124999784065,29.669201999915892],[-82.28912800015712,29.668503999840336],[-82.289144999875546,29.666974000323545],[-82.289149000073508,29.666734000047757],[-82.289154000096389,29.666484000159702],[-82.289154000096389,29.666451000199917],[-82.289153000271469,29.666323999780445],[-82.289147000423682,29.665342000269181],[-82.289153000271469,29.664429999955697],[-82.288995000087709,29.663594000340801],[-82.288918999919744,29.663525000275087],[-82.28881199978963,29.663398999999064],[-82.288492999947394,29.663137000381909],[-82.288390000015227,29.663052000213575],[-82.288314999672153,29.662825999894054],[-82.28830299997658,29.662799999880018],[-82.28565699973079,29.662795000176757],[-82.284983999886251,29.662793000295384],[-82.284654999998281,29.662792000354692],[-82.274020999684723,29.662759999905294],[-82.272480000001934,29.662756000141172],[-82.272480000001934,29.662541000093658],[-82.272474999979067,29.659055000325729],[-82.272455999712491,29.655567999984701],[-82.272420999552395,29.655233999939579],[-82.272423999925451,29.654911999795498],[-82.272423999925451,29.65352999993344],[-82.272423000100531,29.651894000193117],[-82.272423000100531,29.651786000307219],[-82.272427000298492,29.650318999681247],[-82.272443000192027,29.64914499968139],[-82.272444999841838,29.649005999906645],[-82.272449999864719,29.648212999963711],[-82.272444999841838,29.646956000085684],[-82.272461999560264,29.646080000148618],[-82.27246499993332,29.645731999865443],[-82.272470999781106,29.644833999931063],[-82.27246800030639,29.644476999702079],[-82.272458000260627,29.643426999682596],[-82.272464000108428,29.642601999681141],[-82.272466999583145,29.642080000290875],[-82.272474999979067,29.641211999767613],[-82.272476999628893,29.640702999938913],[-82.272484000199896,29.63943499964774],[-82.272469999956201,29.637733000381051],[-82.272480000001934,29.636174999651772],[-82.272481999651774,29.636034999722042],[-82.272490000047682,29.635385000008597],[-82.271796000286727,29.635022000114919],[-82.270837000211912,29.634623000348522],[-82.26990099970331,29.634174000255417],[-82.269846000350029,29.634142000076771],[-82.269585000234116,29.633997000091234],[-82.269203999569299,29.633841999956722],[-82.268811000107235,29.633656999710578],[-82.268585000151418,29.633530000070788],[-82.268548000341497,29.633507999661987],[-82.26791399995669,29.633129000169632],[-82.267359000112904,29.632774999761541],[-82.266827999660265,29.632411000369384],[-82.266318999847229,29.632012999876068],[-82.265650000200623,29.631484000054673],[-82.264835000065858,29.6307369997573],[-82.264002000387734,29.630044999977812],[-82.262327999737238,29.62871799974624],[-82.260863000222429,29.627427000362754],[-82.259371000045135,29.626144999673052],[-82.259443999840073,29.626078999840455],[-82.258878000125648,29.625435000222197],[-82.258545999864623,29.62503499964804],[-82.258432000061802,29.62488100009687],[-82.25823299987016,29.624644999901946],[-82.25796900027953,29.624253999884537],[-82.257764000240115,29.623924000342821],[-82.257582999591833,29.623669000240685],[-82.257400000192035,29.623364000067181],[-82.257186999756712,29.622970999872681],[-82.256995999961006,29.622596000362279],[-82.2568339995793,29.622259000015653],[-82.256662000050156,29.621857999761477],[-82.256487000147985,29.621381000078259],[-82.256365999774147,29.621070999793975],[-82.256247999773379,29.620716000387908],[-82.256055000327834,29.619968999904945],[-82.255991999680333,29.619691000056221],[-82.25579599986176,29.617182000076667],[-82.255794000211935,29.616884999843148],[-82.255760999701664,29.616496999812977],[-82.25571700021905,29.616125000072348],[-82.255651999921696,29.615790999614099],[-82.255575999753731,29.615476000386732],[-82.255481000217486,29.615184999950571],[-82.255344999775062,29.614851000282279],[-82.255200999834997,29.614552000150109],[-82.25500599984133,29.61421900036947],[-82.254829000289334,29.613943999995637],[-82.254649000364282,29.613712000110642],[-82.25440699961662,29.613425999860972],[-82.253907000024427,29.612937000336846],[-82.253664000350184,29.612733000246209],[-82.253269000339969,29.612502000357239],[-82.2529899997824,29.612353999923677],[-82.252521000152356,29.612164999840324],[-82.251986000400052,29.612025000128654],[-82.25123800021241,29.611860999661264],[-82.250275999764554,29.611663000084349],[-82.249173999574595,29.611399999713729],[-82.248411000216677,29.611194999964603],[-82.248299999888602,29.611171999692434],[-82.248484999836506,29.611482999634607],[-82.248519000171697,29.611538999843638],[-82.248564000377556,29.611997999827132],[-82.248551999783672,29.612585999810157],[-82.248658000088867,29.613091999831088],[-82.248664999761573,29.613719999630831],[-82.24868800022611,29.614040999866685],[-82.248741999754458,29.614036999728889],[-82.248754000348342,29.614108000198097],[-82.248786000135397,29.61424600007604],[-82.248817000097532,29.614333999763737],[-82.24882999961801,29.614405000023755],[-82.248860999580145,29.614426999918145],[-82.248873999998935,29.61452099962597],[-82.248936999748125,29.614686000089176],[-82.248975000281277,29.614768000010624],[-82.249188999643209,29.615097999858282],[-82.249535999972849,29.615411000225297],[-82.249824999677855,29.615636999993324],[-82.24986900005878,29.615664000101045],[-82.250002999953082,29.615781999850633],[-82.250160000311908,29.615946999811566],[-82.250412000206993,29.616133999805179],[-82.250613000048432,29.616397999940506],[-82.250739000445137,29.616617999785401],[-82.250839000004248,29.616733999964673],[-82.250870999791303,29.616793999627962],[-82.250921000020014,29.616854999652578],[-82.250977999921417,29.616980999612061],[-82.251192000181661,29.617218000187457],[-82.251707999667389,29.617641999744286],[-82.251839999911851,29.617740999956695],[-82.251834000064079,29.617790000223128],[-82.251625999651623,29.617911000205119],[-82.251519000419805,29.617994000231427],[-82.251525000267605,29.618026999677149],[-82.251582000169009,29.61806500025612],[-82.251796000429252,29.618004999787566],[-82.25194700004198,29.617994000231427],[-82.252060000019895,29.618016000123401],[-82.252249000165776,29.617988999864842],[-82.252670999940165,29.617850999644862],[-82.252860000086059,29.617824000123008],[-82.253173999905428,29.617818999747989],[-82.253450999914861,29.617834999697699],[-82.253496000120691,29.617852000031952],[-82.253489000447985,29.617966999966914],[-82.253439000219274,29.61804999994709],[-82.25338200031787,29.618077000189377],[-82.253111000156238,29.618083000155433],[-82.252481999794284,29.618164999656116],[-82.252323999610553,29.618197999826801],[-82.252323999610553,29.618258000180461],[-82.252348999724887,29.618285999968847],[-82.252337000029343,29.618352000220156],[-82.252274000280153,29.618385000329674],[-82.252135000362969,29.618407000136305],[-82.251556000229741,29.618444999791048],[-82.251454999947413,29.618489000154327],[-82.251454999947413,29.618582000379689],[-82.251511999848816,29.618654000369297],[-82.251763999743886,29.618841000026016],[-82.251851999607439,29.618972999758569],[-82.25191500025494,29.619149000174303],[-82.251952000064861,29.619116000314957],[-82.252028000232841,29.61892900038756],[-82.252122999769071,29.618829999780218],[-82.252330000356636,29.618736999783639],[-82.252625999734335,29.61878600034678],[-82.252746000283253,29.6188640001102],[-82.252877999629419,29.618974000134514],[-82.253229999981912,29.619468999929712],[-82.253349999632519,29.619655999636084],[-82.253487999724783,29.619836999915048],[-82.253701999985012,29.620040999684527],[-82.25388500028312,29.62015699982863],[-82.254136000353284,29.620278000092522],[-82.254275000270468,29.620365999980166],[-82.254784000083475,29.620855999742083],[-82.2549609996355,29.621065000005753],[-82.255225000124454,29.621504999924937],[-82.255395000003759,29.621934000358667],[-82.255456999928043,29.622116000014614],[-82.255501000308996,29.622192999980289],[-82.255502000133887,29.622253000298212],[-82.255640000226151,29.622451000156634],[-82.255973000312096,29.623028999836844],[-82.256123999924824,29.623353000315056],[-82.256519999759945,29.624272000240207],[-82.256576999661362,29.624359999763584],[-82.256790999921591,29.624546999764451],[-82.257155999794591,29.624739999768941],[-82.257426999956223,29.624845000380802],[-82.257650000437295,29.624995000284169],[-82.257707000338698,29.625292000043178],[-82.257750999821326,29.625347000075966],[-82.257681000399444,29.625595000007252],[-82.257625000322946,29.625681999627531],[-82.257455000443628,29.625699000199806],[-82.257045000364812,29.625566999907054],[-82.256888000005958,29.625621999789718],[-82.256775000028057,29.62573700022838],[-82.25673700039323,29.625841999801224],[-82.25674300024103,29.626022999901238],[-82.25694400008247,29.626748999989793],[-82.25694400008247,29.627084999860415],[-82.25688100033328,29.627392999798555],[-82.25672300014952,29.62780000005742],[-82.256520999584836,29.628152000200487],[-82.256339000009973,29.628383000138413],[-82.255759000051839,29.628965999969019],[-82.255689999556537,29.628987999808182],[-82.255450000255351,29.629262999734731],[-82.255128999864993,29.629477000316715],[-82.25499099977273,29.629696999718607],[-82.254876999969909,29.629751999689223],[-82.254662999709666,29.629763000304422],[-82.254588000264917,29.629949999647156],[-82.254416999662368,29.630093000242294],[-82.254178000186073,29.630202999721092],[-82.253692999764183,29.630339999940418],[-82.25282999994883,29.630670000330667],[-82.251854000155575,29.631076000368658],[-82.25160200026049,29.631137000336828],[-82.25125599975577,29.631361999720802],[-82.250853000247957,29.631685999949749],[-82.250777000079978,29.631713999910978],[-82.250701999736904,29.631675000325419],[-82.250695000064212,29.631498999925537],[-82.250619999721138,29.631432999696301],[-82.250437000321341,29.631494000229068],[-82.250317999597343,29.631603999739699],[-82.250008999800855,29.631983000285238],[-82.249987999884453,29.631999000328378],[-82.249870999708591,29.63213999986684],[-82.249827000225991,29.63216199979367],[-82.249757999730704,29.632167999701878],[-82.24928599972759,29.632592000379514],[-82.248770000241862,29.632971000330858],[-82.248549000308927,29.633125000008693],[-82.247995000290061,29.633427999838435],[-82.246931999559848,29.634111000113542],[-82.246466000302846,29.634341999660325],[-82.245703999871509,29.634825999632671],[-82.244765999713096,29.635321999843406],[-82.243917000141437,29.635679999948021],[-82.243368999970343,29.636004999767518],[-82.243142000189636,29.63610399989577],[-82.242809000103691,29.636192000014855],[-82.241718999609304,29.636335000337073],[-82.240807000288456,29.636369000225432],[-82.240227000330307,29.63643500034345],[-82.239919000358753,29.63643500034345],[-82.239250999638756,29.636324999862484],[-82.238823000016581,29.636315000167677],[-82.238540000159375,29.636227000156133],[-82.237740000093197,29.6362160002469],[-82.237500999718605,29.6362160002469],[-82.237261000417391,29.636277000225387],[-82.237160999959968,29.63633699996338],[-82.237116999579044,29.636458000315312],[-82.237155000112196,29.636656000364642],[-82.237273999937869,29.636843000183937],[-82.237803999667292,29.637480999893505],[-82.237853999896004,29.637590999892666],[-82.237892000429156,29.63784999986326],[-82.237828999781655,29.638059000008063],[-82.237268999914988,29.63859200037507],[-82.237104999883471,29.638801999939783],[-82.236935000004152,29.639192000311809],[-82.236791000064116,29.639763999738836],[-82.236791000064116,29.64025899966849],[-82.236935999829072,29.641155999653208],[-82.237069999723374,29.643197000030579],[-82.237126999624778,29.643631000088412],[-82.237360000151597,29.644714999735154],[-82.237429999573493,29.645104999845724],[-82.237493000220994,29.646320999828156],[-82.237663999925218,29.647233999639798],[-82.237796000169681,29.647706999888584],[-82.237978999569492,29.648245999659654],[-82.238104999966183,29.648481999984888],[-82.238370000280057,29.649257999654534],[-82.238880999742904,29.649999000341879],[-82.238893000336773,29.650016999999941],[-82.238950000238177,29.650153999807397],[-82.238987999873018,29.650615999709366],[-82.239233999920316,29.651226999645143],[-82.239315999936082,29.651869999794769],[-82.239315999936082,29.652107000257431],[-82.239240999593008,29.652437000357462],[-82.239253000186892,29.652585999719253],[-82.239366999989699,29.65338299969569],[-82.239392000104047,29.653416000038607],[-82.239392000104047,29.653674999893859],[-82.239443000157692,29.653994000008236],[-82.239525000173444,29.654269000345177],[-82.239625999557475,29.654428000356045],[-82.239902999566908,29.654736000197715],[-82.240249999896534,29.655066000264476],[-82.240792000219841,29.655462000165244],[-82.240778999801051,29.655511000036725],[-82.240337999760101,29.655736999613168],[-82.240184999599208,29.655846999962613],[-82.239992000153677,29.655984999648943],[-82.239709000296457,29.656265000037557],[-82.239627000280692,29.656418999997303],[-82.23957700005198,29.656458000147374],[-82.239539000417139,29.656540999635876],[-82.239500999884001,29.656683999938977],[-82.239463000249174,29.657062999759169],[-82.239540000242059,29.658768000029706],[-82.239407999997596,29.659538000175267],[-82.239339000400619,29.660347000096394],[-82.239340000225525,29.660968999825187],[-82.239377999860352,29.661259999911575],[-82.239156999927417,29.661728000055572],[-82.239057000368305,29.662013999765769],[-82.238862000374638,29.663345000390006],[-82.238843000108062,29.663614999706581],[-82.238837000260276,29.663813000201888],[-82.238787000031579,29.663949999961662],[-82.238611000304473,29.664154000141394],[-82.238547999656959,29.664263999875313],[-82.238496999603342,29.664450999927499],[-82.238233000012698,29.664923999655752],[-82.238164000415722,29.665111000042167],[-82.238165000240627,29.666052000112668],[-82.238145999974051,29.666195000167455],[-82.238068000156247,29.666329999994367],[-82.238051000437821,29.666360000278228],[-82.237817999911002,29.666547000336816],[-82.237654999704375,29.667015000082468],[-82.237629999590013,29.668412000330132],[-82.237397999786438,29.669154000345369],[-82.237184000424506,29.669710000145805],[-82.237020000392974,29.669980000329971],[-82.237001000126398,29.67007299983532],[-82.235291000389211,29.672483000181924],[-82.234672999897938,29.673527999925057],[-82.235975999929337,29.673536999991441],[-82.237698000260409,29.674952999883416],[-82.238504000174359,29.675635000338591],[-82.238247000256393,29.67586099997483],[-82.237736999720141,29.676301000047342],[-82.236811999980503,29.67707399962007],[-82.236088999907253,29.677748999632737],[-82.235151999573716,29.678553000113268],[-82.225514999868153,29.687048000220823],[-82.22537500012605,29.687136000273853],[-82.225063999781426,29.687430000211407],[-82.224989000336677,29.687548000135628],[-82.224850000419522,29.687883000263245],[-82.224888999879255,29.687883000263245],[-82.225002999682076,29.687883000263245],[-82.225089999720709,29.687883000263245],[-82.225371999753023,29.687883999954458],[-82.225644999564494,29.687876999774588],[-82.225858999824737,29.687871999757316],[-82.226567999654307,29.687874999611658],[-82.226694000051012,29.687874999611658],[-82.2283419998639,29.687881999791667],[-82.235291000389211,29.687909999726401],[-82.236045000424625,29.68791699990398],[-82.23650599965876,29.687924999771862],[-82.237046000332256,29.687911999888691],[-82.238070999630978,29.68792600024306],[-82.238474000037115,29.687918000375262],[-82.238828999864367,29.687903000328756],[-82.239095000003132,29.687879999628777],[-82.239226000422718,29.687860000339107],[-82.239501999708921,29.687818000022958],[-82.239873000327989,29.687736999976853],[-82.240347999805834,29.687612999770121],[-82.240828000204857,29.687456999796261],[-82.241054999985579,29.687374000066661],[-82.241321000124358,29.687245999841554],[-82.241533999661371,29.687123999987403],[-82.241823000264688,29.686967000334544],[-82.24228600004696,29.686646000027537],[-82.2424929997362,29.686477000044704],[-82.242687999729853,29.686325999962772],[-82.242922000081606,29.686101000148607],[-82.246570999884824,29.682678000107188],[-82.247493999974637,29.681810999896769],[-82.247872000266426,29.681456000039226],[-82.24805300001637,29.681286999914974],[-82.248068000084984,29.681273000196768],[-82.248078000130732,29.681263000285327],[-82.248454999699291,29.680910000355059],[-82.252276999754869,29.677283000260925],[-82.252374999664156,29.677195999964777],[-82.25276600037472,29.676825000261136],[-82.253194999821815,29.676437000162647],[-82.253311000172772,29.676326999693334],[-82.253512000014211,29.676135999855539],[-82.25383900025237,29.675836999830402],[-82.25415600044478,29.675532999845991],[-82.254454000370615,29.675262999741328],[-82.255111000321634,29.674739999794713],[-82.255217999553437,29.674659000137208],[-82.255335999554219,29.674572999735673],[-82.255784999991107,29.674321000168529],[-82.256147000389348,29.674123000065599],[-82.256424000398795,29.674009999918795],[-82.256994000311181,29.673815000257886],[-82.257264999574531,29.67373999962718],[-82.257768000438077,29.673650999721964],[-82.257869999646999,29.673639000167221],[-82.257944999990087,29.673630999942919],[-82.258194000410427,29.67360500038027],[-82.258354000243997,29.673592000206217],[-82.25847499971951,29.67358300014471],[-82.258889999821193,29.673570999801377],[-82.259261000440276,29.6735559999555],[-82.261105999896685,29.673591000372873],[-82.261868000328022,29.673597999986555],[-82.262695000158359,29.673607999879867],[-82.263333999667722,29.673615000272935],[-82.264261999780416,29.673621000051899],[-82.26547100010049,29.673663000055818],[-82.265866999935611,29.673686999938688],[-82.266318999847229,29.673742000071421],[-82.267308999884179,29.6739270000133],[-82.267719999787928,29.674054000198275],[-82.268262000111221,29.674241999827338],[-82.268574000280779,29.674362000054384],[-82.26873300028943,29.674424000154637],[-82.270159000344478,29.675130999651788],[-82.271371000139283,29.675731000294508],[-82.271524000300175,29.675812999680183],[-82.271983999709391,29.676060000366711],[-82.273407000289723,29.676775999844509],[-82.273730000329905,29.676978000165981],[-82.274435999786419,29.677334999818882],[-82.274584999749337,29.677414000071451],[-82.276759999816932,29.678564000078186],[-82.277646999921728,29.679008999706777],[-82.279282000214153,29.679844000192301],[-82.279851000301647,29.680133999752446],[-82.281427999969438,29.680957999777227],[-82.281923000437075,29.681219000038851],[-82.282156000065584,29.68134199979264],[-82.28301499968299,29.681794999967554],[-82.283376000256311,29.681985000230931],[-82.284677999564494,29.6826579997824],[-82.28546799958491,29.683061999795751],[-82.286064000334889,29.683371999624541],[-82.286402000443687,29.683562000028889],[-82.286493999606876,29.683441999856399],[-82.286589000041445,29.683320999804014],[-82.286773999989379,29.683120999997961],[-82.287018000386851,29.682826000201523],[-82.287199999961729,29.682535000077984],[-82.287410999848916,29.682259999750151],[-82.287574000055542,29.682000000380185],[-82.287713999797617,29.681789999647723],[-82.2877549998055,29.681728000187498],[-82.287877999829149,29.681535000175337],[-82.288041999860695,29.681289999965863],[-82.288407999558572,29.680774000046707],[-82.288575999788065,29.680490000140939],[-82.288744000017559,29.680260999901975],[-82.289133000180001,29.679670000054646],[-82.289190000081376,29.679584000036865],[-82.289381999702016,29.679327999875259],[-82.289683999825797,29.678912999758825],[-82.289919999827362,29.678549999980717],[-82.290303000142003,29.678031999687672],[-82.290594000395132,29.677596000120666],[-82.290857000160869,29.677180000081556],[-82.291313000270463,29.676538999738192],[-82.291545999898958,29.676293999841253],[-82.29177100002984,29.676075999647701],[-82.292084000024289,29.675720999831825],[-82.292258999926489,29.675539000291078],[-82.292556999852323,29.67524899996479],[-82.292765000264779,29.674979999697577],[-82.293031000403559,29.674715000340996],[-82.293276999552518,29.674482000138291],[-82.293580000399544,29.674123000065599]]]},"properties":{"MTFCC":"G5020","OID":"20790267577828","GEOID":"12001001400","STATE":"12","COUNTY":"001","TRACT":"001400","BASENAME":"14","NAME":"Census Tract 14","LSADC":"CT","FUNCSTAT":"S","AREALAND":20940352,"AREAWATER":848990,"CENTLAT":"+29.6580732","CENTLON":"-082.2579172","INTPTLAT":"+29.6573246","INTPTLON":"-082.2610423","OBJECTID":21485}},{"type":"Feature","id":21502,"geometry":{"type":"Polygon","coordinates":[[[-82.494354999824466,29.800354999796593],[-82.494358000197494,29.800303000062026],[-82.494349999801585,29.800065000002487],[-82.494344999778718,29.79965799983334],[-82.494338000106026,29.799217000238414],[-82.494316000364705,29.797786000367218],[-82.494311000341838,29.797413000235185],[-82.494306000318971,29.796722999646601],[-82.494298999747954,29.796027999672273],[-82.494280000379703,29.795015999751271],[-82.494276000181742,29.794796999988883],[-82.494258999564991,29.793782000285152],[-82.49395499979137,29.793618000091151],[-82.493518999773286,29.793403999823621],[-82.493199000106145,29.793257000081468],[-82.492829000210278,29.793107000296974],[-82.492438000398039,29.792964000152697],[-82.491931000234828,29.792794999931402],[-82.49170299973089,29.79271899990497],[-82.491065999871324,29.792548999841909],[-82.490601000439241,29.792440999972865],[-82.490151000177462,29.792348000013906],[-82.48951299959468,29.792227999737918],[-82.488981000215418,29.792147999993752],[-82.488062000323566,29.792042000117259],[-82.487315999785778,29.791954000075716],[-82.487109000096524,29.791912999888119],[-82.486078999876597,29.791799999816721],[-82.485256000244235,29.791722000162075],[-82.484286000298738,29.791575999725683],[-82.483762000417101,29.791499000114552],[-82.48350600032407,29.791464000271738],[-82.483153999971549,29.79140000030478],[-82.48257599966324,29.791264000044162],[-82.482127000124677,29.791124999712974],[-82.481795999688572,29.791001999640251],[-82.481512000006433,29.790882000089152],[-82.481254000263576,29.790761000168683],[-82.481002000368505,29.790630999620795],[-82.480758999795938,29.790491999969621],[-82.480420999687126,29.790273999892314],[-82.480177000187965,29.790103000121565],[-82.479758999713241,29.789766000101174],[-82.479603000077617,29.789625000334311],[-82.479295999930955,29.789333000146701],[-82.479182000128148,29.789224999925555],[-82.478885000027219,29.788928999934829],[-82.478731000041435,29.788775999944146],[-82.478666999569015,29.788707999613329],[-82.47773699980651,29.787677999798692],[-82.477611000308116,29.787540000202153],[-82.477521999721361,29.787444000370584],[-82.477392999849926,29.787329000191331],[-82.476981000121285,29.786863999949652],[-82.476514000141037,29.78638099972013],[-82.476241000329566,29.786067999944269],[-82.475935000007809,29.785785999928319],[-82.475644999579586,29.785536999709912],[-82.475324000087539,29.785320000035313],[-82.475026000161719,29.785143000246947],[-82.474703999946442,29.784941000075303],[-82.474309999761147,29.784747999727337],[-82.473768000336136,29.784484999910514],[-82.473200000073575,29.784297999644199],[-82.472876000208473,29.784201999822006],[-82.472502999939564,29.78412300019172],[-82.472205999838664,29.784072000111053],[-82.471769999820552,29.784025999908994],[-82.471497000009094,29.784008000095341],[-82.47053600028444,29.784035999717435],[-82.470193999977681,29.784053000013206],[-82.470012000402789,29.784065999916379],[-82.469429000071599,29.784137999889474],[-82.469209999788504,29.784171000152167],[-82.469034000061384,29.784188999936458],[-82.468542999791708,29.784255999928234],[-82.468035999628512,29.784308000205073],[-82.467869000122249,29.784327999764621],[-82.466978999644411,29.784464000093987],[-82.466740999993021,29.784494999673107],[-82.46635799967838,29.784535000272751],[-82.465972999713898,29.784564000034806],[-82.46560500036621,29.784579999953738],[-82.465282000326013,29.784584000322866],[-82.465000000293699,29.784578000158927],[-82.464719999911239,29.784562999747447],[-82.464125999709381,29.784511999890928],[-82.463965000050891,29.784494999673107],[-82.463909999799313,29.78448699970717],[-82.463733000247302,29.784287999861927],[-82.462466000200905,29.783947999653641],[-82.461262999728618,29.783481999780815],[-82.460070000200375,29.782929999724807],[-82.459871999833652,29.782826000051468],[-82.457147999770072,29.781532999972175],[-82.456721999797722,29.781365000261054],[-82.454791999952505,29.780455000240369],[-82.452990000153804,29.779602000255942],[-82.449282999725952,29.777871000041507],[-82.446927999733305,29.776894999622474],[-82.44451699966416,29.775951000086103],[-82.442391000000356,29.775076999713335],[-82.439404999995944,29.773952000107169],[-82.435367999855202,29.772403000198381],[-82.433479999842788,29.771666999884438],[-82.432386999873657,29.77135200005624],[-82.429636999870795,29.770571999745506],[-82.429604000258848,29.770562999799491],[-82.429133999905559,29.770442000272851],[-82.428640999986058,29.770315000361123],[-82.428302999877246,29.770217999957829],[-82.428102999860712,29.770159999913009],[-82.427655999971961,29.770018999825215],[-82.4261589997718,29.769598000024597],[-82.425607000301071,29.769443000026531],[-82.425191000374454,29.769346999997932],[-82.424955000372918,29.76928299992781],[-82.423945000244458,29.769008999847479],[-82.42388400014508,29.768992999779798],[-82.423479000089131,29.768883000122429],[-82.423161999896735,29.768804000102602],[-82.422506999595512,29.768640000316616],[-82.422237000157097,29.768572000345593],[-82.421431000243146,29.768370999943464],[-82.419019000349095,29.76774600033734],[-82.41877999997449,29.767674999950774],[-82.418432999644864,29.767563000271096],[-82.415999999834398,29.766924000051365],[-82.415563999816314,29.766815000146362],[-82.415371000370783,29.766751000018072],[-82.414740000359004,29.76656400016439],[-82.413291999664324,29.766180999849972],[-82.41326499990015,29.766175000142852],[-82.413160000318157,29.766152000222569],[-82.412349000381354,29.765950999643586],[-82.411995000379036,29.765827000140472],[-82.411274999780488,29.765570000279173],[-82.410497000353956,29.765341999628852],[-82.409919999870539,29.765101999697087],[-82.409823999611064,29.765061999912493],[-82.409409000407692,29.764896000050904],[-82.408473999723995,29.764457000345736],[-82.408052999774512,29.764219999765785],[-82.407789000183868,29.764064000311919],[-82.407165999669715,29.763669999800008],[-82.406271000067306,29.763038999823824],[-82.405681000063424,29.762627999929116],[-82.405440999863913,29.762438999940986],[-82.404594999767014,29.76170299972161],[-82.403673000400417,29.76076000023977],[-82.402037000283087,29.759333000251139],[-82.40117699994245,29.758404999954323],[-82.400603999657022,29.75774899973656],[-82.399220000333074,29.756197000251323],[-82.397604000307211,29.754418000163476],[-82.396611999722126,29.753328999930641],[-82.394659000310682,29.751131999742061],[-82.394178999911659,29.750608000389104],[-82.3936469996341,29.749997000232746],[-82.393253000347116,29.749580999820722],[-82.392593000023027,29.748824999917233],[-82.391332999649336,29.747464999665578],[-82.391227000242424,29.747353999894521],[-82.390739000345803,29.746789000349576],[-82.390361000054028,29.746384000221262],[-82.388957999565193,29.7449070000612],[-82.388880999572294,29.744826000049901],[-82.388858999830987,29.744802999909613],[-82.388827999868852,29.744753999898311],[-82.388775999990301,29.744670000046053],[-82.388442999904385,29.744292999749611],[-82.388351999667776,29.744188999741134],[-82.387930999718307,29.743707000333256],[-82.387026000070151,29.742722999964158],[-82.386456000157764,29.742094999718962],[-82.385989000177531,29.741545999951605],[-82.385935999575764,29.74149300015878],[-82.385754999825792,29.741311999610335],[-82.385580999748527,29.741138999823562],[-82.385389000127915,29.740901000319106],[-82.385032999577433,29.740507999956584],[-82.384009999928523,29.739344999892332],[-82.383616999568119,29.738915000260924],[-82.382270999879012,29.73742099966239],[-82.381630999646418,29.736723000047228],[-82.381311999804197,29.736379999909119],[-82.381090999871248,29.736136000086162],[-82.379613999762569,29.734505000107372],[-82.378914999978747,29.733722000025143],[-82.378063000034032,29.732821999679153],[-82.377481000426087,29.732234000261275],[-82.376221999877288,29.731114999677278],[-82.375657999812688,29.730624000209009],[-82.373765999602298,29.729042000231097],[-82.372219000071738,29.727728999665022],[-82.367540000048578,29.72371999999244],[-82.365279999592161,29.721729000031857],[-82.36032799975753,29.717490000357653],[-82.358140999994376,29.715596000376575],[-82.357596000196338,29.715123000359096],[-82.357257000262621,29.714791999821468],[-82.355294999732038,29.713179000141288],[-82.354425000243992,29.712473000155839],[-82.353686000277193,29.711902000145528],[-82.353576999598928,29.712234000298004],[-82.353533000116329,29.712367000253202],[-82.353447999727507,29.712838000326119],[-82.353432999658892,29.713322999685705],[-82.353473999666775,29.713839999625854],[-82.353497000131313,29.714434999830807],[-82.353557000405772,29.715040000081689],[-82.353563000253544,29.715303999786165],[-82.353612999583945,29.715613999995057],[-82.353651999942002,29.71607799988303],[-82.353660000337939,29.716174999620506],[-82.353666000185711,29.716247000000436],[-82.353764999919903,29.717070000143533],[-82.353800999904919,29.717717999827123],[-82.353802999554745,29.717746000027393],[-82.353856999981431,29.718288000135956],[-82.353865000377354,29.718598999877184],[-82.35394400002005,29.719090999835235],[-82.353971999609158,29.719718999766464],[-82.354051999975098,29.720542000307841],[-82.354047999777137,29.72084700000692],[-82.354061000195912,29.721102000335716],[-82.354067999868619,29.721456000388041],[-82.354092999982967,29.721766000320834],[-82.354075000439622,29.722336999613383],[-82.354053999624909,29.723798999658122],[-82.354051999975098,29.723875999815444],[-82.354030000233777,29.72487799970844],[-82.354014000340271,29.725372000286647],[-82.354011999792121,29.726223999981858],[-82.353994000248761,29.726919999934854],[-82.353964000111546,29.72756200031186],[-82.353949999867837,29.728317999812486],[-82.35392700030161,29.729187999760075],[-82.353873999699843,29.731884000141601],[-82.353863999654109,29.73213500038247],[-82.353831000042149,29.732971000015063],[-82.353826000019282,29.733210999656329],[-82.353831999867069,29.73434999965778],[-82.353790999859186,29.73788500012262],[-82.353768000292959,29.739909000089416],[-82.353779000163613,29.740165000282929],[-82.353820000171496,29.740482999710718],[-82.353979000180146,29.741473999784763],[-82.354012999617026,29.741771000334836],[-82.354077999914352,29.742108000387386],[-82.354093999807887,29.74221999965652],[-82.35413599964069,29.742447999871331],[-82.354200999938016,29.742845000126863],[-82.354274999557845,29.743147000121365],[-82.354343000228226,29.743486999982306],[-82.354350999725824,29.743528999632804],[-82.354416000023164,29.743793999956004],[-82.35444899963511,29.743907000375266],[-82.354509999734489,29.744260000388593],[-82.354530999650876,29.744552000171854],[-82.354600000146164,29.744902999667371],[-82.354605999993964,29.744931000080875],[-82.354662000070462,29.745178000046945],[-82.354705999553076,29.745428999777538],[-82.354785999919017,29.745737999835246],[-82.35484500036857,29.745993000074325],[-82.354847999843287,29.746012000372037],[-82.354901000445054,29.746314000187322],[-82.354961999646108,29.746594000029795],[-82.355028999593259,29.746934999784738],[-82.355128000225776,29.747556000215337],[-82.355169000233658,29.747789000149414],[-82.35522299976202,29.747995999737004],[-82.355240000378757,29.748061999888694],[-82.355274999640557,29.748236000080244],[-82.355325999694173,29.748486000086817],[-82.355433999649208,29.749064999835767],[-82.355663999802985,29.750250999927975],[-82.355781999803767,29.750844999626018],[-82.355929999941779,29.751590000130143],[-82.355982999645207,29.75185900032087],[-82.356160999920434,29.752797000206517],[-82.35616799959314,29.752834999779111],[-82.356449999625454,29.754311000310985],[-82.356555000105757,29.754901999935182],[-82.356571999824183,29.755009999739318],[-82.356605000334469,29.755224000177272],[-82.356807999825733,29.756002000295194],[-82.356823999719253,29.756062000322096],[-82.356883000168807,29.756272000133404],[-82.356945999917997,29.756467000344013],[-82.35706599956859,29.756772999777699],[-82.357175000246855,29.757025999676859],[-82.357283000201903,29.757248000292179],[-82.357422000119058,29.757542999790335],[-82.357492000439251,29.757667999963431],[-82.3575579996632,29.75778500022129],[-82.357802000060644,29.75812900021479],[-82.357850999566153,29.758222999753674],[-82.358054999780649,29.758512000115086],[-82.358480999752999,29.759054999643634],[-82.35857600018754,29.759174999905092],[-82.358684000142588,29.759272000082902],[-82.360423000192085,29.761533999760978],[-82.361456999711663,29.762810999652149],[-82.361963000049968,29.763482999654148],[-82.362007000430893,29.763537000015685],[-82.362683999575083,29.764382000351176],[-82.363769999871536,29.765737999974885],[-82.364571999587525,29.766778000101535],[-82.364719999725523,29.76697099999528],[-82.36691400005968,29.769707999676559],[-82.367406999979181,29.770338999755069],[-82.367556999767018,29.770531000157938],[-82.368472000359233,29.771700999994771],[-82.368756999866264,29.772080000168224],[-82.369448999977394,29.77304399979991],[-82.369602999963178,29.773305000019423],[-82.369616000381981,29.773325999837219],[-82.369637000298383,29.773362000182988],[-82.369868000277037,29.773753000375812],[-82.370310000142922,29.774449999849121],[-82.370532999725683,29.774796000313092],[-82.370690000084522,29.77503799961616],[-82.370938999606551,29.775402999791556],[-82.371160000437811,29.775712999814345],[-82.37126500001979,29.775889000305661],[-82.371559999572568,29.776329000180723],[-82.371716999931394,29.776609000370488],[-82.371824999886442,29.776800999669479],[-82.372147000101705,29.777343999872752],[-82.372260999904526,29.77751200009309],[-82.372384999753095,29.777692999982513],[-82.37244500002754,29.777781000086289],[-82.372675000181317,29.778152999741298],[-82.373301999995121,29.779113000363406],[-82.373568999958792,29.779558999791931],[-82.374179999879075,29.780467999831096],[-82.374235000130682,29.780550000209359],[-82.374553000147984,29.78105199961578],[-82.374858999571416,29.781553999623899],[-82.375267000000434,29.782178000073106],[-82.375398000419992,29.782400000306989],[-82.375416999788257,29.782425999761347],[-82.375532000314294,29.78258200024392],[-82.375852999806355,29.783132000056014],[-82.376273999755824,29.783807000267338],[-82.37670300010123,29.784449999953978],[-82.377028999616144,29.784956999933971],[-82.377273999838522,29.785373000038792],[-82.378311999556075,29.787014999998366],[-82.378436000302955,29.787234999899216],[-82.380253999995162,29.790474999987797],[-82.381120000183557,29.792018999901249],[-82.381198000001362,29.792171999611913],[-82.381632000369635,29.793015000380247],[-82.382465999872679,29.794635000272713],[-82.382610999637635,29.794916000118562],[-82.383005999647835,29.795684999837324],[-82.383328999688018,29.796313000183968],[-82.383758999858358,29.797149000016198],[-82.383918999691915,29.797486000119729],[-82.384004999905642,29.797689000073778],[-82.384065000180101,29.797827999862349],[-82.384197000424592,29.798173999821021],[-82.38431500042536,29.798523999954206],[-82.384394999892962,29.798798999701052],[-82.384418000357527,29.798877000075624],[-82.384507000045971,29.799234000294167],[-82.384580999665829,29.799592000155521],[-82.384640999940274,29.799952999916155],[-82.38467399955222,29.800056000369132],[-82.384754999743095,29.800595000200097],[-82.384399000090951,29.800604999912068],[-82.384006999555453,29.8006719998275],[-82.3835720002606,29.800676000332956],[-82.383279000357632,29.800675000206635],[-82.383142999915194,29.800675000206635],[-82.3829749996857,29.800682999658072],[-82.382776000392383,29.800692000014635],[-82.381827000363302,29.800708999819747],[-82.381346999964279,29.800731000251091],[-82.380852000394967,29.800736000100443],[-82.38039100026252,29.800724000149796],[-82.380080999742816,29.800717000048053],[-82.37969900015139,29.8007279998737],[-82.379221000300504,29.800756999620756],[-82.378731999680653,29.800751999772515],[-82.377361999702089,29.800812999619311],[-82.376908999965536,29.800837999622502],[-82.376325999634361,29.800837999622502],[-82.375831999889968,29.800856999651888],[-82.375610999957019,29.800857999776444],[-82.374199000145666,29.800869999710958],[-82.374085000342831,29.80087199995975],[-82.373344999652815,29.800870999835386],[-82.37314200016155,29.800870999835386],[-82.372775999565334,29.800869999710958],[-82.372508999601649,29.800875999677675],[-82.372164999645079,29.800898000072291],[-82.371177999981143,29.800914999842391],[-82.371095000140485,29.800917000090294],[-82.371085000094723,29.801309999694581],[-82.371138999623099,29.801532999703809],[-82.371240999730333,29.801950999731201],[-82.371347999860461,29.802177000204622],[-82.371328999593885,29.802319999654035],[-82.371177999981143,29.802782000255906],[-82.371177999981143,29.80298500037706],[-82.371065000003242,29.803221999624803],[-82.371065000003242,29.803337000248089],[-82.371160000437811,29.803469000075243],[-82.37124800030135,29.803717000011773],[-82.371545000402264,29.804008000225043],[-82.371594999732665,29.804145999716852],[-82.371583000037106,29.804322000102943],[-82.371323999571018,29.804839000030753],[-82.370901999796629,29.805427999870389],[-82.370782000146022,29.805685999610361],[-82.37077600029825,29.806043999766441],[-82.370782999970942,29.806400000061924],[-82.370640999680717,29.806664000032065],[-82.37017899972335,29.806883000319981],[-82.369455999650086,29.807280000110556],[-82.369211000326018,29.808060999738554],[-82.368910000027142,29.808723999615694],[-82.367772999677086,29.8094909999047],[-82.367348000427967,29.809741999826354],[-82.367997999807983,29.811077999621745],[-82.368944000362333,29.81139099988804],[-82.370504000311684,29.811632000329421],[-82.37191100010017,29.81261900034588],[-82.372388999951056,29.81359100001611],[-82.372193999957375,29.815285999619096],[-82.371331999966941,29.816950999641929],[-82.371294000332099,29.817286000136555],[-82.371270999867576,29.817470999626146],[-82.371224999836826,29.817836000142826],[-82.371256999623867,29.81844099977247],[-82.371320000271368,29.818854000333385],[-82.37140899995984,29.819232999648737],[-82.371838000305218,29.820119000143599],[-82.372849000258597,29.821900000182623],[-82.37285500010637,29.821961000379385],[-82.373146000359498,29.82255500022147],[-82.373865000234815,29.823901999875829],[-82.374528999858555,29.825270999789414],[-82.374655000255245,29.825513000161159],[-82.374882000035967,29.825772000167451],[-82.37499900021183,29.826065999719276],[-82.375327000274893,29.826902000228788],[-82.375358000237028,29.827056000216114],[-82.375358000237028,29.827424000378542],[-82.375200000053283,29.828293000173922],[-82.375086000250462,29.828623000049948],[-82.3750610001361,29.829256000063456],[-82.375083999702312,29.831967000025259],[-82.375133999931023,29.832291999627206],[-82.375311000381359,29.832655000177098],[-82.375368000282776,29.832958000308903],[-82.375366999559532,29.833375999882616],[-82.375203000426339,29.834173000371962],[-82.375190000007535,29.834492000303605],[-82.375209000274111,29.834662999769478],[-82.375328000099799,29.834965000262095],[-82.375518000070585,29.83513599969756],[-82.375732000330842,29.835262999941069],[-82.376267999908052,29.835439000097498],[-82.376420000244025,29.835516000165864],[-82.376677999986882,29.835747000014798],[-82.376746999583844,29.835878999911305],[-82.37678500011701,29.836125999945651],[-82.376790999964783,29.836384999716987],[-82.376722000367806,29.836654000378232],[-82.376601999818888,29.836868999809397],[-82.376556999613044,29.837082999794937],[-82.376564000184061,29.837297999861281],[-82.376620000260544,29.837556999710898],[-82.376696000428538,29.837744000150643],[-82.376751999606711,29.838211000232587],[-82.376707000299191,29.839746000340092],[-82.376697000253458,29.839846000335768],[-82.376686000382804,29.839944999718661],[-82.379559000409287,29.839914000182162],[-82.379742999634004,29.839912999669121],[-82.379802000083558,29.839912999669121],[-82.380316999744352,29.839908000220532],[-82.382230999696048,29.839893000314746],[-82.382491999811947,29.8399089999544],[-82.38264099977485,29.839926000104398],[-82.382788000087956,29.839949000211103],[-82.382933999677832,29.839976999757894],[-82.383077999617868,29.840010000299024],[-82.383229999953841,29.840051999980233],[-82.383419999924641,29.840115000248158],[-82.383638000382831,29.840200000014786],[-82.383902999798394,29.840321999846726],[-82.384154999693479,29.840462000096263],[-82.386323000088382,29.841846999977967],[-82.387383000445524,29.842545000068814],[-82.38815800039734,29.843039999767743],[-82.388488000110229,29.843245000136722],[-82.388700999647241,29.843370999721369],[-82.389021000212693,29.843540000176258],[-82.389433999766254,29.843735999921492],[-82.38975199978357,29.84386899986346],[-82.390139000296173,29.844008000123186],[-82.39037899959736,29.84408199996394],[-82.390606000276406,29.844152000205025],[-82.391319000303938,29.844318999958784],[-82.391910999957631,29.844413000359907],[-82.391951999965528,29.844419000050909],[-82.392429999816414,29.844461999903906],[-82.392849000116072,29.844481000213591],[-82.393147999866812,29.844484000057093],[-82.393320000294267,29.844483000369024],[-82.393554999572601,29.844481000213591],[-82.393640999786314,29.844479999746298],[-82.393843000350984,29.84447300037073],[-82.396039000334994,29.844451999903512],[-82.400795000351039,29.844406999889351],[-82.400959000382571,29.844396999883397],[-82.401142999607274,29.844379999715205],[-82.401467000370687,29.844331000130978],[-82.401781000190041,29.844266999715497],[-82.402114000275972,29.844177999970441],[-82.402242000322474,29.844144000335817],[-82.403178999757699,29.843871999725344],[-82.403547999828646,29.843764999660305],[-82.404342999871929,29.843532999955652],[-82.404871999776447,29.84338300000746],[-82.405102999755115,29.843326999698956],[-82.405153999808746,29.84254799997046],[-82.405173000075308,29.84219600024355],[-82.405173999900228,29.841750000352889],[-82.405162000204655,29.840979000135405],[-82.405159999656519,29.840278000039508],[-82.405172000250417,29.839259999901543],[-82.405404999878925,29.839206999620909],[-82.405491000092638,29.839180000378729],[-82.405595999674631,29.839126000313939],[-82.405833000399397,29.838961999678478],[-82.406703999712349,29.838330999877655],[-82.408529999800493,29.837017999647546],[-82.408651000174316,29.836930999983466],[-82.409086000367495,29.836632999825458],[-82.409272000140334,29.83650499999716],[-82.409574000264129,29.836296999731626],[-82.409719000029085,29.836191999665324],[-82.411064999718207,29.835216999902212],[-82.411371000039949,29.834981999695028],[-82.41168700040744,29.834763000178153],[-82.412012000097462,29.834552999827654],[-82.412346000008299,29.834353999837695],[-82.412754000437303,29.834132000348401],[-82.418544999797859,29.830887999968972],[-82.419513999918408,29.830321999694604],[-82.419918999974371,29.830084999998682],[-82.421627000061733,29.829147000244724],[-82.422823999787923,29.828474000160579],[-82.424777999922583,29.827347000308407],[-82.425977000196909,29.826794000045492],[-82.426830999791434,29.82645800037405],[-82.427139999587922,29.826354999837999],[-82.427184999793766,29.826336999846948],[-82.427751000406531,29.826112999946517],[-82.429579999969391,29.825437000056041],[-82.43142100012615,29.824741000219543],[-82.432911999580213,29.824177999872671],[-82.433725999890072,29.823869000248791],[-82.43715799995833,29.822572000206961],[-82.438754999717602,29.821964000119774],[-82.441498999872678,29.820919000145704],[-82.44199400034033,29.820735999874124],[-82.443078000088633,29.82033500001134],[-82.443714999948156,29.820098999944594],[-82.444001000178432,29.820005000046876],[-82.444201000194965,29.819938999767363],[-82.444633999840022,29.819800000311556],[-82.447347999857868,29.818884000224653],[-82.449389000031161,29.818233000095059],[-82.452478999792646,29.817014999630057],[-82.455243999864123,29.815932000364132],[-82.455590000368844,29.815795999938789],[-82.455643999897205,29.815774999678982],[-82.456313000442123,29.815525000069901],[-82.456562999789043,29.81543299972596],[-82.457105000112364,29.815245999621535],[-82.457601000404907,29.81509900001916],[-82.45810199982202,29.814964999986504],[-82.458341000196626,29.814907000149351],[-82.458607000335391,29.81484300037063],[-82.459116000148427,29.814733999642385],[-82.460595999731837,29.814449000172843],[-82.461148999925797,29.814310000098505],[-82.461729999708851,29.81416299989942],[-82.461825999968312,29.814134000142122],[-82.462143000160722,29.814040000091637],[-82.462550999691402,29.813904000210446],[-82.462627999684301,29.813876000372417],[-82.462953000272634,29.813757000193899],[-82.463349000107755,29.813597999996279],[-82.465612999863794,29.812772999735124],[-82.466046000407175,29.81259700019103],[-82.467904000282346,29.811919000061838],[-82.468290000071732,29.811758000028213],[-82.468567999906085,29.811626000228472],[-82.468839000067717,29.811483000053958],[-82.469101999833455,29.811329000236803],[-82.469356000276676,29.811163999946935],[-82.469602000323974,29.810988999932441],[-82.469836999602308,29.810804000140799],[-82.47006199973319,29.810609999764218],[-82.470275999993433,29.810406000280086],[-82.470479000383037,29.810194000130728],[-82.470671000003648,29.80997400004463],[-82.470850000103795,29.809745999969074],[-82.471989000103676,29.808111000013028],[-82.472203000363905,29.807803999944376],[-82.47225400041755,29.807731999850276],[-82.472444000388336,29.807467000302331],[-82.472565999688769,29.807299999755912],[-82.473652999810113,29.805811999785309],[-82.473919999773798,29.805475999745482],[-82.474101000422081,29.805273000002735],[-82.474233999593153,29.805137999972573],[-82.474400999997727,29.804988000071784],[-82.474573000425181,29.8048449997594],[-82.474815000274504,29.804670000380007],[-82.475015000291066,29.804543000237757],[-82.475339999981074,29.804365000061626],[-82.475639999556734,29.80422900027412],[-82.47583000042583,29.804154999761835],[-82.4761169995827,29.804059000279722],[-82.476262000245953,29.804019999781694],[-82.476367999652865,29.80399699998058],[-82.476583999562934,29.80395100036246],[-82.476915999823945,29.803896999970323],[-82.477498000330215,29.803861999787252],[-82.478091999633747,29.803851999621276],[-82.478717999622646,29.803841000139219],[-82.47887300033166,29.803837999855045],[-82.479768999758974,29.803824000086838],[-82.47978800002555,29.803824000086838],[-82.481116999996217,29.803812999822121],[-82.481400999678357,29.803810999632145],[-82.481923999735088,29.803805999936493],[-82.48432300010866,29.803785000276704],[-82.484633999554973,29.80378199999085],[-82.484832999746601,29.803779999800248],[-82.484992999580172,29.803779999800248],[-82.485508000139305,29.803778000389102],[-82.485850000446064,29.803772999912354],[-82.486710999713267,29.803761999642042],[-82.487123000340247,29.803756999943946],[-82.487776999918211,29.803753000341207],[-82.48826700036301,29.803751000150022],[-82.489629999770543,29.80373899978159],[-82.489668000303695,29.80373899978159],[-82.489930000244513,29.803736000273865],[-82.490227000345428,29.803739999877276],[-82.490663000363526,29.803719000203632],[-82.490992000251509,29.803683999958224],[-82.491169999628411,29.803656000376698],[-82.491464000254609,29.803593999827822],[-82.491631999585778,29.803546999926716],[-82.491680000164678,29.803534000215535],[-82.491749999586546,29.803510000204639],[-82.49190299974741,29.803456000353936],[-82.492131000251376,29.803361000300498],[-82.492363999879885,29.803252000308525],[-82.492557000223727,29.803147999926562],[-82.492726000278111,29.803044000215952],[-82.492910000401139,29.802917000347762],[-82.49302699967869,29.802827999632065],[-82.493245000136895,29.802640000014563],[-82.49335599956666,29.802534000339794],[-82.493563999979131,29.802312000333487],[-82.493661000063511,29.802195999979691],[-82.493806999653373,29.801998999715742],[-82.494008000393137,29.801651999617185],[-82.494077999815019,29.801500999827383],[-82.494117999997997,29.801415999886789],[-82.49417599972432,29.801263999620332],[-82.494198000363937,29.801205999632163],[-82.494215999907283,29.801128999636237],[-82.494317000189625,29.800731000251091],[-82.494328000060293,29.800656000142681],[-82.494354999824466,29.800354999796593]]]},"properties":{"MTFCC":"G5020","OID":"20790267578478","GEOID":"12001001802","STATE":"12","COUNTY":"001","TRACT":"001802","BASENAME":"18.02","NAME":"Census Tract 18.02","LSADC":"CT","FUNCSTAT":"S","AREALAND":78185491,"AREAWATER":1049231,"CENTLAT":"+29.7899146","CENTLON":"-082.4091336","INTPTLAT":"+29.7936621","INTPTLON":"-082.4093261","OBJECTID":21502}},{"type":"Feature","id":21506,"geometry":{"type":"Polygon","coordinates":[[[-82.393707999733465,29.569763999677136],[-82.393706000083654,29.569440999784966],[-82.393687999641969,29.569117999640955],[-82.393655999854914,29.568796000118816],[-82.393608999999259,29.568475999760985],[-82.393547000074975,29.568157000050427],[-82.393046999584485,29.566112999634662],[-82.392964999568704,29.565771999930337],[-82.392661999620003,29.564516000298553],[-82.392552999840049,29.564104000219888],[-82.392022000285721,29.561921000285302],[-82.391268000250321,29.558913999876161],[-82.391268000250321,29.558893999977936],[-82.391074999906465,29.558092999820587],[-82.391009999609153,29.557743000138444],[-82.390965000301605,29.557455999650646],[-82.390961000103644,29.557424000131114],[-82.390930000141509,29.55714299998343],[-82.390910000050027,29.556828999917201],[-82.390908000400188,29.556514999656557],[-82.390911999699838,29.556463000240896],[-82.390910999874947,29.556292000155491],[-82.390878000262987,29.556752000065543],[-82.390792000049231,29.556672999730523],[-82.390644999736168,29.556428999977374],[-82.390606000276406,29.556228999804325],[-82.3904439998947,29.55564499969006],[-82.390340000137627,29.555137999684977],[-82.390232000182593,29.554819000048663],[-82.390041000386887,29.554396000036078],[-82.389920999837983,29.554169999835597],[-82.389788999593478,29.553949000326348],[-82.389622999912149,29.553709999892273],[-82.389483999994965,29.55352800028448],[-82.389314000115661,29.553329000084808],[-82.389131999642473,29.55313699966208],[-82.389054999649559,29.553063000085537],[-82.388858999830987,29.552887000030122],[-82.388652999966666,29.552720000369007],[-82.388437000056598,29.552562000365342],[-82.388211000100796,29.55241499978894],[-82.387976999749057,29.552279000250739],[-82.387734999899735,29.552152999975124],[-82.387486000377692,29.552039000297384],[-82.387230000284646,29.551936999695283],[-82.386847999794924,29.551815000035045],[-82.386702000205062,29.551768000286785],[-82.386338000156982,29.551670999939134],[-82.384835000109035,29.551269000148277],[-82.38365400027638,29.550943999968688],[-82.382766000346649,29.550699000176277],[-82.381776000309699,29.550432000013306],[-82.381049999863365,29.550222000056849],[-82.380788999747452,29.550146000136252],[-82.379786000190009,29.549897999915498],[-82.378715999787104,29.549607999742626],[-82.377679999719405,29.549310999867195],[-82.377149999989982,29.549162999745498],[-82.376617999712408,29.54901399990041],[-82.375329999749624,29.548652999947162],[-82.374252999674013,29.548377000325345],[-82.3738350000976,29.548270000020072],[-82.372968000084285,29.54801099973243],[-82.371373999799744,29.547544999634599],[-82.369950000292803,29.547178999936321],[-82.368968999578371,29.546918000142689],[-82.36773300039242,29.546574999889074],[-82.366667000187476,29.546277999697502],[-82.365549000103996,29.545989999933479],[-82.3645699999377,29.545714999612759],[-82.363536000418108,29.545411999640642],[-82.362543999833008,29.545152000299797],[-82.360583999850562,29.544603000152897],[-82.359700999943726,29.544366999720044],[-82.357639999678966,29.543786000068422],[-82.356377999655422,29.543461999615428],[-82.352721000354592,29.542429000189301],[-82.351926000311295,29.542217000088058],[-82.351752000234029,29.542169999784193],[-82.350908999611846,29.541933999923611],[-82.35080999987764,29.541906999626313],[-82.349697999641933,29.541605999904565],[-82.348766000229602,29.541329000215203],[-82.348639999832912,29.541297000278384],[-82.347762999773849,29.541075999974083],[-82.346895999760534,29.540837000360188],[-82.346764000414368,29.540801000353074],[-82.344222999750571,29.54011300018453],[-82.343792999580259,29.539995999862768],[-82.343067000032264,29.539795999994482],[-82.342288999707392,29.539575999916856],[-82.341673999589162,29.539401000206016],[-82.33963699961383,29.538842000110016],[-82.338671999691229,29.538584000285837],[-82.337613999882208,29.538289999683624],[-82.336749000417029,29.538060000179733],[-82.335806000235735,29.537767999634386],[-82.33500199997161,29.537566999646938],[-82.334918000306004,29.537566000027034],[-82.334705999695586,29.537491999992518],[-82.333604000403966,29.537204000208664],[-82.332676000291272,29.53694200004556],[-82.332119999724256,29.536799999900193],[-82.331323999856053,29.536561999968932],[-82.330365999606144,29.536311000350739],[-82.328680000158414,29.535847999940412],[-82.328321999958121,29.535757999756335],[-82.328044000123782,29.535668000273734],[-82.327834000061486,29.535562999864311],[-82.327530000287894,29.535303000204966],[-82.326104000232817,29.534047000143755],[-82.325655999620849,29.533660000176624],[-82.324637000169886,29.532777999752742],[-82.323566999766982,29.531826000228644],[-82.322688000058093,29.531026000182202],[-82.320974000122945,29.529519999792175],[-82.320421999753904,29.529052000254811],[-82.319516000280842,29.528241999906786],[-82.318717000039584,29.527526000324031],[-82.31825099988427,29.527117999980636],[-82.317946000285758,29.526843999646292],[-82.317866999744709,29.526773000325772],[-82.317501999871723,29.526437999920176],[-82.317311999900937,29.526263000142158],[-82.317075000074468,29.526056999725164],[-82.316424999796141,29.525489999867993],[-82.316059999923155,29.525166000197757],[-82.315628999927924,29.524781999881771],[-82.315201000305748,29.524422999672662],[-82.314637000241149,29.523907999811026],[-82.314129000253033,29.523463000042938],[-82.313875999634718,29.523235999716466],[-82.313683000189187,29.523086000202699],[-82.313483000172653,29.522964000121483],[-82.313375000217604,29.522918000014219],[-82.313292000376947,29.522884000193439],[-82.313084999789396,29.522824999971395],[-82.312821000198738,29.522775999721173],[-82.312317000408598,29.522724000147491],[-82.311981999774517,29.522717999984522],[-82.311504999748564,29.522688999712877],[-82.310978000392183,29.522637999861892],[-82.310583000381968,29.522592000388094],[-82.310277000060211,29.522576999960414],[-82.310039000408835,29.522556000139613],[-82.309732000262187,29.522529999908731],[-82.308517999919218,29.52242100007075],[-82.30809899961956,29.522393000265506],[-82.307747999990283,29.522363999900708],[-82.30709100003925,29.522318000302331],[-82.306892999672542,29.522305000157182],[-82.306240999744389,29.522237000092083],[-82.305776000312278,29.522189000110632],[-82.305371000256329,29.522140000334019],[-82.304932999690095,29.522099000279393],[-82.304621000418891,29.522080999678185],[-82.30406599967678,29.522025999645269],[-82.303475999672898,29.521954000295981],[-82.303172999724197,29.521934999894636],[-82.303027999959241,29.521987999647653],[-82.302828999767613,29.522144000204982],[-82.302632999949026,29.522006000265385],[-82.300104999704018,29.520233999655538],[-82.29839400014194,29.518975999700245],[-82.296551000335356,29.517644999853616],[-82.295100000165945,29.516631000004015],[-82.292988999672446,29.515107999866991],[-82.29272199970876,29.514928000036338],[-82.29247999985941,29.514774999615888],[-82.292258999926489,29.514651999830608],[-82.291892000403678,29.514475000296738],[-82.291673999945488,29.514363000051954],[-82.291374000369828,29.514222999962524],[-82.291292000354062,29.514189000347159],[-82.291251000346165,29.514156999641024],[-82.290989000405361,29.514049999869346],[-82.290724000091487,29.513953000080829],[-82.290215000278451,29.513789999638544],[-82.289344999892108,29.513555999719653],[-82.289061000209969,29.513482000100467],[-82.288899999653182,29.513433999874813],[-82.285932000090412,29.512537000216778],[-82.281571000084583,29.511559000269127],[-82.281455999558545,29.511533000339799],[-82.281263999937906,29.511482000338795],[-82.280897000415109,29.511395999880328],[-82.280805000353595,29.5113810001383],[-82.280657000215598,29.511351999744804],[-82.280432000084687,29.51130900025122],[-82.280068000036607,29.511239000073036],[-82.279464999613964,29.511116999780757],[-82.279473000009872,29.510159000346658],[-82.279476000382914,29.509844999778487],[-82.279473999834778,29.50971999968456],[-82.279457000116324,29.508656000223187],[-82.279474999659698,29.508016000010269],[-82.279468999811911,29.507441999712487],[-82.2794670001621,29.507371999987466],[-82.279453999743296,29.507141999768322],[-82.279442000047737,29.506711000275633],[-82.279425000329297,29.506227000350677],[-82.279413999560333,29.50599500001206],[-82.279410000260683,29.50591499996078],[-82.27947999968255,29.505693999754364],[-82.279549000177866,29.50534599995143],[-82.279643999714096,29.504883000120675],[-82.279626999995642,29.50450899970604],[-82.279565999896292,29.503771999697506],[-82.279442999872643,29.503672000359746],[-82.279298000107687,29.503600999636348],[-82.279036000166869,29.503539999988117],[-82.278583000430331,29.503465000126823],[-82.277799000257701,29.503377999936575],[-82.277068999613419,29.503271999675693],[-82.276661000082726,29.503211999788608],[-82.276456000043325,29.503182000222672],[-82.275849000321003,29.503100000373387],[-82.275565999565472,29.503063000267087],[-82.275207000438584,29.503014999792089],[-82.275118999676721,29.503003000256161],[-82.274316000135826,29.502902000196592],[-82.273917999752555,29.502851999719553],[-82.273868000422155,29.50284499997916],[-82.27329000011386,29.502768999639354],[-82.273244000083096,29.502762999856959],[-82.272772999904902,29.502700999739542],[-82.27270699978267,29.502692000059849],[-82.271627000232328,29.502550000316266],[-82.271438000086448,29.502525000384775],[-82.271376999987083,29.502516999873784],[-82.269454999639464,29.502255999762692],[-82.268139999912492,29.502092000061651],[-82.267934999873077,29.502063000134537],[-82.267236000089255,29.501964999834108],[-82.267073999707549,29.501938999786386],[-82.266270000341748,29.501824999798949],[-82.265820999904861,29.501748000283477],[-82.265415000023992,29.501645999779171],[-82.26512399977085,29.501543999953913],[-82.264953999891532,29.501505000108629],[-82.264835999890764,29.501508000037102],[-82.26476200027092,29.501521999702259],[-82.264688999577658,29.501542999978145],[-82.264619999980695,29.501572000054189],[-82.264486000086393,29.501649999678211],[-82.261121999790205,29.498671999818239],[-82.259256000417423,29.49702199985137],[-82.256780999875843,29.494758000190778],[-82.25631399989561,29.494228000359325],[-82.255359999843662,29.493339999946706],[-82.254107000040975,29.492207999697072],[-82.25284900021542,29.491160999745155],[-82.251294000288922,29.489727000061244],[-82.249845999594243,29.488373000307117],[-82.249510000033581,29.488074000281976],[-82.249232000199214,29.487840000360745],[-82.249084999886122,29.487709999910372],[-82.24887599964876,29.487564999932992],[-82.24851400014883,29.487302000156397],[-82.247996999939872,29.486967999824859],[-82.247483000103983,29.486616000086485],[-82.247192999675747,29.486429000339072],[-82.246494999716845,29.485991000152588],[-82.246240000347044,29.485830000313396],[-82.246036000132534,29.485709000037595],[-82.243890000377263,29.484271000018719],[-82.243665000246367,29.484257000315228],[-82.243322000114688,29.484269999872421],[-82.24291899970855,29.4842739996757],[-82.241556000301003,29.4842739996757],[-82.240198999842931,29.484295999763798],[-82.239160000300473,29.48428599986649],[-82.237606000198895,29.48427499982196],[-82.237541999726474,29.48427499982196],[-82.236242999893022,29.484278999625023],[-82.234671000248113,29.484294000253609],[-82.23139599964037,29.48429099981524],[-82.230718999597855,29.484294000253609],[-82.230392000258021,29.484295999763798],[-82.229464999970247,29.484305999660037],[-82.226769000394071,29.484294000253609],[-82.226504999905117,29.484293000107467],[-82.225010000253064,29.484298000055936],[-82.224679999641879,29.4842739996757],[-82.224452000036251,29.484269999872421],[-82.224417999701046,29.484207000017765],[-82.220280000176302,29.484209999676619],[-82.219981000425548,29.484208000164735],[-82.215143000393738,29.484213000117325],[-82.215202999769872,29.484082000339143],[-82.215227999884235,29.483813000001142],[-82.215170999982831,29.483713999877221],[-82.214982999661842,29.483575999945934],[-82.214780999995497,29.483504999993094],[-82.21448600044269,29.483443999971836],[-82.214284999702926,29.483422999853488],[-82.214001999845721,29.483411999715269],[-82.213831999966402,29.483466999612421],[-82.21368100035366,29.483554999854949],[-82.213646000193563,29.48356099999306],[-82.213379000229878,29.483604000321197],[-82.213272000099749,29.483654000134202],[-82.213034000448374,29.48384600028162],[-82.213000000113183,29.483863999861349],[-82.21284500030248,29.483945000276591],[-82.212637999714943,29.484044000174837],[-82.212436000048569,29.484071999638797],[-82.211882999854623,29.484088999812293],[-82.211449000384661,29.484066999679246],[-82.211292000025836,29.483994999921343],[-82.211235000124418,29.483935000344704],[-82.211216999682748,29.483796999932395],[-82.211216999682748,29.483649000154038],[-82.21124199979711,29.483440000135797],[-82.211311000292412,29.483275000310851],[-82.211461999905154,29.483076999697111],[-82.21161900026398,29.482938999680371],[-82.211644000378328,29.482740999974094],[-82.211555999616465,29.482531999647211],[-82.211399000155964,29.48236199986415],[-82.211127999994289,29.482241000139222],[-82.210845000137084,29.4820809999839],[-82.210669000409979,29.481954999859717],[-82.210498999632335,29.481746000257885],[-82.210354999692299,29.481586000103007],[-82.210336000324048,29.481317000177516],[-82.210424000187601,29.481152000023954],[-82.210548999861061,29.481013999731903],[-82.210700000372128,29.480826999812713],[-82.210757000273546,29.480606999788002],[-82.210763000121318,29.48034299975355],[-82.210788000235681,29.480073000251142],[-82.210856999832643,29.479886000159706],[-82.210969999810544,29.479672000024795],[-82.211153000108652,29.479534000063623],[-82.211322000163051,29.479423999880662],[-82.21160500002027,29.479318999772314],[-82.211901000296265,29.479281000168129],[-82.212195999849072,29.479253000162458],[-82.212661000179466,29.479149000073921],[-82.213020000204665,29.47908300035337],[-82.213201999779557,29.479022000016514],[-82.213328000176247,29.478922999904533],[-82.213353000290596,29.478796000345962],[-82.213378000404958,29.478571000374053],[-82.213421999887572,29.478421999798066],[-82.213548000284277,29.478273999990513],[-82.213641999995602,29.478212999948799],[-82.213912000332357,29.478097999642159],[-82.214195000189562,29.477932999722317],[-82.214446000259727,29.477706999969683],[-82.214811000132713,29.477311000060151],[-82.214672000215543,29.476859999842929],[-82.214288999900887,29.476585000118043],[-82.214175999922986,29.476457999976247],[-82.214119000021583,29.476199999875522],[-82.214062000120165,29.476128000003047],[-82.213918000180129,29.475979999974168],[-82.213660000437272,29.475732000181207],[-82.213200999954637,29.475413999867847],[-82.212717000255964,29.475150000384509],[-82.212547000376645,29.475073000144988],[-82.212415000132182,29.474962999813076],[-82.212345999636881,29.47483100035209],[-82.212144999795427,29.47455599981517],[-82.211855000265516,29.474225999906647],[-82.211686000211131,29.474088000351507],[-82.211497000065236,29.474017000008526],[-82.211282999805007,29.473973000057413],[-82.211076000115767,29.473983999655928],[-82.210849000335031,29.474033000057126],[-82.210623000379215,29.474088000351507],[-82.210434000233349,29.474076999982213],[-82.210276999874495,29.474017000008526],[-82.210177000315397,29.4739290000872],[-82.210095000299631,29.473819000078098],[-82.210095000299631,29.473708999949565],[-82.210088999553534,29.473610000122921],[-82.210132999934459,29.47353300027784],[-82.210214000125305,29.473493999815972],[-82.210384000004623,29.473471999729334],[-82.210541000363477,29.473467000028872],[-82.210742000204917,29.473467000028872],[-82.210881000122086,29.473416999882776],[-82.210994000100001,29.47331300006293],[-82.211093999659113,29.473203000167505],[-82.211200999789227,29.473093000152733],[-82.211584999928789,29.472827999840256],[-82.211805000036819,29.472553000126425],[-82.211943000129068,29.472316999814218],[-82.212011999726045,29.472101999856839],[-82.21199900020558,29.47193199978603],[-82.211935999558079,29.471722999851192],[-82.21158999995167,29.471067999887559],[-82.211457999707179,29.4708810003895],[-82.211276000132287,29.470810000146798],[-82.211149999735596,29.470810000146798],[-82.210993000275081,29.470836999859458],[-82.210779000014838,29.47090300025636],[-82.210515000424195,29.471052000153108],[-82.210175999592153,29.47118899965503],[-82.209974999750713,29.471243999928191],[-82.209804999871395,29.471234000307337],[-82.209609999877728,29.471172999939675],[-82.209434000150637,29.471084999895957],[-82.209219999890394,29.470991999953348],[-82.209038000315516,29.470970000105801],[-82.208868000436212,29.470991999953348],[-82.208584999680681,29.470970000105801],[-82.208415999626268,29.470897999647175],[-82.208302999648367,29.470777000314499],[-82.208270999861313,29.470629000294522],[-82.208284000280102,29.470402999900095],[-82.208304000371584,29.470239999756224],[-82.208321000090038,29.470105999830359],[-82.208333999610502,29.469870000078934],[-82.208301999823462,29.469671999870371],[-82.208169999578985,29.46935200029586],[-82.208138999616821,29.469187000218405],[-82.208081999715418,29.469039000223901],[-82.208081999715418,29.468907000088766],[-82.208163999731184,29.468769000332564],[-82.208301999823462,29.468504999969646],[-82.208371000318735,29.468207999815171],[-82.208352000052173,29.467921999829091],[-82.208307999671234,29.467675000187352],[-82.208233000226485,29.467526000020687],[-82.208201000439431,29.467356000098587],[-82.208213999959909,29.467180000348186],[-82.208194999693333,29.466932000145952],[-82.208169999578985,29.466762000010096],[-82.208037000407899,29.466591000050652],[-82.207786000337734,29.466366000364445],[-82.207447000404017,29.46614600024073],[-82.207170000394584,29.46606900020198],[-82.206660999683251,29.465992000104784],[-82.20634000019119,29.466057999744777],[-82.206108000387587,29.466238999935307],[-82.205812000111578,29.466502999940804],[-82.205535999927065,29.466768000360208],[-82.205335000085626,29.467053999690485],[-82.205340999933398,29.46737799994813],[-82.205366000047761,29.467741000296172],[-82.205485999698354,29.468120999850054],[-82.205605000422352,29.468423000208794],[-82.205768999555573,29.468703999628577],[-82.205768999555573,29.468847000183828],[-82.205793999669936,29.469110999656369],[-82.205824999632071,29.469346999610192],[-82.206013999777952,29.469709999948293],[-82.206177999809483,29.469892000165139],[-82.206453999993997,29.470270999976464],[-82.206643000139891,29.47067300013282],[-82.206674000102041,29.471179000028755],[-82.206637000292105,29.4717070002201],[-82.206524000314204,29.47201000033235],[-82.206366999955364,29.4722519998206],[-82.206109000212507,29.472318000078463],[-82.205832000203074,29.472318000078463],[-82.205668999996462,29.472218999675565],[-82.205436000367953,29.472098000355306],[-82.205228999780388,29.471937999830185],[-82.204762999625061,29.471437999885563],[-82.204555999935835,29.471277999883007],[-82.204273000078629,29.471262000181689],[-82.204140999834152,29.471343999992882],[-82.203959000259275,29.471569999853998],[-82.203907000380724,29.471653999957709],[-82.203846000281374,29.471751999860405],[-82.203657000135493,29.471789999940793],[-82.203612999754569,29.471895000027274],[-82.203612999754569,29.471993999964475],[-82.203499999776639,29.472136999790035],[-82.203411999913087,29.472119999958078],[-82.203293000087413,29.472016000371902],[-82.203002999659176,29.471597999635566],[-82.202595000128497,29.470905000030726],[-82.202286000332009,29.470299999618945],[-82.202041000109631,29.469749999809107],[-82.20186500038254,29.469435999890877],[-82.201783000366774,29.469336999802245],[-82.201651000122283,29.469248999729174],[-82.201513000030019,29.469205000055048],[-82.201639000426709,29.469116999867467],[-82.201694999604911,29.468957000112766],[-82.201903000017367,29.468230999784449],[-82.201902000192447,29.468181999707554],[-82.201877000078099,29.468160000032441],[-82.201840000268177,29.468153999764706],[-82.201789000214546,29.468176000223199],[-82.201733000138063,29.46827499988121],[-82.201575999779209,29.468836000027991],[-82.201481000242978,29.469050999872152],[-82.201167000423609,29.469282000058836],[-82.201010000064784,29.469408999805225],[-82.20094700031558,29.469381000201182],[-82.200902999934655,29.469354000100811],[-82.200815000071103,29.469309999690207],[-82.200688999674412,29.469189000026613],[-82.200419000235982,29.468941000045199],[-82.200256000029384,29.468732000201669],[-82.200168000165817,29.468534000117163],[-82.200154999747028,29.468402000106742],[-82.20017999986139,29.468276000185352],[-82.200267999724943,29.468204000160014],[-82.200405999817193,29.468099000161686],[-82.201134999738258,29.467686999997024],[-82.201191999639647,29.46762099985305],[-82.201222999601811,29.467537999847991],[-82.201160999677512,29.467461000084089],[-82.200777000436275,29.467307000380941],[-82.200337000220216,29.467060000023309],[-82.199671000048355,29.466756999978767],[-82.199199000045255,29.466526000296863],[-82.198739999562633,29.46624599985844],[-82.198312999765378,29.465877000013261],[-82.197967000158968,29.465547000012748],[-82.197552000057257,29.46503000038177],[-82.197275000047824,29.46463400022979],[-82.197218999971327,29.464563000305727],[-82.197092999574622,29.464402999622589],[-82.196879000212704,29.464216000347232],[-82.196702999587302,29.464123000361695],[-82.194704000145109,29.463192999726882],[-82.193905999728756,29.462808000252341],[-82.193051000309339,29.462378999809054],[-82.192837000049096,29.462257999696853],[-82.192712000375607,29.46223600030093],[-82.19259799967449,29.462257999696853],[-82.192498000115364,29.462363000267935],[-82.192209000410372,29.462638000242659],[-82.191995000150129,29.462863000378469],[-82.19184399963909,29.463034000366832],[-82.191673999759772,29.463122000358311],[-82.191504999705344,29.463111000363536],[-82.191470000443573,29.46307899994542],[-82.191410000169114,29.463027999795809],[-82.191397999575244,29.463012999931014],[-82.191324999780292,29.462867000244266],[-82.191354999917536,29.462745999932146],[-82.192228999603529,29.462034999732534],[-82.192294999725789,29.461900999914477],[-82.192241000197427,29.461821999827873],[-82.192133000242393,29.461736999814509],[-82.191995999975063,29.461751999868049],[-82.191816999874902,29.461906999770029],[-82.191327000328442,29.462307000289773],[-82.191214000350541,29.462447999756698],[-82.191010000136032,29.462510999837885],[-82.190887000112397,29.462512000198871],[-82.190765999738574,29.462439999991837],[-82.190661999981486,29.462343999636303],[-82.190578000315895,29.462268000202855],[-82.190547000353774,29.462238000246206],[-82.190473999660526,29.462169999737952],[-82.190441999873471,29.46208199970263],[-82.190441999873471,29.462004999706945],[-82.190486000254396,29.461923000165243],[-82.19061199975279,29.461795999647279],[-82.190794000225964,29.461647999816179],[-82.191453999651742,29.461130999863254],[-82.191605000162795,29.461003999917953],[-82.191617999683274,29.460942999653639],[-82.19157400020066,29.460893999966167],[-82.191478999766105,29.460872000274328],[-82.191379000206979,29.460893999966167],[-82.191252999810288,29.460982000250031],[-82.191082999930984,29.461036999802008],[-82.190969999953069,29.46102600036328],[-82.190757000416042,29.460965999706321],[-82.190655000308809,29.460955000259887],[-82.190573000293043,29.461003999917953],[-82.190574000117934,29.461065000145581],[-82.19067500040029,29.461213000045252],[-82.190718999882904,29.461350999915673],[-82.190693999768541,29.461548999945947],[-82.190650000285927,29.461598000099215],[-82.190497000125049,29.461677999947348],[-82.190376999576131,29.461736000227976],[-82.190114999635313,29.461725000082872],[-82.189870000311259,29.461702999789182],[-82.189789000120399,29.461615000130859],[-82.189757000333358,29.461543000069216],[-82.189644000355457,29.461505000059525],[-82.189493999669295,29.461387999610995],[-82.189399000133051,29.461262999951991],[-82.18936700034601,29.461124999961815],[-82.189379999866475,29.460949000348027],[-82.189467999730027,29.460801000063139],[-82.189630999936654,29.460603000137034],[-82.189857999717375,29.460398999880056],[-82.190165999688944,29.460300000355105],[-82.190422999606895,29.460283000103022],[-82.190562000422389,29.460293999622319],[-82.190650000285927,29.460371000134796],[-82.19073800014948,29.46047000037262],[-82.190806999746442,29.460431999960932],[-82.190794000225964,29.460343999982072],[-82.190763000263829,29.460244999621274],[-82.190788000378191,29.460134999628536],[-82.190933000143147,29.460096000270841],[-82.191026999854472,29.460047000174185],[-82.190958000257496,29.459996999668039],[-82.190831999860805,29.459996999668039],[-82.190730999578463,29.45998600011653],[-82.19039199964476,29.460013999967995],[-82.18998300028916,29.460118000130983],[-82.189461999882241,29.460244999621274],[-82.188851999786877,29.460410000168892],[-82.188354999669428,29.460504000029026],[-82.188204000056686,29.460515000306543],[-82.18810399959925,29.460465000031075],[-82.18806000011665,29.460394000317169],[-82.18810399959925,29.460316999822162],[-82.188185999615015,29.460267000231276],[-82.188582000348461,29.460151000303284],[-82.189637999609332,29.459909000093912],[-82.190190999803306,29.45979400014437],[-82.190586999638427,29.459750000278824],[-82.190812999594229,29.459750000278824],[-82.19092599957213,29.459699999626267],[-82.190950999686507,29.459563000246213],[-82.190862999822954,29.459413999893982],[-82.190781999632094,29.459325999814133],[-82.19061199975279,29.459303999782215],[-82.190410999911336,29.459369999863593],[-82.190241000032017,29.459381000264081],[-82.190128000054116,29.459359000244099],[-82.190040000190578,29.45925999970413],[-82.18998300028916,29.459150000207547],[-82.189851000044683,29.458930000074403],[-82.189757000333358,29.45885300003237],[-82.189568000187464,29.458771000289072],[-82.189374000018688,29.458781999972334],[-82.189297999850709,29.458820000219983],[-82.18928600015515,29.458918999624998],[-82.189172000352357,29.458968999880355],[-82.189091000161483,29.458907999956597],[-82.188902000015588,29.458726999979774],[-82.188687999755359,29.458407999904203],[-82.188525000447058,29.458133000193744],[-82.188455999951756,29.45798400008756],[-82.188424000164702,29.457863000207801],[-82.188393000202566,29.457686999627278],[-82.188393000202566,29.457290999746764],[-82.188348999821642,29.457192000317271],[-82.188216999577165,29.4570979997346],[-82.188116000193148,29.456911000288461],[-82.188128999713612,29.456751999685181],[-82.188241999691513,29.456488000110689],[-82.18851899970096,29.45612500016065],[-82.18853100029483,29.455976000233978],[-82.188492999761678,29.455321999899532],[-82.188588000196248,29.454926000173799],[-82.188794999885474,29.454424999609774],[-82.188896000167816,29.454315000345929],[-82.189235000101519,29.454177000290247],[-82.189724999647979,29.453934999909379],[-82.18991999964166,29.453869000203078],[-82.190090000419275,29.453857999987111],[-82.190359999857705,29.453853000101937],[-82.190560999699144,29.453830999665339],[-82.190712000210212,29.453753999664169],[-82.191277999924651,29.453523000092272],[-82.191472999918318,29.453362999985679],[-82.191585999896219,29.453187000202849],[-82.191597999591778,29.45304999984938],[-82.191597999591778,29.452819000239167],[-82.191579000223513,29.452631999945982],[-82.19163600012493,29.452466000367462],[-82.191686000353641,29.452384000154993],[-82.191786999737673,29.452318000222022],[-82.191912000309458,29.452306999837919],[-82.19204500037884,29.452340000204462],[-82.192139000090179,29.452411000079657],[-82.192271000334642,29.452537999831595],[-82.192447000061762,29.452757999746385],[-82.192546999620859,29.452944999807301],[-82.19261699994108,29.453006000187656],[-82.192830000376389,29.453066000077211],[-82.193012999776187,29.453127000384832],[-82.193314000075063,29.453121000009986],[-82.193641000313207,29.453192000120836],[-82.193967999653054,29.453341000225073],[-82.19428200037072,29.453511999838817],[-82.194709999992895,29.453830999665339],[-82.195218999805917,29.454171999638508],[-82.19585999986343,29.454524000174956],[-82.196074000123673,29.454611999727124],[-82.196218000063709,29.45473300035561],[-82.19633100004161,29.454892000212226],[-82.198263000434977,29.455646000089867],[-82.199013000272416,29.455772000058229],[-82.199097999762898,29.456190999963731],[-82.199255999946672,29.456555000097328],[-82.199121000227464,29.457423000139421],[-82.198623000285082,29.457950000368648],[-82.197737000005191,29.457923000353695],[-82.196725000226934,29.457669000092917],[-82.195581000204172,29.45758300010068],[-82.194714000190842,29.458071999767281],[-82.19406399991253,29.458895000275838],[-82.193591999909415,29.459517999889954],[-82.193346999687037,29.459796999743443],[-82.193488999977262,29.460104000220518],[-82.193546999703571,29.460426999617514],[-82.193320999747755,29.460698000197254],[-82.193215000340871,29.460994999663271],[-82.193454999642057,29.461440000174658],[-82.193867000269023,29.46139400027905],[-82.194485999686904,29.461318999724408],[-82.195202999912397,29.461793999693274],[-82.195729000342169,29.462371999619023],[-82.196083000344515,29.462714999757853],[-82.196499000271103,29.462540999713859],[-82.196976000297084,29.462030000250284],[-82.197648000316732,29.461333999839784],[-82.198419999895492,29.460752999903221],[-82.19896399986861,29.460661999847328],[-82.199440000069686,29.460876000218647],[-82.199639000261314,29.461136000171965],[-82.199922999943439,29.461220000315233],[-82.200065000233678,29.460890000022552],[-82.200374000030138,29.46049000017188],[-82.200826999766676,29.460373999716804],[-82.202087999965286,29.460338000034071],[-82.203302000308241,29.460390000353858],[-82.204182999666941,29.460568000133627],[-82.20449800020954,29.461055000303066],[-82.20482899974732,29.461768999873868],[-82.205272000336421,29.462330000033141],[-82.205843000073742,29.46230299961973],[-82.206263000198305,29.461823000195647],[-82.206623999873315,29.461689999684467],[-82.206893000385151,29.462176000359737],[-82.207394999627169,29.462512000198871],[-82.208014999768267,29.462889000285546],[-82.208856999667233,29.463269000031449],[-82.209142999897509,29.463827999801314],[-82.209547999953458,29.464510000219835],[-82.210178000140317,29.464870999991042],[-82.210634000249883,29.465141999646502],[-82.210931000350811,29.465652999855003],[-82.211661000096768,29.466055999874765],[-82.21207799984829,29.465971000281399],[-82.212181999605363,29.46575400028787],[-82.212727000301712,29.465623000117496],[-82.212841000104518,29.465308999933615],[-82.212734999799324,29.465050000063986],[-82.212248999552514,29.464892000042191],[-82.211779999922456,29.464814000277258],[-82.211599999997404,29.464514000020671],[-82.211781999572281,29.464007999715019],[-82.212229000359329,29.463592999867696],[-82.213062999862373,29.463270000385016],[-82.213703000094966,29.462904999743682],[-82.213735999706941,29.462501999716924],[-82.213467000093431,29.46200699965679],[-82.213397999598129,29.461675999991016],[-82.213546999561046,29.461524000066149],[-82.2145500000168,29.461541999698689],[-82.21492900013348,29.461392000317133],[-82.215629999567142,29.460607999689614],[-82.216446000425137,29.460196999980422],[-82.216627000175109,29.45968199966692],[-82.21715000023184,29.45852600027958],[-82.217721999794051,29.457095000055713],[-82.217781000243605,29.456208000119378],[-82.217300000019662,29.455703000262528],[-82.216878000245273,29.455039999731845],[-82.216839999712121,29.454980000227419],[-82.216310999807604,29.454531000124376],[-82.21598500029269,29.454327000171901],[-82.215729000199659,29.454147999948567],[-82.214544000169028,29.453318000008043],[-82.214447999909552,29.45324999977796],[-82.214353000373322,29.453182999955335],[-82.214287000251062,29.453135999773121],[-82.21422100012883,29.453090000023096],[-82.214087000234528,29.452997000005656],[-82.214250000441154,29.452798999709742],[-82.214463999803073,29.452583999831877],[-82.214551999666625,29.452418999853105],[-82.214621000161912,29.452176999972554],[-82.214605000268392,29.452054000060919],[-82.214596000047564,29.451985000083354],[-82.2144579999553,29.451874999738681],[-82.214200000212443,29.451725999828369],[-82.214028999609894,29.451636999651523],[-82.213966999685624,29.451605000307136],[-82.213502000253527,29.451055000025022],[-82.213383000427825,29.4507419998092],[-82.213332000374209,29.450592999799614],[-82.213276000297711,29.45051599968793],[-82.213194000281945,29.450434000246364],[-82.213338000221981,29.450422999658006],[-82.213677999980618,29.450411999850694],[-82.213722000361543,29.450455999855013],[-82.213765999844156,29.450460999907651],[-82.213771999691943,29.450383999695752],[-82.213841000187244,29.450378999639323],[-82.213872999974285,29.450323999784775],[-82.213847000035017,29.450273999962217],[-82.213810000225081,29.450252000314102],[-82.213778000438055,29.450291000327081],[-82.213197999581595,29.450304000328074],[-82.213056000189681,29.450305999726332],[-82.212985999869488,29.450261999656977],[-82.213024000402626,29.450130999817521],[-82.213024000402626,29.450064999983578],[-82.212911000424725,29.450043000290162],[-82.212949000059552,29.450169999876948],[-82.212935999640763,29.450208000221338],[-82.212867000043801,29.450234999942751],[-82.212773000332461,29.450218000350798],[-82.212684999570598,29.450190999842619],[-82.212555999699177,29.45010900013834],[-82.212458999614782,29.450048000363143],[-82.212294999583264,29.449943000343527],[-82.212025000144834,29.449785000258302],[-82.211873999633781,29.449719000199327],[-82.211742000287614,29.449619999639335],[-82.211572000408296,29.449504000053341],[-82.211672999792327,29.449399999961191],[-82.2118250001283,29.449308999890832],[-82.212081000221332,29.449157999920807],[-82.212112000183481,29.449070000331947],[-82.212169000084899,29.448954000117247],[-82.212181999605363,29.448717999648938],[-82.21212499970396,29.448579999803552],[-82.211861000113302,29.448371000247253],[-82.211841999846726,29.448244999692957],[-82.211886000227651,29.448095999928299],[-82.211703999754462,29.447898000238549],[-82.211861000113302,29.447870999895365],[-82.211866999961089,29.447782999972748],[-82.212067999802542,29.447743999778172],[-82.212056000106969,29.44767799995633],[-82.211791999618015,29.447760999784627],[-82.211804000211913,29.44781000033937],[-82.21135200030028,29.447887000157554],[-82.211313999767142,29.447771999879286],[-82.211923999862492,29.447623000202373],[-82.211897999923238,29.447574000339607],[-82.211784999945323,29.447567999636401],[-82.211734999716597,29.447446999850762],[-82.211816999732378,29.447354000137292],[-82.211942000304163,29.447320999713817],[-82.212005000053352,29.447276999914706],[-82.212010999901139,29.44720499984675],[-82.211985999786776,29.44691900009359],[-82.212055000282078,29.446545000102937],[-82.21213700029783,29.446412999639136],[-82.212332000291497,29.446241999796445],[-82.212525999561933,29.44610999972085],[-82.212620999996489,29.445994999775774],[-82.212683999745693,29.445873999679318],[-82.212696000339562,29.445753000220872],[-82.212796999723594,29.44563199983584],[-82.212891000333244,29.44554400031868],[-82.212971999625779,29.445443999850159],[-82.212985000044569,29.445334999986109],[-82.212940999663644,29.44522999978383],[-82.212827999685729,29.44504799990607],[-82.21283400043184,29.444789999692095],[-82.212877999914454,29.444520000184891],[-82.212886000310377,29.444356000150986],[-82.21289700018103,29.444129999889515],[-82.212908999876589,29.443651000302442],[-82.212871000241762,29.442500999983451],[-82.212846000127399,29.441988999939571],[-82.212865000393975,29.441680999628709],[-82.212978000371876,29.441500000214017],[-82.213115999565815,29.441417999746239],[-82.213366999635994,29.441340999714118],[-82.21354300026141,29.441225000053354],[-82.213643999645441,29.441021999741327],[-82.213636999972735,29.440905999716023],[-82.213568000375759,29.440762999671069],[-82.213366999635994,29.440620000206938],[-82.213134999832405,29.440571000092511],[-82.212857999822958,29.440471000200827],[-82.212475000406641,29.44020699973186],[-82.21242400035301,29.440080000195092],[-82.212430000200783,29.439892999898053],[-82.212643999562715,29.439595999684762],[-82.212800999921555,29.439287999936539],[-82.213034000448374,29.439003000373514],[-82.213114999740924,29.438843000062306],[-82.213128000159699,29.438743999846121],[-82.213108999893137,29.438584999723613],[-82.213103000045351,29.438365000378472],[-82.213221999871038,29.438199999970045],[-82.213365999811074,29.437974000084836],[-82.213422999712492,29.437688000139072],[-82.213397999598129,29.437429999994585],[-82.213478999788975,29.437231000011419],[-82.213630000300029,29.437131999788019],[-82.21373099968406,29.437016999841937],[-82.213780999912771,29.436868000024219],[-82.213780999912771,29.436714000040581],[-82.213718000163581,29.436526999802329],[-82.21366799993487,29.436185999999893],[-82.213698999897005,29.435630999873148],[-82.213641999995602,29.435031000362134],[-82.213435000306376,29.434866000011976],[-82.213353000290596,29.434657000383162],[-82.213339999871806,29.434492000207616],[-82.213421999887572,29.434343999670254],[-82.213597999614677,29.434144999897665],[-82.213692000224327,29.433979999672456],[-82.213723000186462,29.433320000002453],[-82.213566999652528,29.432824999977534],[-82.213345999719607,29.432534000240217],[-82.21332099960523,29.432524999807512],[-82.213220000221227,29.432490000290663],[-82.213043999595783,29.43247800023002],[-82.212930999617882,29.432438999631884],[-82.212887000135282,29.432373000029905],[-82.212831000058785,29.43230200022051],[-82.212842999754344,29.432208000054889],[-82.213006999785875,29.432142000302772],[-82.213282999970417,29.432082999658288],[-82.21332099960523,29.432043999690791],[-82.213327000351342,29.431911999930541],[-82.213245000335576,29.431764000327167],[-82.213140999680178,29.431671000328635],[-82.212912000249631,29.431465999921677],[-82.212667000027253,29.431147000217202],[-82.212164000062018,29.430541999778995],[-82.212037999665327,29.430310999798948],[-82.211836999823873,29.430051999789171],[-82.211711000325479,29.42980500027922],[-82.211655000248996,29.429776999916754],[-82.211542000271081,29.429771999627661],[-82.211485000369677,29.429750000230584],[-82.211372000391762,29.429717000343551],[-82.210994999924907,29.42933700013689],[-82.210731000334263,29.429018000004259],[-82.210466999845309,29.428765000076933],[-82.210164999721513,29.428496000115437],[-82.20992000039746,29.428331000100677],[-82.209725000403765,29.428231999806631],[-82.20890799972085,29.428045000378937],[-82.208738999666451,29.427979000268579],[-82.208574999634934,29.427940000289912],[-82.208437000440981,29.427902000216076],[-82.208342999831331,29.427885999933629],[-82.208192000218588,29.427770999687763],[-82.20788400024702,29.427782000383637],[-82.207853000284885,29.427727000021839],[-82.207896999767499,29.427577999873698],[-82.20787199965315,29.4275069998417],[-82.207820999599519,29.427463000061469],[-82.20775799985033,29.427474000008335],[-82.207701999773832,29.427528999724704],[-82.207670999811683,29.427622000386538],[-82.207613999910294,29.427655000171828],[-82.207545000313317,29.427655000171828],[-82.207450999703653,29.427545000063333],[-82.207432000335388,29.427434999835754],[-82.207418999916612,29.427308999898077],[-82.207418999916612,29.427247999723061],[-82.207557000008876,29.427122000335824],[-82.207481999665788,29.427044999633633],[-82.20733100005306,29.427126999973005],[-82.207237000341735,29.427269999662155],[-82.207167999846433,29.427319999861624],[-82.207079999982895,29.427330999823969],[-82.207017000233705,29.427308999898077],[-82.206972999852766,29.427269999662155],[-82.206929000370152,29.427166000263849],[-82.20676600016354,29.427149999865453],[-82.206571000169873,29.427177000242814],[-82.20637000032842,29.427177000242814],[-82.206249999779502,29.427199000197291],[-82.206130999953814,29.427282000338185],[-82.205986000188872,29.427341999785057],[-82.205785000347404,29.427293000304644],[-82.20530099975042,29.427226999705635],[-82.205068999946846,29.427160999846222],[-82.204490999638523,29.426918999994573],[-82.204384000406705,29.426890999618905],[-82.204157999552592,29.426890999618905],[-82.203938000342873,29.426956999653818],[-82.203736999603095,29.426967999655414],[-82.203623999625194,29.426945999650979],[-82.202907000298026,29.426644000245769],[-82.202122000300477,29.426401999944797],[-82.202001999751559,29.426319999802608],[-82.201757000427492,29.426116000268387],[-82.20164399955128,29.425901000208494],[-82.201543999992168,29.425808000318135],[-82.201487000090765,29.425676000277132],[-82.201348999998501,29.425456000349172],[-82.201216999754024,29.425268999722832],[-82.201046999874706,29.425087000054607],[-82.200625000100317,29.424660999625136],[-82.200394000121634,29.424426999708981],[-82.200249000356678,29.42426799985968],[-82.200142000226563,29.424097000275456],[-82.200060000210783,29.423635000206378],[-82.200078999579048,29.423184000012526],[-82.200078999579048,29.422761000120737],[-82.19999099971551,29.422518999958488],[-82.199828000407209,29.422337000058008],[-82.199715000429279,29.4222269996677],[-82.199639000261314,29.422172000210416],[-82.199286999908793,29.422035000251817],[-82.198865999959324,29.421930000209969],[-82.198628000307963,29.421925000317042],[-82.197735000355351,29.422094999668143],[-82.197646999593502,29.422281999877743],[-82.198043000326933,29.42308000034302],[-82.198005999618701,29.42320100021924],[-82.197835999739397,29.423117999873494],[-82.197735000355351,29.42292599979416],[-82.197629000050171,29.422865000116872],[-82.197502999653452,29.422853999670892],[-82.197389999675565,29.422915000137262],[-82.197251999583287,29.423041000048247],[-82.197126000084907,29.423063000116052],[-82.196974999573854,29.422992000058002],[-82.196911999824664,29.422805000372861],[-82.196843000227688,29.422568000176867],[-82.196623999944578,29.422436999811502],[-82.196547999776598,29.422392000208436],[-82.19639700016387,29.422430999969908],[-82.196233999957244,29.422413999634379],[-82.195863000236471,29.422299000235409],[-82.195573999633154,29.422061999641436],[-82.195467000401351,29.421930000209969],[-82.195329000309087,29.421897000129675],[-82.195165000277569,29.421897000129675],[-82.194826000343852,29.421958000388202],[-82.194731999734188,29.421925000317042],[-82.194417999914833,29.421611000288895],[-82.194008999660923,29.421319999720321],[-82.193846000352622,29.421093999827601],[-82.193739000222507,29.420995000304842],[-82.193626000244606,29.420935000238895],[-82.193392999717787,29.420869000203659],[-82.19311700043157,29.420863000269513],[-82.192048999678477,29.420935000238895],[-82.191771999669058,29.420978999716912],[-82.191627999729022,29.421012000095399],[-82.19152700034499,29.421044999680696],[-82.191112000243294,29.421259999846299],[-82.190810999944404,29.421436000210875],[-82.190697999966503,29.421468999658444],[-82.190345999613996,29.421468999658444],[-82.190214000267829,29.421447000027925],[-82.189743000089649,29.421220999635299],[-82.189534999677178,29.421215999707517],[-82.189215000010037,29.421331000332341],[-82.188919999558948,29.421325999627534],[-82.188643000447826,29.421308999889508],[-82.188178000117404,29.421259999846299],[-82.187506000097784,29.421303999965986],[-82.185815999553753,29.42128200029973],[-82.185376000236019,29.421374999638925],[-82.184955000286536,29.421436000210875],[-82.184823000042044,29.421436000210875],[-82.184628000048392,29.421485000169202],[-82.184489999956128,29.421600999688962],[-82.184439999727417,29.421667000031082],[-82.184345000191172,29.421744000115265],[-82.184238000061043,29.421792999925046],[-82.18409999996878,29.421749000017083],[-82.183868000165205,29.421606000380283],[-82.183566000041409,29.421430000310163],[-82.18347200033007,29.421342000160823],[-82.183232999955464,29.421287000224346],[-82.182894000021761,29.421287000224346],[-82.182435000437451,29.421369999718635],[-82.182134000138561,29.421480000254395],[-82.180832999756973,29.422161999665637],[-82.180594000280706,29.422254999764142],[-82.180386999693141,29.422287999728141],[-82.18021099996605,29.422260999616132],[-82.179897000146681,29.42217300018654],[-82.179413000448022,29.422117999917553],[-82.179168000225644,29.422206000177191],[-82.178928999851053,29.422299000235409],[-82.17861500003167,29.422486000069497],[-82.178338000022251,29.422551999836688],[-82.178131000333011,29.422491999907862],[-82.177954999707595,29.422309999959023],[-82.177748000018354,29.422161999665637],[-82.177502999795976,29.422073000173182],[-82.177363999878807,29.42191899966274],[-82.177327000068885,29.421676999842109],[-82.177182000303929,29.421347000082424],[-82.176937000081551,29.421104999681685],[-82.176584999729045,29.420863000269513],[-82.176132999817412,29.420627000229342],[-82.175926000128186,29.420565999954071],[-82.175824999845858,29.420659999939687],[-82.175717999715729,29.4207810003508],[-82.175618000156618,29.421116000317038],[-82.175555000407428,29.42139100016448],[-82.175555000407428,29.421694000300953],[-82.175491999759913,29.421969000148724],[-82.175316000032822,29.422029000386484],[-82.17500800006124,29.422035000251817],[-82.174694000241885,29.422068000287304],[-82.174454999867294,29.422221999789404],[-82.174386000270317,29.422490999934801],[-82.174392000118104,29.42270600017002],[-82.174185000428864,29.422826999709308],[-82.174047000336586,29.422860000269914],[-82.173694999984093,29.422711000024563],[-82.173657000349266,29.4226230002023],[-82.17379500044153,29.422529999658263],[-82.174039999765597,29.422375999840533],[-82.174209999644901,29.422160999689396],[-82.174347999737165,29.422007000094766],[-82.174242000330281,29.421826000039129],[-82.173965000320848,29.421771000364689],[-82.173681999565304,29.421830999936901],[-82.173412000126874,29.42204600000402],[-82.173034999660018,29.422326000337328],[-82.172896999567755,29.422508000257505],[-82.172689000053609,29.422688999880524],[-82.172381000082041,29.423211999845201],[-82.172280999624604,29.423272000131281],[-82.172319000157756,29.423360000173751],[-82.172418999716868,29.423480999716471],[-82.172494999884847,29.423514000064696],[-82.172771000069375,29.423541999806343],[-82.173084999888729,29.423597000086907],[-82.173330000111108,29.423839000028487],[-82.173398999708084,29.424048000012064],[-82.17326099961582,29.424263000081844],[-82.173065999622153,29.424306999683342],[-82.172985000329618,29.424300999952237],[-82.172870999628486,29.424257000348081],[-82.172846000412449,29.424274000375249],[-82.172874999826433,29.424399000211256],[-82.172592999794134,29.424491999826714],[-82.17250099973262,29.424367000105129],[-82.172449999679017,29.424329000259426],[-82.172256000408566,29.424300999952237],[-82.172116999593072,29.424334000034019],[-82.17184100030687,29.424459999749885],[-82.171740000024528,29.424857000136466],[-82.171570999970129,29.425011000105258],[-82.171401000090825,29.425099000206163],[-82.171124999906283,29.425191999963193],[-82.1707099998046,29.425258000319623],[-82.170502000290455,29.425258000319623],[-82.170288999855117,29.425142000281038],[-82.170150999762839,29.424961000334061],[-82.169975000035748,29.424840000206881],[-82.169660000391488,29.424751999881593],[-82.169314999711673,29.424723999691007],[-82.169070000387606,29.424723999691007],[-82.168793000378187,29.424730000179629],[-82.168478999660493,29.424730000179629],[-82.168203000374291,29.424614000320538],[-82.167749999739456,29.424525999799471],[-82.167473999554929,29.424525999799471],[-82.167266999865689,29.424558999808227],[-82.16709699998637,29.424772999628328],[-82.167065000199315,29.424926999724455],[-82.16709699998637,29.425136999763833],[-82.167240999926406,29.425291000090514],[-82.167517999935853,29.425438999737445],[-82.167901000250509,29.425555000219248],[-82.168252999704691,29.425642999848808],[-82.16842299958401,29.425703000263915],[-82.168429000330107,29.42588499961083],[-82.168290000412924,29.426098999767117],[-82.168184000107715,29.426193000110022],[-82.168158000168447,29.426461999911499],[-82.168158000168447,29.426677000348796],[-82.168226999765423,29.426885999970157],[-82.168164999841153,29.427101000292357],[-82.167887999831706,29.427167000190817],[-82.167574000012351,29.427199000197291],[-82.167122000100733,29.427050999985148],[-82.166034999979388,29.426120999955021],[-82.165543999709712,29.425790999765262],[-82.165368999807541,29.425548999779355],[-82.16530000021055,29.425366999830416],[-82.165224000042585,29.425124999616756],[-82.165155000445608,29.425003999684975],[-82.16501700035333,29.424943999639435],[-82.164846999575715,29.424977000294838],[-82.164634000038689,29.424949000166205],[-82.164319000394414,29.424860999935344],[-82.163905000117637,29.424590999853859],[-82.163690999857394,29.424531000346825],[-82.163484000168168,29.424590999853859],[-82.163346000075904,29.424564000353939],[-82.163137999663434,29.424475999789554],[-82.162862000377231,29.42444800030529],[-82.162515999872497,29.424508999814542],[-82.162377999780233,29.424663000310911],[-82.162207999900929,29.424816999791357],[-82.161962999678551,29.424909999806573],[-82.161648999859196,29.424882999609004],[-82.161410000382915,29.424733999983516],[-82.161196999947578,29.424580000377222],[-82.161095999665221,29.424552000139165],[-82.160989000433432,29.424585000139476],[-82.16091999993813,29.424585000139476],[-82.160744000211039,29.424497000375723],[-82.160536999623503,29.424403999982403],[-82.16039900042955,29.424437000030778],[-82.160298000147222,29.424529999611451],[-82.160191000017093,29.424771999677723],[-82.160021000137775,29.424986999779982],[-82.159744999953247,29.425046999800067],[-82.159505999578641,29.425053000269603],[-82.159084999629172,29.424876999911859],[-82.158801999771967,29.424573999879744],[-82.158557000447885,29.424270999726289],[-82.158275000415586,29.423699000087336],[-82.158061000155328,29.423302999834824],[-82.157923000063079,29.423061000181235],[-82.15753399990065,29.422731000222448],[-82.157288999678258,29.422460999956783],[-82.157132000217757,29.422417000338147],[-82.156923999805286,29.422372999918025],[-82.156736000382608,29.422372999918025],[-82.156510000426806,29.422423000180569],[-82.156194999884221,29.422378999763005],[-82.155762000239193,29.422367000072654],[-82.155536000283362,29.422400000000266],[-82.155366000404058,29.422510000203204],[-82.155195999626429,29.4227520003869],[-82.155089000394611,29.422872999871391],[-82.15502599974711,29.423132000191121],[-82.154957000150148,29.423389999886297],[-82.154894000400944,29.42356099987817],[-82.154875000134382,29.423665999799212],[-82.155019999899338,29.423908000358928],[-82.155157999991602,29.424105999890134],[-82.155352999985254,29.424237999623987],[-82.155491000077532,29.424325999612094],[-82.155598000207647,29.424436000076877],[-82.155635000017583,29.424617000176916],[-82.155686000071199,29.4247819999655],[-82.155705000337775,29.424931000303026],[-82.15586199979829,29.425085000159633],[-82.15601900015713,29.425249999970468],[-82.156124999564014,29.425432000129032],[-82.156301000189444,29.425640999964788],[-82.156250999960719,29.425734000008042],[-82.156100000347976,29.425965000226544],[-82.156011999586113,29.426113999611225],[-82.15573600029991,29.426146999886463],[-82.155440000023901,29.426092000204186],[-82.15524599985514,29.425833000389542],[-82.15526400029681,29.425558000047779],[-82.155327000046,29.425376000114969],[-82.155358999833055,29.425177999929485],[-82.155358999833055,29.424968999923546],[-82.155321000198228,29.42490899985733],[-82.155101000090198,29.424936000047992],[-82.154943999731344,29.424985999831492],[-82.154737000042118,29.425018999690785],[-82.154491999819726,29.42483700035708],[-82.15434700005477,29.424704999836703],[-82.154316000092635,29.424611999633797],[-82.154398000108401,29.424369000014249],[-82.154409999803974,29.424155000125499],[-82.154310000244863,29.423973000026244],[-82.154203000114734,29.42386900038203],[-82.154027000387629,29.423686999770389],[-82.153813999952305,29.423555000102962],[-82.153624999806411,29.423357000280252],[-82.153536999942872,29.423176000282488],[-82.153461999599799,29.422917000074957],[-82.153443000231547,29.422735000105089],[-82.153423999964971,29.422492999880841],[-82.153387000155064,29.422389000286412],[-82.153211000427945,29.422344999854115],[-82.153079000183467,29.422404999869809],[-82.15300999968818,29.422532000386006],[-82.153008999863275,29.422862000208752],[-82.152965000380661,29.423213999777044],[-82.153071999612465,29.423423000264023],[-82.15322899997129,29.423648999670306],[-82.153404999698381,29.423830000390222],[-82.153542999790645,29.424028000073459],[-82.153649999920773,29.424269999770747],[-82.15353000027018,29.424452000120326],[-82.153468000345896,29.424588999949115],[-82.153203999856942,29.42466600016585],[-82.153053000244199,29.42483700035708],[-82.152946000114085,29.424914000385819],[-82.152951999961871,29.425078999691976],[-82.152951999961871,29.425260000211189],[-82.153008999863275,29.425397999677081],[-82.153027000304931,29.425623000224238],[-82.152920999999736,29.42576099997941],[-82.152712999587266,29.425776999814161],[-82.152525000164587,29.425733000066892],[-82.152316999752131,29.425721999931497],[-82.152072000428063,29.425937000370311],[-82.151833000053472,29.426073999761112],[-82.151663999999073,29.426211999686014],[-82.151562999716731,29.426410000203216],[-82.151318000392664,29.426657000145379],[-82.151217000110321,29.426795000060569],[-82.150971999887943,29.426777999672947],[-82.150783999566954,29.426706999864173],[-82.150714999969978,29.426612999996927],[-82.150658000068574,29.426497999874556],[-82.150658000068574,29.426249999609677],[-82.150564000357249,29.425964000287735],[-82.150526999649017,29.425678000160463],[-82.150438999785479,29.425281999798425],[-82.150294000020523,29.424842000106725],[-82.150218999677435,29.42449499968669],[-82.150200000309184,29.424313000196605],[-82.150080999585171,29.424115000286417],[-82.149955000086791,29.423950000196875],[-82.150025000406998,29.423131000224359],[-82.150018999660901,29.422904999665686],[-82.150226000248452,29.422750999633998],[-82.150396000127756,29.422597000151335],[-82.150622000083573,29.422476000338101],[-82.151017999918707,29.422394000156487],[-82.151206000239668,29.422151999902407],[-82.151450999563735,29.42202499969363],[-82.151571000112654,29.421870999892835],[-82.151551999846063,29.421722999742446],[-82.151395000385563,29.421540999980891],[-82.151232000178936,29.421315999781957],[-82.151193999645798,29.42111800029015],[-82.151175000277533,29.420859000313158],[-82.151105999782246,29.420650000028562],[-82.151017999918707,29.420512000372483],[-82.150805000381666,29.420441000096499],[-82.150735999886379,29.420500999671777],[-82.150585000273637,29.420561999986017],[-82.150464999724733,29.42062200027225],[-82.1503779996861,29.420611000365891],[-82.150270999555971,29.420534000205464],[-82.150232999921144,29.420397000385488],[-82.150182999692433,29.420276000299467],[-82.150044999600155,29.420265000355641],[-82.149975000178287,29.42036899977704],[-82.149837000086023,29.420446000062451],[-82.149698999993745,29.420419000243381],[-82.149572999597055,29.420298000183553],[-82.149467000190171,29.420072000364879],[-82.149498000152306,29.419841000048024],[-82.149529999939361,29.419643000029122],[-82.149529999939361,29.419434000372981],[-82.149422999809246,29.419312999922568],[-82.149315999679118,29.419054000039047],[-82.149315999679118,29.418811999653979],[-82.149278999869182,29.418542999939842],[-82.149309999831345,29.418404999769429],[-82.149341999618372,29.418294999816816],[-82.149058999761152,29.417690000296481],[-82.149021000126325,29.417342999705205],[-82.148984000316403,29.417239000316492],[-82.148826999957564,29.417057000347551],[-82.148619000443418,29.417057000347551],[-82.14851899998601,29.417178000354593],[-82.148255000395352,29.417210999620181],[-82.148154000113024,29.417243999657501],[-82.148066000249472,29.417398000211666],[-82.14794700042377,29.417562999987542],[-82.147795999912717,29.417656000383367],[-82.147657999820453,29.417645000155886],[-82.147532000322073,29.41755199975],[-82.147167000449087,29.417656999621514],[-82.147014000288223,29.417748999911563],[-82.146476000162863,29.417996999802227],[-82.146300000435772,29.41803399965201],[-82.146092999848236,29.417960999956623],[-82.145967000349842,29.417770000323312],[-82.145825999884536,29.417645000155886],[-82.14571100025681,29.417674999990975],[-82.145635999913736,29.417810000313114],[-82.145664000401155,29.41802500028194],[-82.145749999716557,29.418439000214345],[-82.145633000439005,29.418678999901754],[-82.145384000018666,29.418771000048945],[-82.145013000297908,29.418780000135428],[-82.144567000234062,29.418783000164076],[-82.144065999918638,29.418803000352813],[-82.143737000030669,29.418794000268367],[-82.14341099961743,29.418796000287177],[-82.143218999996819,29.418907999714001],[-82.143143999653745,29.419160999934981],[-82.142756000214547,29.419112999644611],[-82.142495000098634,29.419268999723062],[-82.142342999762661,29.419360000114644],[-82.14210400028638,29.419513999809155],[-82.141927999660979,29.419601999976926],[-82.14175799978166,29.419789000080424],[-82.141305999870042,29.419701000074618],[-82.141167999777778,29.419579999942133],[-82.141067000393761,29.419673000056786],[-82.140960000263632,29.419673000056786],[-82.140890999768331,29.419767000086125],[-82.140858999981305,29.419947999897637],[-82.140444999704513,29.419947999897637],[-82.140337999574385,29.420075000355389],[-82.140412999917459,29.420222999776705],[-82.140621000329915,29.420311000112868],[-82.140864999829077,29.420553000057442],[-82.140802000079887,29.420915999675938],[-82.140494000108319,29.421163999661179],[-82.140562999705296,29.42152700022649],[-82.140845999562501,29.421675999861037],[-82.140983999654765,29.421648000387485],[-82.141192000067221,29.421615000215592],[-82.141813000033238,29.42166999997448],[-82.142510000167249,29.421752999938398],[-82.142617000297378,29.421935000102625],[-82.142716999856475,29.42211599996407],[-82.142861999621431,29.422358000303909],[-82.14296899975156,29.42241900028564],[-82.143167999943188,29.422416000364404],[-82.143314000431374,29.422413999634379],[-82.143558999755442,29.422595000207291],[-82.144012000390276,29.422770999824031],[-82.14407500013948,29.422807000312719],[-82.144326000209631,29.422952999729436],[-82.144809000083399,29.42294799988688],[-82.145055000130696,29.423036000210015],[-82.145229000207976,29.423189999809658],[-82.145297999804939,29.423458999739196],[-82.14512899975054,29.42361300026251],[-82.144959999696141,29.423795000224288],[-82.144619999937504,29.424378000387275],[-82.14437499971514,29.424620000033205],[-82.144173999873686,29.424927999673468],[-82.144243000368974,29.425186000284317],[-82.144306000118164,29.425284999635085],[-82.144292999699374,29.425378999948855],[-82.144097999705693,29.425631999703718],[-82.14409199985792,29.425801999893189],[-82.144142000086632,29.425933999770482],[-82.144173999873686,29.426144000075261],[-82.14416700020098,29.426314000190342],[-82.144060000070866,29.426605999687048],[-82.144015999689927,29.4266719999071],[-82.143908999559812,29.426764999788819],[-82.143771000365874,29.426848000284373],[-82.143576000372192,29.42687499995963],[-82.143456999648194,29.426836000339488],[-82.1433310001498,29.426764999788819],[-82.143155000422709,29.426715000098572],[-82.143010999584348,29.426615999794286],[-82.142815999590681,29.426555999918534],[-82.142634000015818,29.426461999911499],[-82.142483000403075,29.426428999738601],[-82.142312999625446,29.426450999855096],[-82.14227599981551,29.426479000352071],[-82.142136999898355,29.42673099978305],[-82.142023999920426,29.426852000004892],[-82.141809999660182,29.426962000081495],[-82.141527999627897,29.427072000038944],[-82.141439999764344,29.427137999956191],[-82.1413450002281,29.427258999693205],[-82.141275999732812,29.427441000164176],[-82.141226000402426,29.427534000124215],[-82.140848999935542,29.427907999734536],[-82.140797999881926,29.427984999782499],[-82.140822999996288,29.428105000157515],[-82.141006000294396,29.428462999820979],[-82.141023999837728,29.428633999879299],[-82.140973999609017,29.428704999905825],[-82.140811000300715,29.428864999761693],[-82.14065300011697,29.428920000289651],[-82.140106999595702,29.429058000259754],[-82.139774000408096,29.429255999923399],[-82.139596000132869,29.429396000029559],[-82.139466000436514,29.429497999683562],[-82.139370000177038,29.429597000308373],[-82.139182999680969,29.429789000296626],[-82.138560000065141,29.430630999675127],[-82.138271000360135,29.430850000239079],[-82.138139000115657,29.430894000116815],[-82.137893999893279,29.430872000180301],[-82.137712000318402,29.430900000240879],[-82.137630000302636,29.430949000328297],[-82.137585999921711,29.431031999751799],[-82.137591999769484,29.431230000261269],[-82.137667000112558,29.431450000200716],[-82.137667000112558,29.431729999647757],[-82.137823999573072,29.432082999658288],[-82.137862000106225,29.432259000047353],[-82.137823999573072,29.432523000059007],[-82.137774000242686,29.43259399971388],[-82.137660000439865,29.432654999807426],[-82.137522000347602,29.432682000286107],[-82.13707600028377,29.432659999954566],[-82.136913000077129,29.432682000286107],[-82.136704999664701,29.432830000116301],[-82.136566999572423,29.433094000208222],[-82.136491000302755,29.433336000211124],[-82.136208000445535,29.433908000343685],[-82.135981999591408,29.43423299990809],[-82.13587500035959,29.434347999877961],[-82.13546600010568,29.434666999697651],[-82.135341000432234,29.434739000053],[-82.135170999654591,29.434897999939626],[-82.134982000407035,29.434996999994237],[-82.134805999781619,29.435040999639856],[-82.134505000381054,29.435040999639856],[-82.133580999567997,29.434930999707792],[-82.133209999847239,29.434819999804933],[-82.133059000234496,29.434738000200511],[-82.132833000278694,29.434534000363094],[-82.132543999675377,29.43423700012011],[-82.132444000116251,29.434066000107755],[-82.13233100013835,29.43380200019574],[-82.132229999856008,29.433632000096598],[-82.131972999938071,29.433350999768805],[-82.131847000439691,29.433278999994034],[-82.131439000010687,29.433119999919363],[-82.131150000305681,29.433053999977599],[-82.130427000232416,29.432987000123283],[-82.130232000238749,29.432915999960795],[-82.130088000298699,29.432838999739516],[-82.130057000336564,29.432756000228142],[-82.12950999999039,29.432415000279438],[-82.129215000437611,29.432283000218995],[-82.129007000025155,29.432216999733281],[-82.128724999992841,29.432216999733281],[-82.128637000129288,29.432244000328367],[-82.12847300009777,29.432409000244835],[-82.12831599973893,29.432634000125677],[-82.128233999723165,29.432805000202407],[-82.128120999745249,29.432941999717521],[-82.128089999783114,29.433024999859256],[-82.128095999630915,29.43305800023613],[-82.127763000443295,29.433178999961353],[-82.127467000167286,29.433212000288162],[-82.127278999846297,29.433190000071491],[-82.127046000217788,29.43309599994549],[-82.126832999782465,29.432869999652759],[-82.126719999804564,29.43259000021947],[-82.12661299967445,29.432348000003508],[-82.126575999864514,29.432182999987884],[-82.126575999864514,29.431918999874718],[-82.126694999690201,29.431593999945722],[-82.126871000315617,29.43136900010774],[-82.127197999655451,29.431071999996519],[-82.127267000150738,29.430978000257156],[-82.127261000302951,29.430670000185266],[-82.127230000340816,29.430554999962094],[-82.127230000340816,29.430186000196912],[-82.12719299963257,29.430048000194702],[-82.127092000248552,29.429993000277598],[-82.126985000118424,29.429981999821155],[-82.126790000124757,29.430048000194702],[-82.126564000168941,29.430075999700044],[-82.126457000038826,29.430048000194702],[-82.126137000371685,29.429883000354106],[-82.125974000165058,29.429751000132168],[-82.125804000285754,29.429535999942683],[-82.125508999834651,29.42915100030396],[-82.125358000221922,29.429001999897622],[-82.125239000396235,29.428870000095429],[-82.125000000021615,29.428741999767769],[-82.124818000446751,29.428741999767769],[-82.124717000164409,29.428741999767769],[-82.124478999614723,29.42875300035848],[-82.124259000405019,29.428818999965866],[-82.124045000144775,29.428940000047461],[-82.123831999709424,29.429034000108377],[-82.123573999966567,29.429083000313643],[-82.123359999706324,29.429100000315529],[-82.122839000197743,29.428963000311768],[-82.122638000356289,29.428940999957035],[-82.121901999864221,29.428919000379885],[-82.121147999828807,29.428980000333681],[-82.120834000009467,29.42894199986652],[-82.120514000342325,29.428847999720531],[-82.120294000234296,29.42875500018128],[-82.120142999723228,29.428683000277609],[-82.119947999729561,29.428644999699273],[-82.119766000154684,29.428541000144101],[-82.119426000396075,29.428282000314955],[-82.119319000265946,29.428248999950892],[-82.119124000272265,29.428276999952274],[-82.1188730002021,29.428342999868924],[-82.11846499977311,29.428393000322593],[-82.118345000122503,29.428442000054755],[-82.118333000426929,29.428475000356045],[-82.118376999909557,29.428712000071037],[-82.118308000312581,29.428877000249265],[-82.118188999588583,29.429096999809122],[-82.117987999747115,29.42937199995799],[-82.117936999693512,29.429477000131349],[-82.117849999654865,29.429790000197777],[-82.117812000020024,29.430158999837023],[-82.117882000340231,29.430548999817599],[-82.117906999556268,29.43056000021264],[-82.118058000067322,29.431065999882566],[-82.118058000067322,29.431467999691069],[-82.118027000105187,29.431578000244933],[-82.117945000089421,29.431732000194273],[-82.117781999882808,29.431903000225127],[-82.117606000155718,29.432034999997118],[-82.117335999818962,29.432194000205907],[-82.117072000228319,29.43231500017831],[-82.116782999625002,29.432398000050142],[-82.116417999752031,29.432463999635875],[-82.116230000329367,29.432529999961048],[-82.116072999970527,29.432535999988517],[-82.11600400037355,29.432558000346873],[-82.115858999710284,29.432552000320705],[-82.115677000135406,29.432535999988517],[-82.115519999776566,29.432486999884418],[-82.115149000055808,29.432333000297678],[-82.114753000220674,29.432260999801073],[-82.114268999623704,29.432233999992881],[-82.114194000178955,29.432251000249643],[-82.114042999667902,29.432266999844416],[-82.11400500003306,29.432289000261054],[-82.113886000207373,29.432305999726214],[-82.11360900019794,29.432427000347538],[-82.113352000279974,29.432569999615673],[-82.113188000248456,29.432696999940386],[-82.113100000384904,29.432795999793736],[-82.112962000292654,29.433071000097076],[-82.112918999736635,29.433208000035762],[-82.112875000254022,29.433691999703896],[-82.112762000276092,29.433934999706754],[-82.112604999917266,29.434193000126157],[-82.112033000355055,29.434919999786306],[-82.111932999897618,29.435012999938706],[-82.111763000018328,29.435079000171861],[-82.111517999795922,29.435128999656147],[-82.111014999830672,29.435173000026868],[-82.110701000011346,29.435157000107601],[-82.110437000420688,29.435178999898156],[-82.110373999773188,29.435217000378518],[-82.110299000328411,29.435337999878161],[-82.110291999757422,29.435363999797044],[-82.109916999838674,29.435374999670501],[-82.109794999639945,29.435378999837535],[-82.109706999776392,29.436372000247442],[-82.109262000435805,29.438893999851523],[-82.108812000173998,29.441745999655314],[-82.10880200012825,29.441795999767734],[-82.108792999907422,29.441846999638067],[-82.108775000364076,29.441924000068624],[-82.108493000331777,29.443549000002101],[-82.108308000383843,29.444773999723939],[-82.108243000086517,29.445693999663227],[-82.108237000238731,29.446602999647979],[-82.108232000215864,29.447044000216128],[-82.108296999614865,29.44744199964963],[-82.108428999859356,29.448695999663443],[-82.108544000385407,29.449321000308817],[-82.108765000318328,29.450988000317444],[-82.10880399977809,29.451292999912852],[-82.108924000326994,29.452433999720029],[-82.108982999878222,29.453469999713349],[-82.109197999963371,29.453480999971386],[-82.109266999560347,29.453485000207131],[-82.109623000110815,29.453518999858041],[-82.110095999938835,29.453626000203414],[-82.111202000326742,29.453944999671474],[-82.111849000232041,29.45412499991448],[-82.11236399989285,29.454249000104621],[-82.112921000284771,29.454400999979669],[-82.113014000171177,29.454421999851842],[-82.113673999596955,29.454570000057075],[-82.114807999573955,29.454783000327552],[-82.11554900008889,29.454930000352572],[-82.116194000344365,29.45504500034075],[-82.116873000036691,29.455176000093644],[-82.117309999879708,29.455256999963662],[-82.117633999744797,29.455290000152935],[-82.117966999830742,29.455315999654491],[-82.11829099969583,29.455332000307127],[-82.118613999736027,29.455330000225686],[-82.119013999769095,29.455321000249796],[-82.120305999929855,29.45527999974119],[-82.123703999662922,29.455189000250979],[-82.124737000255905,29.45515699968016],[-82.125056000098141,29.455146000386048],[-82.12615499991503,29.455120999710438],[-82.126581999712286,29.455115999887433],[-82.127004000385,29.455124999881516],[-82.127452999923563,29.455173000357934],[-82.127857999979526,29.455239999648658],[-82.128254999639552,29.455317000086428],[-82.128723000343015,29.455444000111942],[-82.12935400035478,29.455604000065591],[-82.129991000214332,29.455780000348913],[-82.131582999950737,29.456199000221361],[-82.131951000196764,29.456303000384629],[-82.132342000009004,29.456442999954689],[-82.132699000384392,29.456592999614848],[-82.132983999891437,29.456740000146048],[-82.133270999946603,29.456913000338723],[-82.133725000406372,29.457218999744647],[-82.134153000028533,29.457520000087417],[-82.134575999627842,29.457832999730499],[-82.135025999889635,29.4581520000498],[-82.135314999594641,29.458366000241277],[-82.135401999633288,29.458430000130452],[-82.135651999878533,29.458604000187169],[-82.135907999971565,29.458767000261744],[-82.13611300001098,29.458907000342194],[-82.13638300034772,29.459071000324876],[-82.136827999688336,29.459309999791387],[-82.137898999916132,29.459897999750737],[-82.138975999991743,29.460509999967272],[-82.141125999944975,29.461689999684467],[-82.14172400034478,29.46203999999668],[-82.142331999892008,29.462371000038814],[-82.142546000152265,29.462486999774345],[-82.143121000087532,29.462804999960202],[-82.143526999968387,29.463045000369966],[-82.143891000016467,29.463252999848578],[-82.144203000185996,29.463447000233774],[-82.144492999715908,29.463672999706542],[-82.144757000204862,29.463861000330841],[-82.145105000359408,29.464163999642544],[-82.146994000196756,29.465763000120237],[-82.149786000032407,29.468140000181442],[-82.151809999588934,29.469866999995734],[-82.154294000351328,29.471992000211596],[-82.155522999864573,29.473023000152278],[-82.157409000227176,29.474619999654106],[-82.157615000091496,29.474814999647435],[-82.157922000238159,29.475058999952942],[-82.158237999707339,29.475309999750611],[-82.158291000309106,29.475355000137757],[-82.158638999565341,29.475652999921042],[-82.158750999718336,29.475772000012263],[-82.158896000381603,29.475909000174248],[-82.15902899955266,29.476082999958976],[-82.159289999668573,29.476471999975082],[-82.15940699984445,29.476707999999078],[-82.159493000058177,29.476947000129449],[-82.159564000203275,29.477167000278239],[-82.159614000432001,29.477338000387526],[-82.159640000371269,29.477719000156089],[-82.159656000264803,29.478413999729437],[-82.159663999762401,29.478993999939341],[-82.159662999937481,29.479278000363365],[-82.159661000287656,29.479351999952168],[-82.159656000264803,29.479518000101283],[-82.159642999846,29.479995999841311],[-82.159630000325521,29.480236000225045],[-82.15962500030264,29.480321999774585],[-82.159623999579438,29.480606000387496],[-82.159621000104679,29.480690000041783],[-82.159610000234025,29.481012000156959],[-82.15959699981525,29.481398999675221],[-82.159590000142543,29.481714999636626],[-82.159587999594422,29.481800000106464],[-82.159600000188291,29.482388999627929],[-82.159604000386253,29.482603999662558],[-82.159604000386253,29.483340000273998],[-82.159600000188291,29.483526000094496],[-82.159592999617288,29.484139000167936],[-82.159595000165424,29.484225000315345],[-82.159606000036064,29.484590000056098],[-82.159616000081826,29.484930999821422],[-82.159655000439884,29.485161999792503],[-82.15968800005183,29.485303999672432],[-82.159724000036846,29.485399000048176],[-82.15975099980102,29.48547100037247],[-82.159843999687453,29.48563699988242],[-82.159961999688235,29.485808999907537],[-82.160144999986329,29.485981999770111],[-82.160370999942145,29.486118000078399],[-82.160592999699986,29.486217000199598],[-82.160791999891629,29.486309000122791],[-82.160843999770151,29.486323000324749],[-82.161069999725967,29.486354000318279],[-82.16114000004616,29.486364000011484],[-82.161401999986978,29.486379000331343],[-82.161831000332384,29.486372000234486],[-82.162361000061807,29.486368999857707],[-82.162721999736831,29.486373000360096],[-82.163084000135086,29.486371000108914],[-82.163449000008072,29.486373999703659],[-82.164102999586049,29.486371000108914],[-82.164541000152269,29.486371000108914],[-82.165008999957422,29.48637800020586],[-82.165177000186901,29.486379999674931],[-82.165350000439275,29.486383000051379],[-82.165511999922657,29.48638500030232],[-82.165772000213664,29.48638500030232],[-82.166544999617329,29.486372000234486],[-82.16761800039329,29.486364000011484],[-82.167928000014683,29.486371000108914],[-82.168168000214195,29.48642200024565],[-82.168394000170011,29.486483000038124],[-82.168637999669158,29.486538999956313],[-82.168846999906535,29.486617000209691],[-82.168993000394707,29.48667900000736],[-82.169040000250376,29.486697999988174],[-82.169267000031113,29.486816999622565],[-82.16947899974322,29.486913000264003],[-82.169635000277125,29.487012000390344],[-82.169791999737654,29.487155000141453],[-82.169980000058629,29.487379999822416],[-82.170174000227377,29.487549999788701],[-82.170299999725771,29.487721999694259],[-82.17034599975652,29.487863999896351],[-82.170507000313322,29.488126999778068],[-82.170538000275471,29.488372000201288],[-82.170652000078277,29.488880999623881],[-82.170713000177656,29.489448999778055],[-82.17077299955379,29.489852999904596],[-82.170810000262009,29.490261000332875],[-82.170825000330638,29.490354999884342],[-82.170840000399252,29.490454999860415],[-82.170878999858985,29.490705999842643],[-82.170888000079827,29.490720000218982],[-82.170908999996215,29.490868999915484],[-82.171191999853434,29.493252000383517],[-82.171264999648372,29.493745000247227],[-82.171304999831335,29.494099000336245],[-82.171554000251703,29.495835999933433],[-82.171636000267469,29.496552000097378],[-82.171657000183856,29.496729999715168],[-82.171751999720101,29.497561000055097],[-82.17187499974375,29.49850099974531],[-82.171878999941711,29.499374000301568],[-82.171892000360501,29.499605000178367],[-82.171897000383353,29.499922999634297],[-82.171897000383353,29.500240999655365],[-82.171898000208273,29.501194000002556],[-82.171914000101808,29.501497000298819],[-82.171890999637256,29.501536000147262],[-82.171894000010312,29.501960999947524],[-82.171884999789484,29.502339000263383],[-82.171880999591522,29.503146000106288],[-82.171879999766603,29.503247999881481],[-82.171880999591522,29.503307999747221],[-82.171893000185406,29.504154000089446],[-82.171879999766603,29.505052999639211],[-82.171883999964564,29.50521400019856],[-82.171892000360501,29.505545999912478],[-82.171885999614389,29.50578000036607],[-82.171880999591522,29.505996999875723],[-82.171882000314753,29.506936000297756],[-82.171878000116791,29.507106000278174],[-82.171873000093925,29.507371999987466],[-82.171883000139673,29.507705000357792],[-82.171878999941711,29.508068000105293],[-82.171883000139673,29.508460999689099],[-82.171880999591522,29.508711999609584],[-82.171878999941711,29.508888999839691],[-82.171871000444099,29.50923500017306],[-82.171866000421218,29.511132000343697],[-82.171863000048162,29.511450000340361],[-82.171861000398351,29.511647000341142],[-82.171867000246138,29.51191299984497],[-82.171892000360501,29.512143000169075],[-82.171894999835217,29.512174000077636],[-82.171943000414103,29.512422999654309],[-82.17196699980525,29.512498999782963],[-82.172038999775253,29.512727999691926],[-82.172118000316303,29.512914000271053],[-82.172124999989009,29.512944000080246],[-82.172179000415682,29.513059999780118],[-82.172242999989763,29.513198000193334],[-82.17240899967112,29.513460000097606],[-82.172663999939246,29.513761999790297],[-82.172930999902931,29.514017000048398],[-82.173378999616602,29.514406999660348],[-82.175295999941341,29.516076999864922],[-82.175870000051702,29.516576999963025],[-82.177024999945104,29.517597000038965],[-82.177790999676077,29.518273999897257],[-82.178097999822739,29.518544999784773],[-82.178973000231977,29.519293000265662],[-82.180939999887102,29.521000999956932],[-82.181252000056631,29.521272000358053],[-82.182252999964248,29.522165000111301],[-82.187453000394314,29.526705000137216],[-82.187739999551184,29.526962999782853],[-82.187953999811427,29.527191000067166],[-82.188162000223898,29.527424999721756],[-82.188405999723059,29.527748999973348],[-82.188639000249879,29.52832099979485],[-82.188718999717494,29.528597000235344],[-82.18875499970251,29.529018000150611],[-82.188774999793992,29.529315999939403],[-82.188783000189915,29.529643999961426],[-82.188785999664645,29.530124000116334],[-82.188778000167034,29.530660999773584],[-82.188782000364995,29.531162000175399],[-82.188770999596031,29.531693999840094],[-82.188774999793992,29.533929000181505],[-82.188772000319261,29.534943999820111],[-82.188774999793992,29.535571999747379],[-82.188787000387862,29.536386999731047],[-82.188782000364995,29.537483000280336],[-82.188784999839726,29.538365000309295],[-82.188757000250632,29.538770000225277],[-82.188772000319261,29.539177999675584],[-82.188780999641764,29.540076000324532],[-82.188778999991953,29.542374000279462],[-82.188773000144181,29.543144999766419],[-82.188774999793992,29.543971999815898],[-82.188764999748244,29.544504999629449],[-82.188775999618898,29.54477500002853],[-82.188779999816845,29.546576000201359],[-82.188793000235648,29.547503999719382],[-82.188765999573164,29.548525000035049],[-82.188767000296394,29.548595000202447],[-82.188773999969072,29.549384999846779],[-82.188765999573164,29.552194999823985],[-82.188780999641764,29.553175999924004],[-82.188784000014806,29.554219999958029],[-82.188764999748244,29.555106000212746],[-82.188813000327144,29.556965999792379],[-82.188798000258515,29.556990000127843],[-82.188801999558166,29.557678999708255],[-82.188790999687512,29.559374000350736],[-82.188785999664645,29.561114999845298],[-82.188824000197783,29.563221999765297],[-82.188833000418612,29.564320999628745],[-82.188806999581033,29.565208999848892],[-82.188806999581033,29.566137000141023],[-82.18880099973326,29.567021999691967],[-82.188794999885474,29.569770000173325],[-82.188794000060568,29.569813999894691],[-82.188876000076334,29.571209000279801],[-82.188836999718262,29.571225999878852],[-82.188850999961957,29.574005999771845],[-82.188883999573932,29.5806689996191],[-82.188896999992735,29.583217999850763],[-82.188906000213549,29.583237999619183],[-82.18889399961968,29.584201000067935],[-82.18889500034291,29.584244999749661],[-82.188896000167816,29.584390000216274],[-82.188928999779762,29.588948999800969],[-82.188931000327912,29.589220000036271],[-82.188929999604696,29.590999000340087],[-82.188932999977723,29.591375999946845],[-82.188934999627563,29.591688999741539],[-82.188943000023485,29.592787999850358],[-82.188948000046352,29.595995999612363],[-82.18895700026718,29.597910000111597],[-82.188951000419408,29.598992000016384],[-82.19184299981417,29.599591000083866],[-82.192180000098062,29.599650000008964],[-82.192355000000248,29.599697999909218],[-82.194578999573324,29.600152999994005],[-82.195932999658353,29.6004199999172],[-82.197604999760699,29.600762000295742],[-82.198387000283518,29.600929000173405],[-82.202965000024349,29.601860000208955],[-82.203652999937518,29.602003000047006],[-82.205606000247272,29.60239299992373],[-82.206413999811048,29.602564000036985],[-82.208413000151538,29.602961999680161],[-82.209527999861962,29.603204999698704],[-82.211549999768692,29.603620000327563],[-82.212489999576945,29.603818000078494],[-82.213579000246426,29.604041999793473],[-82.214708000200545,29.604261000306522],[-82.21705700034542,29.604746000010106],[-82.220559999660452,29.605461000141872],[-82.222454000418992,29.605853999879454],[-82.223458999626232,29.606076000312147],[-82.226109999894902,29.606607000177281],[-82.227300999773306,29.606860000279664],[-82.228643999987696,29.607125000203169],[-82.229670000009662,29.607344999978984],[-82.230577000205955,29.607530999819712],[-82.230870000108908,29.607594999887098],[-82.232452999624499,29.60791499961476],[-82.233435999988757,29.608108000228682],[-82.235052000014619,29.608446999647793],[-82.235748000323696,29.608596999745814],[-82.237344000258076,29.608917999893119],[-82.23907200043692,29.609271000077104],[-82.240445999715135,29.609560999934057],[-82.241302999682702,29.609735999915525],[-82.241968999854549,29.609875999681954],[-82.243143000014555,29.610122000050165],[-82.246094999683763,29.610727000015231],[-82.24706399980434,29.610929999804526],[-82.247989000442288,29.611109000006653],[-82.248072000282946,29.611125999913362],[-82.248299999888602,29.611171999692434],[-82.248411000216677,29.611194999964603],[-82.249173999574595,29.611399999713729],[-82.250275999764554,29.611663000084349],[-82.25123800021241,29.611860999661264],[-82.251986000400052,29.612025000128654],[-82.252521000152356,29.612164999840324],[-82.2529899997824,29.612353999923677],[-82.253269000339969,29.612502000357239],[-82.253664000350184,29.612733000246209],[-82.253815999787847,29.612564000294928],[-82.253893999605637,29.612404999786275],[-82.253951000405351,29.612213999693463],[-82.253957000253138,29.612067999726026],[-82.263113999559707,29.613293000241235],[-82.271362999743374,29.608258000050007],[-82.27194600007455,29.607762000164584],[-82.272603000025583,29.605142000168751],[-82.273374999604343,29.603528000105882],[-82.278339999857778,29.59955300035222],[-82.279272000168419,29.598779999906874],[-82.282305999853421,29.596449000356763],[-82.284076999689958,29.595835999711653],[-82.292648000088903,29.59847599998918],[-82.295284000288959,29.601745999630253],[-82.295916999950535,29.605714999722011],[-82.298141000421936,29.607447999769434],[-82.300635000331766,29.607433000223534],[-82.301726999577667,29.607897000242797],[-82.30455799977139,29.6087250000487],[-82.305239000011852,29.609356000350537],[-82.305479000211378,29.609802000298242],[-82.307326000215895,29.613068000338153],[-82.307548999798655,29.613463999831655],[-82.307584999783671,29.61359600035837],[-82.30767199982229,29.613792999616134],[-82.307797000394089,29.614187999742867],[-82.307888999557278,29.614533999620207],[-82.307937000136164,29.614869999610303],[-82.307968999923219,29.615174000086654],[-82.308004999908235,29.61534600002194],[-82.308126000282058,29.615720999957652],[-82.308194000054129,29.61599499976365],[-82.308339999643991,29.616500999853155],[-82.308517999919218,29.617067999640888],[-82.308625999874252,29.617345999696479],[-82.30863699974492,29.617507999830305],[-82.308644000315923,29.617899999857759],[-82.308661999859268,29.618641999723788],[-82.308737000202342,29.619093999882161],[-82.309010000013814,29.6205420003059],[-82.309051000021697,29.620748000145866],[-82.309097999877366,29.620951999633078],[-82.309150999580822,29.621156000269107],[-82.309210999855267,29.621357999787644],[-82.311166999639752,29.627655000312995],[-82.314175000283782,29.627677999947093],[-82.314834999709547,29.627689000007887],[-82.314839999732428,29.627563999672073],[-82.317116000082351,29.627563999672073],[-82.317117999732162,29.627722000183152],[-82.318075999982099,29.62773899963026],[-82.318080000180061,29.629879000188104],[-82.320040999987398,29.629859000298453],[-82.321419000361871,29.629844999670595],[-82.32162199985315,29.6298429999154],[-82.322173000397285,29.629797000068738],[-82.322293000047893,29.629569000281201],[-82.322322000360202,29.62952200003825],[-82.324670999606738,29.625487000024062],[-82.325772999796712,29.623657000192395],[-82.326117999578216,29.623070999870826],[-82.326452000387377,29.622548999989927],[-82.326737999719313,29.622146999764492],[-82.326803000016639,29.622053000140863],[-82.327387999997654,29.621426000292196],[-82.327988999872204,29.620897999900848],[-82.328594999769592,29.620459999615562],[-82.329419999950119,29.619957999782223],[-82.32983300040199,29.619721999771148],[-82.329870000211898,29.61970099983936],[-82.330801999624242,29.619170999814173],[-82.332580000031811,29.618170999616929],[-82.332689999636656,29.61810700001622],[-82.333662000130275,29.617535000217792],[-82.334130999760319,29.617262000305502],[-82.334606000136489,29.616986000028628],[-82.33462399967982,29.616969999944153],[-82.335098000231085,29.616680999932999],[-82.33558799977753,29.616455000162937],[-82.335925000061408,29.616301999616308],[-82.336339000338199,29.616150000022373],[-82.33698799989331,29.615865000068244],[-82.338476999697548,29.615271999967696],[-82.339126999975889,29.615016999839554],[-82.339338999687996,29.614935000120617],[-82.339667999575965,29.614851000282279],[-82.339859000269996,29.614823999956787],[-82.340326000250229,29.614759000155875],[-82.34070899966656,29.614733999860825],[-82.340872999698078,29.614724000365857],[-82.340984000026168,29.613988999625381],[-82.341077999737493,29.613405999829506],[-82.341141000384994,29.613033999614913],[-82.341250000164948,29.612406000227395],[-82.341365999617594,29.611686000244511],[-82.34154499971774,29.610719000257532],[-82.341765999650661,29.609278000258552],[-82.341822999552079,29.608961999729036],[-82.342029000314724,29.607712999709634],[-82.34210799995742,29.606907000157705],[-82.342155999638024,29.606259999927531],[-82.34217400007968,29.605748000063276],[-82.342159999835985,29.605516999790641],[-82.342091000239009,29.604635000343318],[-82.341928000032368,29.604111000006462],[-82.341680000335259,29.603422999937077],[-82.341543999892821,29.60306299975575],[-82.341421999694091,29.602770999662752],[-82.34114899988262,29.602032999970891],[-82.340522999893736,29.600620999814296],[-82.34037499975571,29.600288999885223],[-82.340179999762043,29.599716999749578],[-82.340081000027851,29.599474999706981],[-82.339749999591746,29.598737000110347],[-82.3395570001462,29.598328999857117],[-82.339440999795258,29.59808400020232],[-82.339378000046068,29.597755999736037],[-82.33932299979449,29.5974719999281],[-82.339225999710095,29.596458000283736],[-82.339186000425428,29.59470399996059],[-82.339665000101249,29.594684999957156],[-82.340372000280979,29.594638999687223],[-82.341003000292744,29.594590999722886],[-82.341906000291075,29.594499999695174],[-82.342226999783136,29.594473000169071],[-82.342938999985734,29.594420999990895],[-82.343698999868934,29.59435300001784],[-82.344001999817635,29.594334999787598],[-82.344345999774234,29.594314000035624],[-82.344553000361771,29.594300999777808],[-82.344832000021029,29.594281999698484],[-82.345145999840383,29.594260000095396],[-82.345355999902665,29.59424500015027],[-82.346162999641535,29.594156000273795],[-82.346591000162022,29.594122000203686],[-82.347481999566455,29.594052000344984],[-82.347807999979707,29.594029999910649],[-82.348157999784078,29.594005999786461],[-82.348408999854229,29.5939890001181],[-82.348738999567118,29.593963000298171],[-82.349671999702679,29.593889000173188],[-82.350815999725427,29.593803000297498],[-82.351850999968221,29.593725999738091],[-82.35307500035691,29.593628999852513],[-82.354065000393888,29.593556000110688],[-82.35637099998273,29.593371999970604],[-82.356584000418053,29.593360000221551],[-82.358827000257719,29.593184000092222],[-82.359243000184335,29.593156000362889],[-82.359563999676368,29.593163000100674],[-82.359838000211084,29.593189000126781],[-82.360009999740214,29.593214000295742],[-82.3603460001992,29.593280999624515],[-82.36062900005642,29.593361999919445],[-82.360927999807146,29.593478000296063],[-82.361183999900177,29.593603999786399],[-82.361449000214051,29.593759000096608],[-82.361706000132017,29.593949999995179],[-82.361956000377248,29.594144999678033],[-82.362216999594864,29.594383999712601],[-82.36248899958143,29.594642999813434],[-82.363737000259562,29.595933999641915],[-82.364369000096232,29.596562999892637],[-82.365394000293307,29.597628000350625],[-82.365707000287756,29.597938999887202],[-82.366443999706391,29.598714000120818],[-82.36664899974582,29.59891900025006],[-82.366826000196141,29.599126000327299],[-82.367064999672422,29.599377999881948],[-82.367233999726821,29.599562999789658],[-82.367401999956314,29.599745999786691],[-82.367492000368003,29.59983200006333],[-82.368760000239305,29.601156999924694],[-82.368959000430948,29.601357000145427],[-82.37036700004434,29.602827000024284],[-82.370741000138139,29.603392999645621],[-82.370957999873113,29.603655999814148],[-82.371013999949611,29.603780000377302],[-82.371249000126255,29.603618000051966],[-82.371781000403828,29.603248999684478],[-82.37218100043691,29.602951000044712],[-82.372446999677365,29.602750999860849],[-82.373239000245931,29.602193000195346],[-82.373433000414678,29.602042999943517],[-82.373414999973022,29.602022000234161],[-82.373337000155217,29.601931999644755],[-82.373010999741979,29.601556999969581],[-82.372875000197851,29.601401000156429],[-82.372236999615083,29.600690000024677],[-82.370634000008025,29.598924999794093],[-82.369972999859016,29.598187000078671],[-82.367879999807201,29.595852999849843],[-82.36757600003358,29.595505000263593],[-82.366263999781339,29.594053000187067],[-82.364431999845422,29.591989000352868],[-82.364353000202698,29.591896999676969],[-82.36365299969566,29.591086000134027],[-82.363213000377911,29.590539000200653],[-82.362814000169735,29.590008999987102],[-82.362765999590849,29.589944999696311],[-82.362364999732861,29.589398999714724],[-82.362065000157202,29.588969999888441],[-82.361568999864659,29.588214000234856],[-82.361407000381263,29.587966999645325],[-82.360481999743314,29.586407000004002],[-82.359511999797832,29.584708000262353],[-82.357847000266503,29.581768000220727],[-82.356074999706721,29.578650000012171],[-82.35282500011165,29.572902999620453],[-82.349640999740529,29.567252999808183],[-82.349210999570218,29.566493999674716],[-82.349367999929058,29.566489999995529],[-82.349844000130119,29.566479999624839],[-82.350048000344628,29.566475999945105],[-82.357985000358752,29.566306999853104],[-82.358980000418597,29.566546000177766],[-82.360758999752761,29.56708400023502],[-82.363374000036416,29.567776000033412],[-82.364732000319393,29.568105999694662],[-82.366334000101546,29.568416000264648],[-82.368819999615454,29.568918999678985],[-82.369336999824384,29.568953999736042],[-82.374475000330193,29.569622000330778],[-82.375000999861655,29.569723000183508],[-82.376140999686427,29.569942000182454],[-82.378320999776889,29.570632999855604],[-82.378885999666423,29.570882000035223],[-82.380252000345337,29.571485000034858],[-82.380916999793982,29.572234000358304],[-82.381054999886231,29.572379000108644],[-82.382474000268601,29.57305699964283],[-82.383284000380499,29.574123999819701],[-82.383584999781064,29.574279000361596],[-82.384075000225835,29.57453300032186],[-82.385396999625513,29.575413999624264],[-82.386822999680561,29.57619800037978],[-82.386868999711325,29.576255999902838],[-82.387350999760173,29.57689500028194],[-82.387823999588178,29.57830999967398],[-82.388256000306626,29.578579000362438],[-82.388585000194595,29.578815999779668],[-82.389229999551759,29.579254999689283],[-82.389699999905034,29.579602999852064],[-82.390608999751151,29.580082000255601],[-82.390658999979863,29.580133000030923],[-82.390911999699838,29.580134000010929],[-82.392093000430833,29.58004700014974],[-82.392023999935532,29.579412000140206],[-82.392008000042026,29.579097999775414],[-82.392008000042026,29.578775000055412],[-82.392020999562504,29.578454000076484],[-82.392058000270737,29.578131999858233],[-82.392107999601123,29.577754999993456],[-82.392166000225771,29.577448999996392],[-82.392295999922112,29.576872000000982],[-82.392499000311702,29.575931999661869],[-82.392756000229639,29.574692999624247],[-82.393022000368433,29.573477000285653],[-82.393354999556038,29.572034000226285],[-82.393554999572601,29.571171000016633],[-82.393584999709816,29.570934999912623],[-82.393624000067874,29.570746000355246],[-82.393669000273704,29.570409000192342],[-82.393696000037878,29.57008700009882],[-82.393707999733465,29.569763999677136]]]},"properties":{"MTFCC":"G5020","OID":"20790267578427","GEOID":"12001002101","STATE":"12","COUNTY":"001","TRACT":"002101","BASENAME":"21.01","NAME":"Census Tract 21.01","LSADC":"CT","FUNCSTAT":"S","AREALAND":166362884,"AREAWATER":82318845,"CENTLAT":"+29.5329713","CENTLON":"-082.2462658","INTPTLAT":"+29.5405985","INTPTLON":"-082.2512235","OBJECTID":21506}},{"type":"Feature","id":21519,"geometry":{"type":"Polygon","coordinates":[[[-82.60718699995752,29.724780999800384],[-82.60718799978244,29.723359000077256],[-82.607180000284828,29.722946999656941],[-82.607150000147612,29.721954999749553],[-82.607159000368441,29.720642000068295],[-82.607154000345574,29.720139999968897],[-82.607149000322678,29.71958100019047],[-82.607137999553728,29.718474000152213],[-82.60714099992677,29.716079000073815],[-82.607140000101865,29.715776999730952],[-82.607135999903903,29.714722999791082],[-82.607135000078983,29.714558999698276],[-82.607135000078983,29.71429299995804],[-82.607134000254078,29.713787000020059],[-82.607114000162596,29.712832999990805],[-82.60712500003325,29.711171000015149],[-82.607121999660194,29.709205999756698],[-82.607121999660194,29.709100999786234],[-82.607120999835288,29.708749000384667],[-82.607120999835288,29.70862299983354],[-82.607109999964635,29.705753000123352],[-82.607103000291929,29.703864000328991],[-82.607099000093967,29.701267999830677],[-82.607073999979619,29.6988740001383],[-82.607073000154713,29.69826599970245],[-82.607082000375541,29.695856999837691],[-82.607083000200461,29.695547000283472],[-82.607074999804539,29.692707000173876],[-82.607072000329794,29.69159699988241],[-82.607070999606577,29.691032999760782],[-82.607067000306927,29.689672999725254],[-82.607053000063217,29.688087000276152],[-82.607051000413406,29.687617999800331],[-82.607049999690176,29.687389999888243],[-82.607047000215445,29.686485000027218],[-82.607041000367659,29.685142999713779],[-82.607039999644428,29.685003999729616],[-82.607037000169697,29.684729999635774],[-82.607036000344777,29.684584000232061],[-82.607028999773775,29.683693999975151],[-82.607038999819522,29.683254000260604],[-82.607037999994603,29.682274000111367],[-82.607037000169697,29.679570000081487],[-82.607002000009615,29.677523000337789],[-82.607001000184681,29.676413000155645],[-82.606998999636559,29.676060000366711],[-82.606997999811639,29.675914999888722],[-82.60699699998672,29.675745000004014],[-82.606998999636559,29.675207999660081],[-82.606993999613678,29.673494000100593],[-82.606986999940986,29.671078999713842],[-82.606975000245413,29.6696999998649],[-82.60697000022256,29.669100999801017],[-82.606966999849504,29.668931000105118],[-82.606955999978837,29.668383999647986],[-82.606951999780875,29.666447999706293],[-82.606949000306159,29.665009999722173],[-82.606947999582914,29.664651000183014],[-82.606947999582914,29.664247000350063],[-82.606951999780875,29.663305999787035],[-82.606969000397626,29.661872999912003],[-82.606972999697277,29.661202000109036],[-82.606976000070333,29.660738999665732],[-82.606977999720158,29.660587999960683],[-82.606976999895238,29.660437000029017],[-82.606971999872371,29.659453000088622],[-82.606971999872371,29.659225000319022],[-82.606961999826638,29.658889999942776],[-82.606954000329011,29.658633000203061],[-82.60695000013105,29.658508000028565],[-82.606941999735142,29.658246000164418],[-82.60693300041261,29.65795899990276],[-82.606909000123181,29.657208000093522],[-82.606906999575045,29.657135000344322],[-82.606905999750126,29.657107999643017],[-82.606899999902353,29.656935999978458],[-82.606898000252528,29.656862000032298],[-82.606874999787991,29.656105999806542],[-82.606848000023803,29.655627999936073],[-82.606818999711507,29.655121999666893],[-82.606766999832971,29.654182999684682],[-82.606761999810089,29.654089000294771],[-82.606760000160264,29.65406100031003],[-82.606756999787208,29.653969000082306],[-82.606736999695727,29.653267000344307],[-82.606735000045902,29.65318699982538],[-82.606730999847954,29.653061999911856],[-82.606724000175248,29.652826000176461],[-82.606718000327476,29.65256200026656],[-82.606709999931567,29.652217999936354],[-82.606688000190246,29.651262000024886],[-82.606672000296712,29.650313000073819],[-82.60665200020523,29.64935299972721],[-82.606637999961535,29.648384999703154],[-82.606642000159496,29.647410999958467],[-82.606631000288829,29.646599999676031],[-82.606629999565612,29.646499000293286],[-82.605473999847305,29.646590000220925],[-82.604807999675415,29.64664400023349],[-82.6042560002047,29.646715999684645],[-82.603747000391678,29.646831000240986],[-82.603441999894827,29.646911000346858],[-82.603106000334151,29.647004000097208],[-82.602712999973775,29.647128999727155],[-82.602528000025842,29.647207000185745],[-82.602363000169419,29.647268999846574],[-82.602142000236483,29.647355000169192],[-82.602040999954127,29.647404000084094],[-82.601421999637935,29.647727000137355],[-82.601194000032308,29.647871999870141],[-82.600970999551222,29.648026000181375],[-82.600603000203492,29.648294999921557],[-82.600204999820249,29.648600999631427],[-82.600003000153876,29.64879499968513],[-82.599372999967045,29.649411000113723],[-82.599189999668937,29.649610999817362],[-82.599003999896098,29.649843999857008],[-82.598789999635855,29.650084999893458],[-82.598516999824383,29.650399000137821],[-82.598271999601991,29.650696999990785],[-82.59811199976842,29.650899000379699],[-82.597803999796838,29.651227999700755],[-82.597365000304023,29.65169300029082],[-82.597284999938083,29.651784000207023],[-82.596957999699924,29.652053000052899],[-82.596837000224411,29.652164999837701],[-82.596652000276492,29.652279999633365],[-82.596610000443704,29.652318999826171],[-82.596436000366424,29.652443999881832],[-82.596232999976834,29.65257600007811],[-82.595777999692174,29.652885000162179],[-82.595596999942202,29.652999999915899],[-82.595374000359442,29.653137000346984],[-82.594806999921786,29.653409999835116],[-82.594283999865056,29.653620999749975],[-82.594123000206565,29.653679000019039],[-82.593975000068568,29.653731000070323],[-82.593581999708178,29.653845999638019],[-82.593125999598598,29.653963999940217],[-82.592661000166515,29.654062000337515],[-82.592015999911027,29.654164999990986],[-82.59139499994501,29.654222999946523],[-82.590902000025508,29.654236000281955],[-82.59076800013122,29.654236000281955],[-82.590679000442762,29.654236000281955],[-82.589235999770949,29.654252999937341],[-82.588423000184306,29.654263000192536],[-82.587604999676486,29.654271999640681],[-82.587460999736436,29.654273999691426],[-82.586980000410819,29.654284999969729],[-82.586889000174224,29.654284999969729],[-82.585986000175893,29.654292000146242],[-82.583944000177695,29.654312999892134],[-82.583649999551511,29.654311999867144],[-82.583238999647776,29.654311999867144],[-82.583093999882806,29.654314999942063],[-82.581820999988608,29.654338999757332],[-82.57973399978458,29.654370999762381],[-82.579634000225468,29.654372999811166],[-82.578721000181403,29.654384000078643],[-82.577615999618402,29.654398999660852],[-82.577398000058508,29.654401999733178],[-82.576565000380384,29.654412999997486],[-82.575659999833917,29.654421000189],[-82.574914000194411,29.654427000332213],[-82.574714000177892,29.654429000379878],[-82.574649999705457,29.654429999623027],[-82.574473000153461,29.654431999670628],[-82.574273999961818,29.654435999765703],[-82.573577999652741,29.654448000049939],[-82.573129000114164,29.65446499966956],[-82.572582999592896,29.654462999622623],[-82.571544999875371,29.654476999950337],[-82.571000000077319,29.654477999973675],[-82.57086199998507,29.654481000043631],[-82.570432999639664,29.654490000252963],[-82.570246999866839,29.654490000252963],[-82.570030000131851,29.654496999634549],[-82.569659000411079,29.65450899991151],[-82.569394999922125,29.654511999980539],[-82.569045000117768,29.654515000049479],[-82.568922000094105,29.654514000026513],[-82.568342999960876,29.654509999934529],[-82.568284000409662,29.654509999934529],[-82.567568000009089,29.65451900014126],[-82.566832000415332,29.654517000095389],[-82.565788999776615,29.654530999634925],[-82.565442000345286,29.654535999748834],[-82.563667000310772,29.654544999953242],[-82.562883999963034,29.654558000247022],[-82.562283000088513,29.654583000026658],[-82.56184500042059,29.654574999848069],[-82.561534999900886,29.654569999736108],[-82.56084199996485,29.654580999982045],[-82.558805999814425,29.654594000271249],[-82.558168000129953,29.654610999866136],[-82.55771799986816,29.654605999755955],[-82.557003000190804,29.654604999733955],[-82.556379999676651,29.654600999645595],[-82.556213000170388,29.654604999733955],[-82.555538999602604,29.654597000337734],[-82.555066999599504,29.654586000093474],[-82.554248999989994,29.654566999668795],[-82.552299999878215,29.654513000003533],[-82.551613999614858,29.654500999726981],[-82.551689999782852,29.654723999947766],[-82.551611999965047,29.654721999905977],[-82.551463999827035,29.65471799982225],[-82.550999000394938,29.654715999780333],[-82.550856000279808,29.654711999696453],[-82.550688000050314,29.65470400030873],[-82.550235000313791,29.654683999885052],[-82.549688999792522,29.654662000195017],[-82.54955499989822,29.654656000065877],[-82.54930200017823,29.65464799989304],[-82.548780999771324,29.654612999910153],[-82.548394999981937,29.654580999982045],[-82.547747000251746,29.6545270003243],[-82.545982000262981,29.654377999932922],[-82.543413000010091,29.654323000141364],[-82.541254999660921,29.654276999767404],[-82.540396999868435,29.654259000090565],[-82.537952000362409,29.654222999946523],[-82.536344999659079,29.654201000155766],[-82.536138999794773,29.654198000077475],[-82.535503999585032,29.65418999986829],[-82.534106000017388,29.654171000149464],[-82.534054999963757,29.654170000123074],[-82.532868000283301,29.654160999885185],[-82.531913000406448,29.654153999699552],[-82.531802999903263,29.654152999672998],[-82.529837999897964,29.654138000054107],[-82.529105999603857,29.654132999920492],[-82.528943000295541,29.654131999893721],[-82.527832999709659,29.654148000320742],[-82.527665000378505,29.654149000347335],[-82.523474000251966,29.65418999986829],[-82.520801000242002,29.654157999805697],[-82.520716999678086,29.654156999779168],[-82.519888000197923,29.654148000320742],[-82.519385000232688,29.654142000160878],[-82.518626000174407,29.654132999920492],[-82.515045000143232,29.654100999839759],[-82.515020000028869,29.654100999839759],[-82.508823999714082,29.65404599989683],[-82.506985999930379,29.654032000289764],[-82.506537000391802,29.65402800017862],[-82.504283999608077,29.654017999900141],[-82.50378700038894,29.654015999844294],[-82.502480000159565,29.65401099970456],[-82.501209999740126,29.654007000373262],[-82.500346000099839,29.65402099998375],[-82.499869000073886,29.654018999928031],[-82.499340000169383,29.65401099970456],[-82.49866899997464,29.65401099970456],[-82.498484999851613,29.654001000205],[-82.498221000260969,29.654016999872223],[-82.496091000399218,29.65402400006732],[-82.496040000345602,29.65402400006732],[-82.496002999637355,29.654412999997486],[-82.496006999835316,29.655033999699761],[-82.496048999668105,29.656031000022764],[-82.496068999759601,29.656381999840967],[-82.496067999934681,29.658779999797396],[-82.496056000239122,29.660153999639768],[-82.496041000170507,29.661970999631979],[-82.496036999972546,29.662467000366817],[-82.496035000322721,29.662849000081046],[-82.496031000124773,29.663623999879459],[-82.496026999926812,29.664733999938147],[-82.496022999728851,29.664945000305014],[-82.496028999576637,29.666409000306349],[-82.496006999835316,29.668078999880702],[-82.496006000010411,29.668786000275137],[-82.496001999812449,29.670658999801073],[-82.496009000383467,29.671946000369744],[-82.4960040003606,29.672088000001537],[-82.496002999637355,29.672237999768615],[-82.496001999812449,29.672567000342276],[-82.496001999812449,29.674785000356707],[-82.49600099998753,29.675489000213705],[-82.496035000322721,29.677005000216813],[-82.496021999903931,29.678130000053301],[-82.49601799970597,29.678488000083252],[-82.496011999858183,29.678968000154832],[-82.496006999835316,29.67948600030812],[-82.495990999941796,29.680944999773374],[-82.495990999941796,29.681040000363005],[-82.495990999941796,29.682702999922217],[-82.495990999941796,29.682937000324426],[-82.495990999941796,29.682968999816769],[-82.495990999941796,29.683117000263152],[-82.495989000291971,29.686397000184613],[-82.495985000094009,29.686892000150387],[-82.495974000223356,29.688442000126109],[-82.495985000094009,29.689227000024381],[-82.495999000337719,29.690106999857523],[-82.495985000094009,29.691208000176001],[-82.49598400026909,29.692439000228056],[-82.495995000139757,29.6941410003874],[-82.495995000139757,29.694724000096333],[-82.495990999941796,29.694959000223033],[-82.495979000246237,29.695854000221637],[-82.495980000071128,29.696796999711591],[-82.495980999896048,29.697377000044305],[-82.495981999720954,29.697798000289893],[-82.495991999766716,29.698794000003751],[-82.495991999766716,29.699288999765272],[-82.495991999766716,29.699564000312844],[-82.495979000246237,29.700309000070988],[-82.49599000011689,29.701115000228178],[-82.495990999941796,29.701195999633708],[-82.495981999720954,29.70162999993077],[-82.495981999720954,29.702393999946423],[-82.495976999698087,29.704653999857808],[-82.495975999873181,29.705019999881824],[-82.49597300039845,29.7063360003235],[-82.49597300039845,29.706680999950677],[-82.49597300039845,29.706947000351231],[-82.495976999698087,29.707907999693603],[-82.495970999850314,29.708449000372948],[-82.49597199967522,29.70951000009229],[-82.495970999850314,29.709829000183742],[-82.495965999827433,29.711672999715528],[-82.495968000375584,29.712367000253202],[-82.495969000200503,29.712501999704862],[-82.49598799956874,29.713455999758644],[-82.49598799956874,29.714090999748979],[-82.49597300039845,29.715699000187129],[-82.495963000352702,29.716190000126542],[-82.495943000261221,29.717305999655412],[-82.495943000261221,29.718320000071021],[-82.495960999804566,29.71919600027995],[-82.495958000329836,29.721455000250817],[-82.495965000002528,29.722300000315123],[-82.495965000002528,29.722625000305722],[-82.495965000002528,29.722677999925942],[-82.495965000002528,29.723648000292389],[-82.495965000002528,29.723684999873871],[-82.495965999827433,29.724403999637385],[-82.495965999827433,29.725428000309236],[-82.495968000375584,29.728658000017486],[-82.499854999830177,29.728640999683602],[-82.502783999933186,29.728616999666141],[-82.503138999760424,29.728600000105345],[-82.503493999587661,29.728569999680342],[-82.503845999940168,29.728528000006339],[-82.504414000202729,29.728434999996974],[-82.504750999588325,29.728367000053016],[-82.505083999674241,29.728285999944962],[-82.505453999570108,29.728175000008441],[-82.506472000094476,29.727830000138571],[-82.50678099989095,29.727738999631448],[-82.507012999694552,29.727676000372206],[-82.507373000442982,29.727593000334231],[-82.507612999744183,29.727543999715699],[-82.50783600022524,29.727504999843049],[-82.508244999580839,29.727444999889439],[-82.508593999560304,29.727405999978366],[-82.508689999819765,29.727398000134752],[-82.508839999607602,29.727387000056201],[-82.508940999889944,29.727380000289219],[-82.509034999601269,29.72737499989822],[-82.509120999814996,29.727371000365249],[-82.511037000314815,29.727361000362144],[-82.511469999959857,29.727361999660413],[-82.513137999864242,29.727368000130397],[-82.514105000335007,29.727368000130397],[-82.516651000123346,29.727367000052141],[-82.519483000141975,29.727371000365249],[-82.522562999857712,29.727369000208707],[-82.523574999635997,29.727371999663433],[-82.525738000008019,29.727368000130397],[-82.526609000219295,29.727361999660413],[-82.529358000397252,29.727359000205347],[-82.532824999727282,29.727351000357981],[-82.534265999850945,29.727350000279547],[-82.535583000126067,29.727343999808443],[-82.538098999777191,29.72734100035289],[-82.538641999925417,29.72734100035289],[-82.540206000072729,29.72733599995987],[-82.541692000402236,29.72733700003851],[-82.543926999845979,29.727341999651355],[-82.544984999655,29.727351000357981],[-82.545563999788214,29.727332999723973],[-82.5459770002401,29.727333999802642],[-82.546948000010488,29.727350000279547],[-82.547779999863693,29.727349000201045],[-82.548174000049002,29.727349000201045],[-82.548334999707492,29.727349000201045],[-82.548583000302912,29.727359000205347],[-82.548855000289493,29.727371000365249],[-82.549840000303575,29.72737399981996],[-82.550351999591328,29.727382999743675],[-82.550677000179661,29.727389000212387],[-82.551276000404371,29.727381000367412],[-82.551639999554126,29.727381999665493],[-82.552181000052528,29.727361999660413],[-82.552687000390804,29.727362999738801],[-82.553151999822916,29.727363999817097],[-82.554264999883515,29.727387000056201],[-82.554662000441866,29.727388000134269],[-82.55575000038813,29.727380000289219],[-82.556178999835211,29.727371999663433],[-82.557132999887159,29.727377000054634],[-82.558411999629129,29.727383999821768],[-82.56025600015893,29.727392999744566],[-82.561024000438039,29.727399000212756],[-82.561276000333123,29.727400000290711],[-82.561632999810172,29.727411000367876],[-82.562755000091613,29.727424999896915],[-82.563304000087612,29.727424999896915],[-82.564286999553559,29.727417000054817],[-82.564567999760968,29.727418000132644],[-82.565147999719102,29.727421999663679],[-82.565977000097575,29.727435999971281],[-82.566615999606938,29.727432999738376],[-82.567019999837996,29.727431999660769],[-82.568669000374115,29.727452999729298],[-82.569182000385098,29.727442999734357],[-82.569753999947324,29.727448000121974],[-82.570570999731927,29.72745199965188],[-82.570830000198015,29.727432999738376],[-82.571245000299712,29.727433999816039],[-82.573489999789189,29.727470000264535],[-82.573830000446122,29.727470000264535],[-82.574525000031997,29.727491000325177],[-82.574929000263026,29.727478000102412],[-82.575253999953048,29.727479000179628],[-82.575518000442017,29.727471000341829],[-82.575821000390704,29.72746700003265],[-82.57619100028657,29.727471000341829],[-82.576575000426132,29.727464999877952],[-82.578798000174288,29.727470000264535],[-82.579240000040173,29.727473999793499],[-82.580118999749061,29.727470000264535],[-82.580805000012404,29.727472999716234],[-82.581224000312062,29.727479000179628],[-82.58142199978046,29.72745199965188],[-82.581918999897923,29.72745199965188],[-82.587798999845234,29.727441000359306],[-82.588412000313653,29.727432999738376],[-82.592542000340814,29.727431000363183],[-82.598905000161906,29.727432999738376],[-82.599281999730437,29.727432999738376],[-82.60022099971377,29.727435999971281],[-82.602138000038522,29.727430000285484],[-82.607164000391307,29.727433999816039],[-82.607161999843157,29.727058000340616],[-82.607178999561611,29.726919999934854],[-82.60717000023908,29.726039000378137],[-82.607167999690944,29.725833000030093],[-82.607171999888891,29.725608999876044],[-82.60718699995752,29.724780999800384]]]},"properties":{"MTFCC":"G5020","OID":"20790267578442","GEOID":"12001002201","STATE":"12","COUNTY":"001","TRACT":"002201","BASENAME":"22.01","NAME":"Census Tract 22.01","LSADC":"CT","FUNCSTAT":"S","AREALAND":87041099,"AREAWATER":879384,"CENTLAT":"+29.6906121","CENTLON":"-082.5518075","INTPTLAT":"+29.6893451","INTPTLON":"-082.5532758","OBJECTID":21519}},{"type":"Feature","id":24988,"geometry":{"type":"Polygon","coordinates":[[[-82.33922499988519,29.67093999979754],[-82.339197000296096,29.670260000015503],[-82.339195999572851,29.668398000380304],[-82.339215999664361,29.666678000083145],[-82.339203999968788,29.665126000367],[-82.339208000166749,29.664862999863573],[-82.339219999862323,29.663803000115276],[-82.339212000364711,29.663056999903997],[-82.339215999664361,29.662542999980044],[-82.339219999862323,29.662163999725411],[-82.339219999862323,29.661215000323395],[-82.339215999664361,29.660289999733113],[-82.339208000166749,29.659185999680137],[-82.339117999755075,29.659185999680137],[-82.338761000278012,29.659185999680137],[-82.338454000131335,29.659202000084182],[-82.338074000189735,29.659258000307371],[-82.337669000133786,29.659325000226826],[-82.337628999950809,29.659332000052675],[-82.337168999643268,29.659389000178049],[-82.337142999704014,29.659395999999507],[-82.336837000280582,29.659407999692299],[-82.335115999774416,29.659426000009397],[-82.333985999995377,29.659426999983484],[-82.332949999927649,29.659426000009397],[-82.331984000180142,29.659426000009397],[-82.330942000264642,29.659425000035217],[-82.329722999898806,29.659429999905893],[-82.329236999652011,29.659431999854121],[-82.328819999900489,29.659433999802296],[-82.328296999843758,29.659439999646615],[-82.327923999574864,29.659406999717955],[-82.327599999709761,29.659367999930186],[-82.327085000048953,29.659273999919332],[-82.326591000304532,29.65923700003216],[-82.326098000385031,29.659205999989645],[-82.32584599959165,29.659193000296291],[-82.324960000210083,29.659234000103989],[-82.324487000382064,29.659273999919332],[-82.32393900021097,29.659256000355697],[-82.323730999798499,29.659247999767999],[-82.323350000032008,29.659246999792053],[-82.323109000007577,29.659231000175758],[-82.323109000007577,29.659973999968269],[-82.323109000007577,29.660087000272355],[-82.323109999832482,29.660774999820422],[-82.323107000357766,29.661084999665459],[-82.323125999726017,29.661226999799247],[-82.323109000007577,29.66292999988309],[-82.323117000403499,29.66343400004822],[-82.323129000099058,29.66406999997977],[-82.323113000205538,29.664641000179707],[-82.32311900005331,29.665314000293584],[-82.323115999680269,29.665924999970006],[-82.32308600044135,29.666604000277196],[-82.32343200004776,29.666611000377184],[-82.323923000317436,29.666606999985589],[-82.324109999915194,29.666605000180017],[-82.324529000214852,29.666641999699099],[-82.324451000397048,29.667982999644885],[-82.324334000221185,29.668527000290144],[-82.324126999633634,29.669194999996229],[-82.324044999617868,29.669371999934324],[-82.323785000225186,29.669874000083926],[-82.322991999831714,29.67128499997774],[-82.322955000021793,29.671350999836594],[-82.322364000192991,29.672399999796543],[-82.322099999704051,29.672820000243494],[-82.321800999953282,29.673509999789825],[-82.32155800027904,29.673887999610894],[-82.322674999639304,29.673923999742698],[-82.323708000232287,29.673940999973969],[-82.324400000343417,29.673940999973969],[-82.324638999819712,29.673942999633631],[-82.326653000228816,29.673958000202308],[-82.328177000193165,29.673962000301493],[-82.330800999799337,29.673934000384104],[-82.331343999947549,29.673936999873892],[-82.332897000224207,29.673986999942418],[-82.333309999777768,29.673990000211138],[-82.334976999857247,29.674000999894741],[-82.33703300009914,29.673983999673688],[-82.338623000185748,29.673965999620059],[-82.339063000401794,29.673967000230206],[-82.339192000273229,29.673968000059809],[-82.339182000227481,29.673303000344994],[-82.339195999572851,29.672231000060282],[-82.339192000273229,29.672043999642355],[-82.33922499988519,29.67093999979754]]]},"properties":{"MTFCC":"G5020","OID":"207903717545514","GEOID":"12001000301","STATE":"12","COUNTY":"001","TRACT":"000301","BASENAME":"3.01","NAME":"Census Tract 3.01","LSADC":"CT","FUNCSTAT":"S","AREALAND":2479033,"AREAWATER":22169,"CENTLAT":"+29.6666872","CENTLON":"-082.3312113","INTPTLAT":"+29.6680039","INTPTLON":"-082.3314185","OBJECTID":24988}},{"type":"Feature","id":34298,"geometry":{"type":"Polygon","coordinates":[[[-82.311414000410267,29.652100999975879],[-82.311468999763548,29.651984999927585],[-82.311247999830599,29.651994000360137],[-82.311160999791966,29.651994999627455],[-82.311042999791184,29.651995999675449],[-82.310596999727352,29.651996999723451],[-82.310097000135158,29.651997999771432],[-82.308667999707055,29.652007000202737],[-82.307217000435941,29.652016999900422],[-82.306932000030599,29.651863000230488],[-82.306510000256196,29.65163400038702],[-82.306306999866621,29.651537000020099],[-82.305839000061482,29.651335000130935],[-82.305302999585962,29.650983999884964],[-82.304447000341611,29.650572000107474],[-82.303073000165085,29.649903000029401],[-82.302911999608284,29.649796999708151],[-82.301806000118688,29.64924700038814],[-82.301709000034322,29.649201000036292],[-82.300657000073073,29.648670999862969],[-82.299164000070874,29.64792599997568],[-82.298288999661636,29.647484999827427],[-82.297963000146709,29.647312000017092],[-82.297690000335223,29.64717899984792],[-82.297661000022913,29.647161999778405],[-82.297636999733456,29.647144999705997],[-82.295931000194258,29.646314999982426],[-82.294839000050032,29.645717999882716],[-82.294306999772473,29.645465999860853],[-82.293350000245795,29.644996000365314],[-82.292691999571517,29.6446410001722],[-82.292340999942255,29.644457999711264],[-82.291831000304313,29.644211000285168],[-82.291175000178185,29.643875999899375],[-82.290174000270582,29.643354000087559],[-82.289186999708335,29.642908000300025],[-82.288244000425351,29.642480000323243],[-82.285917999846703,29.641398999714866],[-82.285604000027362,29.6412600001755],[-82.284973000015583,29.64098699974647],[-82.284714000447821,29.640875000017008],[-82.284567000134729,29.640797000117907],[-82.28400499971994,29.640560999734785],[-82.283228000118299,29.640195000044802],[-82.282408999785559,29.639859000182135],[-82.281387999786475,29.639380999672451],[-82.280797999782578,29.639084000071708],[-82.2798560003245,29.63862600028223],[-82.2790389996416,29.638323999878086],[-82.278677999966575,29.638161000235037],[-82.2773980003997,29.63759799966849],[-82.277153000177321,29.637484999881369],[-82.27607799975155,29.636986000362587],[-82.275691999962163,29.636800999645111],[-82.272490000047682,29.635385000008597],[-82.272481999651774,29.636034999722042],[-82.272480000001934,29.636174999651772],[-82.272469999956201,29.637733000381051],[-82.272484000199896,29.63943499964774],[-82.272476999628893,29.640702999938913],[-82.272474999979067,29.641211999767613],[-82.272466999583145,29.642080000290875],[-82.272464000108428,29.642601999681141],[-82.272458000260627,29.643426999682596],[-82.27246800030639,29.644476999702079],[-82.272470999781106,29.644833999931063],[-82.27246499993332,29.645731999865443],[-82.272461999560264,29.646080000148618],[-82.272444999841838,29.646956000085684],[-82.272449999864719,29.648212999963711],[-82.272444999841838,29.649005999906645],[-82.272443000192027,29.64914499968139],[-82.272427000298492,29.650318999681247],[-82.272423000100531,29.651786000307219],[-82.272423000100531,29.651894000193117],[-82.272423999925451,29.65352999993344],[-82.272423999925451,29.654911999795498],[-82.272420999552395,29.655233999939579],[-82.272455999712491,29.655567999984701],[-82.272474999979067,29.659055000325729],[-82.272480000001934,29.662541000093658],[-82.272480000001934,29.662756000141172],[-82.274020999684723,29.662759999905294],[-82.284654999998281,29.662792000354692],[-82.284983999886251,29.662793000295384],[-82.28565699973079,29.662795000176757],[-82.28830299997658,29.662799999880018],[-82.288314999672153,29.662825999894054],[-82.288390000015227,29.663052000213575],[-82.288492999947394,29.663137000381909],[-82.28881199978963,29.663398999999064],[-82.288918999919744,29.663525000275087],[-82.288995000087709,29.663594000340801],[-82.289153000271469,29.664429999955697],[-82.289147000423682,29.665342000269181],[-82.290222999776063,29.665336999911677],[-82.290370999914074,29.665335999996277],[-82.294090000037485,29.665306000187577],[-82.294732999744824,29.665300999828347],[-82.297040000056882,29.665280999949903],[-82.301847000126585,29.665240000264781],[-82.301902000378163,29.665241000181151],[-82.302225000418346,29.665244999846458],[-82.301642999912062,29.666205999923054],[-82.301477000230705,29.666480999667126],[-82.301666000376613,29.666500000183646],[-82.301830000408131,29.666510999905963],[-82.301971999800031,29.666311000226308],[-82.303797000063255,29.663622000014563],[-82.304115999905491,29.663152000220482],[-82.304798999795793,29.662114000023916],[-82.305363999685326,29.661278999853064],[-82.305794999680543,29.66066600013642],[-82.306177999995199,29.660106999622151],[-82.306377000186814,29.659748999730922],[-82.306576000378456,29.659337999903059],[-82.307957000227674,29.657224000031452],[-82.309000999792985,29.655691999896888],[-82.309649000421487,29.654713999738444],[-82.310236999877247,29.653865000198827],[-82.310928000163472,29.652875999809368],[-82.311414000410267,29.652100999975879]]]},"properties":{"MTFCC":"G5020","OID":"20790267577765","GEOID":"12001000600","STATE":"12","COUNTY":"001","TRACT":"000600","BASENAME":"6","NAME":"Census Tract 6","LSADC":"CT","FUNCSTAT":"S","AREALAND":7590803,"AREAWATER":103244,"CENTLAT":"+29.6530608","CENTLON":"-082.2880477","INTPTLAT":"+29.6556462","INTPTLON":"-082.2880690","OBJECTID":34298}},{"type":"Feature","id":39014,"geometry":{"type":"Polygon","coordinates":[[[-82.372568000051189,29.638749999984217],[-82.372599000013338,29.637654000200005],[-82.372418000263366,29.637650000218855],[-82.371835999757081,29.637634999702478],[-82.371350000408597,29.637651999819106],[-82.370593999825047,29.637654000200005],[-82.37011699979908,29.637655999800192],[-82.36929300034177,29.637642000256051],[-82.365066000230229,29.637646999647338],[-82.364170999729524,29.637639999874846],[-82.363329999655491,29.637642000256051],[-82.362779000009638,29.637641000065468],[-82.362067999631947,29.637638999684238],[-82.359690999897978,29.637641000065468],[-82.35886499989256,29.637621000155473],[-82.358832000280572,29.637744000124663],[-82.358756000112606,29.63789199996453],[-82.358711999731682,29.637940999800314],[-82.358652000355519,29.6380069996689],[-82.358560000294034,29.638076000053054],[-82.358370000323248,29.638162999825095],[-82.358244999751449,29.638191000328117],[-82.358197999895779,29.638196999877163],[-82.357582999777549,29.63820499979586],[-82.357165000201121,29.638211000124883],[-82.357139000261839,29.638211000124883],[-82.35700399964432,29.638220000227331],[-82.356230000415749,29.638217999857616],[-82.355820000336905,29.638223000001041],[-82.355432999824288,29.638236000060466],[-82.355005000202127,29.638267999719154],[-82.35446899972662,29.638352000336273],[-82.353742000353677,29.6384370002853],[-82.352964000028834,29.638544000256893],[-82.352400999789154,29.638627999863054],[-82.351859000364144,29.638739999749454],[-82.350777000265694,29.639099000372241],[-82.350485000187632,29.639183999690715],[-82.350481999814576,29.639638000163195],[-82.350460999898175,29.640774000356281],[-82.350409000019653,29.643539999828302],[-82.350408000194733,29.643728999615917],[-82.350405999646597,29.644093000260131],[-82.35040099962373,29.644890999679809],[-82.350823000296444,29.644896999610406],[-82.351418000323179,29.644898999847431],[-82.351760999556546,29.644910000369656],[-82.352143999871188,29.644905999895993],[-82.352927000218926,29.644916999636706],[-82.354431000091765,29.644924999802257],[-82.35541299973282,29.644914000062418],[-82.355416000105862,29.645320999785387],[-82.355401000037261,29.645808999735586],[-82.355394000364569,29.646346000092343],[-82.355387999618458,29.646847000267257],[-82.3553969998393,29.64707800026536],[-82.355368000425287,29.64732900006123],[-82.355286000409535,29.647473000274388],[-82.355202999670539,29.647593999735761],[-82.355119999829853,29.64773999975041],[-82.355074999624009,29.647929000240886],[-82.355062000103544,29.648365999669238],[-82.355699999788001,29.648494000198376],[-82.355702000336123,29.649287000269677],[-82.355717000404752,29.65039199969053],[-82.355775999955981,29.650380999767368],[-82.356146999676739,29.650341000320573],[-82.356702000418849,29.650343999733138],[-82.356939000245305,29.65034900005508],[-82.35808800029092,29.650357999853213],[-82.358258999995158,29.65035899991749],[-82.359011000380733,29.650339000191678],[-82.359460999744229,29.650341000320573],[-82.360510000230732,29.650351000183772],[-82.360738999661251,29.650342000385017],[-82.361107999732212,29.650357999853213],[-82.361525000382045,29.650376000227727],[-82.361378000068953,29.649146999834024],[-82.361284000357628,29.647840000140867],[-82.361281999809492,29.647772000292122],[-82.362614000153215,29.647791999747245],[-82.362631999696546,29.644960000031126],[-82.36429899977604,29.64506200029404],[-82.364324999715294,29.645204999730819],[-82.364282999882505,29.646738999650246],[-82.364230000179063,29.647830000028211],[-82.364230000179063,29.648930000218268],[-82.364251000095479,29.64960800038293],[-82.36412600042199,29.649849000203787],[-82.364144999790241,29.649889999915015],[-82.364149999813122,29.650056000288927],[-82.364163000231912,29.650397000010067],[-82.364630000212145,29.650401000265468],[-82.365343000239676,29.650406999867656],[-82.365571999670209,29.650413000250175],[-82.36746600042872,29.650399000137821],[-82.369110000043676,29.65039399981837],[-82.369798999781764,29.650388000215418],[-82.370926999910992,29.65034900005508],[-82.372033000298913,29.65032099981055],[-82.372219000071738,29.650319999745903],[-82.37227799962298,29.650317000332553],[-82.372423000286247,29.65032099981055],[-82.37243199960875,29.649376999945034],[-82.372440000004659,29.648473000019077],[-82.372460000096169,29.647844999806473],[-82.372498999555901,29.646567000221278],[-82.372522000020439,29.645036000374596],[-82.372532000066187,29.644990999777477],[-82.372532999891092,29.644940000013374],[-82.372532000066187,29.642216999969481],[-82.372516999997572,29.641872000052032],[-82.37252799986824,29.641256000337577],[-82.372563000028336,29.639300999829416],[-82.372568000051189,29.638749999984217]]]},"properties":{"MTFCC":"G5020","OID":"20790267578634","GEOID":"12001000901","STATE":"12","COUNTY":"001","TRACT":"000901","BASENAME":"9.01","NAME":"Census Tract 9.01","LSADC":"CT","FUNCSTAT":"S","AREALAND":2210161,"AREAWATER":311756,"CENTLAT":"+29.6435352","CENTLON":"-082.3626087","INTPTLAT":"+29.6394535","INTPTLON":"-082.3607348","OBJECTID":39014}},{"type":"Feature","id":39015,"geometry":{"type":"Polygon","coordinates":[[[-82.355717000404752,29.65039199969053],[-82.355702000336123,29.649287000269677],[-82.355699999788001,29.648494000198376],[-82.355062000103544,29.648365999669238],[-82.355074999624009,29.647929000240886],[-82.355119999829853,29.64773999975041],[-82.355202999670539,29.647593999735761],[-82.355286000409535,29.647473000274388],[-82.355368000425287,29.64732900006123],[-82.3553969998393,29.64707800026536],[-82.355387999618458,29.646847000267257],[-82.355394000364569,29.646346000092343],[-82.355401000037261,29.645808999735586],[-82.355416000105862,29.645320999785387],[-82.35541299973282,29.644914000062418],[-82.354431000091765,29.644924999802257],[-82.352927000218926,29.644916999636706],[-82.352143999871188,29.644905999895993],[-82.351760999556546,29.644910000369656],[-82.351418000323179,29.644898999847431],[-82.350823000296444,29.644896999610406],[-82.35040099962373,29.644890999679809],[-82.350405999646597,29.644093000260131],[-82.350408000194733,29.643728999615917],[-82.350409000019653,29.643539999828302],[-82.350460999898175,29.640774000356281],[-82.350481999814576,29.639638000163195],[-82.350485000187632,29.639183999690715],[-82.350777000265694,29.639099000372241],[-82.351859000364144,29.638739999749454],[-82.352400999789154,29.638627999863054],[-82.352964000028834,29.638544000256893],[-82.353742000353677,29.6384370002853],[-82.353689999576829,29.638171999931835],[-82.353533999941249,29.637771999963316],[-82.353445000252776,29.637549999857328],[-82.353403000419988,29.637402000295584],[-82.353395000024065,29.637308000070615],[-82.353501000329274,29.636989000173049],[-82.353538000139196,29.636852999826264],[-82.353529999743273,29.636702999621189],[-82.353425000161295,29.636424999878809],[-82.353208000426307,29.635775999768434],[-82.352333999841974,29.636101000058947],[-82.351532000125999,29.636385000352703],[-82.350690000227033,29.636679000285955],[-82.350192000284665,29.636837999971991],[-82.349273000392799,29.637153000346938],[-82.347914000284916,29.637611999999489],[-82.347741999857448,29.637671000313428],[-82.346179000433366,29.638253000075572],[-82.346048999838715,29.638296000192913],[-82.34560799979775,29.638458000215703],[-82.34335499991235,29.639228999760128],[-82.341871000130979,29.639749999707025],[-82.341517000128647,29.63992099968349],[-82.341009999965451,29.640207999849643],[-82.34064699974229,29.640483000373159],[-82.340344999618495,29.640778000213402],[-82.340019999928487,29.641161999806371],[-82.339944999585398,29.641256000337577],[-82.339825999759725,29.641410999991876],[-82.339629000116233,29.641750999959395],[-82.33949500022193,29.641875999865476],[-82.339387000266882,29.641921000293376],[-82.339378999870974,29.642377999786664],[-82.33938100041911,29.642602999822461],[-82.339384999718746,29.642669999898995],[-82.339378999870974,29.643120999860312],[-82.339371000373376,29.643673000120664],[-82.339353999756625,29.644896999610406],[-82.339369999650131,29.647312000017092],[-82.339371000373376,29.647649000081628],[-82.339374999673012,29.648466000218544],[-82.339373000023187,29.648565999887783],[-82.339377000221148,29.649305000055076],[-82.339377000221148,29.65024300020346],[-82.33936899982524,29.651162999967614],[-82.339373000023187,29.652056000195135],[-82.340256999754942,29.652060000384658],[-82.340475000213146,29.652061999698674],[-82.341785999742157,29.652074000265976],[-82.342676000220024,29.652067999982478],[-82.343221999842953,29.652063999793334],[-82.343332000346138,29.652063999793334],[-82.344733000286823,29.652066999935187],[-82.3462720003198,29.652072000171522],[-82.346705999789748,29.652075000313193],[-82.347005000438799,29.652076999626914],[-82.347202000082305,29.652077999674106],[-82.347818000025441,29.652076999626914],[-82.349307999654613,29.652077999674106],[-82.349697999641933,29.652081999862741],[-82.349947000062286,29.652083999957007],[-82.350828000319297,29.652093000380692],[-82.351518999707196,29.652104000116701],[-82.352189000077047,29.652088000145415],[-82.35364400044439,29.65207100012428],[-82.355059999555394,29.652062999746004],[-82.355661000328254,29.652069000029744],[-82.355717000404752,29.65039199969053]]]},"properties":{"MTFCC":"G5020","OID":"20790267578587","GEOID":"12001000902","STATE":"12","COUNTY":"001","TRACT":"000902","BASENAME":"9.02","NAME":"Census Tract 9.02","LSADC":"CT","FUNCSTAT":"S","AREALAND":2033893,"AREAWATER":16577,"CENTLAT":"+29.6456553","CENTLON":"-082.3469662","INTPTLAT":"+29.6469410","INTPTLON":"-082.3470521","OBJECTID":39015}},{"type":"Feature","id":45705,"geometry":{"type":"Polygon","coordinates":[[[-82.38901000034204,29.69133399994287],[-82.389006000144079,29.690711999954953],[-82.389002999771023,29.69049399981337],[-82.389001000121212,29.690348000198668],[-82.389000000296306,29.69033299973454],[-82.388966999786007,29.689800000308587],[-82.388929999976099,29.688733000316518],[-82.387107000261011,29.688729000024626],[-82.386557000440106,29.688717999611253],[-82.385292999868426,29.688728000341825],[-82.383681000040553,29.688734999682005],[-82.383258000441245,29.688744999630494],[-82.382183999840379,29.688726000195782],[-82.381332999720584,29.688731999853335],[-82.380780000424949,29.688743999947846],[-82.379937999627671,29.688736000145159],[-82.379463000149826,29.688731999853335],[-82.379104000124627,29.688731000170559],[-82.378232999913351,29.688712999635825],[-82.378185000232776,29.688712999635825],[-82.377919999918916,29.688714000099171],[-82.377182999601942,29.688716999928335],[-82.376468999749491,29.688704000147617],[-82.37595999993647,29.688707999660142],[-82.374758000187413,29.688717999611253],[-82.37232000035408,29.688692000048388],[-82.372300000262584,29.689030999764253],[-82.372316999981024,29.689360000011078],[-82.372322000003905,29.689674000178996],[-82.372301000087504,29.690859000263142],[-82.372291999866661,29.69101199987777],[-82.372292999691581,29.691338000131061],[-82.372281999820927,29.691839000203789],[-82.372281999820927,29.691920999716114],[-82.372280999996008,29.692249000217839],[-82.372280999996008,29.692320999803954],[-82.372280000171116,29.692635999727848],[-82.372280000171116,29.692962999815627],[-82.372275000148235,29.693387999935826],[-82.372284000369078,29.693816999908581],[-82.372281999820927,29.694337000044602],[-82.372269000300449,29.694697999746367],[-82.372265999927393,29.695107000180109],[-82.372267999577218,29.695926000345874],[-82.372276999798061,29.696043999657533],[-82.372266999752327,29.69662599964434],[-82.372236999615083,29.696766999926211],[-82.372183999911641,29.69718100007508],[-82.372127999835143,29.697415000320564],[-82.372038000321766,29.697689999755692],[-82.37192799981861,29.69797200025608],[-82.371803999970055,29.698331000207119],[-82.371687999619098,29.698591999829041],[-82.371557000097823,29.698842000248209],[-82.371399999738998,29.69908099998602],[-82.371167999935409,29.699347000227139],[-82.37096500044413,29.699590999758541],[-82.370819999780878,29.699749999901709],[-82.370599999672834,29.699952999659846],[-82.370301999746999,29.700209000345978],[-82.36973699985748,29.700623000355197],[-82.369407999969525,29.700818000288642],[-82.368657000307152,29.701165000042351],[-82.367884000005162,29.701505000147126],[-82.367160000106978,29.701825999802629],[-82.36554699955586,29.702541000328594],[-82.365337000391889,29.702630999946841],[-82.36510499968999,29.702724999999564],[-82.364432999670342,29.703036000352103],[-82.364030000162529,29.703211000147142],[-82.363764000023735,29.703331000120137],[-82.364109999630145,29.703324999773812],[-82.364696000334391,29.703324999773812],[-82.365498999875285,29.703348000059211],[-82.365869999596057,29.703349999914188],[-82.366967999588056,29.70335600025906],[-82.367191999894033,29.703349999914188],[-82.367487000345136,29.70334199971391],[-82.36797299969362,29.7033449998866],[-82.368427000153375,29.703348000059211],[-82.368796000224322,29.703351000231802],[-82.369110000043676,29.703348000059211],[-82.369602000138258,29.703344000349226],[-82.371609999801279,29.703361999823308],[-82.371822000411697,29.703353999623996],[-82.372251999683698,29.70335499994151],[-82.372412000415579,29.70335600025906],[-82.372609999883977,29.703361999823308],[-82.372813000273581,29.703368000167483],[-82.373611999616529,29.70336399967799],[-82.375679999553995,29.70335499994151],[-82.375763000292977,29.70335600025906],[-82.376202999610712,29.703366000312876],[-82.377642000084563,29.703368000167483],[-82.378410000363672,29.703366000312876],[-82.379283000224774,29.703363000140808],[-82.380219999659971,29.70335499994151],[-82.380470999730136,29.703353000086686],[-82.380602000149707,29.70335499994151],[-82.381081999650405,29.70336399967799],[-82.381896999785198,29.703364999995415],[-82.385372000409475,29.703373999730992],[-82.386070000368377,29.703329999802396],[-82.386800999939268,29.703260000159943],[-82.386827999703442,29.703258000303187],[-82.387243999630059,29.703238999711502],[-82.388110999643359,29.703246000381675],[-82.388606000110983,29.703268000366801],[-82.388888000143311,29.703258999841413],[-82.388890999618042,29.702347000166306],[-82.388904000036817,29.699205000086366],[-82.388909000059712,29.696806999638031],[-82.388909000059712,29.696627000028911],[-82.388909000059712,29.696494000296937],[-82.388909000059712,29.696369999971598],[-82.388909999884604,29.695985000019032],[-82.388912000432754,29.695130000006248],[-82.388909999884604,29.694994999831966],[-82.388909999884604,29.694965999909559],[-82.388925999778138,29.693761000201594],[-82.388926999603044,29.693710999823747],[-82.388938000372008,29.693170999775877],[-82.388959000288423,29.69268500021688],[-82.388986999877517,29.692063999657304],[-82.388994000448506,29.691861999997641],[-82.38901000034204,29.69133399994287]]]},"properties":{"MTFCC":"G5020","OID":"20790267578529","GEOID":"12001001201","STATE":"12","COUNTY":"001","TRACT":"001201","BASENAME":"12.01","NAME":"Census Tract 12.01","LSADC":"CT","FUNCSTAT":"S","AREALAND":2801197,"AREAWATER":5978,"CENTLAT":"+29.6964288","CENTLON":"-082.3798320","INTPTLAT":"+29.6941261","INTPTLON":"-082.3762197","OBJECTID":45705}},{"type":"Feature","id":46758,"geometry":{"type":"Polygon","coordinates":[[[-82.43915899994866,29.631426999744253],[-82.439195999758567,29.630466000216988],[-82.438472999685303,29.630472000226224],[-82.438046999712952,29.630562000321934],[-82.436198000058596,29.630556999798163],[-82.434931999837104,29.630544000309204],[-82.434562999766172,29.630541000306785],[-82.432813999670927,29.630529999776556],[-82.432202999750658,29.630544000309204],[-82.431553000370627,29.630541000306785],[-82.4304310000892,29.630529000296178],[-82.429783000358981,29.630535999781976],[-82.428954999805413,29.630532000298963],[-82.427267999634452,29.630523999770769],[-82.426410999666885,29.630508000274151],[-82.425471999683523,29.630507000012706],[-82.424419999722303,29.630505999751261],[-82.423895000015747,29.630505999751261],[-82.422473999983566,29.630508999754721],[-82.422465999587644,29.632270999892508],[-82.422448000044284,29.633102000056592],[-82.422459999739857,29.634785000033361],[-82.422457000265112,29.63614800035533],[-82.422454999716976,29.636637999879369],[-82.422454999716976,29.636777999751658],[-82.422452000242259,29.637858999997984],[-82.42245100041734,29.638041999960198],[-82.422449999694095,29.638787000375739],[-82.422448000044284,29.639639999723919],[-82.422446000394459,29.639836000206316],[-82.422443999846323,29.640059000123905],[-82.422441000371592,29.640975000199688],[-82.422436000348711,29.642844000017849],[-82.422411000234376,29.643222999644181],[-82.42243700017363,29.643709000134304],[-82.422434999625509,29.644038999660015],[-82.422443000021431,29.645129000295665],[-82.422428999777708,29.646023000292331],[-82.422428999777708,29.64616300038848],[-82.422432000150764,29.648030999837729],[-82.422413999709107,29.649181000080397],[-82.422415000432323,29.649864999750303],[-82.422416000257243,29.650285999884215],[-82.422417000082149,29.651291000062646],[-82.422412999884187,29.653087000063106],[-82.422412000059282,29.653355000295214],[-82.422407000036415,29.654161999911601],[-82.42240600021151,29.654199000103571],[-82.422398999640492,29.654720999885058],[-82.422395000340842,29.655118999616043],[-82.422393999617611,29.65528299992209],[-82.422386000120014,29.65607400035319],[-82.422385000295108,29.656199999654348],[-82.422386000120014,29.656307000262895],[-82.422396999990667,29.657184000181822],[-82.422391999967786,29.657926000268979],[-82.422390000317961,29.658437999613199],[-82.422388999594745,29.658528999675287],[-82.422374000424455,29.659586999623137],[-82.422369000401559,29.659749999701869],[-82.424075999765705,29.659771999840743],[-82.424743999587392,29.659771999840743],[-82.425764999586491,29.659794999945298],[-82.426224999894032,29.659789000122149],[-82.427778000170704,29.659812000222825],[-82.428112999906446,29.659836000288259],[-82.428575999688732,29.659889000250022],[-82.429757000419713,29.66017599969031],[-82.430197999562367,29.660289999733113],[-82.430589000272931,29.660359999640594],[-82.43098199973501,29.660407000320593],[-82.431520999685262,29.660399999788904],[-82.433576999927155,29.660399999788904],[-82.434334000335625,29.660404999611195],[-82.436347999846419,29.660395999930905],[-82.436759999575074,29.660401999717845],[-82.436849999986748,29.660400999753389],[-82.438111000185373,29.660322000187527],[-82.438933999817763,29.660261999912578],[-82.438934999642655,29.660132000365063],[-82.43892100029727,29.659195000249227],[-82.438928999794882,29.657825999751438],[-82.438953999909231,29.65688100002366],[-82.438958000107192,29.656598999783263],[-82.43896700032802,29.655889000362357],[-82.438957000282286,29.654956999860573],[-82.438964999779898,29.654442999931653],[-82.438972000350901,29.653994000008236],[-82.438973000175807,29.653723999854844],[-82.438974999825632,29.653224000375776],[-82.438974999825632,29.653167999917212],[-82.439001999589806,29.652524000210736],[-82.439003000313036,29.65195399999298],[-82.439016999658421,29.651160999855055],[-82.439016999658421,29.651133999892988],[-82.439020999856382,29.650186999647648],[-82.439060000214454,29.64751400017267],[-82.439050999993611,29.646522000308515],[-82.43905000016872,29.646370000246364],[-82.439086999978628,29.645672000260422],[-82.439092999826414,29.645144999811713],[-82.439081000130855,29.644592999814719],[-82.439090000351698,29.643616999813521],[-82.439091000176589,29.643453000017558],[-82.439101000222323,29.643071000066303],[-82.439103999697082,29.642944999944422],[-82.439102000047242,29.642529999629978],[-82.439107000070109,29.642066999946955],[-82.439121000313833,29.641514000098667],[-82.439126000336685,29.640723000017552],[-82.439127999986511,29.639652000210578],[-82.439134999659203,29.638843000246105],[-82.439127000161605,29.638450999718859],[-82.439123999788549,29.637918000167208],[-82.439127999986511,29.637317000253748],[-82.439143999880045,29.636974999755438],[-82.439128999811416,29.635925999792576],[-82.439159999773565,29.635283000093203],[-82.439160999598485,29.635131999676705],[-82.439139999682084,29.634716999956378],[-82.439138999857164,29.634126999818655],[-82.439174000017246,29.63354899978118],[-82.439174000017246,29.633242000159214],[-82.439162000321701,29.632862999665953],[-82.439157000298849,29.632701000013085],[-82.43915899994866,29.631426999744253]]]},"properties":{"MTFCC":"G5020","OID":"20790267578548","GEOID":"12001002207","STATE":"12","COUNTY":"001","TRACT":"002207","BASENAME":"22.07","NAME":"Census Tract 22.07","LSADC":"CT","FUNCSTAT":"S","AREALAND":5274499,"AREAWATER":10519,"CENTLAT":"+29.6453026","CENTLON":"-082.4307843","INTPTLAT":"+29.6486395","INTPTLON":"-082.4307055","OBJECTID":46758}},{"type":"Feature","id":58637,"geometry":{"type":"Polygon","coordinates":[[[-82.339354999581545,29.637865999755171],[-82.339389999741627,29.636508000269874],[-82.339248000349727,29.636455999910595],[-82.338348999651046,29.636453000084256],[-82.338301999795377,29.636454000286644],[-82.337500999904293,29.636467999995869],[-82.337454999873543,29.636469000198119],[-82.336727999602317,29.636492000162143],[-82.335442000187655,29.636605000282675],[-82.335349000301235,29.636609000305334],[-82.334647999969278,29.636647000122398],[-82.334252000134157,29.636622999993023],[-82.333840000405502,29.636562999644653],[-82.333402999664187,29.636493999785344],[-82.330896000233878,29.636317999998191],[-82.329823000356257,29.636265000117351],[-82.329424999972986,29.636225999951478],[-82.328808000204944,29.636162000107099],[-82.328491999837425,29.636117000228737],[-82.328121999941587,29.636023000365981],[-82.327813000145099,29.635891999754644],[-82.327550000379361,29.635711000209078],[-82.327288000438543,29.636450000257824],[-82.327039000018203,29.637121000333948],[-82.326921999842327,29.637438000209038],[-82.326806000389709,29.637749000291613],[-82.326622000266681,29.638246999749068],[-82.326551000121569,29.638429000385024],[-82.326440999618399,29.638714999938994],[-82.326396000310865,29.638830000265049],[-82.326289000180751,29.639134999679023],[-82.326202999967009,29.639438000166042],[-82.326037000285666,29.640163000217736],[-82.3259400002013,29.640706999798809],[-82.325920000109804,29.640819999874214],[-82.325826000398479,29.641352000307755],[-82.325737999636615,29.641953999709518],[-82.32563800007749,29.642495000117865],[-82.325515000053841,29.643004999613179],[-82.325392000030206,29.643410999893529],[-82.325206000257367,29.643890000138203],[-82.325099000127238,29.64418500014601],[-82.325033000005007,29.644474000114684],[-82.326534000403115,29.644218999726132],[-82.328094000352493,29.643939000178204],[-82.330903999731504,29.6434780002132],[-82.331148999953882,29.643433999833494],[-82.331784999988514,29.643333999750762],[-82.333533000258853,29.643015000205072],[-82.333654999559258,29.642993999663567],[-82.335761000029891,29.642629999730499],[-82.336499000171784,29.642465999888291],[-82.337030999551018,29.642323999828189],[-82.33746200044456,29.642175000110619],[-82.337820999571434,29.642022999731392],[-82.338213999931824,29.641805000225183],[-82.338551000215716,29.641591000071774],[-82.339250999824458,29.641072999970046],[-82.33938399989384,29.640976000357167],[-82.33936800000032,29.640458000214654],[-82.339354999581545,29.640148000075698],[-82.339351000281894,29.639652000210578],[-82.339347000083919,29.638830999663035],[-82.339354999581545,29.637865999755171]]]},"properties":{"MTFCC":"G5020","OID":"207903717545524","GEOID":"12001000806","STATE":"12","COUNTY":"001","TRACT":"000806","BASENAME":"8.06","NAME":"Census Tract 8.06","LSADC":"CT","FUNCSTAT":"S","AREALAND":949560,"AREAWATER":1453,"CENTLAT":"+29.6399000","CENTLON":"-082.3321936","INTPTLAT":"+29.6391530","INTPTLON":"-082.3324666","OBJECTID":58637}},{"type":"Feature","id":58638,"geometry":{"type":"Polygon","coordinates":[[[-82.340855000154747,29.61484999986542],[-82.340872999698078,29.614724000365857],[-82.34070899966656,29.614733999860825],[-82.340326000250229,29.614759000155875],[-82.339859000269996,29.614823999956787],[-82.339667999575965,29.614851000282279],[-82.339338999687996,29.614935000120617],[-82.339126999975889,29.615016999839554],[-82.338476999697548,29.615271999967696],[-82.33698799989331,29.615865000068244],[-82.336339000338199,29.616150000022373],[-82.335925000061408,29.616301999616308],[-82.33558799977753,29.616455000162937],[-82.335098000231085,29.616680999932999],[-82.33462399967982,29.616969999944153],[-82.334606000136489,29.616986000028628],[-82.334130999760319,29.617262000305502],[-82.333662000130275,29.617535000217792],[-82.332689999636656,29.61810700001622],[-82.332580000031811,29.618170999616929],[-82.330801999624242,29.619170999814173],[-82.329870000211898,29.61970099983936],[-82.32983300040199,29.619721999771148],[-82.329419999950119,29.619957999782223],[-82.328594999769592,29.620459999615562],[-82.327988999872204,29.620897999900848],[-82.327387999997654,29.621426000292196],[-82.326803000016639,29.622053000140863],[-82.326737999719313,29.622146999764492],[-82.326452000387377,29.622548999989927],[-82.326117999578216,29.623070999870826],[-82.325772999796712,29.623657000192395],[-82.324670999606738,29.625487000024062],[-82.322322000360202,29.62952200003825],[-82.322452999881463,29.629589000228417],[-82.323139999969712,29.629926999750879],[-82.32327700023707,29.629990000167169],[-82.323743000392383,29.630205000250001],[-82.324441000351314,29.630535000301663],[-82.324752999622518,29.630727000288541],[-82.325053000096489,29.630966999757536],[-82.325308000364615,29.6312329998023],[-82.325501999635051,29.631501999899442],[-82.325653000146104,29.631771000059],[-82.325783999667365,29.632117999935275],[-82.325901999668147,29.632485999791836],[-82.32601899984401,29.632869999770378],[-82.32604800015632,29.632954999661276],[-82.326163999608966,29.633287999994337],[-82.326372999846328,29.633953000253602],[-82.326511999763511,29.63441699998743],[-82.326675999795043,29.634778000061957],[-82.326823000108135,29.635015000160028],[-82.327014999728746,29.635298000179137],[-82.327444999899072,29.635630000363193],[-82.327550000379361,29.635711000209078],[-82.327813000145099,29.635891999754644],[-82.328121999941587,29.636023000365981],[-82.328491999837425,29.636117000228737],[-82.328808000204944,29.636162000107099],[-82.329424999972986,29.636225999951478],[-82.329823000356257,29.636265000117351],[-82.330896000233878,29.636317999998191],[-82.333402999664187,29.636493999785344],[-82.333840000405502,29.636562999644653],[-82.334252000134157,29.636622999993023],[-82.334647999969278,29.636647000122398],[-82.335349000301235,29.636609000305334],[-82.335442000187655,29.636605000282675],[-82.336727999602317,29.636492000162143],[-82.337454999873543,29.636469000198119],[-82.337500999904293,29.636467999995869],[-82.338301999795377,29.636454000286644],[-82.338348999651046,29.636453000084256],[-82.339248000349727,29.636455999910595],[-82.339389999741627,29.636508000269874],[-82.339392000289763,29.63639600024349],[-82.33943099974951,29.634625000008825],[-82.339439000145447,29.633949000125448],[-82.339426999551549,29.633616999865911],[-82.339434999947471,29.633356000255233],[-82.339434999947471,29.63282999961319],[-82.339439999970338,29.63228099998878],[-82.339434999947471,29.628723999859577],[-82.339434999947471,29.62849900004942],[-82.339426999551549,29.627928999686926],[-82.339475000130435,29.626232999903124],[-82.339404999810242,29.624245999638685],[-82.339576000412777,29.623492000359967],[-82.339879000361492,29.621430999707311],[-82.339932999889839,29.621048000213488],[-82.340009000057819,29.620574000119124],[-82.34001300025578,29.620533000185805],[-82.340030999799126,29.620313000296637],[-82.340038000370143,29.620270000311873],[-82.340212000447423,29.619099999787736],[-82.34025099990717,29.618860000163874],[-82.340306000158733,29.618526999778105],[-82.340372000280979,29.618118999944461],[-82.340452999573515,29.617379000135319],[-82.340496000129548,29.617147999960203],[-82.340598000236781,29.616605999678438],[-82.340767000291208,29.615451000269537],[-82.340855000154747,29.61484999986542]]]},"properties":{"MTFCC":"G5020","OID":"207903717545525","GEOID":"12001000808","STATE":"12","COUNTY":"001","TRACT":"000808","BASENAME":"8.08","NAME":"Census Tract 8.08","LSADC":"CT","FUNCSTAT":"S","AREALAND":2637627,"AREAWATER":188599,"CENTLAT":"+29.6269255","CENTLON":"-082.3329647","INTPTLAT":"+29.6274199","INTPTLON":"-082.3335258","OBJECTID":58638}},{"type":"Feature","id":58643,"geometry":{"type":"Polygon","coordinates":[[[-82.372896999939172,29.622040000335538],[-82.372896999939172,29.621745999845551],[-82.372655000089836,29.621733000000606],[-82.371836999582001,29.62174799976145],[-82.371441999571786,29.621751000025714],[-82.371191000399946,29.621738999749009],[-82.370860999788746,29.621700000206552],[-82.370403999854247,29.621613000271715],[-82.370201000362982,29.621561000032447],[-82.370069999943411,29.621519999719723],[-82.369654999841728,29.621377000231824],[-82.369224999671403,29.621220999849097],[-82.368613999751119,29.621000000325154],[-82.368323000396316,29.620894999611199],[-82.366898999991065,29.620373999753181],[-82.366243999689871,29.620134000039588],[-82.365566999647342,29.619897999659724],[-82.36538699972229,29.619842000189955],[-82.365317000300422,29.619821000283178],[-82.365154999918701,29.619780000043509],[-82.365113999910818,29.619770000268204],[-82.364775999802006,29.61970600012101],[-82.364593000402238,29.619677000358166],[-82.364501000340695,29.619672000075088],[-82.364246999897489,29.619660999919947],[-82.363898999742943,29.619660000331763],[-82.363790999787923,29.619666000203573],[-82.363769000046602,29.619664999834498],[-82.363585999748523,29.619660999919947],[-82.3635430000908,29.619660000331763],[-82.363398000325844,29.619672000075088],[-82.362847999606615,29.61971900022742],[-82.362732000153997,29.61972900000772],[-82.362213000295213,29.619772000223328],[-82.361782000299996,29.619799000004271],[-82.36140099963518,29.61982199986976],[-82.361086999815825,29.619842000189955],[-82.36103599976218,29.619846000097368],[-82.360605999591883,29.619883999990435],[-82.360314000412146,29.619910000155659],[-82.36002800018187,29.619934999947709],[-82.360003999892442,29.619936999899615],[-82.359960000409814,29.619940000217809],[-82.359921000051756,29.619942999754951],[-82.35947800036098,29.61997800007542],[-82.35927400014647,29.619993999682368],[-82.359162999818395,29.620002000265867],[-82.358474000080307,29.620055000112952],[-82.357987000008578,29.620094000292031],[-82.357513000355652,29.620134000039588],[-82.356945000093091,29.620179999612471],[-82.355776999780886,29.620274999784403],[-82.355801000070329,29.620561999702325],[-82.355849999575838,29.621136999783271],[-82.355924999918898,29.621945999831226],[-82.355948000383435,29.622191000073219],[-82.355989000391304,29.622623000167469],[-82.356033999698838,29.623030000172538],[-82.356068000034028,29.623539999842123],[-82.356103000194125,29.623940999649911],[-82.356160999920434,29.624526000057273],[-82.356184000384985,29.62484200020867],[-82.356198999555275,29.625039000130165],[-82.356274999723254,29.625382999612675],[-82.356345000043461,29.625604999985409],[-82.356391000074211,29.625752000174014],[-82.35651499992278,29.626021000070182],[-82.356661000410952,29.626239000164539],[-82.356774000388853,29.626389000335166],[-82.356838999787868,29.626474999749238],[-82.357006000192456,29.626638999863104],[-82.357087000383302,29.626732999893676],[-82.357219999554388,29.626888000034985],[-82.357500999761783,29.627076999839364],[-82.357873000205771,29.627285000180951],[-82.358756000112606,29.627714999720911],[-82.359658000286032,29.628171999648167],[-82.360302999643167,29.628485000013413],[-82.360676999736995,29.628745000253527],[-82.360850999814261,29.628942000351977],[-82.360952999921508,29.629057000124398],[-82.361003000150234,29.629123999842967],[-82.361128999648614,29.629291999862104],[-82.361183000075286,29.629382000231189],[-82.361264000266118,29.629519000005338],[-82.361353999779496,29.629728999747755],[-82.361424999924623,29.629935999812744],[-82.36146400028268,29.630087999695245],[-82.361490000221949,29.630190999670244],[-82.361517999811042,29.630452999935496],[-82.361527999856776,29.630730999763855],[-82.361544999575216,29.631932000179454],[-82.361544999575216,29.63214599977637],[-82.3615720002377,29.632198000018452],[-82.361624999941156,29.632282000232603],[-82.361696000086255,29.632378999630554],[-82.3620290001722,29.63222599983736],[-82.362357000235249,29.63207700001437],[-82.362523999741526,29.631980000325669],[-82.363102999874755,29.631731000246152],[-82.363698999726424,29.631438000176583],[-82.364333999936136,29.631149000275055],[-82.364725999573295,29.630957000311664],[-82.365031999895038,29.630808999650871],[-82.365939000091331,29.630410999855346],[-82.366581999798669,29.630067999847146],[-82.368083000196791,29.629407000015799],[-82.36924700031102,29.628894000319853],[-82.36967400010829,29.628681999839504],[-82.370989999660168,29.628032999812763],[-82.371396000439347,29.62777100028142],[-82.372111000116703,29.627280000275409],[-82.372383999928175,29.627076999839364],[-82.372536000264148,29.626981000317659],[-82.372600999663163,29.626939000351818],[-82.372592000340632,29.626726999661766],[-82.37257300007407,29.62628699989985],[-82.372558000005441,29.625876999634499],[-82.372515000347747,29.625017000209567],[-82.372530000416361,29.624722000277785],[-82.37252799986824,29.624671999939],[-82.372566000401363,29.624166999812122],[-82.372584999769614,29.624027000372632],[-82.372595999640282,29.623881999883487],[-82.372661999762528,29.623463999675302],[-82.372783999961271,29.622761999657552],[-82.372834000189982,29.622518999923617],[-82.372881999870543,29.622244000330873],[-82.372882999695463,29.622176000378325],[-82.372896999939172,29.622040000335538]]]},"properties":{"MTFCC":"G5020","OID":"207903717545526","GEOID":"12001001515","STATE":"12","COUNTY":"001","TRACT":"001515","BASENAME":"15.15","NAME":"Census Tract 15.15","LSADC":"CT","FUNCSTAT":"S","AREALAND":1550523,"AREAWATER":6403,"CENTLAT":"+29.6248903","CENTLON":"-082.3641736","INTPTLAT":"+29.6243130","INTPTLON":"-082.3610145","OBJECTID":58643}},{"type":"Feature","id":58645,"geometry":{"type":"Polygon","coordinates":[[[-82.372896999939172,29.621745999845551],[-82.372887999718344,29.621486000285817],[-82.372768000067722,29.620184999870357],[-82.372758000021989,29.620025999669593],[-82.372631999625298,29.618684000024377],[-82.372558999830375,29.618152000130195],[-82.372538999738865,29.617976000316226],[-82.372240999813044,29.615398999974634],[-82.372082999629313,29.614200999780106],[-82.372029999925857,29.613736999878181],[-82.371855999848577,29.612310000006158],[-82.37183499993219,29.612057999966577],[-82.371798000122254,29.61170200038681],[-82.371757999939291,29.611164999642547],[-82.371742999870676,29.611001000119085],[-82.371593999907759,29.609141000301367],[-82.371377000172785,29.606814000095238],[-82.371338999639619,29.606412000375204],[-82.371254999974042,29.605542999756484],[-82.371189999676716,29.604484000079843],[-82.371158999714567,29.604195999943531],[-82.371116999881778,29.604004999920182],[-82.37110799966095,29.603965999764636],[-82.371013999949611,29.603780000377302],[-82.370892999575801,29.603867000083053],[-82.370603999870809,29.604077999910483],[-82.369701999697369,29.604695000178371],[-82.369524000320453,29.604816999993172],[-82.369457000373302,29.60486600029337],[-82.365318000125313,29.607892999861267],[-82.364634000410106,29.608386000002298],[-82.363824000298195,29.608986999893496],[-82.363524999649144,29.609208999676262],[-82.362435000053068,29.61000899990476],[-82.361949999631165,29.610343999676779],[-82.361280999984572,29.610833000063931],[-82.360736000186535,29.611221999700174],[-82.360204999733895,29.611535000387612],[-82.359611000430363,29.611867999662806],[-82.359244000009241,29.612060999738365],[-82.359095999871244,29.612134999806887],[-82.359189999582568,29.612332000357814],[-82.359407000215853,29.612785000354449],[-82.3594940002545,29.612965999696055],[-82.35963200034675,29.61323300005585],[-82.359757999845129,29.613634999912993],[-82.359904000333316,29.613630000111083],[-82.36026500000834,29.613599999732696],[-82.361115000303215,29.61351999972122],[-82.361609000047636,29.613470999721891],[-82.36219999987641,29.61341200007363],[-82.362308999656378,29.614296999762409],[-82.362398000243147,29.615229999807202],[-82.362414000136667,29.615392999848801],[-82.362430999855107,29.615557999665501],[-82.362450999946574,29.615762999913542],[-82.362471000038084,29.615954999935294],[-82.362558000076717,29.616831000274626],[-82.362603000282547,29.617278999955467],[-82.36266199983379,29.617869999969304],[-82.362712999887407,29.618379999982427],[-82.362847999606615,29.61971900022742],[-82.363398000325844,29.619672000075088],[-82.3635430000908,29.619660000331763],[-82.363585999748523,29.619660999919947],[-82.363769000046602,29.619664999834498],[-82.363790999787923,29.619666000203573],[-82.363898999742943,29.619660000331763],[-82.364246999897489,29.619660999919947],[-82.364501000340695,29.619672000075088],[-82.364593000402238,29.619677000358166],[-82.364775999802006,29.61970600012101],[-82.365113999910818,29.619770000268204],[-82.365154999918701,29.619780000043509],[-82.365317000300422,29.619821000283178],[-82.36538699972229,29.619842000189955],[-82.365566999647342,29.619897999659724],[-82.366243999689871,29.620134000039588],[-82.366898999991065,29.620373999753181],[-82.368323000396316,29.620894999611199],[-82.368613999751119,29.621000000325154],[-82.369224999671403,29.621220999849097],[-82.369654999841728,29.621377000231824],[-82.370069999943411,29.621519999719723],[-82.370201000362982,29.621561000032447],[-82.370403999854247,29.621613000271715],[-82.370860999788746,29.621700000206552],[-82.371191000399946,29.621738999749009],[-82.371441999571786,29.621751000025714],[-82.371836999582001,29.62174799976145],[-82.372655000089836,29.621733000000606],[-82.372896999939172,29.621745999845551]]]},"properties":{"MTFCC":"G5020","OID":"207903717545529","GEOID":"12001001517","STATE":"12","COUNTY":"001","TRACT":"001517","BASENAME":"15.17","NAME":"Census Tract 15.17","LSADC":"CT","FUNCSTAT":"S","AREALAND":1508689,"AREAWATER":770,"CENTLAT":"+29.6137144","CENTLON":"-082.3674233","INTPTLAT":"+29.6134864","INTPTLON":"-082.3662197","OBJECTID":58645}},{"type":"Feature","id":58646,"geometry":{"type":"Polygon","coordinates":[[[-82.386236000049735,29.617298000387727],[-82.38613899996534,29.617160999615621],[-82.385768000244596,29.61663700034233],[-82.384640999940274,29.615044000113354],[-82.383958000049972,29.614128000090279],[-82.383265000113937,29.613219999893833],[-82.382737999859245,29.612569999808162],[-82.38237800000914,29.612127000160914],[-82.381671999654301,29.611301999973321],[-82.380438000118161,29.609859000345477],[-82.37853000001428,29.607735999989881],[-82.378198999578174,29.607368000343236],[-82.377989000414203,29.607133999958457],[-82.375593000413673,29.604466000095421],[-82.374377000420893,29.603111000374874],[-82.373606999593648,29.60224299996937],[-82.37347100004952,29.602086999655175],[-82.373433000414678,29.602042999943517],[-82.373239000245931,29.602193000195346],[-82.372446999677365,29.602750999860849],[-82.37218100043691,29.602951000044712],[-82.371781000403828,29.603248999684478],[-82.371249000126255,29.603618000051966],[-82.371013999949611,29.603780000377302],[-82.37110799966095,29.603965999764636],[-82.371116999881778,29.604004999920182],[-82.371158999714567,29.604195999943531],[-82.371189999676716,29.604484000079843],[-82.371254999974042,29.605542999756484],[-82.371338999639619,29.606412000375204],[-82.371377000172785,29.606814000095238],[-82.371593999907759,29.609141000301367],[-82.371742999870676,29.611001000119085],[-82.371757999939291,29.611164999642547],[-82.371798000122254,29.61170200038681],[-82.37183499993219,29.612057999966577],[-82.371855999848577,29.612310000006158],[-82.372029999925857,29.613736999878181],[-82.372082999629313,29.614200999780106],[-82.372240999813044,29.615398999974634],[-82.372538999738865,29.617976000316226],[-82.372558999830375,29.618152000130195],[-82.372631999625298,29.618684000024377],[-82.372758000021989,29.620025999669593],[-82.372768000067722,29.620184999870357],[-82.372887999718344,29.621486000285817],[-82.372896999939172,29.621745999845551],[-82.372896999939172,29.622040000335538],[-82.372882999695463,29.622176000378325],[-82.372881999870543,29.622244000330873],[-82.372834000189982,29.622518999923617],[-82.372783999961271,29.622761999657552],[-82.372661999762528,29.623463999675302],[-82.372595999640282,29.623881999883487],[-82.372584999769614,29.624027000372632],[-82.372566000401363,29.624166999812122],[-82.37252799986824,29.624671999939],[-82.372530000416361,29.624722000277785],[-82.372515000347747,29.625017000209567],[-82.372558000005441,29.625876999634499],[-82.37257300007407,29.62628699989985],[-82.372592000340632,29.626726999661766],[-82.372600999663163,29.626939000351818],[-82.372860000129236,29.626771999830741],[-82.373255000139451,29.626477000352178],[-82.373544999669377,29.626222999987355],[-82.373849000341295,29.62594399990618],[-82.374495000421661,29.625370000236966],[-82.375164000068267,29.62470599985971],[-82.375348000191266,29.624497000119788],[-82.376196999762939,29.623520999805788],[-82.376573000404903,29.623170999769787],[-82.377045000408003,29.622706999775509],[-82.377308000173713,29.622490999749477],[-82.377885999583725,29.622019999670659],[-82.378590000288725,29.621522999990756],[-82.379243999866731,29.621094000150098],[-82.379685999732601,29.620835000046558],[-82.380203999766451,29.620550000064959],[-82.383505000313463,29.61874000013761],[-82.384107999837809,29.618426000355917],[-82.385281000172881,29.617818000141533],[-82.386036000033187,29.617413000173851],[-82.386236000049735,29.617298000387727]]]},"properties":{"MTFCC":"G5020","OID":"207903717545530","GEOID":"12001001519","STATE":"12","COUNTY":"001","TRACT":"001519","BASENAME":"15.19","NAME":"Census Tract 15.19","LSADC":"CT","FUNCSTAT":"S","AREALAND":1962044,"AREAWATER":7459,"CENTLAT":"+29.6142511","CENTLON":"-082.3768126","INTPTLAT":"+29.6122634","INTPTLON":"-082.3770583","OBJECTID":58646}},{"type":"Feature","id":62017,"geometry":{"type":"Polygon","coordinates":[[[-82.339387000266882,29.641921000293376],[-82.339386000441991,29.641831000198252],[-82.33938100041911,29.641505999662062],[-82.339384999718746,29.641146999813156],[-82.339383000068921,29.641060999652733],[-82.33938399989384,29.640976000357167],[-82.339250999824458,29.641072999970046],[-82.338551000215716,29.641591000071774],[-82.338213999931824,29.641805000225183],[-82.337820999571434,29.642022999731392],[-82.33746200044456,29.642175000110619],[-82.337030999551018,29.642323999828189],[-82.336499000171784,29.642465999888291],[-82.335761000029891,29.642629999730499],[-82.333654999559258,29.642993999663567],[-82.333533000258853,29.643015000205072],[-82.331784999988514,29.643333999750762],[-82.331148999953882,29.643433999833494],[-82.330903999731504,29.6434780002132],[-82.328094000352493,29.643939000178204],[-82.326534000403115,29.644218999726132],[-82.326539000425996,29.64434399969112],[-82.326547999748527,29.645292000369817],[-82.3265539995963,29.646489000047463],[-82.326556999969341,29.647084000065604],[-82.326556999969341,29.648354000221207],[-82.326561000167317,29.649009000139717],[-82.326570000388131,29.649666999912998],[-82.326582000083718,29.650284999819224],[-82.327288000438543,29.65027900020976],[-82.327964999582733,29.650272999819304],[-82.3287780000677,29.650266000143962],[-82.329527000080247,29.650269000339463],[-82.329723999723726,29.650269999623916],[-82.330363999956333,29.650261999883138],[-82.330498999675555,29.650272999819304],[-82.330836999784339,29.650273999884408],[-82.331619000307157,29.650272999819304],[-82.332349000053114,29.650270999689059],[-82.332333000159593,29.649292999938261],[-82.332328999961632,29.648975999913244],[-82.332334999809405,29.648344000159618],[-82.332933000209223,29.648354000221207],[-82.33326700012006,29.648389000038577],[-82.333566999695705,29.648436000064159],[-82.333809000443367,29.648437000147517],[-82.333914999850265,29.648438000230875],[-82.334397999724018,29.648454000001724],[-82.335032999933745,29.648443999950057],[-82.335695999732565,29.648433999897399],[-82.337119000312882,29.648442999866763],[-82.338247000442109,29.648447000199869],[-82.338695999980672,29.648449000366373],[-82.339258000395461,29.648449999668895],[-82.339374999673012,29.648466000218544],[-82.339371000373376,29.647649000081628],[-82.339369999650131,29.647312000017092],[-82.339353999756625,29.644896999610406],[-82.339371000373376,29.643673000120664],[-82.339378999870974,29.643120999860312],[-82.339384999718746,29.642669999898995],[-82.33938100041911,29.642602999822461],[-82.339378999870974,29.642377999786664],[-82.339387000266882,29.641921000293376]]]},"properties":{"MTFCC":"G5020","OID":"2079015500882245","GEOID":"12001000202","STATE":"12","COUNTY":"001","TRACT":"000202","BASENAME":"2.02","NAME":"Census Tract 2.02","LSADC":"CT","FUNCSTAT":"S","AREALAND":857504,"AREAWATER":0,"CENTLAT":"+29.6461598","CENTLON":"-082.3329534","INTPTLAT":"+29.6461598","INTPTLON":"-082.3329534","OBJECTID":62017}},{"type":"Feature","id":62018,"geometry":{"type":"Polygon","coordinates":[[[-82.166995999704042,29.637288000094504],[-82.166907000015584,29.636542000099837],[-82.166763999900454,29.635982999899348],[-82.16591699997862,29.6293480003268],[-82.165549999557498,29.626511999964926],[-82.165513999572482,29.626231000076228],[-82.164661999627782,29.62500200015451],[-82.160729000142425,29.621990999792857],[-82.157490000418022,29.619413999812206],[-82.155532000085415,29.617736999965789],[-82.155069000303143,29.61704899994616],[-82.152940000266298,29.613019999773186],[-82.150687000380884,29.609545000233044],[-82.149821000192489,29.608658999741973],[-82.147241000068945,29.60539299980131],[-82.145968999999681,29.603387000367302],[-82.145604000126681,29.603132999609617],[-82.14501900014568,29.602786999657663],[-82.144377000263276,29.602550000303513],[-82.144281999828706,29.60242299973164],[-82.14420099963786,29.602197999783346],[-82.144182000269595,29.601840000226392],[-82.14421300023173,29.601229999633389],[-82.144194999790088,29.601163999888364],[-82.144250000041652,29.600939000255515],[-82.144404000027436,29.600721999891171],[-82.144459000279042,29.600598000254383],[-82.144491999890988,29.600528000203102],[-82.14456399986102,29.600385999615195],[-82.144584999777422,29.600310999735541],[-82.144620999762438,29.600184000249488],[-82.144754999656726,29.599849000309142],[-82.144865000159896,29.599361000337847],[-82.145056999780522,29.598863999856203],[-82.145132999948501,29.598339999996607],[-82.145177000329426,29.597915999715703],[-82.14528899958411,29.597620000334832],[-82.145435999897202,29.597369000102738],[-82.145687999792287,29.597105000130714],[-82.146071999931834,29.596757999992338],[-82.146727000233042,29.596186000141241],[-82.146922000226724,29.596027000364433],[-82.147261999985346,29.595807000112568],[-82.147538999994779,29.595565000062415],[-82.147928999982113,29.595180000277487],[-82.148124999800686,29.594898999748278],[-82.148307000273903,29.594667999622075],[-82.148571999689437,29.594227999741108],[-82.148748000314868,29.593974999975558],[-82.148968000422883,29.593733000217455],[-82.149195000203605,29.593535000196571],[-82.149484999733517,29.593336999787098],[-82.150201999959009,29.592957999990745],[-82.150574000402983,29.592606000365894],[-82.150755999977861,29.592287000352993],[-82.150826000298068,29.591996000171605],[-82.150801000183705,29.591308000264874],[-82.150858000085123,29.590802000295991],[-82.15089499989503,29.590680999808569],[-82.151072000345366,29.590263000203976],[-82.151242000224684,29.590021000134776],[-82.151267000339033,29.589976999846751],[-82.15166999984686,29.589443000254789],[-82.151667000372115,29.589346000157235],[-82.151663999999073,29.589250999745854],[-82.151807000114204,29.588784000189005],[-82.15214199984996,29.588431000165258],[-82.15214199984996,29.588376000302656],[-82.152407000163834,29.587869999691247],[-82.152526999814413,29.58752900003882],[-82.152645999640129,29.587348000350726],[-82.152809999671632,29.587144000054192],[-82.153080999833278,29.586858000230766],[-82.153256999560384,29.586732000127814],[-82.153326000055685,29.58670400017035],[-82.153002000190568,29.58616300022069],[-82.152443999973755,29.585365999676728],[-82.152290999812877,29.583705999787579],[-82.152048999963526,29.583319000164202],[-82.149600000259554,29.580745000012417],[-82.147332000305539,29.579052000212151],[-82.146024000251259,29.576285999670013],[-82.142678000396742,29.571850999973254],[-82.142583999787092,29.57143699999575],[-82.141920000163367,29.569240000283646],[-82.140916999707613,29.567402000103442],[-82.140628999827527,29.565914000002092],[-82.14058899964455,29.565291000140654],[-82.140477000389879,29.565026999859075],[-82.140441000404863,29.564959999745962],[-82.140390000351232,29.564865999955419],[-82.140215000449061,29.564510999624929],[-82.139438999774015,29.562630999932612],[-82.138596999875077,29.561421000114283],[-82.138057999924811,29.560552000373512],[-82.13720199978215,29.560168000047028],[-82.137101000398118,29.559915000080164],[-82.137043999598404,29.559804999727145],[-82.137037999750618,29.559744999768164],[-82.137019000382352,29.559734000110478],[-82.136930999620503,29.559453000136564],[-82.13685600017574,29.559272000120483],[-82.136641999915497,29.558941999727104],[-82.136573000318521,29.558770999930402],[-82.136559999899731,29.558748999620249],[-82.136453999594522,29.558468000032203],[-82.13638400017264,29.558369000255343],[-82.13624000023259,29.558017000349849],[-82.136226999813786,29.55793499962305],[-82.136209000270455,29.557880000337033],[-82.136152000369037,29.557539000188626],[-82.136164999889516,29.557114999633903],[-82.136133999927381,29.556912000188859],[-82.136133999927381,29.556691999856334],[-82.136153000193957,29.556449000363624],[-82.136171999562222,29.556074999909171],[-82.136133999927381,29.555905000168476],[-82.136133999927381,29.555871999937438],[-82.136041000040962,29.555462999660385],[-82.13604900043687,29.555196999808665],[-82.136154000018863,29.554901999627177],[-82.136216999768052,29.554587000177907],[-82.136199000224707,29.554367000252952],[-82.136130999554325,29.554060999717258],[-82.136042999690773,29.553786000258327],[-82.136041999865867,29.553628999819654],[-82.13605399956144,29.553538999836448],[-82.136072000003097,29.553387999701872],[-82.136072000003097,29.553279000302897],[-82.136067999805135,29.553064999800263],[-82.136070000353271,29.552884000062033],[-82.136061000132457,29.550922000298666],[-82.13605399956144,29.54917699985079],[-82.135718000000765,29.54456100027512],[-82.135931000436102,29.540567999975117],[-82.135955999652154,29.540211999870099],[-82.136132000277556,29.537648000086556],[-82.136437999700988,29.536239000226921],[-82.136665000380034,29.5358759999292],[-82.13605399956144,29.534775999785694],[-82.135011999645926,29.532978999880061],[-82.133798000201296,29.531720999738209],[-82.13318100043324,29.531103000091619],[-82.133039999967934,29.530962999715324],[-82.132815999661943,29.530737999960827],[-82.131699000301694,29.529907999664093],[-82.130617000203216,29.529305000096556],[-82.128977999712816,29.528198000061085],[-82.128090999608034,29.527426999943639],[-82.12712999988338,29.526676000226779],[-82.125804000285754,29.525841999703982],[-82.124800000005095,29.5254130003757],[-82.123860000196842,29.524953000117005],[-82.123583000187409,29.524824999904155],[-82.122959999673256,29.524763000011525],[-82.121615999633946,29.524381000011338],[-82.119493000343212,29.523572000321717],[-82.116878000059586,29.522207999682568],[-82.116420000300167,29.521778000020856],[-82.114981999651235,29.520428000388101],[-82.112260999960682,29.517750999917403],[-82.110660000003449,29.515690999778716],[-82.109380000436559,29.513012000136101],[-82.109343999553246,29.512926000195822],[-82.109221000427922,29.512630000333719],[-82.109099000229165,29.51233299973671],[-82.108458999996571,29.510785000355519],[-82.107362999654413,29.507973999793748],[-82.106760000130052,29.506061000182736],[-82.106430000417163,29.505641000068266],[-82.105492000258735,29.505306000068227],[-82.103642999706068,29.505311999699877],[-82.103453999560188,29.505314000358858],[-82.102015999809566,29.505327000341165],[-82.101561000423217,29.505169999721478],[-82.101523999714971,29.505242000065746],[-82.101476999859315,29.505279000157621],[-82.101426999630604,29.505285999729761],[-82.101389999820668,29.505285999729761],[-82.101224999964231,29.505391000289855],[-82.100885000205594,29.50540400026226],[-82.100543999723754,29.505437999701154],[-82.100117999751404,29.505496999896035],[-82.099386000355622,29.50558299989326],[-82.099311000012534,29.505592000097806],[-82.099212000278342,29.505607999851424],[-82.099184999615844,29.505608999787107],[-82.099104000323308,29.505613000311417],[-82.098679000175878,29.505666999947227],[-82.0981669999898,29.505747000194535],[-82.097110999830605,29.505903999919425],[-82.096118000318896,29.506062000113886],[-82.09562700004922,29.506157999715782],[-82.095176999787412,29.506217000272905],[-82.094703000134501,29.50629800001439],[-82.094421999927107,29.506352000066727],[-82.094363000375878,29.506363000059352],[-82.093881000327031,29.506429999917639],[-82.09368899980808,29.506440999901791],[-82.093488999791546,29.506418000004611],[-82.093286000300267,29.506357999636396],[-82.093104999651985,29.506283000298851],[-82.092913999856265,29.506185000173733],[-82.092540999587371,29.505907999650304],[-82.092507999975425,29.505882999766168],[-82.092247999684417,29.505712000142985],[-82.091919999621354,29.505569000007753],[-82.091615000022841,29.505459999883815],[-82.09088399955364,29.505232999830085],[-82.090511000183056,29.505112000058428],[-82.089711000116893,29.504859999869549],[-82.089419000038845,29.504776999871677],[-82.088906000027862,29.504631000143608],[-82.088892999609058,29.504627000362337],[-82.088798000072813,29.504591999923615],[-82.088742999821221,29.504572000225931],[-82.088464000161963,29.504470000220884],[-82.088073000349723,29.504343999796799],[-82.08774500028666,29.504254999681997],[-82.087035999558779,29.504012000050604],[-82.086734000333308,29.503913000120491],[-82.086494999958703,29.503848000066331],[-82.086243999888524,29.5037960001493],[-82.085986000145667,29.503758000343421],[-82.085738000448558,29.503745000159672],[-82.085514999967486,29.503754999699765],[-82.08547899998247,29.503759000297382],[-82.085261000422591,29.503783999924146],[-82.084899999849242,29.503816999953653],[-82.0843900002113,29.503880000122269],[-82.083243999640416,29.504040000250214],[-82.082630000245416,29.504118000318648],[-82.082205999922877,29.504171999970005],[-82.081380999742365,29.504296999877667],[-82.08054899988916,29.504411000209327],[-82.080430000063458,29.504443000087345],[-82.07996499973305,29.504535999821986],[-82.079708999640005,29.504615000235603],[-82.079060000084894,29.504839000281589],[-82.078745000440634,29.504874999795973],[-82.078455999837303,29.504843999997725],[-82.078145000391018,29.504782000372721],[-82.077825999650472,29.504703000089393],[-82.077527999724637,29.504638999705804],[-82.077079000186075,29.504497000347158],[-82.076704000267341,29.504370000008816],[-82.076399999595409,29.504272000377576],[-82.075914000246925,29.504176999719093],[-82.075908000399139,29.504157999889404],[-82.075877000437004,29.504157999889404],[-82.075704000184629,29.504120000219384],[-82.07536299970279,29.504072000245479],[-82.074742999561664,29.504009000196312],[-82.074530000024666,29.504012000050604],[-82.073980000203747,29.504127999821897],[-82.073257999955388,29.504316999629662],[-82.072841000203866,29.504413000104275],[-82.072260000420826,29.504561000038731],[-82.071499999639315,29.504760000042673],[-82.071378000338896,29.504791999810401],[-82.070964000062105,29.504908000251735],[-82.07044199983028,29.505054000362144],[-82.069173000134057,29.505393000165451],[-82.068460999931446,29.505612000375827],[-82.067869000277739,29.50578699990357],[-82.067332999802233,29.505973999877693],[-82.06615500034259,29.50629800001439],[-82.065567999813453,29.50645099995744],[-82.065018999817454,29.506570999766303],[-82.06435900039169,29.50670899964431],[-82.06360500035629,29.506881999775157],[-82.062668999847673,29.50711500034733],[-82.060914999729562,29.507505999887847],[-82.060049000439477,29.507716000203402],[-82.059357000328347,29.50787000026224],[-82.058702999852031,29.508022000263132],[-82.058447999583919,29.50807299966198],[-82.058249000290601,29.508113000015651],[-82.057777000287501,29.508165999971229],[-82.05720300017714,29.508128000241872],[-82.056789999725282,29.508084000249422],[-82.056577000188256,29.508061999855148],[-82.056104000360236,29.508019999657726],[-82.055977999963545,29.516080999975607],[-82.055998999879947,29.517785999714938],[-82.055993999857066,29.518129999716582],[-82.055952999849183,29.521087000070551],[-82.055941000153624,29.521996999956915],[-82.055937999780568,29.522196000076743],[-82.055936000130743,29.522394999805172],[-82.055932999757687,29.522646000346032],[-82.055928999559725,29.522898000029087],[-82.055926999909914,29.523067999777108],[-82.055925000260089,29.52323700025968],[-82.055890000099993,29.525261999658142],[-82.055892999574723,29.525434000385157],[-82.055890000099993,29.525549000099108],[-82.055957999872064,29.525988999836965],[-82.055971000290839,29.526094000024511],[-82.055927999734834,29.526429000005976],[-82.055900999970646,29.526876000248549],[-82.055885000077126,29.527157000119093],[-82.055861999612574,29.527484000387691],[-82.055844999894148,29.528814999773395],[-82.055818000129975,29.530443999996265],[-82.055709000350021,29.536273999881029],[-82.055700999954112,29.536923000114705],[-82.055665999794016,29.540086000182413],[-82.055628000159174,29.543500999703213],[-82.055624999786119,29.54376100016453],[-82.055591000349239,29.546489000347002],[-82.055588999801117,29.54738099987388],[-82.055582000128425,29.549754999713283],[-82.055581000303505,29.549886999967246],[-82.055570000432866,29.5536730003206],[-82.055568999709621,29.556245000145267],[-82.055567999884715,29.556319999951665],[-82.055567999884715,29.556394999702402],[-82.055567999884715,29.557012000039613],[-82.055562999861849,29.558187999859996],[-82.055557999838967,29.559365000242639],[-82.05555399964102,29.560481999893735],[-82.055548999618139,29.561599999859837],[-82.055546000143408,29.562218999979049],[-82.055531000074794,29.562859000261863],[-82.055531000074794,29.562916999632915],[-82.055526999876832,29.563921999801767],[-82.055418000096893,29.564322999902014],[-82.055408999876065,29.564429000262585],[-82.055404999678103,29.564474000101928],[-82.055403999853183,29.564999000132069],[-82.055393999807436,29.565311000335104],[-82.055378999738821,29.565615000146821],[-82.05536399967022,29.565795999736366],[-82.0553629998453,29.565814000368515],[-82.055377999913929,29.565948000198709],[-82.05539200015761,29.566031000010252],[-82.055418000096893,29.566190000164653],[-82.055423999944665,29.566343000150692],[-82.055433000165507,29.566575999704504],[-82.055433999990413,29.566682000044619],[-82.05543900001328,29.567073999923171],[-82.055442000386336,29.567359000219046],[-82.055428999967546,29.56769300009331],[-82.055404999678103,29.567922000035477],[-82.055394999632355,29.568206000184176],[-82.055469999975415,29.568873000165937],[-82.055480999846083,29.569061000013875],[-82.055490999891816,29.572717000000697],[-82.055485999868949,29.574435999957217],[-82.055489000241991,29.576157000373549],[-82.055480000021149,29.576782999645872],[-82.055488000417085,29.577407999717003],[-82.055470999800335,29.580789999611845],[-82.055461999579506,29.584168999648192],[-82.055449999883947,29.587930000124818],[-82.055444000036161,29.593809999990388],[-82.055413000074012,29.594097000259744],[-82.055336999906032,29.594820000356393],[-82.055408999876065,29.600700000130487],[-82.055428000142626,29.602006000117893],[-82.055427000317735,29.606402000054757],[-82.05543800018836,29.607003000056686],[-82.055448000234122,29.607604000381471],[-82.05545800027987,29.608174999817155],[-82.055459999929681,29.608261999636081],[-82.055460999754587,29.608349000160899],[-82.055490999891816,29.610041999621671],[-82.055521000029046,29.611735999997311],[-82.055551999991181,29.613534999923488],[-82.055583999778236,29.615333999763543],[-82.055598000021945,29.616760999778538],[-82.055668000342138,29.622191000073219],[-82.055705999976993,29.625171999867341],[-82.055791000365787,29.627203999806152],[-82.055799999688304,29.627421000172163],[-82.055809999734052,29.627638000070775],[-82.055961000245105,29.631151000004323],[-82.055998999879947,29.636524999795885],[-82.056001000428068,29.63766899993281],[-82.056002000253002,29.639530999792466],[-82.05600899992568,29.641918999997181],[-82.056013999948547,29.643532000333458],[-82.05615100021592,29.64535499976262],[-82.056126000101528,29.648534999680873],[-82.056100999987194,29.652280999678545],[-82.056070999849965,29.656846000036801],[-82.056013999948547,29.657538999853074],[-82.056003000077894,29.657656999728147],[-82.055994999681985,29.657776000236019],[-82.055981000336601,29.657930000225164],[-82.055967999917797,29.658084999966132],[-82.055469000150524,29.6641740002439],[-82.055464000127643,29.664237000306588],[-82.055447000409202,29.664450000003281],[-82.05542599959449,29.664713000025365],[-82.055027000284639,29.669607999887589],[-82.054833000115877,29.67114399985029],[-82.052740999888968,29.688442000126109],[-82.052562999613727,29.689290999676135],[-82.052302000396139,29.690542999786146],[-82.051016999908086,29.702008999672149],[-82.050965999854441,29.702466000064923],[-82.050954999983801,29.702569000079745],[-82.050446999995671,29.707554000240087],[-82.050333000192865,29.70869999992907],[-82.050291000360076,29.709734999758282],[-82.050456000216514,29.709738999993991],[-82.050956999633613,29.709740999721692],[-82.051262999955355,29.709737000266301],[-82.052129000143779,29.709738999993991],[-82.052520999780938,29.709728999794528],[-82.052879999806137,29.709697000241906],[-82.053248999877084,29.709651000233226],[-82.054166999944016,29.709550000191125],[-82.054571000175059,29.709511000348549],[-82.05575600020569,29.709395000207049],[-82.057861999777998,29.709150000046161],[-82.058613000338667,29.709052000282576],[-82.058681999935644,29.709042000014705],[-82.059117000128822,29.708996999967329],[-82.059619000269166,29.708945999889256],[-82.062108000156115,29.708657000257897],[-82.06253300030356,29.70861099977278],[-82.062708000205731,29.708592000193875],[-82.062904999849223,29.708571000080145],[-82.06352400016543,29.708501000189521],[-82.064267000330176,29.708419000166437],[-82.065028000038296,29.70832699973732],[-82.065387999888401,29.708282999637952],[-82.065546000072146,29.708265000265659],[-82.067051999594824,29.708092999945229],[-82.067110000219458,29.708085999612923],[-82.068153999784784,29.70798299979452],[-82.06916899993611,29.707862999918291],[-82.070199000156038,29.707747000213701],[-82.071436000065205,29.707622000240814],[-82.072626000118703,29.707483000144379],[-82.073833999715561,29.707348000186563],[-82.074562999636612,29.707261999667935],[-82.075069999799823,29.707208999710854],[-82.076268000249243,29.707085000128899],[-82.076966000208174,29.706999000165375],[-82.077242000392673,29.706985000128007],[-82.077408999898935,29.706985999629147],[-82.077495999937582,29.706986999910555],[-82.077712999672571,29.706997999884095],[-82.078224000033728,29.707036999922419],[-82.078477999578624,29.707063000199661],[-82.078754999588057,29.707108999833444],[-82.079053000412202,29.707175000356688],[-82.079616999578505,29.707340000304711],[-82.080081999908913,29.707509000306153],[-82.080318999735368,29.707600999924239],[-82.080558000109988,29.707722999881391],[-82.080828000446715,29.707845999963222],[-82.081138999893028,29.707993999658971],[-82.083250000386528,29.70895999965316],[-82.083818999575684,29.709229000255704],[-82.084815000358759,29.709694999733149],[-82.085379000423359,29.709965000178794],[-82.085889999886206,29.710215000377499],[-82.086370000285228,29.710421000011127],[-82.086393999676375,29.710429999894561],[-82.086679000081716,29.710535000035723],[-82.087270999735424,29.71074399974464],[-82.087581000255128,29.710849000337667],[-82.087874999983001,29.71093500012482],[-82.088176000281891,29.711000999693798],[-82.089025999678441,29.71120800029475],[-82.089434000107445,29.711320999967867],[-82.089885000194158,29.71142300002613],[-82.092021999728615,29.711956000198132],[-82.093210000132288,29.712258000332273],[-82.094550999798528,29.712580000172213],[-82.096949000347195,29.713162999745755],[-82.098202000149882,29.713476999630895],[-82.098440999626177,29.713533000048862],[-82.098886999690009,29.713620000092945],[-82.099114000369042,29.713658999899899],[-82.099403000074062,29.713701000335231],[-82.099642000448654,29.713727999881357],[-82.0999479998721,29.713769000073995],[-82.100361000323971,29.713793999954909],[-82.10141300028522,29.713799999675746],[-82.101893999610823,29.713787000020059],[-82.10240300032217,29.713785000373004],[-82.102949999770019,29.713771999935179],[-82.103466000154057,29.713764999998855],[-82.104043999564084,29.713762000137411],[-82.104134999800664,29.713747000048844],[-82.1046589996823,29.713756999848101],[-82.105576999749246,29.71375399998642],[-82.106063999820961,29.713730999743767],[-82.106863999887111,29.713715000216357],[-82.107961999879109,29.713708999710281],[-82.109392000132132,29.713712000353478],[-82.110034000014565,29.713700000120717],[-82.110635999714006,29.71369700025738],[-82.111239000136663,29.713679000295169],[-82.111898999562442,29.713669999922754],[-82.112588000198826,29.713665999843606],[-82.113348000082013,29.713654000385613],[-82.114201999676553,29.713645000010949],[-82.115298999843631,29.713632999770184],[-82.116328000238653,29.713628000254612],[-82.116980999991725,29.713624000173848],[-82.118833999844043,29.713591000086623],[-82.119216000333779,29.713592000302217],[-82.119758999583667,29.713578999839459],[-82.120538999558363,29.713591000086623],[-82.12082700033676,29.713618999877617],[-82.121070000011017,29.713650000305908],[-82.121383000005451,29.7137049996327],[-82.121798000107162,29.713792999741326],[-82.122186000444671,29.713894999628831],[-82.12248099999745,29.71399400033841],[-82.123281999888519,29.714249000132519],[-82.12363199969289,29.714359999868094],[-82.124350999568222,29.714614000087501],[-82.124902000112343,29.714790999617822],[-82.125452999758153,29.714960000341517],[-82.126251000174506,29.715232999709286],[-82.126669999575839,29.715357000151478],[-82.127222999769813,29.715552000341926],[-82.128357999571719,29.715930999812642],[-82.129049999682849,29.716146999762223],[-82.129775000304264,29.716390999825197],[-82.130038999894907,29.716464999643968],[-82.130273000246632,29.71654499974516],[-82.130561000126718,29.71662999992909],[-82.130802999976069,29.716663999982465],[-82.131589999623415,29.716818999667048],[-82.131960000417607,29.716869000244071],[-82.132619999843371,29.716915000066397],[-82.133484000381955,29.716922999965476],[-82.133537999910303,29.716921999783075],[-82.133754999645291,29.716916000248872],[-82.134331000303774,29.716915000066397],[-82.135954999827234,29.716877000146827],[-82.136437999700988,29.716869000244071],[-82.137912000334936,29.716848000301198],[-82.139632000117857,29.716767000257583],[-82.139875999617018,29.716746999697346],[-82.140300999764477,29.716713999856523],[-82.140401000221885,29.716704000351861],[-82.140545000161922,29.716667999942104],[-82.140756999874029,29.716615999674286],[-82.140843000087756,29.716595999864136],[-82.141408999802195,29.716464000237178],[-82.141992000133399,29.716332999844802],[-82.142777999955854,29.716142000371839],[-82.143300000187665,29.71602200010453],[-82.143962999986471,29.715857000380421],[-82.144476999822388,29.715712999789631],[-82.145098999613325,29.715585999980291],[-82.145685000317542,29.715446999986394],[-82.146174999864002,29.715323999853712],[-82.14668799987497,29.715205999787763],[-82.147236000046064,29.715063000024429],[-82.147743000209275,29.714948999679805],[-82.148349000106691,29.714818999854337],[-82.14897400027067,29.714676000319937],[-82.149459999619154,29.714577000282908],[-82.1500460003234,29.714437999672072],[-82.150577999702634,29.714306999756626],[-82.151181999950211,29.714176999879939],[-82.151695999786099,29.714045000192982],[-82.152209999622016,29.713905999625837],[-82.152653000211103,29.713770999721429],[-82.152948999588816,29.713658999899899],[-82.153084000206334,29.713574000321142],[-82.152752999770229,29.712953999610775],[-82.152548999555734,29.712646000220285],[-82.15218700005579,29.712014999817793],[-82.152069000055022,29.71180999978683],[-82.151843000099205,29.711474999863022],[-82.151607999922561,29.711192000365333],[-82.151095999736484,29.710647999686017],[-82.150543000440848,29.710034999829034],[-82.150225000423532,29.70970699966437],[-82.149935999820215,29.709384999973341],[-82.149718000260336,29.709126000049224],[-82.149617999802899,29.708885999764252],[-82.149575000145191,29.708639000172383],[-82.149586999840764,29.708384999661483],[-82.149611999955127,29.708155000303364],[-82.149647999940143,29.707979999760326],[-82.149759000268219,29.707758000104004],[-82.149898000185388,29.707517000174548],[-82.15023399974605,29.707094999811467],[-82.150675999611934,29.70645599968373],[-82.151026000314616,29.706002000373971],[-82.151315999844527,29.705611999970877],[-82.151618999793214,29.705214000342853],[-82.151852000320034,29.704869999879765],[-82.152372000003723,29.704154000018612],[-82.152494000202452,29.703899000335987],[-82.152582999890924,29.70359399986528],[-82.152592000111738,29.703260999698141],[-82.152563999624348,29.703023000083157],[-82.152496999677197,29.702839000177871],[-82.152378999676415,29.702601999887897],[-82.152006000305832,29.702188999781409],[-82.151316999669433,29.701556000102634],[-82.150957999644234,29.701200999768265],[-82.150653999870627,29.700884000264423],[-82.150425000440066,29.700668999817445],[-82.15021700002761,29.700332000266783],[-82.150058000018944,29.699977000288357],[-82.149903000208255,29.699606999975707],[-82.149725999757933,29.699149999840497],[-82.149536999612039,29.698692000383478],[-82.149324999899946,29.698121000045887],[-82.149118000210706,29.697599999611956],[-82.148898999927596,29.697070000078117],[-82.148729999873197,29.696711000302795],[-82.148614000420537,29.696383000321255],[-82.148523000183957,29.696049000048546],[-82.148493000046727,29.695788000062489],[-82.148492000221822,29.695590000105074],[-82.14867299997178,29.694599999927501],[-82.148745999766703,29.694150999797841],[-82.14884500039922,29.693761999834333],[-82.148897000277785,29.693420999638576],[-82.149191999830549,29.691843000371865],[-82.149314999854198,29.691247000102113],[-82.149411000113673,29.690693000111793],[-82.149608999582071,29.689710999793682],[-82.149683999925131,29.689270999886901],[-82.149693999970893,29.689214000309654],[-82.149746999674335,29.688940999668024],[-82.149879999743717,29.688330999839522],[-82.149954000261886,29.688107000301027],[-82.150089999806013,29.687916000213086],[-82.150193999563072,29.687757999763825],[-82.150371999838327,29.687553999863511],[-82.150601000167171,29.687343000112453],[-82.15113300044473,29.686905999866433],[-82.151428999822429,29.68664800021493],[-82.151452000286966,29.686627999899709],[-82.15185800016782,29.686277000275052],[-82.152105999864943,29.68607200000066],[-82.152303000406746,29.685896000295593],[-82.152498000400414,29.685737000079794],[-82.152658000233984,29.685593000006033],[-82.152783999732364,29.68542899995246],[-82.152900000083335,29.685252999901881],[-82.153008000038355,29.685008999889579],[-82.153059000091986,29.684790000141721],[-82.153068000312828,29.684565999734943],[-82.153034999802529,29.684285000358315],[-82.152816000417744,29.683287000169429],[-82.152696999693731,29.682826000201523],[-82.152669000104652,29.682693999895871],[-82.152483000331799,29.681832999892897],[-82.152413000011606,29.681552999654318],[-82.152312999554184,29.681096999893256],[-82.152279999942209,29.680901000168159],[-82.152270999721381,29.680685000124075],[-82.152295999835729,29.680460999935015],[-82.152337999668532,29.680273000227317],[-82.152428999905126,29.680051000219454],[-82.15252199979156,29.679867000389777],[-82.152663000256879,29.679650999684963],[-82.15303999982541,29.679218000227547],[-82.153367000063554,29.678865999921637],[-82.153919000432609,29.678254000251584],[-82.154158999733809,29.677972999620582],[-82.154361000298465,29.677721999781635],[-82.154491999819726,29.677535000209531],[-82.154589999729026,29.677307999856662],[-82.154654000201447,29.677099999846678],[-82.154661999699044,29.676818999892856],[-82.154625999714028,29.676517999948814],[-82.154522999781875,29.676151999904889],[-82.154456999659629,29.675939000014552],[-82.154357000100518,29.675615000173632],[-82.154318999567366,29.675494000066479],[-82.154296999826073,29.675422999948708],[-82.154157000083984,29.675013999800061],[-82.15398700020468,29.674412999736834],[-82.153803000081638,29.673801000279674],[-82.153644999897921,29.673252999936363],[-82.153463000323029,29.672668000098419],[-82.152953999611682,29.67095599989312],[-82.152669000104652,29.670016000299746],[-82.152295000010838,29.668701000196904],[-82.152094999994276,29.668063999996225],[-82.151663000174153,29.666645000186943],[-82.151623999816096,29.666523000311201],[-82.151484999898912,29.66609500006318],[-82.151311999646552,29.66548599968608],[-82.151048000055908,29.664492999858012],[-82.15089700044318,29.664051999712978],[-82.150736999711299,29.663538000189263],[-82.150572999679767,29.662969999790224],[-82.150463999899827,29.662573999775045],[-82.150304000066257,29.662131999856868],[-82.150128000339166,29.661848000382321],[-82.149856000352585,29.661492000348446],[-82.149582999642803,29.661275000030013],[-82.149282000242238,29.661053000234268],[-82.149191000005629,29.660973999619195],[-82.148616000070362,29.66047400025553],[-82.148315999596392,29.660226000354939],[-82.147836000095694,29.659602999963482],[-82.147616999812584,29.65926000025901],[-82.147537000344954,29.658908000352525],[-82.147486000291323,29.658591000167998],[-82.147450000306307,29.65612899996842],[-82.147570999781834,29.656103999792208],[-82.148315999596392,29.655976000353988],[-82.150213999654568,29.655601999623233],[-82.150812000054373,29.655467000232893],[-82.151745000189919,29.655313999611941],[-82.15195100005424,29.655269999721902],[-82.152443999973755,29.655165999621584],[-82.153310000162151,29.654961999953326],[-82.154615999668295,29.654731000093744],[-82.155332999893773,29.654574999848069],[-82.155722000056215,29.654502999773168],[-82.155783000155594,29.654386000127161],[-82.156079000431589,29.654353000102375],[-82.156126000287244,29.654229000101552],[-82.156067999662625,29.653494000309287],[-82.156036999700476,29.652989000277763],[-82.157314999617526,29.651490999934115],[-82.158196999699456,29.649874999660788],[-82.160006999894065,29.647939999651282],[-82.161223999711751,29.645793000325085],[-82.163597000146069,29.64405799972991],[-82.164571000289499,29.642640000359638],[-82.165087999600118,29.641353999834433],[-82.165513999572482,29.64057300011169],[-82.16553700003702,29.640362000172903],[-82.165656999687613,29.640220999652808],[-82.165819999894239,29.640029999973493],[-82.166508999632313,29.639090999743757],[-82.166871999855474,29.638129999947367],[-82.166995999704042,29.637288000094504]]]},"properties":{"MTFCC":"G5020","OID":"2079015500882249","GEOID":"12001002002","STATE":"12","COUNTY":"001","TRACT":"002002","BASENAME":"20.02","NAME":"Census Tract 20.02","LSADC":"CT","FUNCSTAT":"S","AREALAND":176430836,"AREAWATER":24711709,"CENTLAT":"+29.6164606","CENTLON":"-082.1018948","INTPTLAT":"+29.6177351","INTPTLON":"-082.1051217","OBJECTID":62018}},{"type":"Feature","id":62019,"geometry":{"type":"Polygon","coordinates":[[[-82.395774999846026,29.631244000255816],[-82.39512799994074,29.630323999633699],[-82.391714000314153,29.62547399988086],[-82.391634999773132,29.625360999767189],[-82.390007999876602,29.623049999856022],[-82.389037000106214,29.621673999722216],[-82.3886630000124,29.621156000269107],[-82.386480000447207,29.618047000353553],[-82.386230000201962,29.617689999670102],[-82.386036000033187,29.617413000173851],[-82.385281000172881,29.617818000141533],[-82.384107999837809,29.618426000355917],[-82.383505000313463,29.61874000013761],[-82.380203999766451,29.620550000064959],[-82.379685999732601,29.620835000046558],[-82.379243999866731,29.621094000150098],[-82.378590000288725,29.621522999990756],[-82.377885999583725,29.622019999670659],[-82.377308000173713,29.622490999749477],[-82.377045000408003,29.622706999775509],[-82.376573000404903,29.623170999769787],[-82.376196999762939,29.623520999805788],[-82.375348000191266,29.624497000119788],[-82.375164000068267,29.62470599985971],[-82.374495000421661,29.625370000236966],[-82.373849000341295,29.62594399990618],[-82.373544999669377,29.626222999987355],[-82.373255000139451,29.626477000352178],[-82.372860000129236,29.626771999830741],[-82.372600999663163,29.626939000351818],[-82.372629999975473,29.627617000226945],[-82.372665999960489,29.628372000153405],[-82.372655000089836,29.628500000330803],[-82.372650000066955,29.628592999906299],[-82.372634999998354,29.628868999627159],[-82.372624999952592,29.630284000027167],[-82.372614000081953,29.630784999692032],[-82.372629999975473,29.632330000211969],[-82.372593999990457,29.633528000388747],[-82.372599000013338,29.634220999889468],[-82.372568000051189,29.635121999863426],[-82.372599000013338,29.637654000200005],[-82.372568000051189,29.638749999984217],[-82.372563000028336,29.639300999829416],[-82.37252799986824,29.641256000337577],[-82.372516999997572,29.641872000052032],[-82.372532000066187,29.642216999969481],[-82.372532999891092,29.644940000013374],[-82.372532000066187,29.644990999777477],[-82.372522000020439,29.645036000374596],[-82.373293999599184,29.645037999828133],[-82.374144999718993,29.645040000062359],[-82.374442999644828,29.645041000179457],[-82.374554999797809,29.645042000296556],[-82.3758210000193,29.645053000022397],[-82.375722000285094,29.64465099982089],[-82.374600000003667,29.643849999673659],[-82.374026999718211,29.643444999735042],[-82.374026999718211,29.643044999632753],[-82.374641000011536,29.642750000188414],[-82.376527000374139,29.641844999940719],[-82.376666000291294,29.641790000327767],[-82.380334000361103,29.640401000298496],[-82.380787000097641,29.640616000019051],[-82.383470999978258,29.641890000382475],[-82.384532000160334,29.642777000057048],[-82.385184999913406,29.642694000148651],[-82.385817999574982,29.64264500028349],[-82.389247999993415,29.641202999932585],[-82.389833999799336,29.640957999863335],[-82.391417000213224,29.640071999946354],[-82.391565000351221,29.639629000187483],[-82.391950000315703,29.638481999907778],[-82.392022000285721,29.638270000087825],[-82.392093000430833,29.638056999635143],[-82.392134000438716,29.637980000082759],[-82.392176000271505,29.637903999878688],[-82.392702999627886,29.63692399983502],[-82.394874000395831,29.632899999877871],[-82.395774999846026,29.631244000255816]]]},"properties":{"MTFCC":"G5020","OID":"2079015500882253","GEOID":"12001001522","STATE":"12","COUNTY":"001","TRACT":"001522","BASENAME":"15.22","NAME":"Census Tract 15.22","LSADC":"CT","FUNCSTAT":"S","AREALAND":4466869,"AREAWATER":12648,"CENTLAT":"+29.6316237","CENTLON":"-082.3829735","INTPTLAT":"+29.6316915","INTPTLON":"-082.3830213","OBJECTID":62019}},{"type":"Feature","id":62170,"geometry":{"type":"Polygon","coordinates":[[[-82.388859999655892,29.7047609996233],[-82.388888000143311,29.703258999841413],[-82.388606000110983,29.703268000366801],[-82.388110999643359,29.703246000381675],[-82.387243999630059,29.703238999711502],[-82.386827999703442,29.703258000303187],[-82.386800999939268,29.703260000159943],[-82.386070000368377,29.703329999802396],[-82.385372000409475,29.703373999730992],[-82.381896999785198,29.703364999995415],[-82.381081999650405,29.70336399967799],[-82.380602000149707,29.70335499994151],[-82.380470999730136,29.703353000086686],[-82.380219999659971,29.70335499994151],[-82.379283000224774,29.703363000140808],[-82.378410000363672,29.703366000312876],[-82.377642000084563,29.703368000167483],[-82.376202999610712,29.703366000312876],[-82.375763000292977,29.70335600025906],[-82.375679999553995,29.70335499994151],[-82.373611999616529,29.70336399967799],[-82.372813000273581,29.703368000167483],[-82.372609999883977,29.703361999823308],[-82.372412000415579,29.70335600025906],[-82.372251999683698,29.70335499994151],[-82.371822000411697,29.703353999623996],[-82.371609999801279,29.703361999823308],[-82.369602000138258,29.703344000349226],[-82.369110000043676,29.703348000059211],[-82.368796000224322,29.703351000231802],[-82.368427000153375,29.703348000059211],[-82.36797299969362,29.7033449998866],[-82.367487000345136,29.70334199971391],[-82.367191999894033,29.703349999914188],[-82.366967999588056,29.70335600025906],[-82.365869999596057,29.703349999914188],[-82.365498999875285,29.703348000059211],[-82.364696000334391,29.703324999773812],[-82.364109999630145,29.703324999773812],[-82.363764000023735,29.703331000120137],[-82.362933999820342,29.703695999969689],[-82.36264599994027,29.70382900030981],[-82.362358999885075,29.703949000324787],[-82.361958000027087,29.704119999630155],[-82.361649000230614,29.704283000079627],[-82.361017000393929,29.704558000219095],[-82.360680999934957,29.704711000038749],[-82.360246999566684,29.704890999987224],[-82.359822000317564,29.705076000334941],[-82.359090999848362,29.705402999723788],[-82.358818999861796,29.705521000387144],[-82.357479000020462,29.706112999863741],[-82.357196999988176,29.706244000326773],[-82.356872000298154,29.706414000118993],[-82.35659399956549,29.70656499966098],[-82.356319000104179,29.706753000116937],[-82.356198999555275,29.70684599993011],[-82.356054999615225,29.706955999765817],[-82.355833999682289,29.707135000092038],[-82.355539999954416,29.707402000347486],[-82.355358000379553,29.707616999645673],[-82.355250000424519,29.707750999748352],[-82.355118000180042,29.707913999766159],[-82.354929999859053,29.708137000127792],[-82.354862000086996,29.70824700010979],[-82.354771999675307,29.708388999950969],[-82.354722000344907,29.708439000045018],[-82.354548000267627,29.708776999965544],[-82.354396999756588,29.709109999787984],[-82.354272999908019,29.709444000323526],[-82.354178000371789,29.709795999629407],[-82.354083999762139,29.710193000353826],[-82.353984000203027,29.710545999620603],[-82.353896000339475,29.710933999882766],[-82.353776999615491,29.711374000095223],[-82.353718000064248,29.711649000321646],[-82.3537080000185,29.711702000275853],[-82.353686000277193,29.711902000145528],[-82.354425000243992,29.712473000155839],[-82.355294999732038,29.713179000141288],[-82.357257000262621,29.714791999821468],[-82.357596000196338,29.715123000359096],[-82.358140999994376,29.715596000376575],[-82.36032799975753,29.717490000357653],[-82.365279999592161,29.721729000031857],[-82.367540000048578,29.72371999999244],[-82.372219000071738,29.727728999665022],[-82.373765999602298,29.729042000231097],[-82.375657999812688,29.730624000209009],[-82.376221999877288,29.731114999677278],[-82.377481000426087,29.732234000261275],[-82.378063000034032,29.732821999679153],[-82.378914999978747,29.733722000025143],[-82.379613999762569,29.734505000107372],[-82.381090999871248,29.736136000086162],[-82.381311999804197,29.736379999909119],[-82.381630999646418,29.736723000047228],[-82.382270999879012,29.73742099966239],[-82.383616999568119,29.738915000260924],[-82.384009999928523,29.739344999892332],[-82.384257999625646,29.739310999723731],[-82.384316000250266,29.739304000008769],[-82.386021999789492,29.739304999968098],[-82.386656999999218,29.739303000049439],[-82.388375999957233,29.739304000008769],[-82.388405000269543,29.739304000008769],[-82.388775999990301,29.739306999886661],[-82.388790000234025,29.736237999886139],[-82.388796000081797,29.735068000218693],[-82.388802999754489,29.733396000076741],[-82.388807999777356,29.732201000052527],[-82.388810000325506,29.731984000300351],[-82.388798999556528,29.730790999926064],[-82.388780000188262,29.728724999699494],[-82.388779000363371,29.728578000210611],[-82.388767999594393,29.727282000380317],[-82.388760999921701,29.726539999747366],[-82.388728000309726,29.722880000017554],[-82.388592999692207,29.722179000258578],[-82.38844600027744,29.721795000305811],[-82.388179000313741,29.721286999679165],[-82.386360999723209,29.718783999933446],[-82.385937000298995,29.7180839998225],[-82.38577800029033,29.717712999734868],[-82.385690000426791,29.717416999911631],[-82.385632999627063,29.717222000223316],[-82.385554999809258,29.716780999711144],[-82.38552899986999,29.716316999951886],[-82.385613000433892,29.715504999698503],[-82.385765999696446,29.714965999992675],[-82.385979000131783,29.714475999734702],[-82.386374000141998,29.713865999701959],[-82.386657999824138,29.713486000020612],[-82.387187999553547,29.712760000059191],[-82.387626999944686,29.712173999797109],[-82.388340999797137,29.711185000249074],[-82.388489999760054,29.71086999997495],[-82.388687000301857,29.710403000241758],[-82.388803999579409,29.709888999745342],[-82.388848999785253,29.709596000246087],[-82.388868999876735,29.708513000263419],[-82.388885999595161,29.707622000240814],[-82.388858000006067,29.705193000303002],[-82.388859999655892,29.7047609996233]]]},"properties":{"MTFCC":"G5020","OID":"20790267578355","GEOID":"12001001803","STATE":"12","COUNTY":"001","TRACT":"001803","BASENAME":"18.03","NAME":"Census Tract 18.03","LSADC":"CT","FUNCSTAT":"S","AREALAND":8326486,"AREAWATER":32055,"CENTLAT":"+29.7171272","CENTLON":"-082.3752172","INTPTLAT":"+29.7145073","INTPTLON":"-082.3785995","OBJECTID":62170}},{"type":"Feature","id":62323,"geometry":{"type":"Polygon","coordinates":[[[-82.473031999844096,29.569837000220804],[-82.473047999737602,29.567819999842165],[-82.469414999827904,29.57043299967776],[-82.468357999843803,29.571199999663616],[-82.465124000142268,29.573568999783934],[-82.462143999985628,29.575735999917942],[-82.458035999699774,29.578710999671408],[-82.456546000070631,29.579810999699749],[-82.456146999862455,29.580101999864151],[-82.455372999735559,29.580628999841391],[-82.454904000105486,29.580973000067832],[-82.454426000254614,29.581307000219731],[-82.453938000357979,29.581630999615069],[-82.453442000065422,29.581944999912533],[-82.452936999552051,29.582247999683993],[-82.452657000067873,29.582407000081925],[-82.452424000439379,29.582539999809697],[-82.452196999760332,29.582663999768116],[-82.451155999669751,29.583198000078333],[-82.450280000333919,29.58365700014544],[-82.448988999998079,29.584332999836825],[-82.447372999972231,29.585210999753379],[-82.444501999595531,29.586722000199682],[-82.443582999703693,29.587214999928474],[-82.443285999602779,29.587374000312931],[-82.442970999958504,29.587534000353614],[-82.442519000046872,29.587764999627844],[-82.439726000386301,29.589237999616813],[-82.439514999600803,29.589353000159335],[-82.438955999559056,29.58965700022873],[-82.439051999818531,29.589861000131805],[-82.43911200009299,29.58998899999823],[-82.439223000421066,29.590303000069138],[-82.439276000124522,29.591032999900339],[-82.439259000406068,29.592700000106262],[-82.439153000100859,29.594087000280428],[-82.439149999727832,29.594137000167144],[-82.439122999963644,29.596091999743454],[-82.439086999978628,29.597774000136958],[-82.439085000328816,29.598782000278472],[-82.439081999955761,29.600570000239678],[-82.439055000191573,29.601123999643161],[-82.439040000122958,29.601429999709342],[-82.439029000252319,29.601654999808893],[-82.438907000053575,29.602114000267576],[-82.438870000243654,29.6022669996959],[-82.438839000281504,29.602479000286412],[-82.438793000250769,29.602666000267902],[-82.438698999641119,29.602972000341754],[-82.438567000294952,29.603428000245167],[-82.438435999875381,29.603904999751407],[-82.438240000056808,29.604642000065571],[-82.438142000147508,29.605011999755579],[-82.438087999720835,29.605201999702071],[-82.437927000062359,29.605565000022708],[-82.437754999634905,29.605873000122024],[-82.437537000075011,29.606211000304665],[-82.437317999791887,29.606571999900154],[-82.437147000087677,29.606857000353134],[-82.436957000116877,29.607239000168253],[-82.436877999575842,29.607511999889507],[-82.436840999765906,29.607767999963581],[-82.436822000397669,29.607895999756906],[-82.436815999651571,29.608024000168712],[-82.436803999955998,29.608252000280157],[-82.436849999986748,29.608598999922634],[-82.437009999820333,29.609101999789221],[-82.437213000209908,29.609503000029424],[-82.437638000357367,29.610057000341399],[-82.43816800008679,29.610760999954554],[-82.438356000407751,29.611010999983364],[-82.43846600001261,29.611168999894261],[-82.438563000096991,29.611335000047927],[-82.438646999762582,29.611503999716607],[-82.438713999709734,29.61167400033138],[-82.438772000334353,29.611859999995652],[-82.438820000014942,29.612074000049844],[-82.438849000327252,29.612169000052354],[-82.438869000418748,29.612280000015915],[-82.438871000068573,29.612480999702125],[-82.438862999672651,29.613922999640884],[-82.438877999741237,29.614097000216677],[-82.438907000053575,29.614268999646843],[-82.438948999886364,29.614439000284531],[-82.439121000313833,29.614948999696438],[-82.439200999781448,29.615203000364204],[-82.43926699990368,29.615392000218289],[-82.439311000284619,29.615641000067622],[-82.439327000178139,29.615789000360923],[-82.43932999965287,29.615981000333171],[-82.439326000353233,29.616017000092011],[-82.43931299993443,29.616131999777856],[-82.439271000101641,29.616303000018778],[-82.439232999568489,29.616404999627058],[-82.439088999628453,29.616664000182173],[-82.439067999712066,29.616701000095542],[-82.438354999684535,29.617615999774895],[-82.43750399956474,29.618654000369297],[-82.437084000338501,29.619180000055955],[-82.437009999820333,29.619272999643666],[-82.436915000284088,29.619392999816245],[-82.436582000198158,29.619812999685369],[-82.436166000271541,29.620360000150022],[-82.436110000195058,29.620440999779412],[-82.436045999722623,29.620561000123054],[-82.435998999866968,29.620687999712782],[-82.435972000102794,29.620805999827738],[-82.435955000384354,29.620958000208898],[-82.435956000209259,29.621211999789598],[-82.435960000407221,29.621977999979542],[-82.435935000292858,29.623287000215385],[-82.435937999767603,29.62458099972735],[-82.435932999744722,29.625581000348546],[-82.43594100014063,29.626086999940764],[-82.435937999767603,29.626260999818314],[-82.435979999600406,29.626498999953984],[-82.436020999608274,29.626609000233596],[-82.436111000019949,29.626847999845037],[-82.436407000295958,29.627160000124761],[-82.437049000178391,29.627649000135982],[-82.437106999904714,29.62769399989314],[-82.437674000342355,29.628111999731477],[-82.438824000212904,29.628939000301838],[-82.438918999749134,29.629035999795498],[-82.439086000153708,29.629334999901015],[-82.439172000367435,29.629587999957852],[-82.439183000238089,29.629821000262961],[-82.439195999758567,29.630466000216988],[-82.439878999648869,29.630478000235101],[-82.440195999841279,29.630552000055005],[-82.442151999625764,29.630568000325443],[-82.443598999597214,29.63057100032707],[-82.445565000325743,29.630588000074347],[-82.446726999891837,29.630586999813691],[-82.448387000298624,29.630600000077905],[-82.44916499972517,29.630601999818126],[-82.44987500027797,29.630597000077156],[-82.452315999586034,29.630616999820283],[-82.453955999901325,29.630619999820436],[-82.456752999759857,29.630634000340589],[-82.458372000158761,29.63064300033934],[-82.460153999865966,29.630670999809634],[-82.4632689997418,29.630694000316844],[-82.4652399995949,29.63071599977863],[-82.46575900035198,29.630721999772966],[-82.466689999939405,29.630732000023087],[-82.466796000244614,29.630736000278983],[-82.4684850000654,29.630750000002152],[-82.47042499995635,29.630773999969321],[-82.471841999790584,29.6307799999602],[-82.472606999696637,29.630793999677312],[-82.472606999696637,29.630225000070979],[-82.472608000419868,29.629560999676521],[-82.472621999765252,29.627777999958823],[-82.472625999963213,29.62739899999081],[-82.472642999681653,29.626124999822991],[-82.472641000031828,29.624995000284169],[-82.472652999727401,29.623560999754805],[-82.472666999971096,29.621929999753267],[-82.472668999620936,29.621740999665064],[-82.472675000367019,29.621130999998964],[-82.472685000412767,29.619268000121441],[-82.472703999781032,29.617724000384666],[-82.472716000374902,29.61625700023826],[-82.47272600042065,29.612646000380618],[-82.472764999880383,29.608774000011834],[-82.472790999819665,29.604505999796121],[-82.472815000109094,29.60180700016835],[-82.472824000329936,29.601644999797788],[-82.472846999896149,29.597726999907813],[-82.472872999835431,29.594616000325548],[-82.472876000208473,29.594271999737451],[-82.472888999728951,29.591609000313138],[-82.472888999728951,29.590282000259087],[-82.472904999622472,29.588340000049648],[-82.47292600043717,29.586991000342355],[-82.4729139998433,29.585816999868658],[-82.472949000003396,29.582539999809697],[-82.472952000376452,29.581640000082515],[-82.472973000292853,29.579809999716542],[-82.472979999965546,29.578788999963145],[-82.472994000209241,29.574613000004721],[-82.473016999775467,29.572869000202793],[-82.473019000323603,29.572722000267987],[-82.473015000125642,29.572046000167223],[-82.473031999844096,29.569837000220804]]]},"properties":{"MTFCC":"G5020","OID":"2079015500882264","GEOID":"12001002222","STATE":"12","COUNTY":"001","TRACT":"002222","BASENAME":"22.22","NAME":"Census Tract 22.22","LSADC":"CT","FUNCSTAT":"S","AREALAND":18937726,"AREAWATER":1319,"CENTLAT":"+29.6049759","CENTLON":"-082.4567246","INTPTLAT":"+29.5974801","INTPTLON":"-082.4503371","OBJECTID":62323}},{"type":"Feature","id":62324,"geometry":{"type":"Polygon","coordinates":[[[-82.257750999821326,29.625347000075966],[-82.257707000338698,29.625292000043178],[-82.257650000437295,29.624995000284169],[-82.257426999956223,29.624845000380802],[-82.257155999794591,29.624739999768941],[-82.256790999921591,29.624546999764451],[-82.256576999661362,29.624359999763584],[-82.256519999759945,29.624272000240207],[-82.256123999924824,29.623353000315056],[-82.255973000312096,29.623028999836844],[-82.255640000226151,29.622451000156634],[-82.255502000133887,29.622253000298212],[-82.255501000308996,29.622192999980289],[-82.255456999928043,29.622116000014614],[-82.255395000003759,29.621934000358667],[-82.255225000124454,29.621504999924937],[-82.2549609996355,29.621065000005753],[-82.254784000083475,29.620855999742083],[-82.254275000270468,29.620365999980166],[-82.254136000353284,29.620278000092522],[-82.25388500028312,29.62015699982863],[-82.253701999985012,29.620040999684527],[-82.253487999724783,29.619836999915048],[-82.253349999632519,29.619655999636084],[-82.253229999981912,29.619468999929712],[-82.252877999629419,29.618974000134514],[-82.252746000283253,29.6188640001102],[-82.252625999734335,29.61878600034678],[-82.252330000356636,29.618736999783639],[-82.252122999769071,29.618829999780218],[-82.252028000232841,29.61892900038756],[-82.251952000064861,29.619116000314957],[-82.25191500025494,29.619149000174303],[-82.251851999607439,29.618972999758569],[-82.251763999743886,29.618841000026016],[-82.251511999848816,29.618654000369297],[-82.251454999947413,29.618582000379689],[-82.251454999947413,29.618489000154327],[-82.251556000229741,29.618444999791048],[-82.252135000362969,29.618407000136305],[-82.252274000280153,29.618385000329674],[-82.252337000029343,29.618352000220156],[-82.252348999724887,29.618285999968847],[-82.252323999610553,29.618258000180461],[-82.252323999610553,29.618197999826801],[-82.252481999794284,29.618164999656116],[-82.253111000156238,29.618083000155433],[-82.25338200031787,29.618077000189377],[-82.253439000219274,29.61804999994709],[-82.253489000447985,29.617966999966914],[-82.253496000120691,29.617852000031952],[-82.253450999914861,29.617834999697699],[-82.253173999905428,29.617818999747989],[-82.252860000086059,29.617824000123008],[-82.252670999940165,29.617850999644862],[-82.252249000165776,29.617988999864842],[-82.252060000019895,29.618016000123401],[-82.25194700004198,29.617994000231427],[-82.251796000429252,29.618004999787566],[-82.251582000169009,29.61806500025612],[-82.251525000267605,29.618026999677149],[-82.251519000419805,29.617994000231427],[-82.251625999651623,29.617911000205119],[-82.251834000064079,29.617790000223128],[-82.251839999911851,29.617740999956695],[-82.251707999667389,29.617641999744286],[-82.251192000181661,29.617218000187457],[-82.250977999921417,29.616980999612061],[-82.250921000020014,29.616854999652578],[-82.250870999791303,29.616793999627962],[-82.250839000004248,29.616733999964673],[-82.250739000445137,29.616617999785401],[-82.250613000048432,29.616397999940506],[-82.250412000206993,29.616133999805179],[-82.250160000311908,29.615946999811566],[-82.250002999953082,29.615781999850633],[-82.24986900005878,29.615664000101045],[-82.249824999677855,29.615636999993324],[-82.249535999972849,29.615411000225297],[-82.249188999643209,29.615097999858282],[-82.248975000281277,29.614768000010624],[-82.248936999748125,29.614686000089176],[-82.248873999998935,29.61452099962597],[-82.248860999580145,29.614426999918145],[-82.24882999961801,29.614405000023755],[-82.248817000097532,29.614333999763737],[-82.248786000135397,29.61424600007604],[-82.248754000348342,29.614108000198097],[-82.248741999754458,29.614036999728889],[-82.24868800022611,29.614040999866685],[-82.248664999761573,29.613719999630831],[-82.248658000088867,29.613091999831088],[-82.248551999783672,29.612585999810157],[-82.248564000377556,29.611997999827132],[-82.248519000171697,29.611538999843638],[-82.248484999836506,29.611482999634607],[-82.248299999888602,29.611171999692434],[-82.248072000282946,29.611125999913362],[-82.247989000442288,29.611109000006653],[-82.24706399980434,29.610929999804526],[-82.246094999683763,29.610727000015231],[-82.243143000014555,29.610122000050165],[-82.241968999854549,29.609875999681954],[-82.241302999682702,29.609735999915525],[-82.240445999715135,29.609560999934057],[-82.23907200043692,29.609271000077104],[-82.237344000258076,29.608917999893119],[-82.235748000323696,29.608596999745814],[-82.235052000014619,29.608446999647793],[-82.233435999988757,29.608108000228682],[-82.232452999624499,29.60791499961476],[-82.230870000108908,29.607594999887098],[-82.230577000205955,29.607530999819712],[-82.229670000009662,29.607344999978984],[-82.228643999987696,29.607125000203169],[-82.227300999773306,29.606860000279664],[-82.226109999894902,29.606607000177281],[-82.223458999626232,29.606076000312147],[-82.222454000418992,29.605853999879454],[-82.220559999660452,29.605461000141872],[-82.21705700034542,29.604746000010106],[-82.214708000200545,29.604261000306522],[-82.213579000246426,29.604041999793473],[-82.212489999576945,29.603818000078494],[-82.211549999768692,29.603620000327563],[-82.209527999861962,29.603204999698704],[-82.208413000151538,29.602961999680161],[-82.206413999811048,29.602564000036985],[-82.205606000247272,29.60239299992373],[-82.203652999937518,29.602003000047006],[-82.202965000024349,29.601860000208955],[-82.198387000283518,29.600929000173405],[-82.197604999760699,29.600762000295742],[-82.195932999658353,29.6004199999172],[-82.194578999573324,29.600152999994005],[-82.192355000000248,29.599697999909218],[-82.192180000098062,29.599650000008964],[-82.19184299981417,29.599591000083866],[-82.188951000419408,29.598992000016384],[-82.18895700026718,29.597910000111597],[-82.188948000046352,29.595995999612363],[-82.188943000023485,29.592787999850358],[-82.188934999627563,29.591688999741539],[-82.188932999977723,29.591375999946845],[-82.188929999604696,29.590999000340087],[-82.188931000327912,29.589220000036271],[-82.188928999779762,29.588948999800969],[-82.188896000167816,29.584390000216274],[-82.18889500034291,29.584244999749661],[-82.18889399961968,29.584201000067935],[-82.188906000213549,29.583237999619183],[-82.188896999992735,29.583217999850763],[-82.188883999573932,29.5806689996191],[-82.188850999961957,29.574005999771845],[-82.188836999718262,29.571225999878852],[-82.188876000076334,29.571209000279801],[-82.188794000060568,29.569813999894691],[-82.188794999885474,29.569770000173325],[-82.18880099973326,29.567021999691967],[-82.188806999581033,29.566137000141023],[-82.188806999581033,29.565208999848892],[-82.188833000418612,29.564320999628745],[-82.188824000197783,29.563221999765297],[-82.188785999664645,29.561114999845298],[-82.188790999687512,29.559374000350736],[-82.188801999558166,29.557678999708255],[-82.188798000258515,29.556990000127843],[-82.188813000327144,29.556965999792379],[-82.188764999748244,29.555106000212746],[-82.188784000014806,29.554219999958029],[-82.188780999641764,29.553175999924004],[-82.188765999573164,29.552194999823985],[-82.188773999969072,29.549384999846779],[-82.188767000296394,29.548595000202447],[-82.188765999573164,29.548525000035049],[-82.188793000235648,29.547503999719382],[-82.188779999816845,29.546576000201359],[-82.188775999618898,29.54477500002853],[-82.188764999748244,29.544504999629449],[-82.188774999793992,29.543971999815898],[-82.188773000144181,29.543144999766419],[-82.188778999991953,29.542374000279462],[-82.188780999641764,29.540076000324532],[-82.188772000319261,29.539177999675584],[-82.188757000250632,29.538770000225277],[-82.188784999839726,29.538365000309295],[-82.188782000364995,29.537483000280336],[-82.188787000387862,29.536386999731047],[-82.188774999793992,29.535571999747379],[-82.188772000319261,29.534943999820111],[-82.188774999793992,29.533929000181505],[-82.188770999596031,29.531693999840094],[-82.188782000364995,29.531162000175399],[-82.188778000167034,29.530660999773584],[-82.188785999664645,29.530124000116334],[-82.188783000189915,29.529643999961426],[-82.188774999793992,29.529315999939403],[-82.18875499970251,29.529018000150611],[-82.188718999717494,29.528597000235344],[-82.188639000249879,29.52832099979485],[-82.188405999723059,29.527748999973348],[-82.188162000223898,29.527424999721756],[-82.187953999811427,29.527191000067166],[-82.187739999551184,29.526962999782853],[-82.187453000394314,29.526705000137216],[-82.182252999964248,29.522165000111301],[-82.181252000056631,29.521272000358053],[-82.180939999887102,29.521000999956932],[-82.178973000231977,29.519293000265662],[-82.178097999822739,29.518544999784773],[-82.177790999676077,29.518273999897257],[-82.177024999945104,29.517597000038965],[-82.175870000051702,29.516576999963025],[-82.175295999941341,29.516076999864922],[-82.173378999616602,29.514406999660348],[-82.172930999902931,29.514017000048398],[-82.172663999939246,29.513761999790297],[-82.17240899967112,29.513460000097606],[-82.172242999989763,29.513198000193334],[-82.172179000415682,29.513059999780118],[-82.172124999989009,29.512944000080246],[-82.172118000316303,29.512914000271053],[-82.172038999775253,29.512727999691926],[-82.17196699980525,29.512498999782963],[-82.171943000414103,29.512422999654309],[-82.171894999835217,29.512174000077636],[-82.171892000360501,29.512143000169075],[-82.171867000246138,29.51191299984497],[-82.171861000398351,29.511647000341142],[-82.171863000048162,29.511450000340361],[-82.171866000421218,29.511132000343697],[-82.171871000444099,29.50923500017306],[-82.171878999941711,29.508888999839691],[-82.171880999591522,29.508711999609584],[-82.171883000139673,29.508460999689099],[-82.171878999941711,29.508068000105293],[-82.171883000139673,29.507705000357792],[-82.171873000093925,29.507371999987466],[-82.171878000116791,29.507106000278174],[-82.171882000314753,29.506936000297756],[-82.171880999591522,29.505996999875723],[-82.171885999614389,29.50578000036607],[-82.171892000360501,29.505545999912478],[-82.171883999964564,29.50521400019856],[-82.171879999766603,29.505052999639211],[-82.171893000185406,29.504154000089446],[-82.171880999591522,29.503307999747221],[-82.171879999766603,29.503247999881481],[-82.171880999591522,29.503146000106288],[-82.171884999789484,29.502339000263383],[-82.171894000010312,29.501960999947524],[-82.171890999637256,29.501536000147262],[-82.171914000101808,29.501497000298819],[-82.171898000208273,29.501194000002556],[-82.171897000383353,29.500240999655365],[-82.171897000383353,29.499922999634297],[-82.171892000360501,29.499605000178367],[-82.171878999941711,29.499374000301568],[-82.17187499974375,29.49850099974531],[-82.171751999720101,29.497561000055097],[-82.171657000183856,29.496729999715168],[-82.171636000267469,29.496552000097378],[-82.171554000251703,29.495835999933433],[-82.171304999831335,29.494099000336245],[-82.171264999648372,29.493745000247227],[-82.171191999853434,29.493252000383517],[-82.170908999996215,29.490868999915484],[-82.170888000079827,29.490720000218982],[-82.170878999858985,29.490705999842643],[-82.170840000399252,29.490454999860415],[-82.170825000330638,29.490354999884342],[-82.170810000262009,29.490261000332875],[-82.17077299955379,29.489852999904596],[-82.170713000177656,29.489448999778055],[-82.170652000078277,29.488880999623881],[-82.170538000275471,29.488372000201288],[-82.170507000313322,29.488126999778068],[-82.17034599975652,29.487863999896351],[-82.170299999725771,29.487721999694259],[-82.170174000227377,29.487549999788701],[-82.169980000058629,29.487379999822416],[-82.169791999737654,29.487155000141453],[-82.169635000277125,29.487012000390344],[-82.16947899974322,29.486913000264003],[-82.169267000031113,29.486816999622565],[-82.169040000250376,29.486697999988174],[-82.168993000394707,29.48667900000736],[-82.168846999906535,29.486617000209691],[-82.168637999669158,29.486538999956313],[-82.168394000170011,29.486483000038124],[-82.168168000214195,29.48642200024565],[-82.167928000014683,29.486371000108914],[-82.16761800039329,29.486364000011484],[-82.166544999617329,29.486372000234486],[-82.165772000213664,29.48638500030232],[-82.165511999922657,29.48638500030232],[-82.165350000439275,29.486383000051379],[-82.165177000186901,29.486379999674931],[-82.165008999957422,29.48637800020586],[-82.164541000152269,29.486371000108914],[-82.164102999586049,29.486371000108914],[-82.163449000008072,29.486373999703659],[-82.163084000135086,29.486371000108914],[-82.162721999736831,29.486373000360096],[-82.162361000061807,29.486368999857707],[-82.161831000332384,29.486372000234486],[-82.161401999986978,29.486379000331343],[-82.16114000004616,29.486364000011484],[-82.161069999725967,29.486354000318279],[-82.160843999770151,29.486323000324749],[-82.160791999891629,29.486309000122791],[-82.160592999699986,29.486217000199598],[-82.160370999942145,29.486118000078399],[-82.160144999986329,29.485981999770111],[-82.159961999688235,29.485808999907537],[-82.159843999687453,29.48563699988242],[-82.15975099980102,29.48547100037247],[-82.159724000036846,29.485399000048176],[-82.15968800005183,29.485303999672432],[-82.159655000439884,29.485161999792503],[-82.159616000081826,29.484930999821422],[-82.159606000036064,29.484590000056098],[-82.159595000165424,29.484225000315345],[-82.159592999617288,29.484139000167936],[-82.159600000188291,29.483526000094496],[-82.159604000386253,29.483340000273998],[-82.159604000386253,29.482603999662558],[-82.159600000188291,29.482388999627929],[-82.159587999594422,29.481800000106464],[-82.159590000142543,29.481714999636626],[-82.15959699981525,29.481398999675221],[-82.159610000234025,29.481012000156959],[-82.159621000104679,29.480690000041783],[-82.159623999579438,29.480606000387496],[-82.15962500030264,29.480321999774585],[-82.159630000325521,29.480236000225045],[-82.159642999846,29.479995999841311],[-82.159656000264803,29.479518000101283],[-82.159661000287656,29.479351999952168],[-82.159662999937481,29.479278000363365],[-82.159663999762401,29.478993999939341],[-82.159656000264803,29.478413999729437],[-82.159640000371269,29.477719000156089],[-82.159614000432001,29.477338000387526],[-82.159564000203275,29.477167000278239],[-82.159493000058177,29.476947000129449],[-82.15940699984445,29.476707999999078],[-82.159289999668573,29.476471999975082],[-82.15902899955266,29.476082999958976],[-82.158896000381603,29.475909000174248],[-82.158750999718336,29.475772000012263],[-82.158638999565341,29.475652999921042],[-82.158291000309106,29.475355000137757],[-82.158237999707339,29.475309999750611],[-82.157922000238159,29.475058999952942],[-82.157615000091496,29.474814999647435],[-82.157409000227176,29.474619999654106],[-82.155522999864573,29.473023000152278],[-82.154294000351328,29.471992000211596],[-82.151809999588934,29.469866999995734],[-82.149786000032407,29.468140000181442],[-82.146994000196756,29.465763000120237],[-82.145105000359408,29.464163999642544],[-82.144757000204862,29.463861000330841],[-82.144492999715908,29.463672999706542],[-82.144203000185996,29.463447000233774],[-82.143891000016467,29.463252999848578],[-82.143526999968387,29.463045000369966],[-82.143121000087532,29.462804999960202],[-82.142546000152265,29.462486999774345],[-82.142331999892008,29.462371000038814],[-82.14172400034478,29.46203999999668],[-82.141125999944975,29.461689999684467],[-82.138975999991743,29.460509999967272],[-82.137898999916132,29.459897999750737],[-82.136827999688336,29.459309999791387],[-82.13638300034772,29.459071000324876],[-82.13611300001098,29.458907000342194],[-82.135907999971565,29.458767000261744],[-82.135651999878533,29.458604000187169],[-82.135401999633288,29.458430000130452],[-82.135314999594641,29.458366000241277],[-82.135025999889635,29.4581520000498],[-82.134575999627842,29.457832999730499],[-82.134153000028533,29.457520000087417],[-82.133725000406372,29.457218999744647],[-82.133270999946603,29.456913000338723],[-82.132983999891437,29.456740000146048],[-82.132699000384392,29.456592999614848],[-82.132342000009004,29.456442999954689],[-82.131951000196764,29.456303000384629],[-82.131582999950737,29.456199000221361],[-82.129991000214332,29.455780000348913],[-82.12935400035478,29.455604000065591],[-82.128723000343015,29.455444000111942],[-82.128254999639552,29.455317000086428],[-82.127857999979526,29.455239999648658],[-82.127452999923563,29.455173000357934],[-82.127004000385,29.455124999881516],[-82.126581999712286,29.455115999887433],[-82.12615499991503,29.455120999710438],[-82.125056000098141,29.455146000386048],[-82.124737000255905,29.45515699968016],[-82.123703999662922,29.455189000250979],[-82.120305999929855,29.45527999974119],[-82.119013999769095,29.455321000249796],[-82.118613999736027,29.455330000225686],[-82.11829099969583,29.455332000307127],[-82.117966999830742,29.455315999654491],[-82.117633999744797,29.455290000152935],[-82.117309999879708,29.455256999963662],[-82.116873000036691,29.455176000093644],[-82.116194000344365,29.45504500034075],[-82.11554900008889,29.454930000352572],[-82.114807999573955,29.454783000327552],[-82.113673999596955,29.454570000057075],[-82.113014000171177,29.454421999851842],[-82.112921000284771,29.454400999979669],[-82.11236399989285,29.454249000104621],[-82.111849000232041,29.45412499991448],[-82.111202000326742,29.453944999671474],[-82.110095999938835,29.453626000203414],[-82.109623000110815,29.453518999858041],[-82.109266999560347,29.453485000207131],[-82.109197999963371,29.453480999971386],[-82.108982999878222,29.453469999713349],[-82.108924000326994,29.452433999720029],[-82.10880399977809,29.451292999912852],[-82.108765000318328,29.450988000317444],[-82.108544000385407,29.449321000308817],[-82.108428999859356,29.448695999663443],[-82.108296999614865,29.44744199964963],[-82.108232000215864,29.447044000216128],[-82.108237000238731,29.446602999647979],[-82.108243000086517,29.445693999663227],[-82.108308000383843,29.444773999723939],[-82.108493000331777,29.443549000002101],[-82.108775000364076,29.441924000068624],[-82.108792999907422,29.441846999638067],[-82.10880200012825,29.441795999767734],[-82.108812000173998,29.441745999655314],[-82.109262000435805,29.438893999851523],[-82.109706999776392,29.436372000247442],[-82.109794999639945,29.435378999837535],[-82.109690999882886,29.4353799996837],[-82.109514000330861,29.4353799996837],[-82.109198999788291,29.435604000178667],[-82.108941000045434,29.435688000334668],[-82.108833999915319,29.435674000183067],[-82.108514000248164,29.435655999873628],[-82.107372999700146,29.435549999985803],[-82.106073000041803,29.435691999707007],[-82.105914000033124,29.435709000167201],[-82.105708999993723,29.435922000123362],[-82.105688000077336,29.435966000150444],[-82.105486000410963,29.436387000139003],[-82.105314999808414,29.436745000335527],[-82.105231000142837,29.437635999920097],[-82.104865000444946,29.437815000321109],[-82.104498999848744,29.437922000012406],[-82.10412399993001,29.438272999984697],[-82.103819000331484,29.438234000047697],[-82.103532000276303,29.438165000062259],[-82.102923999830765,29.438393999754016],[-82.102588000270103,29.43838700025621],[-82.102348000070592,29.43819500009571],[-82.101548000004414,29.438324000060192],[-82.101142999948465,29.438312999723962],[-82.100814000060481,29.438008000238185],[-82.100757000159078,29.437864000201063],[-82.100749999588089,29.437692000214977],[-82.100850999870417,29.437560999798112],[-82.100567000188292,29.436918000192236],[-82.100499000416221,29.436583999760863],[-82.100354999577874,29.4366990001974],[-82.100295000201712,29.436806000282463],[-82.100182000223811,29.436940000383522],[-82.099981000382357,29.437052000145474],[-82.099225999623727,29.436812999889259],[-82.09936399971599,29.436530000089203],[-82.098914000352522,29.436327999614004],[-82.098767000039416,29.436061999645496],[-82.098806000397474,29.435658000342809],[-82.098832000336756,29.435343999739704],[-82.099327999730974,29.43511000018357],[-82.099438000234144,29.434658000236389],[-82.098712999612744,29.434294999656295],[-82.098661999559113,29.43414599975593],[-82.099208999905287,29.433908000343685],[-82.099145000331191,29.433769999922696],[-82.098510999946384,29.433786000060515],[-82.098363999633293,29.433625000270457],[-82.098501999725542,29.433471999927345],[-82.098787000130912,29.433269999627434],[-82.098725000206628,29.433130000167587],[-82.098556000152215,29.433177000225712],[-82.09824200033286,29.433218000275325],[-82.097981000216947,29.43320399978316],[-82.097510000038753,29.433141000282998],[-82.097335000136582,29.432873999918467],[-82.097427000198081,29.432503000224393],[-82.09784999979739,29.432050999625911],[-82.097859000018204,29.431672000211311],[-82.097161999884221,29.431009999845248],[-82.097038999860573,29.430816000036],[-82.096867000331429,29.430639000382847],[-82.09589700038596,29.430316000061492],[-82.095761999768428,29.430207000384879],[-82.095663999859156,29.430097999808932],[-82.095719999935639,29.429935999748853],[-82.096233999771542,29.429969000347107],[-82.096262000258946,29.429363999932871],[-82.096555999986819,29.428888000042981],[-82.097135000120048,29.428830999676471],[-82.096998999677595,29.428244000369013],[-82.097611000321109,29.427701999634159],[-82.098715999985799,29.427257999767068],[-82.098808000047299,29.426918999994573],[-82.098331000021332,29.425386000343284],[-82.098156000119133,29.425144000174942],[-82.098331000021332,29.424732000081598],[-82.098542999733425,29.424571000022095],[-82.098515000144346,29.424336999898667],[-82.097623000016668,29.423209999913308],[-82.097604999575012,29.423187999877346],[-82.09744100044179,29.422980999625782],[-82.097413999779306,29.422933000357656],[-82.096817000102718,29.421834999854983],[-82.096899999943403,29.42139100016448],[-82.097239999702012,29.421140999978267],[-82.097416000327442,29.421081999985475],[-82.0977870000482,29.421062000245364],[-82.098136000027651,29.421244000082527],[-82.098358999610412,29.42145199994436],[-82.098732999704225,29.421892000235122],[-82.099047000421905,29.422284999802987],[-82.09933100010403,29.422517999985697],[-82.099424999815355,29.422488999988722],[-82.099674000235694,29.421108999628345],[-82.099546000189179,29.420898999869376],[-82.098911999804372,29.420560000001963],[-82.098719000358841,29.420237999705979],[-82.098839000009434,29.41976100008684],[-82.099408000096929,29.419276999760751],[-82.099941000199394,29.418897999630492],[-82.099885999947801,29.418663999742311],[-82.099767999947048,29.418685999975441],[-82.099198999859553,29.418814999681686],[-82.097419999627078,29.419484999737197],[-82.096673999987587,29.419802000074803],[-82.096193999588564,29.420202999867502],[-82.095628999699031,29.420498999686462],[-82.095473999888341,29.421073000102904],[-82.095524000117052,29.421776000265169],[-82.095798999578349,29.42245000024953],[-82.096162999626429,29.422882000376919],[-82.096344000274712,29.423092999916292],[-82.096377999711578,29.423158000105143],[-82.096683000208429,29.423730999621419],[-82.09679600018633,29.424196999861387],[-82.096874000004135,29.425241999620678],[-82.096631000329879,29.426069000072165],[-82.096467000298361,29.426472000032945],[-82.096034999579899,29.426861000157878],[-82.095658999836274,29.427373999736396],[-82.095454999621765,29.427810999651943],[-82.095509999873357,29.428418999672463],[-82.095729000156467,29.428781000220898],[-82.095525999766863,29.429272999896316],[-82.094953000379761,29.429586999712246],[-82.094678999845044,29.42995600008906],[-82.094536999554833,29.430352000223216],[-82.09387899977888,29.430665999832677],[-82.093471000248201,29.430748000378149],[-82.093227999675648,29.43072800019398],[-82.093047999750596,29.430632000350464],[-82.092933000122841,29.43033900001419],[-82.092671000182023,29.429231999818803],[-82.092522000219105,29.429019999821779],[-82.092278999646553,29.428862999941106],[-82.091620000045694,29.428692000268331],[-82.091462999686868,29.428821999698062],[-82.091440000120642,29.429068000125561],[-82.091533999831967,29.429156999748649],[-82.092200999828748,29.429299999709304],[-82.092513999823197,29.429552999868733],[-82.092498999754582,29.429751000132168],[-82.092420000111858,29.42995600008906],[-82.092091000223903,29.430154000349148],[-82.092044000368233,29.430420000146288],[-82.09212999968365,29.43057099982407],[-82.091985999743599,29.430753999728502],[-82.091849000374552,29.430797999647812],[-82.091500000395101,29.430814000253836],[-82.090951000399116,29.430936000195629],[-82.090343999778469,29.430873999961396],[-82.090055999898382,29.430761999644119],[-82.089971000407886,29.430696999626868],[-82.090472999649904,29.429669000346454],[-82.090021999563206,29.429220000155524],[-82.089022000378804,29.429070999850403],[-82.088930000317291,29.42894199986652],[-82.089207000326738,29.428363999655605],[-82.089427000434753,29.428046000297314],[-82.088122999680124,29.426197999792876],[-82.087952999800819,29.426266000149848],[-82.087808000035849,29.426534999758037],[-82.087629999760637,29.426672999839003],[-82.087253000192078,29.426811999662981],[-82.08704099958166,29.426833999696512],[-82.086767999770188,29.426777999672947],[-82.08653500014168,29.426655000281318],[-82.086516999700009,29.426770000225936],[-82.086982999855337,29.427633000316128],[-82.087136999841121,29.427819999720004],[-82.087329000360057,29.428032999793057],[-82.087550000292993,29.428167999652157],[-82.087781000271676,29.428349000143747],[-82.088121999855204,29.428713999894665],[-82.088276999665908,29.428971000368477],[-82.088284000236911,29.429212000118433],[-82.088274000191177,29.429330999920438],[-82.088163999687993,29.429467000305824],[-82.087881999655707,29.429481999652609],[-82.087166999978365,29.429508000288465],[-82.086750000226829,29.429853000212034],[-82.086540000164533,29.430026999973812],[-82.086053000092832,29.431106000113836],[-82.086124000237945,29.431185999746784],[-82.08640799992007,29.431123999665104],[-82.086520000073065,29.43092900018372],[-82.086884999946051,29.430956000338846],[-82.087068000244159,29.431176999977009],[-82.087017000190514,29.431406999666834],[-82.086946000045415,29.431654999857631],[-82.086691999602195,29.432123000271364],[-82.087341999880536,29.432361999831254],[-82.088561000246358,29.432486000009831],[-82.088885999936366,29.4326460001679],[-82.088926999944249,29.432902000209435],[-82.088743999646141,29.433220999877523],[-82.088256999574426,29.433672000099516],[-82.088074000174643,29.433955000041696],[-82.088002000204625,29.434302000218569],[-82.087961000196728,29.434495999627067],[-82.087852000416774,29.43501799996973],[-82.087613000042182,29.435704000170198],[-82.08700600031986,29.436187999676275],[-82.086878000273344,29.436240999692156],[-82.086419999615629,29.436434000254277],[-82.085673999976152,29.437230000183483],[-82.085124999980152,29.437435999732504],[-82.083806000055219,29.437891999898273],[-82.082857000026138,29.43851199993329],[-82.082251999953627,29.43896600033866],[-82.082204000273066,29.439000999970236],[-82.081949999829845,29.439259000034028],[-82.080943000074441,29.440386000293678],[-82.08052899979765,29.440441000057657],[-82.08010500037345,29.440369999631336],[-82.080055000144725,29.440361999690349],[-82.079543999783567,29.440276999691932],[-82.079435000003627,29.440257999618133],[-82.07846300040832,29.440158000200427],[-82.07838700024034,29.440148999661275],[-82.078207000315288,29.440091000339876],[-82.077478000394251,29.439830999656596],[-82.075900999828121,29.438750000288675],[-82.075782999827339,29.438337000029353],[-82.07594500020906,29.437044999772802],[-82.076101999669561,29.436820000277926],[-82.075808999766608,29.436487000141742],[-82.075560000244593,29.435901000334887],[-82.075508000366057,29.435760999808398],[-82.075488000274561,29.43575199966179],[-82.074601000169778,29.435198000140119],[-82.074023999686361,29.434647000285324],[-82.073637000072068,29.434562000196266],[-82.073574000322864,29.434547999889464],[-82.072114999757545,29.434541000126515],[-82.071450000308914,29.43453899963534],[-82.071089999560485,29.434604000322789],[-82.070888999719031,29.434558999851301],[-82.070553999983275,29.434264000178139],[-82.07052200019622,29.434236000262747],[-82.07041199969305,29.434444999975785],[-82.070589000143372,29.435610000024436],[-82.070466999944642,29.436181999864601],[-82.070087999827962,29.436811000225195],[-82.070019000230985,29.437892999719708],[-82.070326000377648,29.439194999788263],[-82.071046999902791,29.440166999956464],[-82.071124999720595,29.441283000291502],[-82.071725999595117,29.442608999986806],[-82.07164100010462,29.443005999830124],[-82.071291000300249,29.443270999828869],[-82.070414000241186,29.443452999763814],[-82.068348999778465,29.443894999700042],[-82.067660000040377,29.443926999910964],[-82.067155000425302,29.443798000025804],[-82.067094000325937,29.443662000060254],[-82.067032000401653,29.4436050001643],[-82.066870000019961,29.443466999624942],[-82.066429999803887,29.442563000158806],[-82.066007000204593,29.442296000320237],[-82.065419999675456,29.442077999972252],[-82.065089000137647,29.441899999828919],[-82.064822999998881,29.441479999800706],[-82.064685999731537,29.44036099989329],[-82.064473000194511,29.439900000074349],[-82.064016000260011,29.439575999678667],[-82.063023999674925,29.439372999980755],[-82.062682000266463,29.439363000347395],[-82.061884999675044,29.439356999941072],[-82.061826000123816,29.439357999748005],[-82.061386999732662,29.439518000029899],[-82.060321000426029,29.439340000091715],[-82.059614000246285,29.439331000262307],[-82.058860000210871,29.439621000273529],[-82.058153000031126,29.43978999993038],[-82.05749100005724,29.439742000000951],[-82.057023000252087,29.439781999943747],[-82.056747000067546,29.439951000114906],[-82.056535000355467,29.440426999779202],[-82.056397000263189,29.441047999769268],[-82.05614799984285,29.441531999615322],[-82.055643000227789,29.441846999638067],[-82.055690000083445,29.445778999819243],[-82.055716999847618,29.447986999783446],[-82.055720000220688,29.448210000119687],[-82.055721999870499,29.448432999965917],[-82.055722999695419,29.448532999836061],[-82.055746999984862,29.4506510001601],[-82.055926000085009,29.45400699989554],[-82.05594399962834,29.455581000361583],[-82.05594399962834,29.456533000246726],[-82.055952000024263,29.456918000073166],[-82.05597600031372,29.458077999849326],[-82.055974999590475,29.460603000137034],[-82.05594399962834,29.462182000199029],[-82.05596299989493,29.46307899994542],[-82.05594399962834,29.463876999635648],[-82.055956000222238,29.465543000252584],[-82.055937999780568,29.465586999951483],[-82.055900000145741,29.469454999975884],[-82.055905999993513,29.470928999666253],[-82.055901999795552,29.471095000313543],[-82.055899000320835,29.471231999757386],[-82.055899000320835,29.471303999978819],[-82.05589799959759,29.473219000344574],[-82.055895999947779,29.478348999735029],[-82.055896999772699,29.484526000256601],[-82.055899000320835,29.490823000079736],[-82.055899000320835,29.491398000043233],[-82.055899000320835,29.491962999949212],[-82.055899000320835,29.491989000212321],[-82.055899000320835,29.493121999840515],[-82.055895999947779,29.499452000054902],[-82.055909000366569,29.49998899985356],[-82.055933999582606,29.500281999963988],[-82.055941999978529,29.500812000171624],[-82.055947000001396,29.501152000083469],[-82.05594399962834,29.501497000298819],[-82.055911000016394,29.505096000226423],[-82.055926000085009,29.505688000145344],[-82.055941999978529,29.506282000369811],[-82.055948999651235,29.506593999628731],[-82.055957000047144,29.506908000117246],[-82.056104000360236,29.508019999657726],[-82.056577000188256,29.508061999855148],[-82.056789999725282,29.508084000249422],[-82.05720300017714,29.508128000241872],[-82.057777000287501,29.508165999971229],[-82.058249000290601,29.508113000015651],[-82.058447999583919,29.50807299966198],[-82.058702999852031,29.508022000263132],[-82.059357000328347,29.50787000026224],[-82.060049000439477,29.507716000203402],[-82.060914999729562,29.507505999887847],[-82.062668999847673,29.50711500034733],[-82.06360500035629,29.506881999775157],[-82.06435900039169,29.50670899964431],[-82.065018999817454,29.506570999766303],[-82.065567999813453,29.50645099995744],[-82.06615500034259,29.50629800001439],[-82.067332999802233,29.505973999877693],[-82.067869000277739,29.50578699990357],[-82.068460999931446,29.505612000375827],[-82.069173000134057,29.505393000165451],[-82.07044199983028,29.505054000362144],[-82.070964000062105,29.504908000251735],[-82.071378000338896,29.504791999810401],[-82.071499999639315,29.504760000042673],[-82.072260000420826,29.504561000038731],[-82.072841000203866,29.504413000104275],[-82.073257999955388,29.504316999629662],[-82.073980000203747,29.504127999821897],[-82.074530000024666,29.504012000050604],[-82.074742999561664,29.504009000196312],[-82.07536299970279,29.504072000245479],[-82.075704000184629,29.504120000219384],[-82.075877000437004,29.504157999889404],[-82.075908000399139,29.504157999889404],[-82.075914000246925,29.504176999719093],[-82.076399999595409,29.504272000377576],[-82.076704000267341,29.504370000008816],[-82.077079000186075,29.504497000347158],[-82.077527999724637,29.504638999705804],[-82.077825999650472,29.504703000089393],[-82.078145000391018,29.504782000372721],[-82.078455999837303,29.504843999997725],[-82.078745000440634,29.504874999795973],[-82.079060000084894,29.504839000281589],[-82.079708999640005,29.504615000235603],[-82.07996499973305,29.504535999821986],[-82.080430000063458,29.504443000087345],[-82.08054899988916,29.504411000209327],[-82.081380999742365,29.504296999877667],[-82.082205999922877,29.504171999970005],[-82.082630000245416,29.504118000318648],[-82.083243999640416,29.504040000250214],[-82.0843900002113,29.503880000122269],[-82.084899999849242,29.503816999953653],[-82.085261000422591,29.503783999924146],[-82.08547899998247,29.503759000297382],[-82.085514999967486,29.503754999699765],[-82.085738000448558,29.503745000159672],[-82.085986000145667,29.503758000343421],[-82.086243999888524,29.5037960001493],[-82.086494999958703,29.503848000066331],[-82.086734000333308,29.503913000120491],[-82.087035999558779,29.504012000050604],[-82.08774500028666,29.504254999681997],[-82.088073000349723,29.504343999796799],[-82.088464000161963,29.504470000220884],[-82.088742999821221,29.504572000225931],[-82.088798000072813,29.504591999923615],[-82.088892999609058,29.504627000362337],[-82.088906000027862,29.504631000143608],[-82.089419000038845,29.504776999871677],[-82.089711000116893,29.504859999869549],[-82.090511000183056,29.505112000058428],[-82.09088399955364,29.505232999830085],[-82.091615000022841,29.505459999883815],[-82.091919999621354,29.505569000007753],[-82.092247999684417,29.505712000142985],[-82.092507999975425,29.505882999766168],[-82.092540999587371,29.505907999650304],[-82.092913999856265,29.506185000173733],[-82.093104999651985,29.506283000298851],[-82.093286000300267,29.506357999636396],[-82.093488999791546,29.506418000004611],[-82.09368899980808,29.506440999901791],[-82.093881000327031,29.506429999917639],[-82.094363000375878,29.506363000059352],[-82.094421999927107,29.506352000066727],[-82.094703000134501,29.50629800001439],[-82.095176999787412,29.506217000272905],[-82.09562700004922,29.506157999715782],[-82.096118000318896,29.506062000113886],[-82.097110999830605,29.505903999919425],[-82.0981669999898,29.505747000194535],[-82.098679000175878,29.505666999947227],[-82.099104000323308,29.505613000311417],[-82.099184999615844,29.505608999787107],[-82.099212000278342,29.505607999851424],[-82.099311000012534,29.505592000097806],[-82.099386000355622,29.50558299989326],[-82.100117999751404,29.505496999896035],[-82.100543999723754,29.505437999701154],[-82.100885000205594,29.50540400026226],[-82.101224999964231,29.505391000289855],[-82.101389999820668,29.505285999729761],[-82.101426999630604,29.505285999729761],[-82.101476999859315,29.505279000157621],[-82.101523999714971,29.505242000065746],[-82.101561000423217,29.505169999721478],[-82.102015999809566,29.505327000341165],[-82.103453999560188,29.505314000358858],[-82.103642999706068,29.505311999699877],[-82.105492000258735,29.505306000068227],[-82.106430000417163,29.505641000068266],[-82.106760000130052,29.506061000182736],[-82.107362999654413,29.507973999793748],[-82.108458999996571,29.510785000355519],[-82.109099000229165,29.51233299973671],[-82.109221000427922,29.512630000333719],[-82.109343999553246,29.512926000195822],[-82.109380000436559,29.513012000136101],[-82.110660000003449,29.515690999778716],[-82.112260999960682,29.517750999917403],[-82.114981999651235,29.520428000388101],[-82.116420000300167,29.521778000020856],[-82.116878000059586,29.522207999682568],[-82.119493000343212,29.523572000321717],[-82.121615999633946,29.524381000011338],[-82.122959999673256,29.524763000011525],[-82.123583000187409,29.524824999904155],[-82.123860000196842,29.524953000117005],[-82.124800000005095,29.5254130003757],[-82.125804000285754,29.525841999703982],[-82.12712999988338,29.526676000226779],[-82.128090999608034,29.527426999943639],[-82.128977999712816,29.528198000061085],[-82.130617000203216,29.529305000096556],[-82.131699000301694,29.529907999664093],[-82.132815999661943,29.530737999960827],[-82.133039999967934,29.530962999715324],[-82.13318100043324,29.531103000091619],[-82.133798000201296,29.531720999738209],[-82.135011999645926,29.532978999880061],[-82.13605399956144,29.534775999785694],[-82.136665000380034,29.5358759999292],[-82.136437999700988,29.536239000226921],[-82.136132000277556,29.537648000086556],[-82.135955999652154,29.540211999870099],[-82.135931000436102,29.540567999975117],[-82.135718000000765,29.54456100027512],[-82.13605399956144,29.54917699985079],[-82.136061000132457,29.550922000298666],[-82.136070000353271,29.552884000062033],[-82.136067999805135,29.553064999800263],[-82.136072000003097,29.553279000302897],[-82.136072000003097,29.553387999701872],[-82.13605399956144,29.553538999836448],[-82.136041999865867,29.553628999819654],[-82.136042999690773,29.553786000258327],[-82.136130999554325,29.554060999717258],[-82.136199000224707,29.554367000252952],[-82.136216999768052,29.554587000177907],[-82.136154000018863,29.554901999627177],[-82.13604900043687,29.555196999808665],[-82.136041000040962,29.555462999660385],[-82.136133999927381,29.555871999937438],[-82.136133999927381,29.555905000168476],[-82.136171999562222,29.556074999909171],[-82.136153000193957,29.556449000363624],[-82.136133999927381,29.556691999856334],[-82.136133999927381,29.556912000188859],[-82.136164999889516,29.557114999633903],[-82.136152000369037,29.557539000188626],[-82.136209000270455,29.557880000337033],[-82.136226999813786,29.55793499962305],[-82.13624000023259,29.558017000349849],[-82.13638400017264,29.558369000255343],[-82.136453999594522,29.558468000032203],[-82.136559999899731,29.558748999620249],[-82.136573000318521,29.558770999930402],[-82.136641999915497,29.558941999727104],[-82.13685600017574,29.559272000120483],[-82.136930999620503,29.559453000136564],[-82.137019000382352,29.559734000110478],[-82.137037999750618,29.559744999768164],[-82.137043999598404,29.559804999727145],[-82.137101000398118,29.559915000080164],[-82.13720199978215,29.560168000047028],[-82.138057999924811,29.560552000373512],[-82.138596999875077,29.561421000114283],[-82.139438999774015,29.562630999932612],[-82.140215000449061,29.564510999624929],[-82.140390000351232,29.564865999955419],[-82.140441000404863,29.564959999745962],[-82.140477000389879,29.565026999859075],[-82.14058899964455,29.565291000140654],[-82.140628999827527,29.565914000002092],[-82.140916999707613,29.567402000103442],[-82.141920000163367,29.569240000283646],[-82.142583999787092,29.57143699999575],[-82.142678000396742,29.571850999973254],[-82.146024000251259,29.576285999670013],[-82.147332000305539,29.579052000212151],[-82.149600000259554,29.580745000012417],[-82.152048999963526,29.583319000164202],[-82.152290999812877,29.583705999787579],[-82.152443999973755,29.585365999676728],[-82.153002000190568,29.58616300022069],[-82.153326000055685,29.58670400017035],[-82.153256999560384,29.586732000127814],[-82.153080999833278,29.586858000230766],[-82.152809999671632,29.587144000054192],[-82.152645999640129,29.587348000350726],[-82.152526999814413,29.58752900003882],[-82.152407000163834,29.587869999691247],[-82.15214199984996,29.588376000302656],[-82.15214199984996,29.588431000165258],[-82.151807000114204,29.588784000189005],[-82.151663999999073,29.589250999745854],[-82.151667000372115,29.589346000157235],[-82.15166999984686,29.589443000254789],[-82.151267000339033,29.589976999846751],[-82.151242000224684,29.590021000134776],[-82.151072000345366,29.590263000203976],[-82.15089499989503,29.590680999808569],[-82.150858000085123,29.590802000295991],[-82.150801000183705,29.591308000264874],[-82.150826000298068,29.591996000171605],[-82.150755999977861,29.592287000352993],[-82.150574000402983,29.592606000365894],[-82.150201999959009,29.592957999990745],[-82.149484999733517,29.593336999787098],[-82.149195000203605,29.593535000196571],[-82.148968000422883,29.593733000217455],[-82.148748000314868,29.593974999975558],[-82.148571999689437,29.594227999741108],[-82.148307000273903,29.594667999622075],[-82.148124999800686,29.594898999748278],[-82.147928999982113,29.595180000277487],[-82.147538999994779,29.595565000062415],[-82.147261999985346,29.595807000112568],[-82.146922000226724,29.596027000364433],[-82.146727000233042,29.596186000141241],[-82.146071999931834,29.596757999992338],[-82.145687999792287,29.597105000130714],[-82.145435999897202,29.597369000102738],[-82.14528899958411,29.597620000334832],[-82.145177000329426,29.597915999715703],[-82.145132999948501,29.598339999996607],[-82.145056999780522,29.598863999856203],[-82.144865000159896,29.599361000337847],[-82.144754999656726,29.599849000309142],[-82.144620999762438,29.600184000249488],[-82.144584999777422,29.600310999735541],[-82.14456399986102,29.600385999615195],[-82.144491999890988,29.600528000203102],[-82.144459000279042,29.600598000254383],[-82.144404000027436,29.600721999891171],[-82.144250000041652,29.600939000255515],[-82.144194999790088,29.601163999888364],[-82.14421300023173,29.601229999633389],[-82.144182000269595,29.601840000226392],[-82.14420099963786,29.602197999783346],[-82.144281999828706,29.60242299973164],[-82.144377000263276,29.602550000303513],[-82.14501900014568,29.602786999657663],[-82.145604000126681,29.603132999609617],[-82.145968999999681,29.603387000367302],[-82.147241000068945,29.60539299980131],[-82.149821000192489,29.608658999741973],[-82.150687000380884,29.609545000233044],[-82.152940000266298,29.613019999773186],[-82.155069000303143,29.61704899994616],[-82.155532000085415,29.617736999965789],[-82.157490000418022,29.619413999812206],[-82.160729000142425,29.621990999792857],[-82.164661999627782,29.62500200015451],[-82.165513999572482,29.626231000076228],[-82.165549999557498,29.626511999964926],[-82.16591699997862,29.6293480003268],[-82.166763999900454,29.635982999899348],[-82.166907000015584,29.636542000099837],[-82.166995999704042,29.637288000094504],[-82.166871999855474,29.638129999947367],[-82.166508999632313,29.639090999743757],[-82.165819999894239,29.640029999973493],[-82.165656999687613,29.640220999652808],[-82.16553700003702,29.640362000172903],[-82.165513999572482,29.64057300011169],[-82.165087999600118,29.641353999834433],[-82.164571000289499,29.642640000359638],[-82.163597000146069,29.64405799972991],[-82.161223999711751,29.645793000325085],[-82.160006999894065,29.647939999651282],[-82.158196999699456,29.649874999660788],[-82.157314999617526,29.651490999934115],[-82.156036999700476,29.652989000277763],[-82.156067999662625,29.653494000309287],[-82.156126000287244,29.654229000101552],[-82.156079000431589,29.654353000102375],[-82.155783000155594,29.654386000127161],[-82.155722000056215,29.654502999773168],[-82.155332999893773,29.654574999848069],[-82.154615999668295,29.654731000093744],[-82.153310000162151,29.654961999953326],[-82.152443999973755,29.655165999621584],[-82.15195100005424,29.655269999721902],[-82.151745000189919,29.655313999611941],[-82.150812000054373,29.655467000232893],[-82.150213999654568,29.655601999623233],[-82.148315999596392,29.655976000353988],[-82.147570999781834,29.656103999792208],[-82.147450000306307,29.65612899996842],[-82.147486000291323,29.658591000167998],[-82.147537000344954,29.658908000352525],[-82.147616999812584,29.65926000025901],[-82.147836000095694,29.659602999963482],[-82.148315999596392,29.660226000354939],[-82.148616000070362,29.66047400025553],[-82.149191000005629,29.660973999619195],[-82.149282000242238,29.661053000234268],[-82.149582999642803,29.661275000030013],[-82.149856000352585,29.661492000348446],[-82.150128000339166,29.661848000382321],[-82.150304000066257,29.662131999856868],[-82.150463999899827,29.662573999775045],[-82.150572999679767,29.662969999790224],[-82.150736999711299,29.663538000189263],[-82.15089700044318,29.664051999712978],[-82.151048000055908,29.664492999858012],[-82.151311999646552,29.66548599968608],[-82.151484999898912,29.66609500006318],[-82.151623999816096,29.666523000311201],[-82.151663000174153,29.666645000186943],[-82.152094999994276,29.668063999996225],[-82.152295000010838,29.668701000196904],[-82.152669000104652,29.670016000299746],[-82.152953999611682,29.67095599989312],[-82.153463000323029,29.672668000098419],[-82.153644999897921,29.673252999936363],[-82.153803000081638,29.673801000279674],[-82.15398700020468,29.674412999736834],[-82.154157000083984,29.675013999800061],[-82.154296999826073,29.675422999948708],[-82.154318999567366,29.675494000066479],[-82.154357000100518,29.675615000173632],[-82.154456999659629,29.675939000014552],[-82.154522999781875,29.676151999904889],[-82.154625999714028,29.676517999948814],[-82.154661999699044,29.676818999892856],[-82.154654000201447,29.677099999846678],[-82.154589999729026,29.677307999856662],[-82.154491999819726,29.677535000209531],[-82.154361000298465,29.677721999781635],[-82.154158999733809,29.677972999620582],[-82.153919000432609,29.678254000251584],[-82.153367000063554,29.678865999921637],[-82.15303999982541,29.679218000227547],[-82.152663000256879,29.679650999684963],[-82.15252199979156,29.679867000389777],[-82.152428999905126,29.680051000219454],[-82.152337999668532,29.680273000227317],[-82.152295999835729,29.680460999935015],[-82.152270999721381,29.680685000124075],[-82.152279999942209,29.680901000168159],[-82.152312999554184,29.681096999893256],[-82.152413000011606,29.681552999654318],[-82.152483000331799,29.681832999892897],[-82.152669000104652,29.682693999895871],[-82.152696999693731,29.682826000201523],[-82.152816000417744,29.683287000169429],[-82.153034999802529,29.684285000358315],[-82.153068000312828,29.684565999734943],[-82.153059000091986,29.684790000141721],[-82.153008000038355,29.685008999889579],[-82.152900000083335,29.685252999901881],[-82.152783999732364,29.68542899995246],[-82.152658000233984,29.685593000006033],[-82.152498000400414,29.685737000079794],[-82.152303000406746,29.685896000295593],[-82.152105999864943,29.68607200000066],[-82.15185800016782,29.686277000275052],[-82.151452000286966,29.686627999899709],[-82.151428999822429,29.68664800021493],[-82.15113300044473,29.686905999866433],[-82.150601000167171,29.687343000112453],[-82.150371999838327,29.687553999863511],[-82.150193999563072,29.687757999763825],[-82.150089999806013,29.687916000213086],[-82.149954000261886,29.688107000301027],[-82.149879999743717,29.688330999839522],[-82.149746999674335,29.688940999668024],[-82.149693999970893,29.689214000309654],[-82.149683999925131,29.689270999886901],[-82.149608999582071,29.689710999793682],[-82.149411000113673,29.690693000111793],[-82.149314999854198,29.691247000102113],[-82.149191999830549,29.691843000371865],[-82.148897000277785,29.693420999638576],[-82.14884500039922,29.693761999834333],[-82.148745999766703,29.694150999797841],[-82.14867299997178,29.694599999927501],[-82.148492000221822,29.695590000105074],[-82.148493000046727,29.695788000062489],[-82.148523000183957,29.696049000048546],[-82.148614000420537,29.696383000321255],[-82.148729999873197,29.696711000302795],[-82.148898999927596,29.697070000078117],[-82.149118000210706,29.697599999611956],[-82.149324999899946,29.698121000045887],[-82.149536999612039,29.698692000383478],[-82.149725999757933,29.699149999840497],[-82.149903000208255,29.699606999975707],[-82.150058000018944,29.699977000288357],[-82.15021700002761,29.700332000266783],[-82.150425000440066,29.700668999817445],[-82.150653999870627,29.700884000264423],[-82.150957999644234,29.701200999768265],[-82.151316999669433,29.701556000102634],[-82.152006000305832,29.702188999781409],[-82.152378999676415,29.702601999887897],[-82.152496999677197,29.702839000177871],[-82.152563999624348,29.703023000083157],[-82.152592000111738,29.703260999698141],[-82.152582999890924,29.70359399986528],[-82.152494000202452,29.703899000335987],[-82.152372000003723,29.704154000018612],[-82.151852000320034,29.704869999879765],[-82.151618999793214,29.705214000342853],[-82.151315999844527,29.705611999970877],[-82.151026000314616,29.706002000373971],[-82.150675999611934,29.70645599968373],[-82.15023399974605,29.707094999811467],[-82.149898000185388,29.707517000174548],[-82.149759000268219,29.707758000104004],[-82.149647999940143,29.707979999760326],[-82.149611999955127,29.708155000303364],[-82.149586999840764,29.708384999661483],[-82.149575000145191,29.708639000172383],[-82.149617999802899,29.708885999764252],[-82.149718000260336,29.709126000049224],[-82.149935999820215,29.709384999973341],[-82.150225000423532,29.70970699966437],[-82.150543000440848,29.710034999829034],[-82.151095999736484,29.710647999686017],[-82.151607999922561,29.711192000365333],[-82.151843000099205,29.711474999863022],[-82.152069000055022,29.71180999978683],[-82.15218700005579,29.712014999817793],[-82.152548999555734,29.712646000220285],[-82.152752999770229,29.712953999610775],[-82.153084000206334,29.713574000321142],[-82.153499000308045,29.713327999996629],[-82.153696999776443,29.713187999777507],[-82.153915000234647,29.713063999777095],[-82.15450799971326,29.712577999720899],[-82.155183000105936,29.712043000048315],[-82.155687999721025,29.71161900029098],[-82.156137000157898,29.711247000258481],[-82.156784000063183,29.710743000280903],[-82.159101000421018,29.708878000004912],[-82.15926200007948,29.708751999615661],[-82.159400999996663,29.70862299983354],[-82.159573000424118,29.708510000245049],[-82.159785999961144,29.708378000129798],[-82.160012999741838,29.708259999702527],[-82.160500999638487,29.707990999625093],[-82.160721999571408,29.707875000068373],[-82.161000000304085,29.707750999748352],[-82.161571000041391,29.707602000199465],[-82.161889999883627,29.707492999787252],[-82.162228999817316,29.707402000347486],[-82.162644999743947,29.707258000113832],[-82.163091999632684,29.707135000092038],[-82.163679999986755,29.706947999852741],[-82.164423000151487,29.706712999684147],[-82.165187000232649,29.70647299987403],[-82.165959999636328,29.70622299972203],[-82.167133999796292,29.705854000083256],[-82.167764999808071,29.705629999818765],[-82.168971999579995,29.705256999927798],[-82.170779000299873,29.704668999744293],[-82.171441000273788,29.704443999651144],[-82.172083999981112,29.704241000386411],[-82.172468000120674,29.704125999929037],[-82.172554000334387,29.704087999850735],[-82.17297500028387,29.70390199971181],[-82.173479999898944,29.703710999999288],[-82.174572000043156,29.703121000268332],[-82.175141999955557,29.702832000259622],[-82.175721999913691,29.702514000115304],[-82.176250999818194,29.702254999636573],[-82.176846999669863,29.701919999828448],[-82.177433000374094,29.701615999925256],[-82.177865000194231,29.701391000015331],[-82.17850999955138,29.701083999831567],[-82.179323000036348,29.700648999952044],[-82.179902000169577,29.700352000195213],[-82.18046399968604,29.700050999719114],[-82.180811999840586,29.69987700023276],[-82.180876000313006,29.699857999781823],[-82.181878000045529,29.699336000195927],[-82.183197999795382,29.698642000118731],[-82.186173999754047,29.697111000049119],[-82.188866999855506,29.695727000266945],[-82.189478999600695,29.695411999889149],[-82.190173000259946,29.695041000310532],[-82.192587999628742,29.693778000199508],[-82.193054999608989,29.693542000016723],[-82.193360999930732,29.69338700029936],[-82.193457000190193,29.693336000098377],[-82.194082000354172,29.693012000145185],[-82.19584300014499,29.692127999843304],[-82.196147999743516,29.691976999668196],[-82.196324000368932,29.691890000384213],[-82.197230999666886,29.691406000184621],[-82.198186000442078,29.690910999821661],[-82.199016999572052,29.69046900037544],[-82.19992499959325,29.690004000331999],[-82.20076099964443,29.68956600027667],[-82.201655000320244,29.689103999774428],[-82.202364000149814,29.688723000366831],[-82.202991999788523,29.688412000187299],[-82.203266000323239,29.68827000019936],[-82.203673999853905,29.688110999837306],[-82.204025000381506,29.688012999837323],[-82.204339000200875,29.687946999990544],[-82.204776999868798,29.687913000359966],[-82.205320000016997,29.687888999971179],[-82.205653000102927,29.687888999971179],[-82.206083000273225,29.687891999824963],[-82.206258000175424,29.687893000296491],[-82.206331999795268,29.687891999824963],[-82.206567999796818,29.687891000133828],[-82.206848000179306,29.687888999971179],[-82.20844900013654,29.687878999937528],[-82.20936399983043,29.687888999971179],[-82.2102629996308,29.68788699980843],[-82.212047999711061,29.687896000150221],[-82.213078999755908,29.68788699980843],[-82.213546999561046,29.68788699980843],[-82.216459999770521,29.687886000117256],[-82.218991000388584,29.687884999645654],[-82.220799999859977,29.687883999954458],[-82.22143800044276,29.687883999954458],[-82.2216600002006,29.687876999774588],[-82.222482000008071,29.687878000246268],[-82.222511000320381,29.687878000246268],[-82.22357900017515,29.687879999628777],[-82.224850000419522,29.687883000263245],[-82.224989000336677,29.687548000135628],[-82.225063999781426,29.687430000211407],[-82.22537500012605,29.687136000273853],[-82.225514999868153,29.687048000220823],[-82.235151999573716,29.678553000113268],[-82.236088999907253,29.677748999632737],[-82.236811999980503,29.67707399962007],[-82.237736999720141,29.676301000047342],[-82.238247000256393,29.67586099997483],[-82.238504000174359,29.675635000338591],[-82.237698000260409,29.674952999883416],[-82.235975999929337,29.673536999991441],[-82.234672999897938,29.673527999925057],[-82.235291000389211,29.672483000181924],[-82.237001000126398,29.67007299983532],[-82.237020000392974,29.669980000329971],[-82.237184000424506,29.669710000145805],[-82.237397999786438,29.669154000345369],[-82.237629999590013,29.668412000330132],[-82.237654999704375,29.667015000082468],[-82.237817999911002,29.666547000336816],[-82.238051000437821,29.666360000278228],[-82.238068000156247,29.666329999994367],[-82.238145999974051,29.666195000167455],[-82.238165000240627,29.666052000112668],[-82.238164000415722,29.665111000042167],[-82.238233000012698,29.664923999655752],[-82.238496999603342,29.664450999927499],[-82.238547999656959,29.664263999875313],[-82.238611000304473,29.664154000141394],[-82.238787000031579,29.663949999961662],[-82.238837000260276,29.663813000201888],[-82.238843000108062,29.663614999706581],[-82.238862000374638,29.663345000390006],[-82.239057000368305,29.662013999765769],[-82.239156999927417,29.661728000055572],[-82.239377999860352,29.661259999911575],[-82.239340000225525,29.660968999825187],[-82.239339000400619,29.660347000096394],[-82.239407999997596,29.659538000175267],[-82.239540000242059,29.658768000029706],[-82.239463000249174,29.657062999759169],[-82.239500999884001,29.656683999938977],[-82.239539000417139,29.656540999635876],[-82.23957700005198,29.656458000147374],[-82.239627000280692,29.656418999997303],[-82.239709000296457,29.656265000037557],[-82.239992000153677,29.655984999648943],[-82.240184999599208,29.655846999962613],[-82.240337999760101,29.655736999613168],[-82.240778999801051,29.655511000036725],[-82.240792000219841,29.655462000165244],[-82.240249999896534,29.655066000264476],[-82.239902999566908,29.654736000197715],[-82.239625999557475,29.654428000356045],[-82.239525000173444,29.654269000345177],[-82.239443000157692,29.653994000008236],[-82.239392000104047,29.653674999893859],[-82.239392000104047,29.653416000038607],[-82.239366999989699,29.65338299969569],[-82.239253000186892,29.652585999719253],[-82.239240999593008,29.652437000357462],[-82.239315999936082,29.652107000257431],[-82.239315999936082,29.651869999794769],[-82.239233999920316,29.651226999645143],[-82.238987999873018,29.650615999709366],[-82.238950000238177,29.650153999807397],[-82.238893000336773,29.650016999999941],[-82.238880999742904,29.649999000341879],[-82.238370000280057,29.649257999654534],[-82.238104999966183,29.648481999984888],[-82.237978999569492,29.648245999659654],[-82.237796000169681,29.647706999888584],[-82.237663999925218,29.647233999639798],[-82.237493000220994,29.646320999828156],[-82.237429999573493,29.645104999845724],[-82.237360000151597,29.644714999735154],[-82.237126999624778,29.643631000088412],[-82.237069999723374,29.643197000030579],[-82.236935999829072,29.641155999653208],[-82.236791000064116,29.64025899966849],[-82.236791000064116,29.639763999738836],[-82.236935000004152,29.639192000311809],[-82.237104999883471,29.638801999939783],[-82.237268999914988,29.63859200037507],[-82.237828999781655,29.638059000008063],[-82.237892000429156,29.63784999986326],[-82.237853999896004,29.637590999892666],[-82.237803999667292,29.637480999893505],[-82.237273999937869,29.636843000183937],[-82.237155000112196,29.636656000364642],[-82.237116999579044,29.636458000315312],[-82.237160999959968,29.63633699996338],[-82.237261000417391,29.636277000225387],[-82.237500999718605,29.6362160002469],[-82.237740000093197,29.6362160002469],[-82.238540000159375,29.636227000156133],[-82.238823000016581,29.636315000167677],[-82.239250999638756,29.636324999862484],[-82.239919000358753,29.63643500034345],[-82.240227000330307,29.63643500034345],[-82.240807000288456,29.636369000225432],[-82.241718999609304,29.636335000337073],[-82.242809000103691,29.636192000014855],[-82.243142000189636,29.63610399989577],[-82.243368999970343,29.636004999767518],[-82.243917000141437,29.635679999948021],[-82.244765999713096,29.635321999843406],[-82.245703999871509,29.634825999632671],[-82.246466000302846,29.634341999660325],[-82.246931999559848,29.634111000113542],[-82.247995000290061,29.633427999838435],[-82.248549000308927,29.633125000008693],[-82.248770000241862,29.632971000330858],[-82.24928599972759,29.632592000379514],[-82.249757999730704,29.632167999701878],[-82.249827000225991,29.63216199979367],[-82.249870999708591,29.63213999986684],[-82.249987999884453,29.631999000328378],[-82.250008999800855,29.631983000285238],[-82.250317999597343,29.631603999739699],[-82.250437000321341,29.631494000229068],[-82.250619999721138,29.631432999696301],[-82.250695000064212,29.631498999925537],[-82.250701999736904,29.631675000325419],[-82.250777000079978,29.631713999910978],[-82.250853000247957,29.631685999949749],[-82.25125599975577,29.631361999720802],[-82.25160200026049,29.631137000336828],[-82.251854000155575,29.631076000368658],[-82.25282999994883,29.630670000330667],[-82.253692999764183,29.630339999940418],[-82.254178000186073,29.630202999721092],[-82.254416999662368,29.630093000242294],[-82.254588000264917,29.629949999647156],[-82.254662999709666,29.629763000304422],[-82.254876999969909,29.629751999689223],[-82.25499099977273,29.629696999718607],[-82.255128999864993,29.629477000316715],[-82.255450000255351,29.629262999734731],[-82.255689999556537,29.628987999808182],[-82.255759000051839,29.628965999969019],[-82.256339000009973,29.628383000138413],[-82.256520999584836,29.628152000200487],[-82.25672300014952,29.62780000005742],[-82.25688100033328,29.627392999798555],[-82.25694400008247,29.627084999860415],[-82.25694400008247,29.626748999989793],[-82.25674300024103,29.626022999901238],[-82.25673700039323,29.625841999801224],[-82.256775000028057,29.62573700022838],[-82.256888000005958,29.625621999789718],[-82.257045000364812,29.625566999907054],[-82.257455000443628,29.625699000199806],[-82.257625000322946,29.625681999627531],[-82.257681000399444,29.625595000007252],[-82.257750999821326,29.625347000075966]]]},"properties":{"MTFCC":"G5020","OID":"2079015500882300","GEOID":"12001002001","STATE":"12","COUNTY":"001","TRACT":"002001","BASENAME":"20.01","NAME":"Census Tract 20.01","LSADC":"CT","FUNCSTAT":"S","AREALAND":143486279,"AREAWATER":60788184,"CENTLAT":"+29.5670794","CENTLON":"-082.1565188","INTPTLAT":"+29.5708268","INTPTLON":"-082.1532517","OBJECTID":62324}},{"type":"Feature","id":62325,"geometry":{"type":"Polygon","coordinates":[[[-82.632022000372075,29.847702000293499],[-82.632104000387841,29.846806999618149],[-82.631937999808173,29.846117000198443],[-82.631673000392638,29.845687000169963],[-82.63138100031459,29.845212999877539],[-82.630767000021265,29.84432600012434],[-82.630505000080433,29.8437050000033],[-82.630500999882472,29.843486999829292],[-82.630495999859605,29.843148000311075],[-82.630571000202679,29.842907999984018],[-82.630645999647427,29.84278199981523],[-82.630498000407741,29.84267800003845],[-82.630306999713724,29.84254599977627],[-82.62977199996142,29.842183000103731],[-82.629226000338477,29.841825000023093],[-82.629202999873939,29.841809999626037],[-82.629021000299076,29.841701000257494],[-82.628934000260415,29.841649000209415],[-82.628774000426858,29.84155300010951],[-82.628596000151617,29.841445999897516],[-82.628247000172166,29.841217000201894],[-82.627989000429309,29.841047999712131],[-82.627635000426963,29.840816999654439],[-82.627574000327613,29.840776999745348],[-82.627437000060269,29.840687000280926],[-82.627164000248783,29.840516999945773],[-82.626671000329296,29.840209999661695],[-82.626400999992541,29.840060000177228],[-82.626020000226035,29.83985500028373],[-82.625619000368033,29.839646999980793],[-82.62540500010779,29.839522999848821],[-82.62490299996746,29.839301000158109],[-82.624749999806582,29.839232999894403],[-82.624106000274338,29.838948999896903],[-82.622987000365953,29.838454999930903],[-82.622655999929847,29.83830800017763],[-82.621749999558475,29.837907999668904],[-82.62080200025261,29.837488999818412],[-82.620634000023131,29.837414999768221],[-82.619781000253511,29.837038000356724],[-82.618925000110863,29.836658999989691],[-82.61847400002415,29.83646000029864],[-82.616826000211248,29.835735000369777],[-82.616381999797241,29.835540000286326],[-82.61449899980768,29.834734000163486],[-82.61312700017929,29.834107000097703],[-82.612123999723551,29.833668999864894],[-82.611120000341202,29.833224999686557],[-82.610095000144128,29.832776000067323],[-82.609070999771987,29.832329000387634],[-82.608075999712156,29.831888999745292],[-82.60704600039054,29.831437000121149],[-82.606042999934786,29.830994999800989],[-82.605017999737711,29.830546000291182],[-82.604022999677881,29.830107000201284],[-82.60299300035625,29.829655000308918],[-82.602564000010858,29.829474000123504],[-82.601967000334284,29.8292070000739],[-82.600968000076477,29.828769000181083],[-82.599964999620724,29.82832199972021],[-82.598928999553024,29.827872000034741],[-82.598050999669056,29.827477999754695],[-82.597924000345756,29.827424000378542],[-82.597506999695923,29.827245999630573],[-82.597366000128929,29.827182999819659],[-82.596904000171563,29.826977999999173],[-82.595844999639326,29.826508000020951],[-82.595285999597579,29.826264999850224],[-82.594835000409191,29.826063999974426],[-82.594345999789326,29.825854999919162],[-82.593662000074119,29.825552999947192],[-82.593503000065454,29.825483999799733],[-82.592798000433859,29.825175000316918],[-82.592703999824195,29.825132999836818],[-82.591786999582169,29.824724999709485],[-82.591723999832979,29.82468999980242],[-82.590697999811013,29.82424999981427],[-82.590019999943593,29.823959999949757],[-82.589260999885298,29.823617999941892],[-82.588961000309652,29.823487000112006],[-82.588822000392483,29.823449999974319],[-82.588568999774168,29.823412999822917],[-82.58848099991063,29.823405999750566],[-82.588357000062061,29.823455000246479],[-82.588208000099144,29.823371000161025],[-82.588138999603871,29.823343999756695],[-82.588059000136226,29.823301000165696],[-82.588003000059743,29.823271999941785],[-82.587562999843698,29.823049000088517],[-82.587361000177324,29.82295800033749],[-82.587078000320105,29.822818999624317],[-82.586713000447133,29.822660999717112],[-82.586224999652174,29.822465999837508],[-82.585489000058416,29.822158000287889],[-82.585432999981933,29.822134000070537],[-82.583160999829957,29.821127999611637],[-82.582622999704611,29.820886000313138],[-82.582537000389209,29.820848000067347],[-82.582460000396324,29.820813000361422],[-82.579980999656783,29.819721999887417],[-82.579676000058257,29.819580000317973],[-82.578879000365148,29.819212000110891],[-82.578711999960561,29.819146000087208],[-82.577743999664918,29.818744000135538],[-82.576710999970246,29.818286999760655],[-82.576293000393818,29.818107999934622],[-82.574290999680258,29.817195999776594],[-82.572605000232528,29.816471000373454],[-82.570877000053684,29.815709999700481],[-82.570025000108984,29.815330000299362],[-82.569712000114535,29.815192999853391],[-82.568763999910374,29.814779999756851],[-82.568438000395446,29.814641000142725],[-82.56698399985298,29.814005000340508],[-82.565219999689134,29.813219000363521],[-82.563480999639623,29.812461999914511],[-82.562719000106597,29.812130999671915],[-82.562362999556143,29.811976000060014],[-82.561801000039651,29.811766000152183],[-82.561467999953734,29.811648999834123],[-82.560552000434939,29.811372000300722],[-82.559978000324577,29.811207000081744],[-82.559545999606115,29.811081999711021],[-82.557513999653665,29.810674999940396],[-82.557373999911576,29.810628000248901],[-82.557193000161618,29.810604000381385],[-82.555999999735064,29.810354000314497],[-82.554358999594854,29.810025000174981],[-82.554218000027859,29.809997000030233],[-82.55343300003031,29.809837000054738],[-82.551962999594309,29.809538000130498],[-82.551009000440686,29.809345999715593],[-82.550724000035316,29.809288999777248],[-82.547312999883474,29.808597999991445],[-82.545692999659664,29.808258999805975],[-82.545541000222002,29.80822799979374],[-82.543915000150406,29.807906000053961],[-82.543111999711201,29.807721000015366],[-82.541690999679005,29.807445999852199],[-82.540410000287224,29.807177000080642],[-82.538164000074516,29.806704999631311],[-82.53723099993897,29.806533999879914],[-82.53639700043594,29.806371999681737],[-82.536103999634648,29.806313000246867],[-82.53600400007555,29.806292999624581],[-82.535429000140269,29.806175999918715],[-82.535171000397426,29.806124000092129],[-82.534656999663198,29.806019000284888],[-82.53325700044573,29.805746000270208],[-82.533192000148404,29.805734000141143],[-82.533130000224133,29.805719999858745],[-82.532980000436297,29.805686999686571],[-82.531174000439648,29.805315000252119],[-82.531024999578406,29.805283000026581],[-82.530052000158207,29.805075000259844],[-82.528892000241925,29.8048449997594],[-82.528400999972263,29.804742000339925],[-82.527974000174979,29.804653999775613],[-82.52783899955746,29.804622000118123],[-82.526558000165679,29.804382000022063],[-82.522577000101435,29.803572000026112],[-82.52014799959062,29.803077999803428],[-82.515682000002798,29.802162000092441],[-82.51556200035219,29.802132999973097],[-82.514529999584113,29.801928000233829],[-82.514035000014786,29.801822999919516],[-82.513799000013236,29.801772000283897],[-82.512482999563048,29.801501999945501],[-82.512357000064668,29.801477000108246],[-82.511221000437828,29.801250999612456],[-82.510746999886592,29.801156999925077],[-82.506077999909166,29.800194999987301],[-82.505410999912399,29.800062000384663],[-82.505025999947932,29.799986999774642],[-82.504695000410152,29.799891000190254],[-82.504193000269808,29.79973600031769],[-82.503984000032432,29.799672000184628],[-82.503674000411038,29.799570000253244],[-82.503374999761988,29.799440000235887],[-82.503028000330659,29.799271000038697],[-82.502277999594881,29.798868000335339],[-82.501782000200663,29.798585999747704],[-82.501229999831608,29.798203000308458],[-82.500811000430275,29.797923999867219],[-82.499655999638549,29.797178000021109],[-82.49871500000539,29.796579999992485],[-82.498694000089003,29.796560999930414],[-82.497755999930561,29.795976000027451],[-82.497021999986643,29.795498000227525],[-82.496756999672769,29.795330999967955],[-82.49575099974227,29.794694999765053],[-82.49479099984255,29.794081999944481],[-82.494258999564991,29.793782000285152],[-82.494276000181742,29.794796999988883],[-82.494280000379703,29.795015999751271],[-82.494298999747954,29.796027999672273],[-82.494306000318971,29.796722999646601],[-82.494311000341838,29.797413000235185],[-82.494316000364705,29.797786000367218],[-82.494338000106026,29.799217000238414],[-82.494344999778718,29.79965799983334],[-82.494349999801585,29.800065000002487],[-82.494358000197494,29.800303000062026],[-82.494354999824466,29.800354999796593],[-82.494328000060293,29.800656000142681],[-82.494317000189625,29.800731000251091],[-82.494215999907283,29.801128999636237],[-82.494198000363937,29.801205999632163],[-82.49417599972432,29.801263999620332],[-82.494117999997997,29.801415999886789],[-82.494077999815019,29.801500999827383],[-82.494008000393137,29.801651999617185],[-82.493806999653373,29.801998999715742],[-82.493661000063511,29.802195999979691],[-82.493563999979131,29.802312000333487],[-82.49335599956666,29.802534000339794],[-82.493245000136895,29.802640000014563],[-82.49302699967869,29.802827999632065],[-82.492910000401139,29.802917000347762],[-82.492726000278111,29.803044000215952],[-82.492557000223727,29.803147999926562],[-82.492363999879885,29.803252000308525],[-82.492131000251376,29.803361000300498],[-82.49190299974741,29.803456000353936],[-82.491749999586546,29.803510000204639],[-82.491680000164678,29.803534000215535],[-82.491631999585778,29.803546999926716],[-82.491464000254609,29.803593999827822],[-82.491169999628411,29.803656000376698],[-82.490992000251509,29.803683999958224],[-82.490663000363526,29.803719000203632],[-82.490227000345428,29.803739999877276],[-82.489930000244513,29.803736000273865],[-82.489668000303695,29.80373899978159],[-82.489629999770543,29.80373899978159],[-82.48826700036301,29.803751000150022],[-82.487776999918211,29.803753000341207],[-82.487123000340247,29.803756999943946],[-82.486710999713267,29.803761999642042],[-82.485850000446064,29.803772999912354],[-82.485508000139305,29.803778000389102],[-82.484992999580172,29.803779999800248],[-82.484832999746601,29.803779999800248],[-82.484633999554973,29.80378199999085],[-82.48432300010866,29.803785000276704],[-82.481923999735088,29.803805999936493],[-82.481400999678357,29.803810999632145],[-82.481116999996217,29.803812999822121],[-82.47978800002555,29.803824000086838],[-82.479768999758974,29.803824000086838],[-82.47887300033166,29.803837999855045],[-82.478717999622646,29.803841000139219],[-82.478091999633747,29.803851999621276],[-82.477498000330215,29.803861999787252],[-82.476915999823945,29.803896999970323],[-82.476583999562934,29.80395100036246],[-82.476367999652865,29.80399699998058],[-82.476262000245953,29.804019999781694],[-82.4761169995827,29.804059000279722],[-82.47583000042583,29.804154999761835],[-82.475639999556734,29.80422900027412],[-82.475339999981074,29.804365000061626],[-82.475015000291066,29.804543000237757],[-82.474815000274504,29.804670000380007],[-82.474573000425181,29.8048449997594],[-82.474400999997727,29.804988000071784],[-82.474233999593153,29.805137999972573],[-82.474101000422081,29.805273000002735],[-82.473919999773798,29.805475999745482],[-82.473652999810113,29.805811999785309],[-82.472565999688769,29.807299999755912],[-82.472444000388336,29.807467000302331],[-82.47225400041755,29.807731999850276],[-82.472203000363905,29.807803999944376],[-82.471989000103676,29.808111000013028],[-82.470850000103795,29.809745999969074],[-82.470671000003648,29.80997400004463],[-82.470479000383037,29.810194000130728],[-82.470275999993433,29.810406000280086],[-82.47006199973319,29.810609999764218],[-82.469836999602308,29.810804000140799],[-82.469602000323974,29.810988999932441],[-82.469356000276676,29.811163999946935],[-82.469101999833455,29.811329000236803],[-82.468839000067717,29.811483000053958],[-82.468567999906085,29.811626000228472],[-82.468290000071732,29.811758000028213],[-82.467904000282346,29.811919000061838],[-82.466046000407175,29.81259700019103],[-82.465612999863794,29.812772999735124],[-82.463349000107755,29.813597999996279],[-82.462953000272634,29.813757000193899],[-82.462627999684301,29.813876000372417],[-82.462550999691402,29.813904000210446],[-82.462143000160722,29.814040000091637],[-82.461825999968312,29.814134000142122],[-82.461729999708851,29.81416299989942],[-82.461148999925797,29.814310000098505],[-82.460595999731837,29.814449000172843],[-82.459116000148427,29.814733999642385],[-82.458607000335391,29.81484300037063],[-82.458341000196626,29.814907000149351],[-82.45810199982202,29.814964999986504],[-82.457601000404907,29.81509900001916],[-82.457105000112364,29.815245999621535],[-82.456562999789043,29.81543299972596],[-82.456313000442123,29.815525000069901],[-82.455643999897205,29.815774999678982],[-82.455590000368844,29.815795999938789],[-82.455243999864123,29.815932000364132],[-82.452478999792646,29.817014999630057],[-82.449389000031161,29.818233000095059],[-82.447347999857868,29.818884000224653],[-82.444633999840022,29.819800000311556],[-82.444201000194965,29.819938999767363],[-82.444001000178432,29.820005000046876],[-82.443714999948156,29.820098999944594],[-82.443078000088633,29.82033500001134],[-82.44199400034033,29.820735999874124],[-82.441498999872678,29.820919000145704],[-82.438754999717602,29.821964000119774],[-82.43715799995833,29.822572000206961],[-82.433725999890072,29.823869000248791],[-82.432911999580213,29.824177999872671],[-82.43142100012615,29.824741000219543],[-82.429579999969391,29.825437000056041],[-82.427751000406531,29.826112999946517],[-82.427184999793766,29.826336999846948],[-82.427139999587922,29.826354999837999],[-82.426830999791434,29.82645800037405],[-82.425977000196909,29.826794000045492],[-82.424777999922583,29.827347000308407],[-82.422823999787923,29.828474000160579],[-82.421627000061733,29.829147000244724],[-82.419918999974371,29.830084999998682],[-82.419513999918408,29.830321999694604],[-82.418544999797859,29.830887999968972],[-82.412754000437303,29.834132000348401],[-82.412346000008299,29.834353999837695],[-82.412012000097462,29.834552999827654],[-82.41168700040744,29.834763000178153],[-82.411371000039949,29.834981999695028],[-82.411064999718207,29.835216999902212],[-82.409719000029085,29.836191999665324],[-82.409574000264129,29.836296999731626],[-82.409272000140334,29.83650499999716],[-82.409086000367495,29.836632999825458],[-82.408651000174316,29.836930999983466],[-82.408529999800493,29.837017999647546],[-82.406703999712349,29.838330999877655],[-82.405833000399397,29.838961999678478],[-82.405595999674631,29.839126000313939],[-82.405491000092638,29.839180000378729],[-82.405404999878925,29.839206999620909],[-82.405172000250417,29.839259999901543],[-82.405159999656519,29.840278000039508],[-82.405162000204655,29.840979000135405],[-82.405173999900228,29.841750000352889],[-82.405173000075308,29.84219600024355],[-82.405153999808746,29.84254799997046],[-82.405102999755115,29.843326999698956],[-82.404871999776447,29.84338300000746],[-82.404342999871929,29.843532999955652],[-82.403547999828646,29.843764999660305],[-82.403178999757699,29.843871999725344],[-82.402242000322474,29.844144000335817],[-82.402114000275972,29.844177999970441],[-82.401781000190041,29.844266999715497],[-82.401467000370687,29.844331000130978],[-82.401142999607274,29.844379999715205],[-82.400959000382571,29.844396999883397],[-82.400795000351039,29.844406999889351],[-82.396039000334994,29.844451999903512],[-82.393843000350984,29.84447300037073],[-82.393640999786314,29.844479999746298],[-82.393554999572601,29.844481000213591],[-82.393320000294267,29.844483000369024],[-82.393147999866812,29.844484000057093],[-82.392849000116072,29.844481000213591],[-82.392429999816414,29.844461999903906],[-82.391951999965528,29.844419000050909],[-82.391910999957631,29.844413000359907],[-82.391319000303938,29.844318999958784],[-82.390606000276406,29.844152000205025],[-82.39037899959736,29.84408199996394],[-82.390139000296173,29.844008000123186],[-82.38975199978357,29.84386899986346],[-82.389433999766254,29.843735999921492],[-82.389021000212693,29.843540000176258],[-82.388700999647241,29.843370999721369],[-82.388488000110229,29.843245000136722],[-82.38815800039734,29.843039999767743],[-82.387383000445524,29.842545000068814],[-82.386323000088382,29.841846999977967],[-82.384154999693479,29.840462000096263],[-82.383902999798394,29.840321999846726],[-82.383638000382831,29.840200000014786],[-82.383419999924641,29.840115000248158],[-82.383229999953841,29.840051999980233],[-82.383077999617868,29.840010000299024],[-82.382933999677832,29.839976999757894],[-82.382788000087956,29.839949000211103],[-82.38264099977485,29.839926000104398],[-82.382491999811947,29.8399089999544],[-82.382230999696048,29.839893000314746],[-82.380316999744352,29.839908000220532],[-82.379802000083558,29.839912999669121],[-82.379742999634004,29.839912999669121],[-82.379559000409287,29.839914000182162],[-82.376686000382804,29.839944999718661],[-82.376668999766039,29.84010900029854],[-82.376959000194262,29.8404390001077],[-82.377526999558526,29.840857000326736],[-82.377715999704421,29.840951000090286],[-82.377924000116877,29.84101099984343],[-82.378379000401537,29.841016999738802],[-82.37859299976347,29.841089000013977],[-82.378617999877818,29.84114400029749],[-82.378598999611256,29.841265000035307],[-82.378510999747704,29.841456999917266],[-82.378416000211459,29.841786999947882],[-82.378428999731938,29.84201800009976],[-82.378509999922784,29.842369999674801],[-82.378504000074997,29.842656000266626],[-82.378396999944883,29.842920000325748],[-82.378257000202794,29.843167999792815],[-82.377827999857402,29.843750000333788],[-82.377269999640561,29.844301000087423],[-82.377171999731289,29.844399000040497],[-82.377107000332259,29.844488000367797],[-82.377020000293641,29.844608000263225],[-82.376874999630374,29.844871999837363],[-82.376570999856753,29.845977000084407],[-82.376426000091797,29.846285000232019],[-82.376057000020865,29.846836000023494],[-82.375861000202264,29.847127999820163],[-82.375763000292977,29.847274999837602],[-82.375345999643145,29.847978999645584],[-82.375200999878189,29.848121999803613],[-82.37499900021183,29.848645000141037],[-82.374835000180298,29.849076999961238],[-82.374770999707877,29.849170000137949],[-82.374317999971339,29.850320000057334],[-82.374255000222149,29.850513000077726],[-82.374224000260014,29.850711000191353],[-82.374242999628279,29.851096000283725],[-82.37438800029156,29.851622999871029],[-82.374445000192949,29.851871000318344],[-82.374420000078615,29.852145999789258],[-82.374338000062835,29.852387999725508],[-82.374312999948486,29.852530999801694],[-82.374364000002089,29.85375200008146],[-82.374370999674795,29.853948999631658],[-82.374377000420893,29.853967000101139],[-82.374452999690561,29.854467000331137],[-82.374579999912172,29.854990000152856],[-82.374605000026534,29.855391000379804],[-82.374681000194499,29.855721000327751],[-82.374738000095903,29.856370000133161],[-82.374769999882957,29.856545999709635],[-82.374914999647928,29.856629000380472],[-82.374914999647928,29.856705999692696],[-82.375000000036735,29.85680700018785],[-82.375044000417674,29.856862000383607],[-82.375152000372708,29.856945000012665],[-82.375914999730625,29.857312999911095],[-82.376267999908052,29.857538999857997],[-82.376508000107563,29.857742999729112],[-82.376760000002619,29.858039999666865],[-82.377088000065697,29.858589999699308],[-82.377289999732071,29.859107000144885],[-82.377580000160293,29.859322000316304],[-82.377699999810872,29.859469999835376],[-82.377762999560062,29.859624000249546],[-82.377698999985981,29.860004000244754],[-82.377478000053031,29.860526000351776],[-82.377440000418204,29.860773999714507],[-82.377440000418204,29.860950000094682],[-82.377579000335359,29.861235999660941],[-82.377815000336938,29.861518000337504],[-82.377938000360572,29.861665000200176],[-82.378020000376338,29.861819000343452],[-82.378052000163393,29.861917999753597],[-82.378052000163393,29.862034000125696],[-82.377893999979634,29.86236399992309],[-82.377495999596391,29.86292399998576],[-82.377413999580611,29.863133000379321],[-82.37745799996155,29.863375000165234],[-82.37745799996155,29.863612000323482],[-82.377426000174495,29.863711000291914],[-82.377091000438753,29.864337999888722],[-82.376693000055468,29.864942999905885],[-82.376313999938802,29.865618999617396],[-82.376257000037384,29.865750999754912],[-82.376219000402557,29.866025999934973],[-82.376237999770808,29.866124999845393],[-82.376407999650127,29.866487999715332],[-82.376883999851188,29.866991000264289],[-82.376938000277875,29.867049000245064],[-82.377278999861403,29.867549999830597],[-82.377405000258108,29.867671000283121],[-82.377708000206809,29.867847000183719],[-82.378118000285625,29.867958000293314],[-82.378206000149177,29.868051000016351],[-82.378200000301405,29.868171999861275],[-82.378136999653876,29.868310000329373],[-82.378143000399987,29.868413999889928],[-82.378186999882601,29.868519000347465],[-82.37832599979977,29.868656000110509],[-82.378489999831316,29.868765999875137],[-82.378616000228007,29.868788000125075],[-82.378862000275305,29.868754999748315],[-82.379019999560725,29.868765999875137],[-82.379083000208226,29.868820999711964],[-82.379165000223992,29.869030000217531],[-82.379171000071779,29.869508999895963],[-82.379196000186127,29.86963000030957],[-82.379309999988948,29.869739999779206],[-82.379782999816968,29.869805999870216],[-82.379971999962862,29.869915999924796],[-82.379884000099324,29.870318000367352],[-82.379845999566172,29.870366999659414],[-82.379663000166374,29.870471999619422],[-82.379561999884032,29.870597999892901],[-82.379397000027609,29.870989000043693],[-82.37927099963089,29.871561000009606],[-82.379043000025263,29.872264999899237],[-82.378822000092342,29.873623000171929],[-82.37857500022011,29.874227999969097],[-82.378340999868399,29.874524999914559],[-82.377741999643661,29.874954000178626],[-82.377697000336155,29.874998000281128],[-82.37717599992925,29.875376999988639],[-82.376507000282643,29.875657000113609],[-82.375857000004302,29.876068999958719],[-82.375000999861655,29.876710000245644],[-82.374830999982336,29.876841999728779],[-82.374528000033635,29.877056999852424],[-82.374389000116466,29.87733200002333],[-82.374313999773378,29.877629000072886],[-82.374286000184313,29.878083999728933],[-82.374276000138551,29.878250000221609],[-82.374239000328629,29.878569000303504],[-82.374075000297097,29.878953999634362],[-82.373923999786044,29.87920199992551],[-82.373892999823909,29.879291999715338],[-82.373979999862541,29.87941099971086],[-82.374016999672477,29.8795810000145],[-82.374075000297097,29.879685000286454],[-82.374173000206412,29.879713999706333],[-82.374435999972121,29.879651000284348],[-82.375003000409777,29.879432999949756],[-82.375148000174747,29.879455000183803],[-82.375291000289877,29.879584000360836],[-82.375414000313526,29.879891000280221],[-82.375694999622596,29.880107000172135],[-82.376196999762939,29.880313000073066],[-82.376549000115432,29.880543999860436],[-82.376714999796789,29.880746000001281],[-82.37681299970609,29.880991000205295],[-82.37700199985197,29.881234999708504],[-82.377197999670557,29.881386999825004],[-82.377490999573524,29.881483999875577],[-82.377671000396873,29.881474999786498],[-82.377731999597927,29.881359000210377],[-82.377748000389786,29.88124700011555],[-82.37786600039054,29.881192000120279],[-82.378061000384221,29.881243999819187],[-82.378237999936232,29.881306999792528],[-82.378375000203576,29.881271000146445],[-82.37848300015861,29.881105000009203],[-82.378528000364454,29.880839000264082],[-82.378605000357354,29.880673000186547],[-82.378728000381003,29.880647999906902],[-82.37886099955206,29.880715999998529],[-82.378970000230325,29.880941999901093],[-82.378961000009497,29.881238000005098],[-82.378903000283174,29.881499999858811],[-82.378934000245323,29.881787999896638],[-82.37890900013096,29.881930999901147],[-82.378817000069461,29.882012999615171],[-82.37864100034237,29.882030000383317],[-82.378528000364454,29.882118999867441],[-82.378528000364454,29.882318999757281],[-82.378646000365237,29.882525999847854],[-82.379062000291825,29.882651999692516],[-82.379540000142725,29.882724000311217],[-82.379751000029913,29.882671999826321],[-82.379911999688403,29.882496999687948],[-82.380104000207339,29.882045000188182],[-82.380224999682852,29.881840000063647],[-82.380426000422617,29.881710999689432],[-82.380685999815285,29.881643000276345],[-82.381079000175689,29.881638999897081],[-82.381377999926414,29.881589999911288],[-82.381881999716583,29.881637999802258],[-82.382253000335652,29.881650000160779],[-82.382552000086406,29.881624000031128],[-82.382710000270166,29.881529999625691],[-82.382700000224403,29.881445000003065],[-82.382627000429466,29.881291999876701],[-82.382492999636852,29.881139999615385],[-82.382474000268601,29.881031999678363],[-82.382525000322232,29.8809319996612],[-82.382684000330883,29.88092200019921],[-82.383198000166786,29.881093999685366],[-82.383881000057073,29.881333000004837],[-82.384209000120137,29.881414000113537],[-82.384666999879556,29.88136299982197],[-82.384815000017554,29.881305000375107],[-82.384886999987572,29.881275999860087],[-82.385117000141335,29.881304000276863],[-82.38581199972721,29.881465999696683],[-82.386564999937704,29.881704999903434],[-82.387415000232579,29.881902999660447],[-82.387750999793255,29.881900000162709],[-82.3878110000677,29.881807000110602],[-82.387755999816108,29.881629999821996],[-82.387799000372141,29.881545000284621],[-82.388011000084248,29.881543000093068],[-82.388037000023516,29.881543000093068],[-82.38836500008658,29.881632000011869],[-82.388613999608623,29.881798000050683],[-82.388612999783703,29.882059999990751],[-82.388575000148847,29.882490999949251],[-82.388466000368908,29.882900000133422],[-82.388504000003749,29.883052000048451],[-82.388622000004531,29.883151000196484],[-82.388751999700858,29.883164999753159],[-82.388831000241893,29.883081000046925],[-82.38888399994535,29.882914999807344],[-82.388950999892501,29.882825000171902],[-82.389049999626707,29.882817000286956],[-82.389150999909035,29.882889000007541],[-82.389222999879053,29.883014000091418],[-82.389256000389352,29.883241000316506],[-82.389220000404336,29.883413999773939],[-82.389052000174829,29.883605000284994],[-82.388866000402004,29.883775999742941],[-82.388780000188262,29.883956999623951],[-82.388770999967448,29.88413100024556],[-82.388924999953218,29.884232000238736],[-82.389130999817553,29.884245000353822],[-82.389197999764704,29.884347000299226],[-82.389193999566743,29.884532000185967],[-82.389294999849071,29.884607999707324],[-82.389583999554077,29.884594000353278],[-82.390323000419187,29.884452999628],[-82.391062000386,29.884302000359096],[-82.391290999816533,29.884222999618871],[-82.391506999726602,29.884118000115603],[-82.391695000047562,29.884099999633321],[-82.391818999896131,29.884144999664631],[-82.391982999927663,29.884260999894],[-82.392088000407966,29.884629000292492],[-82.392184999594036,29.88484900029686],[-82.392356000196557,29.88486299961512],[-82.392531000098757,29.884793999951857],[-82.392582999977293,29.884716999729395],[-82.392670999840831,29.884690000335262],[-82.392849000116072,29.884754999816302],[-82.393270999890461,29.885114000188597],[-82.393494000371533,29.885445000022177],[-82.393533999656199,29.885767999887452],[-82.393583999884896,29.885998000226646],[-82.393779999703483,29.88611900010746],[-82.393998999986607,29.886214000129844],[-82.394228000315465,29.886412000279005],[-82.394389999798861,29.886589999912268],[-82.394537000111939,29.886587999821867],[-82.394687999724695,29.886479000287682],[-82.394798000227851,29.886338999939355],[-82.394902999809844,29.886297000263859],[-82.395028000381629,29.886414000372945],[-82.395129999590552,29.886550999700351],[-82.39523599989576,29.886554999882613],[-82.395353000071637,29.886492000109723],[-82.395642999601534,29.886202000320555],[-82.395773000196186,29.886201000271495],[-82.395897999869675,29.886328000192954],[-82.395977000410696,29.886500999745941],[-82.396072999771846,29.886602999719845],[-82.396201999643296,29.886605999854954],[-82.396288999681914,29.886508000068197],[-82.396391999614082,29.886301999725486],[-82.396487999873557,29.886018999740219],[-82.396699999585664,29.886001000379974],[-82.396995000036753,29.886053999958062],[-82.39751899991839,29.886068999936377],[-82.397646999964905,29.886156000389303],[-82.397816000019333,29.88634800036824],[-82.39786600024803,29.886519999840594],[-82.39785399965416,29.88675100004626],[-82.397764000140768,29.886947999866205],[-82.397540999659697,29.887154999692424],[-82.397313000054069,29.887416000316843],[-82.397196999703127,29.88752999978427],[-82.397198000426343,29.887639999761756],[-82.397344000016219,29.88776400008642],[-82.397559999926287,29.887846999708824],[-82.397737000376594,29.887891000353264],[-82.397870000445991,29.887890000321146],[-82.397954000111582,29.887829999932539],[-82.397980999875756,29.887639999761756],[-82.398073999762175,29.887363999942565],[-82.398195000135999,29.887193999667996],[-82.398404000373375,29.887166000126435],[-82.398627999781056,29.887240999937855],[-82.398770999896172,29.887318999806464],[-82.398779000292109,29.887472000030549],[-82.398719999842555,29.887659999673822],[-82.398652000070484,29.887843000357321],[-82.398539000092597,29.888310999721725],[-82.398524999848888,29.888565000257557],[-82.398582999575197,29.888746000011526],[-82.398601999841787,29.888928000237353],[-82.398517000351291,29.88917499984543],[-82.39856300038204,29.88930499992626],[-82.398669999613844,29.889390999874539],[-82.398802999683227,29.889394999942784],[-82.398934000102798,29.889322000229853],[-82.399088999913502,29.889269000052664],[-82.399204000439539,29.889300999854402],[-82.399374000318844,29.889412000231022],[-82.399843999773822,29.889879000005447],[-82.400070999554544,29.889929999835019],[-82.400361999807672,29.88992499977649],[-82.400653000060814,29.889906000330797],[-82.400836000358922,29.889955000123646],[-82.400925999872285,29.890026000130479],[-82.400933000443288,29.890166999983116],[-82.400858999925134,29.890316999706847],[-82.400663999931453,29.890485000095207],[-82.400598999634141,29.890580999856155],[-82.400684000022963,29.890759999836966],[-82.400807000046598,29.890897000201146],[-82.400806000221692,29.891030000374606],[-82.400754000343142,29.891131000387777],[-82.400764000388904,29.891236000292967],[-82.400836000358922,29.891276000227744],[-82.40111500001818,29.891224000309357],[-82.401195000384121,29.891280000220345],[-82.401198999683757,29.891394999938836],[-82.401195000384121,29.891468999687497],[-82.401135000109662,29.891767999670233],[-82.401090999728737,29.891949999830054],[-82.401131999736606,29.892160000140709],[-82.401149000353357,29.892352000237864],[-82.401181000140411,29.892617999639548],[-82.401284000072579,29.892825000152563],[-82.40145999979967,29.892981999637907],[-82.401715000067796,29.893107000306383],[-82.402016000366686,29.893167999834208],[-82.402572000035377,29.893177999625603],[-82.402811000409969,29.893202999878444],[-82.403054000084211,29.893349999774053],[-82.403063000305053,29.893570000002217],[-82.402888000402854,29.893649000344428],[-82.402604999647338,29.893662000010291],[-82.402358999600025,29.893711000293134],[-82.402301999698636,29.893844999799242],[-82.402330000186026,29.894157000043442],[-82.402485999821636,29.894838000149338],[-82.402582999906031,29.895220999821461],[-82.402669000119758,29.89550200024911],[-82.402855999717488,29.895786999696199],[-82.40316399968907,29.895943000015734],[-82.403572999942995,29.896194999896228],[-82.403778999807315,29.896147000005168],[-82.403875999891696,29.895950999626162],[-82.403837000431949,29.89568499977457],[-82.403922999747351,29.895525000007911],[-82.404212000350668,29.895546999806111],[-82.40445599984983,29.895749999874123],[-82.404583999896346,29.896060999655898],[-82.40465900023942,29.896388999901614],[-82.404666999737017,29.89653199998898],[-82.404545000436613,29.896630999989171],[-82.404345000420065,29.896678999647044],[-82.404146000228437,29.89674299993375],[-82.404068000410632,29.896825999867058],[-82.404164999596702,29.897035000087328],[-82.404272999551722,29.897213000219935],[-82.404251999635321,29.897378000076369],[-82.404082999580936,29.897451000119226],[-82.40373100012674,29.897562999920961],[-82.403572999942995,29.89765200033424],[-82.403533999584923,29.897774999951963],[-82.403623000171706,29.897835999737758],[-82.404306999886913,29.89793100027449],[-82.404554999584036,29.898025999941876],[-82.404680999980741,29.898172999732427],[-82.404655000041458,29.898408999821996],[-82.404499000405849,29.898636000034106],[-82.40424699961244,29.898896000266131],[-82.403998000090425,29.899205999656104],[-82.403947999861714,29.899391000000655],[-82.403957000082556,29.899601000207102],[-82.404060000014724,29.899820999874471],[-82.404398000123521,29.900402000257138],[-82.404685000178688,29.900956999828658],[-82.404797000331683,29.901417999861195],[-82.404936000248853,29.901632000044998],[-82.405154999633652,29.901763000123594],[-82.405351000350549,29.901872999967367],[-82.40543599984106,29.902046999684693],[-82.405474000374198,29.902215999656239],[-82.405640000055556,29.902357000173446],[-82.405780999622536,29.902515000101694],[-82.405748000010576,29.902678999860811],[-82.405573000108404,29.902835000292775],[-82.405486999894663,29.902938999666336],[-82.40551200000904,29.903031000369488],[-82.405605999720365,29.90304999964923],[-82.405742000162803,29.903105000043915],[-82.405855000140704,29.903190999764849],[-82.405869000384399,29.903369999679388],[-82.405866000011358,29.903539999618015],[-82.405915000415163,29.903683000344955],[-82.406009999951394,29.903759000059615],[-82.406041999738449,29.903922000235841],[-82.406003000278716,29.904070999633333],[-82.40590799984416,29.904221000233626],[-82.405835999874128,29.904276999849536],[-82.405814999957727,29.904293999935298],[-82.40560300024562,29.904295999670392],[-82.4053549996502,29.904273000378623],[-82.405156000356882,29.904305999902483],[-82.404875999974394,29.904487999746632],[-82.404641999622669,29.904624000063457],[-82.404468000443714,29.904779999786015],[-82.404440999781215,29.904969999986712],[-82.404513999576139,29.905123000368487],[-82.404650999843497,29.905245000250105],[-82.404764999646318,29.905397000353069],[-82.404854000233072,29.90547800037471],[-82.404930000401066,29.905457000288894],[-82.405112999800863,29.905475999884693],[-82.405308999619436,29.905576000197495],[-82.405383999962524,29.905678000117256],[-82.405409999901778,29.905862000273295],[-82.405332999908893,29.906262999998756],[-82.405347999977508,29.906462999722624],[-82.405461999780314,29.906610000303147],[-82.405734999591786,29.906796999822362],[-82.406025999844942,29.906983999769235],[-82.40630000037963,29.907191000029741],[-82.406333999816496,29.907225999820625],[-82.40648500032755,29.907378999852245],[-82.406527999985258,29.907543000169728],[-82.40648500032755,29.907773999926299],[-82.406302000029442,29.908155000053259],[-82.406117999906442,29.908475000037374],[-82.405956000423046,29.90867199974263],[-82.405860000163585,29.908775000208159],[-82.405861999813396,29.908893000224989],[-82.406004000103621,29.909003999803076],[-82.406183000203768,29.909131000255968],[-82.406199999922208,29.90918800004485],[-82.406214000165903,29.909232999650207],[-82.406076000073639,29.909460000118138],[-82.40601300032445,29.909603999947848],[-82.406066999852811,29.909716000104073],[-82.406220999838595,29.909724999979062],[-82.406444000319667,29.909723000352962],[-82.406516000289699,29.909783999831554],[-82.406563999970274,29.909874999852281],[-82.406529999635083,29.909952999915092],[-82.406573000191116,29.910100999826497],[-82.406631999742345,29.910131000328875],[-82.406844000352763,29.910117999697011],[-82.407021999729665,29.910177999903873],[-82.407059000437911,29.910315999853108],[-82.406883999637429,29.910651000074246],[-82.406870000292017,29.910903000130229],[-82.406777000405611,29.910970000025408],[-82.40660099978021,29.911008000224918],[-82.406446999794412,29.910947999739417],[-82.406237999557021,29.910761000226536],[-82.406054000332318,29.910670000236632],[-82.405831999676181,29.91073899989431],[-82.405732999941961,29.91087399966186],[-82.405599999872578,29.911028999919079],[-82.405502999788212,29.911203999794015],[-82.405496999940411,29.911264999922849],[-82.40548199987181,29.911420000350283],[-82.405562000237751,29.911623999796589],[-82.405751000383631,29.911729999702725],[-82.405895000323682,29.91189799980766],[-82.405838000422264,29.912056999965753],[-82.405775999599669,29.912201999722111],[-82.405785999645417,29.912335000268865],[-82.405947000202204,29.912486999675096],[-82.406014999974275,29.912666000015435],[-82.406057999631969,29.912819000255805],[-82.406112000058656,29.912895000007893],[-82.406185999678485,29.913104999779495],[-82.406216999640648,29.913248000012],[-82.406359999755765,29.91337000006439],[-82.406527000160352,29.913541999616253],[-82.406529999635083,29.913752000359477],[-82.4066290002676,29.914053999747232],[-82.406763000161902,29.914176000369448],[-82.406958000155555,29.914230000303544],[-82.40713399988266,29.914166000349599],[-82.407236999814813,29.913981000190528],[-82.407322000203635,29.913718000298861],[-82.407425000135802,29.913553000252001],[-82.40755999985501,29.913505999933786],[-82.407689999551351,29.913540000066792],[-82.407752000373947,29.913615000273353],[-82.407809000275364,29.913948999749387],[-82.407783000336096,29.914082000298915],[-82.407662999787178,29.914308999837193],[-82.40761900030455,29.914541999782085],[-82.407658999589216,29.914675000318255],[-82.407834000389713,29.914765999763162],[-82.408025000185432,29.914765999763162],[-82.408221000004005,29.914653999835604],[-82.40836300029423,29.914528999725981],[-82.408591999724791,29.914470000348551],[-82.408836999947155,29.914475999719347],[-82.409078999796478,29.914586000318693],[-82.40954300030198,29.914818999615452],[-82.409657999929706,29.915031000299777],[-82.409575999913969,29.915267999920843],[-82.409476000354843,29.915494000114972],[-82.409384000293329,29.915652000228533],[-82.409089999667131,29.915659999813681],[-82.408809000358062,29.915729999659955],[-82.408709999725545,29.915848999752864],[-82.408759000129351,29.915991999938132],[-82.40896199962063,29.916194999614302],[-82.408987999559898,29.916363999719433],[-82.408825000251611,29.916451999941682],[-82.408727000342296,29.916643000200647],[-82.40880599998502,29.916822000078177],[-82.40899599995582,29.91691200015601],[-82.409219000436892,29.916873999873506],[-82.40956000002042,29.916834000093239],[-82.410056000312977,29.916946999645237],[-82.410723000309758,29.917089000071766],[-82.41114000006128,29.917238000016518],[-82.411090999657461,29.917515000136387],[-82.410863999876753,29.917667000200776],[-82.410570999973785,29.917798000213534],[-82.41036699975929,29.917912999690355],[-82.4103040000101,29.918052000329688],[-82.410394000421789,29.918188999761608],[-82.410565000126013,29.918222999852823],[-82.410873999922487,29.91841000014719],[-82.411095999680342,29.918628000092735],[-82.411136999688239,29.918668999654159],[-82.411282000351477,29.918908000179808],[-82.410895999663794,29.919301999969719],[-82.41090400005973,29.919480999738575],[-82.411094999855436,29.919664000374482],[-82.411325000009199,29.919722999788792],[-82.411648999874316,29.919673000129041],[-82.411823999776487,29.919578999797601],[-82.411935000104549,29.919531999987917],[-82.412048000082464,29.91960200022648],[-82.412250999573743,29.919835999954984],[-82.412355000229127,29.920061000193435],[-82.412309000198377,29.920184000171087],[-82.412128000448405,29.920293999914801],[-82.411923000409004,29.920346999939028],[-82.411679999836451,29.920242000348384],[-82.411503000284426,29.920187999781689],[-82.411290999674009,29.920179999781784],[-82.411128000365707,29.920299000006434],[-82.411006000166978,29.920460000175652],[-82.411042999976885,29.920581999956344],[-82.411237999970552,29.92061600000897],[-82.411644999676341,29.920647999864713],[-82.412094000113214,29.920770999895744],[-82.412289999931801,29.92072300016757],[-82.412568999591059,29.920838000158927],[-82.41261899981977,29.92106799974303],[-82.412807999965665,29.921132999630736],[-82.413084999975098,29.921160000050751],[-82.413257000402552,29.921219999833323],[-82.413228999915134,29.921348999671523],[-82.413037000294523,29.921493999911771],[-82.412932999639139,29.921613000122999],[-82.412757999736939,29.921778999741658],[-82.41252400028354,29.921874000022658],[-82.412455999613158,29.922017999808681],[-82.412611000322173,29.922160000010024],[-82.412793999721956,29.922234999952408],[-82.41298299986785,29.922237999793229],[-82.413176000211692,29.922175000003037],[-82.413345000266091,29.922059999999007],[-82.413484000183274,29.921909999794067],[-82.413601000359122,29.921851999809935],[-82.413760000367787,29.921851000118671],[-82.413798000002629,29.922014000271602],[-82.413727999682436,29.922107000172392],[-82.41359999963592,29.922170000005625],[-82.413466999566523,29.922336000252621],[-82.413485999833085,29.922478999685406],[-82.413664000108326,29.922517999848939],[-82.413823000116963,29.92253200010353],[-82.413976000277856,29.922529999956058],[-82.414116000019945,29.922472000333155],[-82.414167000073562,29.922322999657005],[-82.414130000263654,29.922180000000207],[-82.414122999692637,29.922124000329031],[-82.414251999564073,29.92208099969822],[-82.414499000334587,29.922057999842007],[-82.414798999910232,29.922044999988668],[-82.414999999751686,29.922114000328879],[-82.415166000331354,29.92220999997787],[-82.415362999974846,29.922366999869435],[-82.415732000045793,29.922485999815684],[-82.415896000077325,29.922421999718324],[-82.41602499994876,29.922349000068021],[-82.416075000177472,29.922184999997121],[-82.416071999804416,29.92197400022058],[-82.416106000139607,29.921820000341189],[-82.416198000201121,29.921676000268839],[-82.416385999623785,29.92165300031904],[-82.416522999891129,29.921758999670931],[-82.41655999970105,29.921922999665028],[-82.416521000241303,29.922087999856487],[-82.416429000179789,29.922217000127116],[-82.416413000286283,29.922324999808687],[-82.416579999792532,29.922477000315403],[-82.416710000387198,29.922547000040474],[-82.417108999697049,29.922403999926846],[-82.417750999579468,29.922478999685406],[-82.418011999695381,29.922569000099617],[-82.418134999719015,29.92277800002967],[-82.41829100025295,29.922956000097241],[-82.418574999935061,29.923072999981382],[-82.418728000095953,29.923092999788135],[-82.418909999670845,29.923058000123685],[-82.41911399988534,29.922978000065992],[-82.419246999954723,29.922836999934244],[-82.419292000160567,29.922782000314637],[-82.419498999849807,29.922525999660962],[-82.419886000362411,29.921982999766332],[-82.420069999587113,29.921717000132201],[-82.420186999762976,29.921549000242969],[-82.420216999900205,29.921504999669011],[-82.420325999680145,29.92128300022781],[-82.420364000213297,29.921051999883943],[-82.420454999551566,29.92084600010601],[-82.420731999560999,29.920828000029527],[-82.421012999768408,29.920716999615987],[-82.421489999794389,29.920301999905597],[-82.421877000306992,29.91999499989587],[-82.422069999752523,29.919941999684269],[-82.422398999640492,29.919922999733771],[-82.422920000047384,29.920080999826695],[-82.423536999815454,29.920468999858191],[-82.423880999772038,29.920644999976034],[-82.423944000419539,29.920676999822451],[-82.425224999811334,29.921332999857587],[-82.425940000387001,29.921582000271407],[-82.426235999764685,29.921770999869548],[-82.426264000252104,29.921788999775526],[-82.426291999841183,29.921806999678196],[-82.426330000374335,29.921702000070184],[-82.426373000032044,29.9215989997391],[-82.426492999682637,29.921288999966748],[-82.426787000308821,29.920491000376554],[-82.427121000219657,29.919353000310686],[-82.427173000098193,29.919136000113916],[-82.427209000083209,29.918863999995786],[-82.427213000281171,29.918622999917186],[-82.427220999778783,29.91841000014719],[-82.427216999580821,29.918202000118441],[-82.427204999885248,29.918004999799098],[-82.427188999991728,29.917821000275239],[-82.427153000006712,29.917627999694112],[-82.427108999625787,29.917427000074984],[-82.427040000028811,29.917207000359934],[-82.426947999967311,29.916961999645032],[-82.426855999905783,29.916770000255688],[-82.426598999987846,29.916307999891469],[-82.42669100004936,29.916085999762924],[-82.42695899983795,29.915239999702585],[-82.4277980002622,29.912687999921989],[-82.429277000020704,29.909025999739857],[-82.430287999974055,29.906586999988257],[-82.430296000369978,29.906567999825707],[-82.43062899955757,29.906112000287731],[-82.430661000242949,29.906067999900802],[-82.431127000398277,29.905399999922444],[-82.431654999579564,29.904818000010891],[-82.432473999912304,29.904269000128821],[-82.43339100015433,29.903580999940012],[-82.434536999826904,29.902783000175958],[-82.434547999697543,29.90274699971971],[-82.436105000172176,29.901597999740854],[-82.436398000075144,29.901381999690486],[-82.437825999780017,29.900449999656114],[-82.438592000409301,29.900015999739953],[-82.440022999588919,29.899277000081536],[-82.440595999874375,29.898981999726324],[-82.441447999819076,29.898541000169491],[-82.442363000411277,29.898069000056687],[-82.446099000253142,29.896134999834121],[-82.44626699958431,29.896048000302962],[-82.447063000350809,29.895635999683542],[-82.447453000338172,29.895447000330329],[-82.447752000088897,29.895286000223638],[-82.448260999901933,29.894984999969775],[-82.44850199992635,29.894817000157257],[-82.448717000011513,29.894650000025866],[-82.448730000430302,29.894640000382175],[-82.44899099964789,29.8944089997673],[-82.449208000281189,29.894189999802489],[-82.449415999795335,29.893970000164099],[-82.449661999842647,29.893672999726224],[-82.449823000399434,29.893438000079392],[-82.449999000126525,29.893151000186638],[-82.450106000256653,29.892950000239058],[-82.450225999907261,29.892696999957533],[-82.450333000037375,29.89243999986671],[-82.45042599992378,29.892178999935638],[-82.450482999825198,29.891979000355459],[-82.450491000221135,29.891952999804239],[-82.450575999711603,29.891482999633787],[-82.450595999803099,29.891339000092465],[-82.450618000442716,29.891174000362337],[-82.450645000206904,29.890864000130637],[-82.450656999902463,29.890552999708301],[-82.450656000077558,29.890439999810305],[-82.450655000252638,29.890240999864659],[-82.450668999598037,29.888730999657078],[-82.450677999818851,29.888212000024428],[-82.450706000306283,29.887591999644904],[-82.45070999960592,29.887513999989888],[-82.4507570003599,29.88681599974127],[-82.45081900028417,29.88611900010746],[-82.450861000116973,29.885731000240476],[-82.450902000124856,29.885300000267943],[-82.45099400018637,29.884157999791064],[-82.451128000080658,29.882796000098963],[-82.451144999799098,29.882623999654268],[-82.451267999822733,29.881454000094841],[-82.451360999709166,29.880490999690092],[-82.451400000067224,29.878818000117406],[-82.451456999968642,29.875735999850878],[-82.451463999641334,29.874313999679714],[-82.451483999732801,29.873098000271071],[-82.45149999962635,29.872094000177114],[-82.451529999763565,29.870258000311136],[-82.451533999961526,29.869742000207534],[-82.451544000007274,29.86937800027421],[-82.451553000228103,29.869077999921434],[-82.451574000144504,29.86861500022388],[-82.451641000091655,29.867888999839661],[-82.451696000343233,29.867480999873784],[-82.451785000031691,29.866952999640763],[-82.45195400008609,29.866186999770783],[-82.452016000010389,29.865962999657548],[-82.452191999737479,29.865369000094102],[-82.452241000141271,29.865217999975773],[-82.452309999738233,29.865004999786692],[-82.452422999716148,29.864673999888865],[-82.452734999885692,29.863785000330083],[-82.454518000316128,29.858707999914767],[-82.455313000359396,29.856390999651836],[-82.45629199962741,29.853628000323408],[-82.456433000092701,29.85324200026659],[-82.456531000002002,29.852939999722334],[-82.456689000185747,29.852484000316835],[-82.456886999654159,29.851912999685883],[-82.457069999952267,29.851312000189303],[-82.457151000143114,29.850968999915452],[-82.457247000402575,29.850674999633252],[-82.457427000327655,29.849854000133387],[-82.457638000214828,29.84875700021621],[-82.457772000109131,29.848126999620177],[-82.457909000376489,29.847418999883374],[-82.458111999867754,29.846443000181971],[-82.458187000210827,29.846027999764672],[-82.458215999624841,29.845865999681973],[-82.458382000204494,29.845068999767239],[-82.458562000129561,29.844124999961998],[-82.458595999566413,29.844010000288087],[-82.458701000046716,29.843486000131186],[-82.458834999941047,29.842765000151349],[-82.458973999858202,29.842099000178219],[-82.45940800022646,29.839935999778813],[-82.459510000333722,29.839953999657642],[-82.459855000115226,29.839955999903736],[-82.460009999925916,29.839953999657642],[-82.4603539998825,29.839949000211103],[-82.460661000029162,29.839943999985099],[-82.461327000201038,29.839949000211103],[-82.461486000209689,29.839946000231397],[-82.461822999595256,29.839938999758825],[-82.46210100032792,29.839934000311537],[-82.464037999845843,29.83992900008478],[-82.464196999854494,29.839926000104398],[-82.464405000266964,29.839926999838141],[-82.465309999915092,29.839929999818434],[-82.465699999902441,29.839932000065023],[-82.467986000298112,29.839943000251573],[-82.469957000151226,29.839961000129144],[-82.470055000060498,29.839963000375096],[-82.470620999774937,29.839973000045745],[-82.47123199969522,29.839984000227794],[-82.471326000304856,29.839984000227794],[-82.472481000198272,29.83998799993951],[-82.473357000432401,29.839996000141621],[-82.474404000370782,29.840005999808962],[-82.474522000371564,29.840007000321137],[-82.475533000324916,29.840028000164583],[-82.476085999620551,29.840045000294328],[-82.47655699979876,29.840060000177228],[-82.477459999797077,29.840066000129788],[-82.47826099968816,29.840063000153577],[-82.479119000378958,29.840048000271072],[-82.483159999819335,29.84007800003377],[-82.483768000264888,29.840087999692891],[-82.484174000145742,29.840075999790116],[-82.484513999904379,29.840048000271072],[-82.484646000148842,29.840029999629955],[-82.484719999768686,29.840019999964966],[-82.484894999670885,29.8399780002703],[-82.484978000409868,29.839958000149792],[-82.485194000319936,29.839893000314746],[-82.485302000274984,29.839856999752573],[-82.485564000215788,29.839759000017889],[-82.488422999998591,29.838510000106371],[-82.491679000339758,29.837063999636342],[-82.491831999602311,29.837006000155192],[-82.492004999854686,29.836961999666471],[-82.492183999954833,29.836926000385631],[-82.492440000047864,29.836904000126051],[-82.492701999988682,29.83690700019719],[-82.495139999822015,29.837023000020022],[-82.495760999788033,29.83705800028271],[-82.497566999784681,29.837158999613933],[-82.49972199976078,29.83728599962333],[-82.500134000387732,29.837310000097798],[-82.500556000162135,29.837335000326195],[-82.500608999865591,29.83735100037557],[-82.500645999675498,29.837371999998158],[-82.500678000360864,29.837403000323501],[-82.500700000102185,29.837437999673863],[-82.500711999797758,29.837478000140852],[-82.500711999797758,29.837523999917835],[-82.500722999668412,29.837626999849807],[-82.500864000133717,29.83892300032872],[-82.500986000332446,29.840335000228837],[-82.501094000287495,29.841748000142722],[-82.501122999701479,29.841866999720231],[-82.501172000105299,29.842539999972754],[-82.501291999755878,29.84373500022588],[-82.501295999953854,29.843853000078987],[-82.501312999672265,29.843942000113675],[-82.501346000182565,29.844033999926069],[-82.501389999665179,29.844119999945072],[-82.501752999888339,29.844752999944536],[-82.501931000163566,29.845085000136084],[-82.502122999784191,29.845412000050789],[-82.502466999740776,29.845958000059358],[-82.503002000391376,29.846882000165504],[-82.503333999754091,29.847491000217971],[-82.503419000142912,29.847657000185563],[-82.50352200007508,29.847827000054064],[-82.503559999709893,29.84788199974335],[-82.503638000426022,29.847980000077875],[-82.503906000214627,29.848237999846688],[-82.504616999694022,29.848882000214299],[-82.504666000097814,29.848932999969154],[-82.505092000070164,29.849332000314281],[-82.505486000255473,29.849681000132982],[-82.505891000311436,29.850020999700767],[-82.505914999702554,29.85003299996681],[-82.506215000176525,29.850284000137329],[-82.506524999797918,29.850525999912275],[-82.506843999640154,29.850757999731695],[-82.507173000426448,29.850979000042329],[-82.508375000175505,29.85184399982511],[-82.508694000017741,29.852043999640383],[-82.509519000198253,29.852534000182484],[-82.509664999788129,29.852627000255495],[-82.510279999906359,29.852990999741646],[-82.51043899991501,29.853074999854073],[-82.510650999627117,29.853207000221897],[-82.510870999735147,29.853328999745589],[-82.511099000239085,29.853439000044094],[-82.511116999782445,29.85344100002002],[-82.511235999608132,29.853493000160384],[-82.511249000026922,29.853499000084966],[-82.511275999791096,29.853510999932958],[-82.511567999869143,29.853628999919977],[-82.511639000014256,29.853653999958699],[-82.51255000040851,29.853974000369366],[-82.5132269995527,29.854226000350604],[-82.513619000088184,29.854380999874657],[-82.514075000197764,29.854560999748781],[-82.514092999741109,29.854571999882051],[-82.514383000169346,29.85466200007706],[-82.514736000346758,29.854823000327304],[-82.51499599973944,29.85497300023],[-82.515134999656624,29.855053999927925],[-82.515543999910534,29.855306999878877],[-82.516117000195976,29.855688000304159],[-82.517782999552225,29.856775000088327],[-82.518662000159424,29.857300999741067],[-82.519430000438533,29.857742999729112],[-82.52021100023812,29.858242999742718],[-82.521408999789216,29.858989999943923],[-82.522150000304151,29.859440999983782],[-82.52318999967153,29.860074000229599],[-82.524660000107517,29.860951999920179],[-82.524756000366978,29.861008999993341],[-82.525194000034887,29.861282999699192],[-82.526064000421272,29.86184599969657],[-82.526501000264261,29.862109000140052],[-82.526729999694808,29.862224000000701],[-82.52698599978784,29.862281999636249],[-82.527052999734991,29.862290000389194],[-82.527211999743642,29.862452000308004],[-82.527472000034649,29.862661000132096],[-82.528051000167892,29.863052999728733],[-82.528180999864233,29.863130999818544],[-82.533455999739033,29.866304000102989],[-82.534074000230333,29.866731999643182],[-82.534439000103319,29.867088000293741],[-82.534712999739696,29.867437999808818],[-82.53493200002282,29.867835999955577],[-82.535080999985738,29.868234000072608],[-82.535159999628448,29.868629999709402],[-82.535204000009372,29.869087000350206],[-82.535212000405295,29.872957999830888],[-82.535213000230215,29.873008999746894],[-82.535264000283831,29.878878999820611],[-82.535610999715146,29.878754000005632],[-82.536482999751343,29.878395000102085],[-82.537230000114064,29.877998000153351],[-82.537947000339543,29.877524999993547],[-82.538533000145478,29.877079999972246],[-82.539226000081513,29.8765530000605],[-82.539379000242377,29.876437000211489],[-82.539996999835353,29.876003000116924],[-82.540242999882651,29.875829000112191],[-82.540359000233607,29.875746999986845],[-82.540498000150777,29.875648999653556],[-82.540740999825033,29.875458000261393],[-82.542396000208939,29.874160000127308],[-82.542600000423434,29.874000000087594],[-82.543575000391783,29.873232000219083],[-82.544556000207919,29.87246100010853],[-82.544670000010726,29.872378000142461],[-82.544753999676317,29.872316000169608],[-82.545061999647913,29.872091000384362],[-82.545542000046922,29.87173300006064],[-82.545969999669097,29.871415000123058],[-82.546296999907241,29.871177000383419],[-82.546674000374111,29.870887999880587],[-82.548302999920438,29.869660999967042],[-82.549010999925088,29.869111999632835],[-82.550061000236511,29.868317999820032],[-82.550981999778188,29.867628000300051],[-82.55122600017566,29.867444999911275],[-82.551743000384604,29.867082999868927],[-82.553995000445099,29.865636000063922],[-82.555453000287201,29.864814000269103],[-82.556737999876958,29.864099000134321],[-82.557651999745929,29.863590999987061],[-82.559391999620345,29.862623000196624],[-82.559494999552484,29.862566999773339],[-82.559713999835608,29.86244900022535],[-82.560243999565031,29.862163000240173],[-82.560596999742444,29.861963999957563],[-82.561194000317343,29.861628999697356],[-82.562110999661073,29.861131999630189],[-82.563007999811603,29.860620000295825],[-82.563225000444902,29.860495999721092],[-82.564110000001563,29.860016999622395],[-82.565117999581858,29.859459000241884],[-82.566003000036858,29.858979999840525],[-82.566456999598287,29.858695000366634],[-82.567009999792262,29.858386000001186],[-82.570685000433059,29.856361999684658],[-82.571328000140383,29.855990999898655],[-82.571622999693176,29.855820000333154],[-82.572816000119715,29.855156000117738],[-82.573140999809723,29.854975000175251],[-82.574130999846702,29.854424999700726],[-82.574524000207077,29.854205999967206],[-82.574923000415254,29.853984000195236],[-82.575145999998028,29.853859999946309],[-82.575291999587876,29.853777000089437],[-82.576304000264471,29.853238000306597],[-82.576951999994662,29.852850999916555],[-82.578296999858864,29.852105000131512],[-82.578751000318633,29.851871999932456],[-82.579204000055157,29.851598999719666],[-82.579639000248335,29.851369999932874],[-82.580060000197832,29.851133000311517],[-82.580133999817647,29.85109299985972],[-82.58035200027588,29.850974999991681],[-82.580496000215916,29.850886999616396],[-82.580639000331047,29.850800000346663],[-82.580927000211148,29.850640999873342],[-82.581155999641666,29.850490000066618],[-82.581601999705512,29.85017800034101],[-82.58167600022368,29.850123000358199],[-82.581697000140082,29.850107999649307],[-82.581817999615581,29.850018999656271],[-82.581919999722828,29.849956000182274],[-82.582045000294613,29.849879999972401],[-82.582451000175482,29.849574999696408],[-82.582662000062669,29.849399000295971],[-82.582761999621795,29.849306000332565],[-82.582851000208564,29.849222000165508],[-82.58305799989779,29.849050000270712],[-82.583262000112299,29.848895000261258],[-82.583283999853606,29.848873000300724],[-82.583442999862257,29.848713999875251],[-82.583630000358326,29.848543999958597],[-82.583750999833839,29.848417000239877],[-82.583810000283378,29.848355000183542],[-82.58403799988902,29.848136000380162],[-82.584237999905554,29.847914000356067],[-82.584519999937868,29.847612000057335],[-82.584647000159464,29.847466000194249],[-82.584740999870803,29.847359999743666],[-82.584966999826605,29.847104000146572],[-82.585429999608877,29.846516999776668],[-82.585855999581227,29.845924999925277],[-82.586078000237379,29.845593000188931],[-82.586280999728672,29.845271999727547],[-82.586472000422702,29.844945999817032],[-82.58668699960954,29.844583999983993],[-82.586894000197105,29.844215999915072],[-82.587009999649723,29.844021000025453],[-82.58709699968837,29.843873999892971],[-82.587324000367417,29.843476999731202],[-82.587499000269588,29.843203000239861],[-82.587704000308989,29.842839999838464],[-82.587891999731667,29.842539999972754],[-82.588345000366502,29.841759999844687],[-82.588516000070726,29.841418999702061],[-82.588701000018645,29.841111000131029],[-82.588861999677121,29.840823000340698],[-82.589269000281234,29.840100000373461],[-82.591911000329048,29.840080000277382],[-82.591954999811662,29.838270000322844],[-82.601686999951809,29.838265000012782],[-82.601859000379264,29.838479999872735],[-82.602009999991992,29.838671999653769],[-82.602131000365816,29.838826999946356],[-82.603020999945358,29.839988999672578],[-82.603075000372016,29.840054000224356],[-82.603529999758365,29.840639000169798],[-82.603758000262332,29.840915999633303],[-82.603861000194499,29.841027999805867],[-82.60399099989084,29.841170000066761],[-82.604006999784346,29.84119299988696],[-82.604154999922343,29.841409999895085],[-82.604325999626582,29.841633999785948],[-82.604595999963308,29.841958999885755],[-82.604648999666765,29.842032999686346],[-82.604713999964105,29.842121999784531],[-82.604887000216465,29.842339000111803],[-82.605067999966423,29.842550000164607],[-82.605300999594931,29.842837999650129],[-82.605642000076784,29.843274000018113],[-82.605934999979738,29.843684999849909],[-82.606016000170584,29.843809000268934],[-82.606160000110634,29.844028999904573],[-82.606242000126414,29.844167999941611],[-82.606333000362994,29.844323000276081],[-82.606570000189464,29.844710999902691],[-82.606822000084549,29.845180000276468],[-82.607068999956752,29.845673000029176],[-82.607114999987516,29.845828000365195],[-82.607248000056885,29.84614199978072],[-82.607372999730373,29.846417999895813],[-82.607627000173594,29.847069000287636],[-82.607740000151495,29.84734300007991],[-82.607834999687725,29.847646999725946],[-82.608016000335994,29.848293999738697],[-82.608119000268161,29.848744000151274],[-82.608208999781539,29.849174999902047],[-82.608218999827272,29.849233000107905],[-82.608300000018133,29.849726999743471],[-82.608349000421939,29.850111000102917],[-82.608382000033913,29.850429000146995],[-82.608421000391957,29.850962000215592],[-82.608433000087516,29.851289999982253],[-82.608437000285491,29.851414999925662],[-82.608463000224759,29.852752000083079],[-82.60846599969949,29.852927000202115],[-82.608616000385624,29.852850999916555],[-82.609389999614208,29.852411999687206],[-82.609762999883131,29.852225999833095],[-82.609924000439918,29.852147000179755],[-82.61062200039882,29.852053000047302],[-82.6109860004469,29.852103000128768],[-82.611009999838018,29.852105999743348],[-82.611080000158225,29.852117000147132],[-82.611351000319885,29.852291999821016],[-82.611595999643939,29.852451000002276],[-82.611864000330854,29.852623999877505],[-82.612413000326868,29.853166000220767],[-82.612570999612288,29.853320999832487],[-82.6126419997574,29.853390999829561],[-82.613358000157973,29.85398299982316],[-82.613408000386698,29.854011000109686],[-82.613559999824346,29.85409799969764],[-82.613610999877963,29.854127000322542],[-82.61387000034405,29.854348000187198],[-82.6142810002478,29.854820000015305],[-82.614480000439414,29.855111999834762],[-82.615178000398345,29.855899000196182],[-82.615882000205033,29.856583999621684],[-82.616177999582732,29.857121999694929],[-82.616421999980204,29.857714999710414],[-82.61645200011742,29.857786000076484],[-82.617032000075568,29.858143999803342],[-82.617971000058901,29.858560000044776],[-82.618972999791424,29.8590789997297],[-82.619356999931,29.859219999709293],[-82.619739000420722,29.859110999869642],[-82.620080000004265,29.858793999759488],[-82.620681999703692,29.858275999700687],[-82.620891999765988,29.857981999903206],[-82.6209479998425,29.857710000373974],[-82.620964999560911,29.857272000038282],[-82.620983000002582,29.856948000260786],[-82.62173399966494,29.856021999897887],[-82.622279000361303,29.855358000247119],[-82.622675000196409,29.854654999857026],[-82.622927000091494,29.854005000215867],[-82.622881000060744,29.853349000304696],[-82.62261699957179,29.852591000388312],[-82.622393999989015,29.852093999726407],[-82.621967000191759,29.851922000104619],[-82.620996000421385,29.851797999631778],[-82.620598999863034,29.851588000037882],[-82.620417000288157,29.851492000143249],[-82.61987499996485,29.851269999789775],[-82.619094000165248,29.851071000383509],[-82.618469999826189,29.850890999670568],[-82.617837999989518,29.850256999994095],[-82.617812999875156,29.850231999883796],[-82.617514000124416,29.849485000369352],[-82.617466000443827,29.848860000250941],[-82.617453000025037,29.848693000299924],[-82.617459999697743,29.848499999877991],[-82.617483000162267,29.847921000269608],[-82.617642000170918,29.847446000014941],[-82.617677000331042,29.84734500017797],[-82.617812999875156,29.847260000259169],[-82.617890999692975,29.847210999750573],[-82.618032000158266,29.847122000291868],[-82.618496999590363,29.847002000300819],[-82.619240999580029,29.847169999624612],[-82.619316999748023,29.847210000089806],[-82.620229999792087,29.847700000202554],[-82.621302999669723,29.848250000327091],[-82.622036999613641,29.848512000326892],[-82.623043000442451,29.848592999812979],[-82.623502000026761,29.848596999959071],[-82.624047999649719,29.848601999751846],[-82.624998000402016,29.848632999708116],[-82.627380000158851,29.849092000045875],[-82.627482000266099,29.84910300000265],[-82.628484999823542,29.849213000282528],[-82.629262000323479,29.84937300033171],[-82.630423000064681,29.849375000389145],[-82.631250999719924,29.849111999895488],[-82.631839000073995,29.848379000335601],[-82.632022000372075,29.847702000293499]]]},"properties":{"MTFCC":"G5020","OID":"2079015500882306","GEOID":"12001001816","STATE":"12","COUNTY":"001","TRACT":"001816","BASENAME":"18.16","NAME":"Census Tract 18.16","LSADC":"CT","FUNCSTAT":"S","AREALAND":125387126,"AREAWATER":1003859,"CENTLAT":"+29.8475524","CENTLON":"-082.4829748","INTPTLAT":"+29.8272640","INTPTLON":"-082.5643896","OBJECTID":62325}},{"type":"Feature","id":62403,"geometry":{"type":"Polygon","coordinates":[[[-82.495976999698087,29.731855999985655],[-82.495975000048276,29.731135999755079],[-82.495969000200503,29.728960999887811],[-82.495968000375584,29.728658000017486],[-82.495965999827433,29.725428000309236],[-82.495965999827433,29.724403999637385],[-82.495965000002528,29.723684999873871],[-82.495965000002528,29.723648000292389],[-82.495965000002528,29.722677999925942],[-82.495965000002528,29.722625000305722],[-82.495965000002528,29.722300000315123],[-82.495958000329836,29.721455000250817],[-82.495960999804566,29.71919600027995],[-82.495943000261221,29.718320000071021],[-82.493763999995664,29.718313999840152],[-82.492484000428803,29.718312000283223],[-82.490997000274362,29.718303999714646],[-82.49031299966083,29.718299999820214],[-82.48877100015315,29.718290999862099],[-82.487160999975075,29.718285999798326],[-82.485098999885381,29.718276999838952],[-82.483877000044828,29.718267999878776],[-82.482845000175075,29.718266000320977],[-82.481943999826569,29.718262999813859],[-82.480547000083831,29.718252000294335],[-82.479808999941952,29.718246000059406],[-82.478536000047768,29.718247000228629],[-82.478187000068303,29.718248999786805],[-82.476288000185235,29.718237000096444],[-82.474154000125523,29.718229000302081],[-82.473758000290402,29.71822800013269],[-82.473273999693419,29.718220999726903],[-82.472574999909597,29.7181820001319],[-82.472188000295304,29.718145000082036],[-82.471993000301637,29.718118000163553],[-82.471582000397888,29.718046999736519],[-82.471028000379022,29.717923000276699],[-82.470649000262355,29.717828999627798],[-82.470275000168527,29.717721999744814],[-82.469905000272661,29.717601999805915],[-82.468634999853222,29.717176999941394],[-82.466092000437925,29.716324999898699],[-82.465767999674512,29.716216999783416],[-82.465374000387513,29.716084999658076],[-82.4637890003238,29.715540999745148],[-82.459736000289524,29.71420999977455],[-82.455421000314445,29.712781000077019],[-82.454581000065303,29.712498000359453],[-82.453567999563816,29.712156999791738],[-82.453082000215332,29.711969000090846],[-82.452519999800529,29.711778000117238],[-82.451953000261184,29.711599000265572],[-82.451380999800648,29.711433000056882],[-82.450804000215555,29.711279000097289],[-82.450223000432501,29.711137999901865],[-82.44963799955319,29.711009000064163],[-82.449496000161275,29.710980000083893],[-82.449050000097444,29.710893000092849],[-82.448459000268656,29.710788999789319],[-82.448142999901165,29.710744999988592],[-82.447591000430435,29.710682000204926],[-82.447038000236475,29.710631999667303],[-82.446483000392689,29.710594999955607],[-82.445926999825687,29.71057100030405],[-82.445243000110466,29.71055999994168],[-82.44443700019653,29.710555000273072],[-82.443585000251829,29.710549000358327],[-82.4418660002938,29.710536999747561],[-82.440253999567602,29.710524999915535],[-82.439866000128404,29.71052199995734],[-82.438861999847731,29.710517000286789],[-82.438831999710487,29.710516000040609],[-82.437983999963777,29.710498000288279],[-82.435726999880401,29.710473999833315],[-82.434341000008317,29.710463000240534],[-82.4335450001401,29.710457000320279],[-82.43197199977196,29.710450000152839],[-82.430527000348647,29.710466000200558],[-82.430347000423595,29.710467999913707],[-82.430139999836044,29.710470999873593],[-82.429518999870027,29.710461999993758],[-82.428733000047572,29.710514999794366],[-82.42833200018957,29.710555000273072],[-82.427606999568169,29.710625999757148],[-82.427277999680186,29.710650000175779],[-82.427013000264637,29.710675000053108],[-82.426751000323819,29.710679999715737],[-82.425721000103877,29.710698999679792],[-82.424073000290974,29.710676000297749],[-82.426782000285954,29.712245999925777],[-82.427231999649436,29.712303999926817],[-82.428385999717932,29.71313099972712],[-82.430333000179886,29.713657999684965],[-82.433400000375173,29.715621999997825],[-82.436870000078244,29.717779000309143],[-82.455177999741892,29.729933999743533],[-82.455279999849139,29.745942999971511],[-82.454872000318431,29.750114000086331],[-82.454864999747443,29.750806000234405],[-82.454872000318431,29.751538999861783],[-82.45486899994539,29.752974000227329],[-82.452479999617552,29.752018000334857],[-82.448737000102994,29.750676999918717],[-82.446517999654475,29.749126999838342],[-82.440071000167819,29.744630999812131],[-82.437795999642788,29.743043999626241],[-82.432586000065285,29.739417999985886],[-82.425701999837315,29.739391000331469],[-82.422068000102698,29.739377000132222],[-82.422097000415022,29.732615999996714],[-82.417368999988042,29.732596000254919],[-82.417384000056657,29.732534000172006],[-82.417415999843712,29.73249099979008],[-82.417492000011691,29.732447000142045],[-82.417589999920978,29.732436999864802],[-82.417701000249068,29.732433999781435],[-82.417799999983274,29.732379999825469],[-82.417831999770328,29.732271999826352],[-82.417917999984056,29.730666999831072],[-82.417952000319232,29.72891800031465],[-82.417466000072437,29.728887999984746],[-82.416051999712934,29.728840000062252],[-82.415347000081326,29.728848999854407],[-82.414444999907914,29.728860999836094],[-82.414008000064911,29.728867000216486],[-82.413702999568059,29.728870999689764],[-82.413131999830767,29.72886800027986],[-82.409702000310659,29.728847999790894],[-82.40968700024203,29.732507000224569],[-82.40968800006695,29.732545999712947],[-82.413640999643789,29.732569000324176],[-82.414255999762034,29.732571999623509],[-82.416711000212103,29.732588000045073],[-82.416693999595353,29.73573899979295],[-82.415839000175907,29.735735999808345],[-82.415633000311601,29.735734999813427],[-82.414331000105093,29.735730999833756],[-82.413765000390669,29.735729999838789],[-82.413762999842533,29.736092999688221],[-82.414756000252538,29.736094999670826],[-82.414751000229671,29.737144999869958],[-82.414011000437952,29.737143999889085],[-82.414009999714736,29.737364000115065],[-82.414003999866949,29.738836999981505],[-82.414743999658654,29.73883899990939],[-82.414741000183938,29.739301000130787],[-82.41468400028252,29.739301000130787],[-82.411667000315958,29.739304999968098],[-82.410586999867306,29.73929399963513],[-82.410302000360275,29.739295000374572],[-82.408530999625413,29.739299000212114],[-82.408385000035537,29.739299000212114],[-82.406131000325232,29.739297000293337],[-82.405444000236969,29.739304999968098],[-82.399863000040384,29.739292999675694],[-82.399719999925253,29.739292999675694],[-82.398658999743191,29.73929399963513],[-82.397130999580867,29.739295000374572],[-82.396707999981572,29.739295000374572],[-82.393229999882564,29.73929800025272],[-82.391023000027928,29.739299000212114],[-82.389176000023397,29.739303000049439],[-82.389013999641691,29.739303000049439],[-82.388929999976099,29.739304000008769],[-82.388775999990301,29.739306999886661],[-82.388405000269543,29.739304000008769],[-82.388375999957233,29.739304000008769],[-82.386656999999218,29.739303000049439],[-82.386021999789492,29.739304999968098],[-82.384316000250266,29.739304000008769],[-82.384257999625646,29.739310999723731],[-82.384009999928523,29.739344999892332],[-82.385032999577433,29.740507999956584],[-82.385389000127915,29.740901000319106],[-82.385580999748527,29.741138999823562],[-82.385754999825792,29.741311999610335],[-82.385935999575764,29.74149300015878],[-82.385989000177531,29.741545999951605],[-82.386456000157764,29.742094999718962],[-82.387026000070151,29.742722999964158],[-82.387930999718307,29.743707000333256],[-82.388351999667776,29.744188999741134],[-82.388442999904385,29.744292999749611],[-82.388775999990301,29.744670000046053],[-82.388827999868852,29.744753999898311],[-82.388858999830987,29.744802999909613],[-82.388880999572294,29.744826000049901],[-82.388957999565193,29.7449070000612],[-82.390361000054028,29.746384000221262],[-82.390739000345803,29.746789000349576],[-82.391227000242424,29.747353999894521],[-82.391332999649336,29.747464999665578],[-82.392593000023027,29.748824999917233],[-82.393253000347116,29.749580999820722],[-82.3936469996341,29.749997000232746],[-82.394178999911659,29.750608000389104],[-82.394659000310682,29.751131999742061],[-82.396611999722126,29.753328999930641],[-82.397604000307211,29.754418000163476],[-82.399220000333074,29.756197000251323],[-82.400603999657022,29.75774899973656],[-82.40117699994245,29.758404999954323],[-82.402037000283087,29.759333000251139],[-82.403673000400417,29.76076000023977],[-82.404594999767014,29.76170299972161],[-82.405440999863913,29.762438999940986],[-82.405681000063424,29.762627999929116],[-82.406271000067306,29.763038999823824],[-82.407165999669715,29.763669999800008],[-82.407789000183868,29.764064000311919],[-82.408052999774512,29.764219999765785],[-82.408473999723995,29.764457000345736],[-82.409409000407692,29.764896000050904],[-82.409823999611064,29.765061999912493],[-82.409919999870539,29.765101999697087],[-82.410497000353956,29.765341999628852],[-82.411274999780488,29.765570000279173],[-82.411995000379036,29.765827000140472],[-82.412349000381354,29.765950999643586],[-82.413160000318157,29.766152000222569],[-82.41326499990015,29.766175000142852],[-82.413291999664324,29.766180999849972],[-82.414740000359004,29.76656400016439],[-82.415371000370783,29.766751000018072],[-82.415563999816314,29.766815000146362],[-82.415999999834398,29.766924000051365],[-82.418432999644864,29.767563000271096],[-82.41877999997449,29.767674999950774],[-82.419019000349095,29.76774600033734],[-82.421431000243146,29.768370999943464],[-82.422237000157097,29.768572000345593],[-82.422506999595512,29.768640000316616],[-82.423161999896735,29.768804000102602],[-82.423479000089131,29.768883000122429],[-82.42388400014508,29.768992999779798],[-82.423945000244458,29.769008999847479],[-82.424955000372918,29.76928299992781],[-82.425191000374454,29.769346999997932],[-82.425607000301071,29.769443000026531],[-82.4261589997718,29.769598000024597],[-82.427655999971961,29.770018999825215],[-82.428102999860712,29.770159999913009],[-82.428302999877246,29.770217999957829],[-82.428640999986058,29.770315000361123],[-82.429133999905559,29.770442000272851],[-82.429604000258848,29.770562999799491],[-82.429636999870795,29.770571999745506],[-82.432386999873657,29.77135200005624],[-82.433479999842788,29.771666999884438],[-82.435367999855202,29.772403000198381],[-82.439404999995944,29.773952000107169],[-82.442391000000356,29.775076999713335],[-82.44451699966416,29.775951000086103],[-82.446927999733305,29.776894999622474],[-82.449282999725952,29.777871000041507],[-82.452990000153804,29.779602000255942],[-82.454791999952505,29.780455000240369],[-82.456721999797722,29.781365000261054],[-82.457147999770072,29.781532999972175],[-82.459871999833652,29.782826000051468],[-82.460070000200375,29.782929999724807],[-82.461262999728618,29.783481999780815],[-82.462466000200905,29.783947999653641],[-82.463733000247302,29.784287999861927],[-82.463909999799313,29.78448699970717],[-82.463965000050891,29.784494999673107],[-82.464125999709381,29.784511999890928],[-82.464719999911239,29.784562999747447],[-82.465000000293699,29.784578000158927],[-82.465282000326013,29.784584000322866],[-82.46560500036621,29.784579999953738],[-82.465972999713898,29.784564000034806],[-82.46635799967838,29.784535000272751],[-82.466740999993021,29.784494999673107],[-82.466978999644411,29.784464000093987],[-82.467869000122249,29.784327999764621],[-82.468035999628512,29.784308000205073],[-82.468542999791708,29.784255999928234],[-82.469034000061384,29.784188999936458],[-82.469209999788504,29.784171000152167],[-82.469429000071599,29.784137999889474],[-82.470012000402789,29.784065999916379],[-82.470193999977681,29.784053000013206],[-82.47053600028444,29.784035999717435],[-82.471497000009094,29.784008000095341],[-82.471769999820552,29.784025999908994],[-82.472205999838664,29.784072000111053],[-82.472502999939564,29.78412300019172],[-82.472876000208473,29.784201999822006],[-82.473200000073575,29.784297999644199],[-82.473768000336136,29.784484999910514],[-82.474309999761147,29.784747999727337],[-82.474703999946442,29.784941000075303],[-82.475026000161719,29.785143000246947],[-82.475324000087539,29.785320000035313],[-82.475644999579586,29.785536999709912],[-82.475935000007809,29.785785999928319],[-82.476241000329566,29.786067999944269],[-82.476514000141037,29.78638099972013],[-82.476981000121285,29.786863999949652],[-82.477392999849926,29.787329000191331],[-82.477521999721361,29.787444000370584],[-82.477611000308116,29.787540000202153],[-82.47773699980651,29.787677999798692],[-82.478666999569015,29.788707999613329],[-82.478731000041435,29.788775999944146],[-82.478885000027219,29.788928999934829],[-82.479182000128148,29.789224999925555],[-82.479295999930955,29.789333000146701],[-82.479603000077617,29.789625000334311],[-82.479758999713241,29.789766000101174],[-82.480177000187965,29.790103000121565],[-82.480420999687126,29.790273999892314],[-82.480758999795938,29.790491999969621],[-82.481002000368505,29.790630999620795],[-82.481254000263576,29.790761000168683],[-82.481512000006433,29.790882000089152],[-82.481795999688572,29.791001999640251],[-82.482127000124677,29.791124999712974],[-82.48257599966324,29.791264000044162],[-82.483153999971549,29.79140000030478],[-82.48350600032407,29.791464000271738],[-82.483762000417101,29.791499000114552],[-82.484286000298738,29.791575999725683],[-82.485256000244235,29.791722000162075],[-82.486078999876597,29.791799999816721],[-82.487109000096524,29.791912999888119],[-82.487315999785778,29.791954000075716],[-82.488062000323566,29.792042000117259],[-82.488981000215418,29.792147999993752],[-82.48951299959468,29.792227999737918],[-82.490151000177462,29.792348000013906],[-82.490601000439241,29.792440999972865],[-82.491065999871324,29.792548999841909],[-82.49170299973089,29.79271899990497],[-82.491931000234828,29.792794999931402],[-82.492438000398039,29.792964000152697],[-82.492829000210278,29.793107000296974],[-82.493199000106145,29.793257000081468],[-82.493518999773286,29.793403999823621],[-82.49395499979137,29.793618000091151],[-82.494258999564991,29.793782000285152],[-82.494257999740071,29.793606000066372],[-82.494258999564991,29.793192000280388],[-82.494257999740071,29.792544999791104],[-82.494252999717204,29.791340999836102],[-82.494241999846551,29.790124999766537],[-82.494229000326072,29.788915999883585],[-82.494217999557108,29.788121000076362],[-82.494213000432552,29.787617999997469],[-82.494209000234576,29.787456000354577],[-82.494205999861535,29.787326999671812],[-82.494189000143109,29.786656000092936],[-82.494174999899414,29.786003999645398],[-82.494169000051599,29.785343000231482],[-82.494169999876519,29.785033999900079],[-82.494183000295322,29.784783999864906],[-82.494209000234576,29.784549999908776],[-82.494261999938033,29.784225000275111],[-82.494333999908065,29.783916999905152],[-82.494401999680107,29.783686999886672],[-82.494477000023196,29.783478000147262],[-82.4945399997724,29.783316000041626],[-82.494420999946684,29.7832410001349],[-82.494358000197494,29.783151000328662],[-82.494307000143877,29.783047999628163],[-82.494278999656473,29.782927999897055],[-82.494288999702206,29.782676000227447],[-82.494260000288222,29.782289999782005],[-82.494179999922267,29.781228999620168],[-82.494154999807904,29.78095099974179],[-82.494143999937251,29.780827000096807],[-82.494123999845769,29.780598000323579],[-82.494121000371038,29.780512999780768],[-82.494077999815019,29.779234000329573],[-82.494014000240909,29.778513000078551],[-82.494014000240909,29.778326000352955],[-82.494015000065829,29.778185000066248],[-82.494014000240909,29.778152000169548],[-82.494014000240909,29.778125000033342],[-82.494014000240909,29.778094000041218],[-82.494013000416018,29.778017000195387],[-82.494013000416018,29.777958999988819],[-82.494013000416018,29.777926000017629],[-82.494011999692773,29.777876999827736],[-82.494011999692773,29.777797000309462],[-82.494000999822134,29.776745999855105],[-82.493993000324508,29.776587999681716],[-82.493984000103694,29.776424000165797],[-82.49396800021016,29.776089000063216],[-82.493952000316639,29.775268999610422],[-82.493947000293758,29.774976000050202],[-82.493944999745622,29.774842000077392],[-82.493928999852116,29.773760000024375],[-82.493907000110795,29.773245000181483],[-82.493902000087928,29.772937000343898],[-82.4938929998671,29.772470999907821],[-82.493881000171527,29.771788000270437],[-82.493876999973565,29.771529000051952],[-82.493857999707004,29.770818000037412],[-82.493855000232259,29.770716999978006],[-82.493850000209392,29.770509999754118],[-82.493808000376603,29.768922000277069],[-82.493770999668357,29.76842700012709],[-82.493723999812701,29.767850999751452],[-82.493635999949163,29.766790000222954],[-82.49362699972832,29.766622999638841],[-82.493589000093479,29.765901999833108],[-82.493554999758288,29.764977000219705],[-82.493538000039848,29.764146000085123],[-82.493512999925485,29.763362000153624],[-82.49349600020706,29.761808000010451],[-82.493501000229941,29.760916000158904],[-82.493548999910502,29.758084000346248],[-82.493554999758288,29.75772600022167],[-82.493562000329291,29.75727000013665],[-82.493531000367156,29.756600999940893],[-82.493513999750405,29.756123000104658],[-82.49349899968179,29.755673999877203],[-82.493486000161312,29.755062000383408],[-82.493446999803268,29.753961999845156],[-82.493425999886867,29.753350999855513],[-82.493414000191279,29.753041999865868],[-82.493400999772504,29.752324999922855],[-82.493353000091929,29.751011999989124],[-82.493348000069062,29.750874999627715],[-82.493336000373503,29.750435000263231],[-82.493332000175513,29.750345999685507],[-82.4933229999547,29.750133000382963],[-82.493317999931833,29.750014999919127],[-82.493307000061179,29.749743999749128],[-82.493296000190526,29.749455999700828],[-82.493290000342725,29.749254999948715],[-82.493247999611611,29.74773400000629],[-82.493228000418455,29.746738999863744],[-82.493209999976798,29.745815000312266],[-82.493147000227609,29.743293000179932],[-82.493143000029647,29.743195000217504],[-82.493129999610858,29.742858999841967],[-82.493124999587977,29.74274100017654],[-82.493117999915285,29.742189000254378],[-82.493118999740204,29.742089000129891],[-82.493124999587977,29.741672999664889],[-82.493132999983899,29.741442000213997],[-82.493137000181861,29.741391000243262],[-82.493149999702339,29.741232999695107],[-82.493183000212611,29.740935999891665],[-82.493226999695224,29.740665000141231],[-82.493255000182629,29.740525999786534],[-82.493300000388487,29.740310000053903],[-82.493375999658141,29.74001799961794],[-82.493467999719655,29.739728999757073],[-82.493573000199959,29.739443999675174],[-82.493692000025646,29.739163000186284],[-82.493762000345853,29.739015999612565],[-82.494897000147759,29.736884999834274],[-82.495102000187174,29.736514999821463],[-82.495262999845664,29.736192000340942],[-82.49532499976992,29.736054000018768],[-82.495410000158742,29.735862999858742],[-82.495544000053044,29.735529999869804],[-82.495662999878732,29.735193000334259],[-82.495763000336169,29.734855999666497],[-82.495856000222574,29.734413000186457],[-82.495937000413448,29.733952000083558],[-82.495965000002528,29.733646999654734],[-82.495968000375584,29.733214999736507],[-82.495970999850314,29.732790999712325],[-82.495976999698087,29.731855999985655]]]},"properties":{"MTFCC":"G5020","OID":"2079015500882319","GEOID":"12001001817","STATE":"12","COUNTY":"001","TRACT":"001817","BASENAME":"18.17","NAME":"Census Tract 18.17","LSADC":"CT","FUNCSTAT":"S","AREALAND":49844303,"AREAWATER":1286928,"CENTLAT":"+29.7508362","CENTLON":"-082.4550838","INTPTLAT":"+29.7622598","INTPTLON":"-082.4730566","OBJECTID":62403}},{"type":"Feature","id":62404,"geometry":{"type":"Polygon","coordinates":[[[-82.658554000105056,29.830144000212293],[-82.65854700043235,29.830077999614421],[-82.658543000234388,29.830013000364456],[-82.658149999873999,29.82816200023742],[-82.658128000132706,29.828068000129509],[-82.658117000262052,29.82775800020838],[-82.65810800004121,29.827038000351319],[-82.658097999995462,29.824872999848843],[-82.658120999561689,29.823662999968814],[-82.658144000026226,29.821909000188423],[-82.658097000170542,29.821777999677362],[-82.658083999751767,29.819496000093565],[-82.658079999553792,29.818678999749213],[-82.658082999926847,29.817901000297915],[-82.658081000277036,29.817144000224467],[-82.65807500042925,29.814880999781398],[-82.658063999660286,29.813450000310645],[-82.658034000421353,29.812779999772605],[-82.658014000329885,29.811657999983392],[-82.658000000086176,29.811338999655195],[-82.657981999644505,29.810909999625089],[-82.657955999705251,29.809594999926929],[-82.657913000047543,29.807998000308132],[-82.657901000351984,29.807338999754489],[-82.657884999560125,29.806863999876207],[-82.65785399959799,29.805934000285937],[-82.657836999879549,29.80528500018713],[-82.657831000031777,29.805066000297696],[-82.657826999833816,29.804913000037011],[-82.65780799956724,29.804180999800614],[-82.657780999803066,29.803467999976846],[-82.657769999932398,29.803067000236194],[-82.657717000228971,29.800833999903048],[-82.657693999764419,29.80009799969082],[-82.657678999695818,29.799363999799709],[-82.657676000221073,29.799137999987231],[-82.657670000373287,29.798921000180133],[-82.657675000396168,29.798359999736899],[-82.657655000304686,29.797443999701471],[-82.657627999642187,29.792146000350158],[-82.657625999992362,29.791819000003201],[-82.657625000167442,29.791583999904667],[-82.65761699977152,29.790955000060571],[-82.657614000296803,29.790024999924011],[-82.657604000251055,29.789122000017564],[-82.657600999878014,29.787965999903033],[-82.657600999878014,29.787574000380246],[-82.657580999786518,29.784338999832549],[-82.657533000105943,29.779815000069945],[-82.657502000143808,29.777850999971815],[-82.657504999618538,29.776723000023026],[-82.657483999702151,29.775893000242384],[-82.65749100027314,29.775783999961146],[-82.657475000379634,29.774731999826113],[-82.657477000029445,29.773812999909399],[-82.657471000181673,29.773239999738525],[-82.657450000265271,29.772054999999366],[-82.65744600006731,29.771833999856881],[-82.657420999952961,29.770730999698962],[-82.657420999952961,29.770610000375267],[-82.657421999777867,29.770411000241687],[-82.657421999777867,29.770324000329481],[-82.657421999777867,29.770193999755133],[-82.657420999952961,29.769890999723017],[-82.657420999952961,29.769817000332488],[-82.657420000128042,29.76972999990431],[-82.657417999579906,29.76958400014529],[-82.657410000082294,29.768927000155834],[-82.657408000432483,29.76841799998828],[-82.657395999838585,29.767843000015343],[-82.657405999884332,29.767328999839918],[-82.657398000386749,29.766867000122993],[-82.65738300031812,29.765932999700066],[-82.657364000051544,29.765402000301737],[-82.657349999807835,29.765030999776013],[-82.657355999655636,29.764602999779104],[-82.657372000447467,29.764089999847862],[-82.657380999769984,29.763063000181081],[-82.657369000074411,29.762670999864238],[-82.657359000028677,29.761849000048741],[-82.657339999762101,29.760886000043328],[-82.657343000135143,29.760447999673023],[-82.657333999914314,29.759544999741664],[-82.657312999997927,29.758995999611862],[-82.657306000325207,29.758052999610552],[-82.657292000081526,29.757549999791685],[-82.657303999777085,29.757021999766636],[-82.657297999929298,29.756204000346639],[-82.657261000119377,29.755103999864048],[-82.657258999571241,29.755028999887809],[-82.657257999746321,29.755007000331258],[-82.65725600009651,29.754512000063571],[-82.657242999677706,29.75403100018557],[-82.657236000005028,29.753424999709118],[-82.657241999852815,29.753199999742339],[-82.657236000005028,29.753005000194403],[-82.657215000088627,29.75225400030746],[-82.657229000332322,29.751461000043506],[-82.657235000180108,29.751178000233157],[-82.657216999738452,29.750570999819281],[-82.657175999730555,29.749903999851757],[-82.65716499985993,29.749491000186868],[-82.65716400003501,29.749448999914129],[-82.65719099979917,29.748893000030474],[-82.657194000172225,29.748535999701364],[-82.657131000423036,29.747828999809112],[-82.657169000057877,29.746937000331091],[-82.657143999943528,29.746074999814631],[-82.657138000095728,29.745455000248185],[-82.657143000118609,29.745217999968414],[-82.657199000195092,29.74501599961685],[-82.657251000073643,29.744646999869964],[-82.657247999700587,29.74435000003848],[-82.657203000393068,29.744099999858182],[-82.657126000400154,29.743937000113153],[-82.657083999669055,29.743680000273621],[-82.657083999669055,29.743664999977401],[-82.657076999996377,29.743392999883721],[-82.657090000415153,29.742962999669967],[-82.657057999729801,29.741670999793506],[-82.657056999904881,29.741587999635076],[-82.65705299970692,29.741187000100933],[-82.65702000009496,29.740690000341719],[-82.65702000009496,29.740503000219952],[-82.657020999919865,29.739812999848358],[-82.657018000445134,29.739397000081947],[-82.657018000445134,29.739376000173614],[-82.657016999721904,29.739286999918985],[-82.657004000201425,29.739120000306073],[-82.657001999653289,29.738884999800593],[-82.657021999744785,29.738569999885769],[-82.65701900027004,29.738085000075841],[-82.657009000224306,29.737577000022995],[-82.657010000049198,29.737072999663532],[-82.657025999942746,29.736571999851204],[-82.657020999919865,29.736062999943858],[-82.657025000117827,29.735841999990498],[-82.65703599998848,29.735184000331117],[-82.657031999790519,29.734728999901154],[-82.657044000384403,29.734199999799852],[-82.65703599998848,29.733611999878672],[-82.65703599998848,29.73312000012972],[-82.657047999684053,29.732737999973327],[-82.657051999882,29.73220000002237],[-82.657040000186441,29.731127000168033],[-82.657047999684053,29.73058299988093],[-82.657046999859134,29.73009300020037],[-82.657055000255056,29.729708000053993],[-82.657051000057095,29.728784000383687],[-82.657042999661172,29.7283450001072],[-82.657054000430151,29.727429000207785],[-82.657035000163575,29.726936999780296],[-82.657042999661172,29.72663500012418],[-82.656557000312688,29.726430999614813],[-82.656165999602123,29.726292999906956],[-82.655738999804854,29.726168999713597],[-82.655202000402724,29.726056000372822],[-82.65476600038464,29.725996999644689],[-82.654564999644876,29.72598099973214],[-82.654233000282176,29.725963999724744],[-82.654084000319259,29.725962000320212],[-82.65289199971761,29.725993000056846],[-82.650679999840108,29.726058999866794],[-82.648709999811913,29.726117999778367],[-82.647463999681918,29.7261539999189],[-82.644538999776856,29.726239999855654],[-82.641430999573728,29.726331000161984],[-82.640373999589627,29.726366000137848],[-82.636230000217054,29.726502000351598],[-82.636108000018325,29.726505999919148],[-82.633985999654172,29.726575999736543],[-82.631999999732471,29.726647000370679],[-82.630925000204996,29.72668499971158],[-82.625850000346716,29.726870999767733],[-82.624302000092939,29.726927999816581],[-82.623712999913977,29.726944999660663],[-82.623554999730217,29.726956999870065],[-82.620406000417489,29.727093000062851],[-82.617892000416191,29.727209000035778],[-82.617521999622014,29.72722699991192],[-82.617058999839756,29.727248000023412],[-82.616741999647331,29.727260000196598],[-82.615768000402213,29.72729599992741],[-82.615477000149085,29.727303999779163],[-82.615137000390447,29.727313999788006],[-82.611772000269355,29.727364999895457],[-82.609878000409154,29.727393999822649],[-82.608227000223209,29.727413999821341],[-82.607164000391307,29.727433999816039],[-82.602138000038522,29.727430000285484],[-82.60022099971377,29.727435999971281],[-82.599281999730437,29.727432999738376],[-82.598905000161906,29.727432999738376],[-82.592542000340814,29.727431000363183],[-82.588412000313653,29.727432999738376],[-82.587798999845234,29.727441000359306],[-82.581918999897923,29.72745199965188],[-82.581897000156602,29.729400999867298],[-82.581886000285948,29.729944000270351],[-82.581892000133749,29.730544999676106],[-82.58190999967708,29.730964999662511],[-82.581942000362446,29.731339000020277],[-82.582027999677862,29.731995999907078],[-82.582097999998055,29.732653000171524],[-82.582127000310393,29.732929999866165],[-82.58214200037898,29.733303999918736],[-82.582155999724392,29.733637000277113],[-82.582153000249633,29.733800999616349],[-82.582144999853725,29.734228000081544],[-82.58213099961003,29.734542000365487],[-82.582111000416845,29.73474099995957],[-82.582106000393992,29.73525500033379],[-82.582109999693628,29.735634000277848],[-82.58211399989159,29.735658000176738],[-82.58211399989159,29.735907000348504],[-82.582114999716495,29.737665000259415],[-82.582114999716495,29.738210000331595],[-82.582123999937338,29.739252999730777],[-82.58213099961003,29.740068000335263],[-82.582153000249633,29.741226000114317],[-82.582144999853725,29.742029000319306],[-82.581000999830977,29.742030000251461],[-82.577845999772165,29.74203399997992],[-82.575566999947483,29.742032000115685],[-82.57393300037829,29.742018000285128],[-82.571749000089866,29.742010999979129],[-82.571258999645096,29.742009000114486],[-82.569198000278647,29.742001999807854],[-82.567171000349049,29.741969999625582],[-82.565972999899614,29.741975000069136],[-82.565336000040077,29.741976999934444],[-82.564536999798818,29.741972000271051],[-82.564110000001563,29.74196899969288],[-82.563730999884882,29.741967999760124],[-82.558868999563614,29.74194100001225],[-82.558267999689065,29.741941999945283],[-82.557066999764928,29.741933999700858],[-82.557142999932907,29.743108000075054],[-82.557385999607149,29.746165000175207],[-82.55744900025465,29.746893999884676],[-82.557595999669445,29.748598000031038],[-82.557669000362679,29.749343999935228],[-82.557757000226232,29.75025299962827],[-82.558008000296397,29.752538000026949],[-82.558174999802659,29.75454700034398],[-82.558336000359461,29.756478000352569],[-82.558701000232432,29.759366000109353],[-82.5589170001425,29.760980999858496],[-82.558937000233968,29.761158000242592],[-82.558953000127516,29.761315000061678],[-82.559100000440608,29.762772999962994],[-82.559148000121183,29.763318000015417],[-82.55924600003047,29.764426999730802],[-82.559557000375094,29.767580000244461],[-82.559794000201563,29.769573000016013],[-82.559938999966519,29.770727000335832],[-82.559980999799308,29.770903999876484],[-82.560024000355313,29.77098699993223],[-82.560086000279611,29.771041000147655],[-82.560148000203881,29.771065000147392],[-82.560355999718041,29.771124000089852],[-82.560455000350558,29.7711760001689],[-82.560431000061101,29.771239000168574],[-82.560385000030337,29.771341999760814],[-82.560327000304028,29.771470999986498],[-82.560318999908105,29.771490999770844],[-82.560297000166798,29.771608999898902],[-82.560292000143946,29.771679000199882],[-82.560272999877355,29.773202999727808],[-82.560252999785874,29.774325000340834],[-82.560241000090301,29.775693999689619],[-82.56023900044049,29.775943000217186],[-82.560235000242528,29.776171999720589],[-82.560210999953071,29.777759999643244],[-82.560200999907337,29.778359000192314],[-82.560180999815856,29.779655000167832],[-82.560179000166031,29.779827000188742],[-82.560163000272496,29.780828999966527],[-82.560155999701479,29.781253999837794],[-82.560152000401843,29.781561999824216],[-82.560149000028801,29.781726000280916],[-82.560158000249643,29.781909999731944],[-82.560169999945188,29.782957999648353],[-82.56022299964863,29.785606999630367],[-82.560220999998819,29.78630800031074],[-82.560210000128166,29.786900000105884],[-82.560201999732243,29.789350999782393],[-82.560189000211778,29.790589999670861],[-82.560189000211778,29.791770999812279],[-82.56017699961788,29.79296999981398],[-82.560188000386859,29.793494999964167],[-82.560168000295377,29.79621300028834],[-82.560150999678626,29.798707000340464],[-82.560145999655745,29.799102999698132],[-82.560134999785092,29.800071000017535],[-82.560132000310361,29.800342999800311],[-82.560133000135266,29.800567999881363],[-82.560137000333242,29.800920999806465],[-82.560129999762225,29.801354999628096],[-82.560128999937305,29.801389999908874],[-82.56012700028748,29.801506999756313],[-82.560119999716491,29.80194399971527],[-82.560109999670729,29.802651999735321],[-82.560101000348226,29.803190999610422],[-82.56009799997517,29.80338699976614],[-82.560088999754328,29.804037999893531],[-82.560083999731475,29.804439999727798],[-82.56008200008165,29.80457499992054],[-82.56008100025673,29.804646999948837],[-82.560073999685741,29.805167000000178],[-82.560072000035916,29.805324000191863],[-82.560072000035916,29.805354000245149],[-82.560071000210982,29.805679999932085],[-82.560071000210982,29.80595799971524],[-82.560070000386062,29.806430999861316],[-82.560070000386062,29.807443999734868],[-82.560056999967287,29.807998000308132],[-82.560051000119515,29.808282000186001],[-82.560030000203113,29.809279000153929],[-82.560029000378194,29.809382999617181],[-82.560029000378194,29.80946000027436],[-82.560027999654963,29.809594999926929],[-82.560026999830058,29.809659999983342],[-82.560025000180232,29.809815000067335],[-82.56002299963211,29.810086999855223],[-82.560017999609215,29.81021700006573],[-82.560012999586363,29.810352000255318],[-82.55998900019523,29.810929000079639],[-82.559984999997269,29.811033000165317],[-82.559978000324577,29.811207000081744],[-82.560552000434939,29.811372000300722],[-82.561467999953734,29.811648999834123],[-82.561801000039651,29.811766000152183],[-82.562362999556143,29.811976000060014],[-82.562719000106597,29.812130999671915],[-82.563480999639623,29.812461999914511],[-82.565219999689134,29.813219000363521],[-82.56698399985298,29.814005000340508],[-82.568438000395446,29.814641000142725],[-82.568763999910374,29.814779999756851],[-82.569712000114535,29.815192999853391],[-82.570025000108984,29.815330000299362],[-82.570877000053684,29.815709999700481],[-82.572605000232528,29.816471000373454],[-82.574290999680258,29.817195999776594],[-82.576293000393818,29.818107999934622],[-82.576710999970246,29.818286999760655],[-82.577743999664918,29.818744000135538],[-82.578711999960561,29.819146000087208],[-82.578879000365148,29.819212000110891],[-82.579676000058257,29.819580000317973],[-82.579980999656783,29.819721999887417],[-82.582460000396324,29.820813000361422],[-82.582537000389209,29.820848000067347],[-82.582622999704611,29.820886000313138],[-82.583160999829957,29.821127999611637],[-82.585432999981933,29.822134000070537],[-82.585489000058416,29.822158000287889],[-82.586224999652174,29.822465999837508],[-82.586713000447133,29.822660999717112],[-82.587078000320105,29.822818999624317],[-82.587361000177324,29.82295800033749],[-82.587562999843698,29.823049000088517],[-82.588003000059743,29.823271999941785],[-82.588059000136226,29.823301000165696],[-82.588138999603871,29.823343999756695],[-82.588208000099144,29.823371000161025],[-82.588357000062061,29.823455000246479],[-82.58848099991063,29.823405999750566],[-82.588568999774168,29.823412999822917],[-82.588822000392483,29.823449999974319],[-82.588961000309652,29.823487000112006],[-82.589260999885298,29.823617999941892],[-82.590019999943593,29.823959999949757],[-82.590697999811013,29.82424999981427],[-82.591723999832979,29.82468999980242],[-82.591786999582169,29.824724999709485],[-82.592703999824195,29.825132999836818],[-82.592798000433859,29.825175000316918],[-82.593503000065454,29.825483999799733],[-82.593662000074119,29.825552999947192],[-82.594345999789326,29.825854999919162],[-82.594835000409191,29.826063999974426],[-82.595285999597579,29.826264999850224],[-82.595844999639326,29.826508000020951],[-82.596904000171563,29.826977999999173],[-82.597366000128929,29.827182999819659],[-82.597506999695923,29.827245999630573],[-82.597924000345756,29.827424000378542],[-82.598050999669056,29.827477999754695],[-82.598928999553024,29.827872000034741],[-82.599964999620724,29.82832199972021],[-82.600968000076477,29.828769000181083],[-82.601967000334284,29.8292070000739],[-82.602564000010858,29.829474000123504],[-82.60299300035625,29.829655000308918],[-82.604022999677881,29.830107000201284],[-82.605017999737711,29.830546000291182],[-82.606042999934786,29.830994999800989],[-82.60704600039054,29.831437000121149],[-82.608075999712156,29.831888999745292],[-82.609070999771987,29.832329000387634],[-82.610095000144128,29.832776000067323],[-82.611120000341202,29.833224999686557],[-82.612123999723551,29.833668999864894],[-82.61312700017929,29.834107000097703],[-82.61449899980768,29.834734000163486],[-82.616381999797241,29.835540000286326],[-82.616826000211248,29.835735000369777],[-82.61847400002415,29.83646000029864],[-82.618925000110863,29.836658999989691],[-82.619781000253511,29.837038000356724],[-82.620634000023131,29.837414999768221],[-82.62080200025261,29.837488999818412],[-82.621749999558475,29.837907999668904],[-82.622655999929847,29.83830800017763],[-82.622987000365953,29.838454999930903],[-82.624106000274338,29.838948999896903],[-82.624749999806582,29.839232999894403],[-82.62490299996746,29.839301000158109],[-82.62540500010779,29.839522999848821],[-82.625619000368033,29.839646999980793],[-82.626020000226035,29.83985500028373],[-82.626400999992541,29.840060000177228],[-82.626671000329296,29.840209999661695],[-82.627164000248783,29.840516999945773],[-82.627437000060269,29.840687000280926],[-82.627574000327613,29.840776999745348],[-82.627635000426963,29.840816999654439],[-82.627989000429309,29.841047999712131],[-82.628247000172166,29.841217000201894],[-82.628596000151617,29.841445999897516],[-82.628774000426858,29.84155300010951],[-82.628934000260415,29.841649000209415],[-82.629021000299076,29.841701000257494],[-82.629202999873939,29.841809999626037],[-82.629226000338477,29.841825000023093],[-82.62977199996142,29.842183000103731],[-82.630306999713724,29.84254599977627],[-82.630498000407741,29.84267800003845],[-82.630645999647427,29.84278199981523],[-82.63071699979254,29.842606000129603],[-82.630829999770441,29.842470000160144],[-82.631659000148915,29.841462999785907],[-82.632156000266406,29.841222000364173],[-82.632445999796289,29.841081999621583],[-82.633311000159793,29.840684000323318],[-82.633922999904982,29.840237000183922],[-82.634512999908864,29.839655999946682],[-82.63485000019277,29.8389429998773],[-82.634918999789733,29.838590999912906],[-82.635010999851247,29.838131999621279],[-82.634974000041311,29.83706900000653],[-82.634777000397818,29.836244999987162],[-82.634587000427032,29.8352520000184],[-82.634534999650185,29.834424999672091],[-82.634733999841799,29.83359599989911],[-82.635206999669805,29.83294899973956],[-82.635222999563354,29.832931999960682],[-82.635796999673701,29.832351000096153],[-82.637098000055289,29.831390000060114],[-82.638314000048055,29.830633000060455],[-82.639135000030606,29.829948000292966],[-82.640072000364142,29.829261000045133],[-82.64009300028053,29.829245000258751],[-82.640627000207914,29.828849000247846],[-82.64100799997442,29.828473000312222],[-82.641156999937323,29.828116999898334],[-82.641055999654995,29.82788200013638],[-82.641129000348258,29.827645000108575],[-82.641377000045367,29.827422999740417],[-82.642167000065783,29.827176999872684],[-82.642917999728155,29.827084000259173],[-82.643229000072779,29.827045000169228],[-82.644212000437037,29.826828999994994],[-82.644367000247726,29.826794999910589],[-82.645372000353305,29.826714999758103],[-82.646184000115028,29.82672200037797],[-82.647190000045526,29.826708999783104],[-82.648159000166103,29.826606000285057],[-82.648456000267032,29.826574999726787],[-82.649150999852878,29.826482000332376],[-82.649458999824461,29.826394000197212],[-82.649986000079139,29.826061000357086],[-82.650740999939458,29.825703000171199],[-82.650841000396895,29.82568699981509],[-82.651494000149967,29.825586999674801],[-82.652106999720061,29.82562999984092],[-82.652741999929802,29.825965000084757],[-82.653317999689961,29.826480999684811],[-82.653674000240443,29.826943000101853],[-82.653968999793221,29.82763099977694],[-82.654147000068434,29.82818800026816],[-82.654158999764007,29.828225000210431],[-82.654559999622009,29.829051999662308],[-82.655060999937419,29.829388999802784],[-82.655512000024132,29.829693000323406],[-82.656820999903331,29.830014000197405],[-82.658087999949728,29.830200000118612],[-82.658554000105056,29.830144000212293]]]},"properties":{"MTFCC":"G5020","OID":"2079015500882323","GEOID":"12001001818","STATE":"12","COUNTY":"001","TRACT":"001818","BASENAME":"18.18","NAME":"Census Tract 18.18","LSADC":"CT","FUNCSTAT":"S","AREALAND":101744186,"AREAWATER":187670,"CENTLAT":"+29.7790078","CENTLON":"-082.6116199","INTPTLAT":"+29.7806229","INTPTLON":"-082.6107905","OBJECTID":62404}},{"type":"Feature","id":62405,"geometry":{"type":"Polygon","coordinates":[[[-82.419125999580899,29.659693999752498],[-82.419092999968939,29.659656000047914],[-82.419000999907425,29.6595479999052],[-82.418694999585668,29.659545999959274],[-82.417562000331884,29.658200000022575],[-82.416290000262634,29.656715999978935],[-82.414003000042044,29.653995000036382],[-82.412607999949117,29.652364000270076],[-82.411222999901952,29.650745999840247],[-82.410637000096031,29.650053000087063],[-82.408303999844691,29.647293999875323],[-82.408196999714576,29.647167000258396],[-82.406295000356749,29.644930999730818],[-82.40601599979918,29.644603000248932],[-82.405322999863145,29.643788000249383],[-82.402601000347687,29.64058499970638],[-82.402049999803552,29.639909000009677],[-82.401900000015715,29.639723999977409],[-82.400735999901485,29.638224000185861],[-82.39974300038979,29.636880999912645],[-82.39698499999102,29.632961999759317],[-82.395774999846026,29.631244000255816],[-82.394874000395831,29.632899999877871],[-82.392702999627886,29.63692399983502],[-82.392176000271505,29.637903999878688],[-82.392134000438716,29.637980000082759],[-82.392093000430833,29.638056999635143],[-82.392022000285721,29.638270000087825],[-82.391950000315703,29.638481999907778],[-82.391565000351221,29.639629000187483],[-82.391417000213224,29.640071999946354],[-82.389833999799336,29.640957999863335],[-82.389247999993415,29.641202999932585],[-82.385817999574982,29.64264500028349],[-82.385184999913406,29.642694000148651],[-82.384532000160334,29.642777000057048],[-82.383470999978258,29.641890000382475],[-82.380787000097641,29.640616000019051],[-82.380334000361103,29.640401000298496],[-82.376666000291294,29.641790000327767],[-82.376527000374139,29.641844999940719],[-82.374641000011536,29.642750000188414],[-82.374026999718211,29.643044999632753],[-82.374026999718211,29.643444999735042],[-82.374600000003667,29.643849999673659],[-82.375722000285094,29.64465099982089],[-82.3758210000193,29.645053000022397],[-82.374554999797809,29.645042000296556],[-82.374442999644828,29.645041000179457],[-82.374144999718993,29.645040000062359],[-82.373293999599184,29.645037999828133],[-82.372522000020439,29.645036000374596],[-82.372498999555901,29.646567000221278],[-82.372460000096169,29.647844999806473],[-82.372440000004659,29.648473000019077],[-82.37243199960875,29.649376999945034],[-82.372423000286247,29.65032099981055],[-82.372424999936072,29.650425000233465],[-82.372458000446329,29.651711999696779],[-82.372455000073288,29.652010000346358],[-82.372458000446329,29.652139000191479],[-82.372445999852459,29.652725000014744],[-82.372444000202634,29.652803000040358],[-82.372448000400595,29.652951000383094],[-82.372458000446329,29.653141999749469],[-82.372380999555133,29.653542000325764],[-82.372393000149017,29.654268000319753],[-82.372390999600867,29.654885000059046],[-82.372409999867443,29.655190000014567],[-82.372412000415579,29.656894000015718],[-82.372418000263366,29.657398999967349],[-82.372407000392712,29.657895999811927],[-82.372405999669482,29.658646999950619],[-82.372405999669482,29.659507000225435],[-82.372906000159986,29.659506000252069],[-82.376047999800022,29.659504000305319],[-82.376436000137531,29.659504000305319],[-82.37706600032439,29.659508000198784],[-82.378056000361354,29.659515000011961],[-82.378663000083662,29.659518999904996],[-82.379023999758687,29.659519999878221],[-82.380070999697054,29.659526999690506],[-82.380750000287719,29.659531000363692],[-82.382620999683382,29.659543000040394],[-82.383969999745545,29.659550999823992],[-82.386529999777608,29.659569000115493],[-82.386988000435323,29.659572000033663],[-82.387877000189945,29.659578999842399],[-82.388939000196928,29.659591000293943],[-82.389155999931901,29.659577999869747],[-82.389386999910585,29.659570000088234],[-82.389519999979981,29.659566000197234],[-82.392285000051459,29.659569000115493],[-82.39328299958602,29.659590000321408],[-82.395529999623633,29.659590000321408],[-82.396201999643296,29.659589000348884],[-82.397867999897855,29.659589000348884],[-82.399068999821992,29.659597000128883],[-82.399202999716323,29.659593000238967],[-82.399285999556994,29.659584999678064],[-82.399400000258126,29.659548999878144],[-82.399505999665024,29.659496999710807],[-82.39960000027466,29.659430999880005],[-82.399664999673675,29.659519999878221],[-82.39980600013898,29.659578999842399],[-82.399952999553761,29.659597000128883],[-82.40084600040467,29.659596000156412],[-82.40124200023979,29.659595000183952],[-82.401545000188477,29.659595000183952],[-82.401557999708956,29.659470999617032],[-82.401939000373787,29.659520999851445],[-82.402348999554292,29.659557999634181],[-82.403065999779784,29.659617000356704],[-82.403594999684287,29.659630999967359],[-82.405775999599669,29.659659999935336],[-82.406507000068856,29.659659999935336],[-82.406527000160352,29.65966499979433],[-82.408155999706679,29.659659999935336],[-82.408876000305213,29.659653000132234],[-82.408983000435342,29.659670999624858],[-82.410587999692225,29.659715999903625],[-82.411147999558864,29.659682000093827],[-82.412252000296974,29.659693999752498],[-82.412649999781905,29.659692999781008],[-82.413729000405652,29.659698999609866],[-82.41438299998363,29.659710000075759],[-82.415125000323485,29.659705000218953],[-82.416440999875377,29.659698999609866],[-82.41701599981063,29.659705000218953],[-82.41736300014027,29.659700000361891],[-82.417714999594452,29.659694999724007],[-82.418215000084956,29.659698999609866],[-82.41882500018032,29.659703000276156],[-82.419125999580899,29.659693999752498]]]},"properties":{"MTFCC":"G5020","OID":"2079015500882325","GEOID":"12001001605","STATE":"12","COUNTY":"001","TRACT":"001605","BASENAME":"16.05","NAME":"Census Tract 16.05","LSADC":"CT","FUNCSTAT":"S","AREALAND":7946620,"AREAWATER":150345,"CENTLAT":"+29.6501214","CENTLON":"-082.3926668","INTPTLAT":"+29.6489907","INTPTLON":"-082.3932456","OBJECTID":62405}},{"type":"Feature","id":62479,"geometry":{"type":"Polygon","coordinates":[[[-82.446818000128445,29.689025999804333],[-82.44665900011978,29.688864999714742],[-82.445274000072601,29.687461999834177],[-82.444087000392159,29.686216000168578],[-82.443345000052304,29.685415999746446],[-82.44322600022663,29.685291999797826],[-82.441506000443695,29.68351599975859],[-82.440663999646418,29.682645999741755],[-82.438077999675087,29.679988999686696],[-82.432548000430472,29.674307000260761],[-82.432090999597648,29.674307000260761],[-82.431392999638732,29.674313999824673],[-82.430354000096287,29.674304000001559],[-82.430031000056104,29.67429300035111],[-82.428481999977407,29.674294000177479],[-82.427455000130522,29.674259000004778],[-82.426725000384536,29.674212000333526],[-82.425799999746602,29.674177000132349],[-82.425418999980081,29.674141000091051],[-82.424951999999863,29.674114000051606],[-82.424609999693104,29.674108000302059],[-82.424289000201043,29.674085000348111],[-82.423501999655358,29.674068000141244],[-82.423090999751622,29.674082999910702],[-82.422816000290325,29.674090000270702],[-82.422754000366041,29.674091000099086],[-82.422564000395241,29.674090000270702],[-82.422262000271459,29.674109000130276],[-82.422130000026968,29.674118000144649],[-82.421524999954485,29.674144000355177],[-82.421041000255812,29.674169999778389],[-82.421022999814156,29.674172000214085],[-82.420077999983036,29.674214999815003],[-82.419265000396393,29.674232999824007],[-82.418615000118038,29.674248000349404],[-82.418066999946959,29.674246999742056],[-82.417297000018038,29.674246999742056],[-82.416960999559052,29.674240000173565],[-82.41624199968372,29.674241000000457],[-82.415306999898348,29.674233999650951],[-82.413899000284957,29.674231999997026],[-82.413525000191143,29.674228999735586],[-82.413207000173827,29.674227000081558],[-82.41317299983865,29.674227000081558],[-82.410351999690675,29.674179999614822],[-82.409779000303544,29.674173000041652],[-82.409396999813822,29.674171000386504],[-82.407650000266713,29.674141999918923],[-82.407342000295131,29.674136999998925],[-82.406351000433247,29.674119999800865],[-82.405933999783414,29.674113000223443],[-82.405782000345781,29.674110999786656],[-82.403926999945313,29.674104000208622],[-82.402300000048797,29.674095000192992],[-82.401494999959766,29.674105000036864],[-82.401078000208244,29.674113000223443],[-82.400703000289539,29.674111999614819],[-82.399786000047499,29.674115999707887],[-82.397763000315862,29.674108000302059],[-82.397338000168432,29.674110999786656],[-82.394983000175785,29.674108000302059],[-82.394614999929743,29.674108000302059],[-82.393687999641969,29.674106999693336],[-82.39331199989833,29.674105000036864],[-82.392655999772217,29.674104000208622],[-82.392040999653972,29.674104000208622],[-82.391517999597255,29.67410300038037],[-82.39095100005791,29.67410300038037],[-82.390089000067476,29.674097999677969],[-82.38898100002973,29.674086000176544],[-82.388976000006849,29.67418899962291],[-82.388974000357024,29.674826000053368],[-82.388974000357024,29.674940999703516],[-82.388979000379905,29.675476000283233],[-82.38898100002973,29.675749999844001],[-82.388977999656674,29.676037999887836],[-82.388975000181944,29.676688999890143],[-82.388974000357024,29.677053999741347],[-82.388972999633808,29.677344000325007],[-82.388971999808888,29.677510999684124],[-82.388970999983968,29.677985000219095],[-82.388970000159063,29.678546000064042],[-82.388967999610927,29.678765999929166],[-82.388965000136196,29.679074999959205],[-82.388960000113329,29.679564999650925],[-82.388960999938234,29.679728999906271],[-82.388970000159063,29.681421999773836],[-82.388965000136196,29.682268000068316],[-82.388962999588045,29.683338999743629],[-82.388961999763154,29.683804000188189],[-82.388950999892501,29.684065000084235],[-82.388955999915382,29.684573000145431],[-82.388950000067581,29.684820000381244],[-82.388945000044714,29.685033999905286],[-82.388935999823872,29.685404999750858],[-82.388938000372008,29.686386000296398],[-82.38893499999898,29.687384999846671],[-82.388934000174061,29.687537000373389],[-82.388925999778138,29.687785999733123],[-82.388914999907485,29.688093999660985],[-82.388924999953218,29.688563000256671],[-82.388929999976099,29.688733000316518],[-82.389047000151962,29.688724000049696],[-82.389139000213461,29.688717999611253],[-82.389221000229227,29.68871900007456],[-82.389936999731503,29.688723000366831],[-82.390520999887599,29.688723000366831],[-82.390765000285072,29.688716999928335],[-82.391033999898582,29.688712999635825],[-82.391606000359118,29.68871900007456],[-82.392130000240755,29.688726999878607],[-82.392316000013594,29.688728000341825],[-82.392870000032474,29.688728000341825],[-82.393099000361332,29.688728000341825],[-82.393271999715367,29.688728000341825],[-82.393289000332118,29.688728000341825],[-82.393432000447248,29.688728000341825],[-82.39465299956457,29.688724999732536],[-82.396143000092053,29.688723000366831],[-82.397385999849007,29.688733000316518],[-82.39860799968956,29.68875500035832],[-82.39889100044509,29.688756999723388],[-82.399319999892171,29.68876399984196],[-82.40042000043232,29.688780000222661],[-82.40245300020969,29.688795000138256],[-82.403644000088093,29.688815999704154],[-82.403865999845948,29.688812999877889],[-82.406321000296032,29.688839999871611],[-82.409488999875308,29.688839999871611],[-82.409714999831124,29.688830999614382],[-82.409776999755408,29.688832999758343],[-82.409883999885537,29.688836000364351],[-82.411032000106246,29.688844000159087],[-82.411412999872738,29.688849000127988],[-82.411824999601407,29.688839999871611],[-82.414228000172926,29.688839000189915],[-82.416240000033909,29.688846000302778],[-82.418095000434363,29.688836000364351],[-82.418297000100736,29.688825999644578],[-82.42228099963971,29.688824999962744],[-82.42330300036204,29.688834000220442],[-82.425610999600707,29.688861000208515],[-82.427008000241756,29.688861000208515],[-82.430258999661731,29.688886999727668],[-82.430569000181436,29.688910999878164],[-82.434659000025633,29.688908999735755],[-82.434869000087915,29.688908999735755],[-82.436913999560858,29.688932999881011],[-82.439103999697082,29.68895299973752],[-82.441344999886908,29.688962999664291],[-82.441923000195217,29.688974000050798],[-82.442795000231413,29.688984999655755],[-82.443227999876441,29.688984999655755],[-82.443858000063301,29.688989999617657],[-82.444088000217064,29.688993000219025],[-82.444960000253261,29.689005999962365],[-82.446460999753057,29.689010000243211],[-82.446818000128445,29.689025999804333]]]},"properties":{"MTFCC":"G5020","OID":"20790267578250","GEOID":"12001001701","STATE":"12","COUNTY":"001","TRACT":"001701","BASENAME":"17.01","NAME":"Census Tract 17.01","LSADC":"CT","FUNCSTAT":"S","AREALAND":7918346,"AREAWATER":49789,"CENTLAT":"+29.6818532","CENTLON":"-082.4144768","INTPTLAT":"+29.6815829","INTPTLON":"-082.4192891","OBJECTID":62479}},{"type":"Feature","id":62480,"geometry":{"type":"Polygon","coordinates":[[[-82.432090999597648,29.674307000260761],[-82.432548000430472,29.674307000260761],[-82.431725999724677,29.673462999768546],[-82.430797999611997,29.672509999878706],[-82.426604999835632,29.668200000323889],[-82.423390000400687,29.664705999793245],[-82.423103000345492,29.664367999938939],[-82.419374000176333,29.659986000372768],[-82.419247999779643,29.659838000228422],[-82.419125999580899,29.659693999752498],[-82.41882500018032,29.659703000276156],[-82.418215000084956,29.659698999609866],[-82.417714999594452,29.659694999724007],[-82.41736300014027,29.659700000361891],[-82.41701599981063,29.659705000218953],[-82.416440999875377,29.659698999609866],[-82.415125000323485,29.659705000218953],[-82.41438299998363,29.659710000075759],[-82.413729000405652,29.659698999609866],[-82.412649999781905,29.659692999781008],[-82.412252000296974,29.659693999752498],[-82.411147999558864,29.659682000093827],[-82.410587999692225,29.659715999903625],[-82.408983000435342,29.659670999624858],[-82.408876000305213,29.659653000132234],[-82.408155999706679,29.659659999935336],[-82.406527000160352,29.65966499979433],[-82.406507000068856,29.659659999935336],[-82.405775999599669,29.659659999935336],[-82.403594999684287,29.659630999967359],[-82.403065999779784,29.659617000356704],[-82.402348999554292,29.659557999634181],[-82.401939000373787,29.659520999851445],[-82.401557999708956,29.659470999617032],[-82.401545000188477,29.659595000183952],[-82.40124200023979,29.659595000183952],[-82.40084600040467,29.659596000156412],[-82.399952999553761,29.659597000128883],[-82.39980600013898,29.659578999842399],[-82.399664999673675,29.659519999878221],[-82.39960000027466,29.659430999880005],[-82.399505999665024,29.659496999710807],[-82.399400000258126,29.659548999878144],[-82.399285999556994,29.659584999678064],[-82.399202999716323,29.659593000238967],[-82.399068999821992,29.659597000128883],[-82.397867999897855,29.659589000348884],[-82.396201999643296,29.659589000348884],[-82.395529999623633,29.659590000321408],[-82.39328299958602,29.659590000321408],[-82.392285000051459,29.659569000115493],[-82.389519999979981,29.659566000197234],[-82.389386999910585,29.659570000088234],[-82.389155999931901,29.659577999869747],[-82.388939000196928,29.659591000293943],[-82.387877000189945,29.659578999842399],[-82.386988000435323,29.659572000033663],[-82.386529999777608,29.659569000115493],[-82.383969999745545,29.659550999823992],[-82.382620999683382,29.659543000040394],[-82.380750000287719,29.659531000363692],[-82.380070999697054,29.659526999690506],[-82.379023999758687,29.659519999878221],[-82.378663000083662,29.659518999904996],[-82.378056000361354,29.659515000011961],[-82.37706600032439,29.659508000198784],[-82.376436000137531,29.659504000305319],[-82.376047999800022,29.659504000305319],[-82.372906000159986,29.659506000252069],[-82.372405999669482,29.659507000225435],[-82.37239999982171,29.659844000048629],[-82.372404000019671,29.660149999771988],[-82.372392000324098,29.661264999691056],[-82.372397000346979,29.661749999761927],[-82.372387000301231,29.664501000028675],[-82.372385999578,29.664776999671471],[-82.372377000255483,29.665112999877447],[-82.372378000080388,29.665584999702258],[-82.372379999730214,29.665802000090736],[-82.37236999968448,29.666370000110717],[-82.372373000057507,29.666769999618246],[-82.372742999953388,29.666804000154851],[-82.373170999575549,29.666905000234586],[-82.373565999585765,29.667064999689728],[-82.374218000412242,29.667373999770845],[-82.374902999952369,29.667679000114823],[-82.375286000266996,29.667858000159896],[-82.376816999904037,29.668594000280905],[-82.37709399991347,29.668721000175839],[-82.377358000402424,29.668842999727239],[-82.378061000384221,29.669176999865986],[-82.378621000250874,29.669447999794514],[-82.379715999869831,29.669951000214823],[-82.380632000286937,29.670372999692908],[-82.381475000010809,29.670730000160411],[-82.382337999826163,29.671089999715857],[-82.383041999632852,29.671396000354157],[-82.383820999782628,29.67172800011604],[-82.385148000103484,29.672319999661195],[-82.38582400032108,29.672652000275221],[-82.386412999601745,29.67291400008466],[-82.386965999795692,29.673199000153875],[-82.388643999745824,29.673955999762367],[-82.38898100002973,29.674086000176544],[-82.390089000067476,29.674097999677969],[-82.39095100005791,29.67410300038037],[-82.391517999597255,29.67410300038037],[-82.392040999653972,29.674104000208622],[-82.392655999772217,29.674104000208622],[-82.39331199989833,29.674105000036864],[-82.393687999641969,29.674106999693336],[-82.394614999929743,29.674108000302059],[-82.394983000175785,29.674108000302059],[-82.397338000168432,29.674110999786656],[-82.397763000315862,29.674108000302059],[-82.399786000047499,29.674115999707887],[-82.400703000289539,29.674111999614819],[-82.401078000208244,29.674113000223443],[-82.401494999959766,29.674105000036864],[-82.402300000048797,29.674095000192992],[-82.403926999945313,29.674104000208622],[-82.405782000345781,29.674110999786656],[-82.405933999783414,29.674113000223443],[-82.406351000433247,29.674119999800865],[-82.407342000295131,29.674136999998925],[-82.407650000266713,29.674141999918923],[-82.409396999813822,29.674171000386504],[-82.409779000303544,29.674173000041652],[-82.410351999690675,29.674179999614822],[-82.41317299983865,29.674227000081558],[-82.413207000173827,29.674227000081558],[-82.413525000191143,29.674228999735586],[-82.413899000284957,29.674231999997026],[-82.415306999898348,29.674233999650951],[-82.41624199968372,29.674241000000457],[-82.416960999559052,29.674240000173565],[-82.417297000018038,29.674246999742056],[-82.418066999946959,29.674246999742056],[-82.418615000118038,29.674248000349404],[-82.419265000396393,29.674232999824007],[-82.420077999983036,29.674214999815003],[-82.421022999814156,29.674172000214085],[-82.421041000255812,29.674169999778389],[-82.421524999954485,29.674144000355177],[-82.422130000026968,29.674118000144649],[-82.422262000271459,29.674109000130276],[-82.422564000395241,29.674090000270702],[-82.422754000366041,29.674091000099086],[-82.422816000290325,29.674090000270702],[-82.423090999751622,29.674082999910702],[-82.423501999655358,29.674068000141244],[-82.424289000201043,29.674085000348111],[-82.424609999693104,29.674108000302059],[-82.424951999999863,29.674114000051606],[-82.425418999980081,29.674141000091051],[-82.425799999746602,29.674177000132349],[-82.426725000384536,29.674212000333526],[-82.427455000130522,29.674259000004778],[-82.428481999977407,29.674294000177479],[-82.430031000056104,29.67429300035111],[-82.430354000096287,29.674304000001559],[-82.431392999638732,29.674313999824673],[-82.432090999597648,29.674307000260761]]]},"properties":{"MTFCC":"G5020","OID":"20790267578185","GEOID":"12001001702","STATE":"12","COUNTY":"001","TRACT":"001702","BASENAME":"17.02","NAME":"Census Tract 17.02","LSADC":"CT","FUNCSTAT":"S","AREALAND":7520641,"AREAWATER":104135,"CENTLAT":"+29.6667917","CENTLON":"-082.4009640","INTPTLAT":"+29.6704695","INTPTLON":"-082.3970901","OBJECTID":62480}},{"type":"Feature","id":62484,"geometry":{"type":"Polygon","coordinates":[[[-82.582153000249633,29.733800999616349],[-82.582155999724392,29.733637000277113],[-82.58214200037898,29.733303999918736],[-82.582127000310393,29.732929999866165],[-82.582097999998055,29.732653000171524],[-82.582027999677862,29.731995999907078],[-82.581942000362446,29.731339000020277],[-82.58190999967708,29.730964999662511],[-82.581892000133749,29.730544999676106],[-82.581886000285948,29.729944000270351],[-82.581897000156602,29.729400999867298],[-82.581918999897923,29.72745199965188],[-82.58142199978046,29.72745199965188],[-82.581224000312062,29.727479000179628],[-82.580805000012404,29.727472999716234],[-82.580118999749061,29.727470000264535],[-82.579240000040173,29.727473999793499],[-82.578798000174288,29.727470000264535],[-82.576575000426132,29.727464999877952],[-82.57619100028657,29.727471000341829],[-82.575821000390704,29.72746700003265],[-82.575518000442017,29.727471000341829],[-82.575253999953048,29.727479000179628],[-82.574929000263026,29.727478000102412],[-82.574525000031997,29.727491000325177],[-82.573830000446122,29.727470000264535],[-82.573489999789189,29.727470000264535],[-82.571245000299712,29.727433999816039],[-82.570830000198015,29.727432999738376],[-82.570570999731927,29.72745199965188],[-82.569753999947324,29.727448000121974],[-82.569182000385098,29.727442999734357],[-82.568669000374115,29.727452999729298],[-82.567019999837996,29.727431999660769],[-82.566615999606938,29.727432999738376],[-82.565977000097575,29.727435999971281],[-82.565147999719102,29.727421999663679],[-82.564567999760968,29.727418000132644],[-82.564286999553559,29.727417000054817],[-82.563304000087612,29.727424999896915],[-82.562755000091613,29.727424999896915],[-82.561632999810172,29.727411000367876],[-82.561276000333123,29.727400000290711],[-82.561024000438039,29.727399000212756],[-82.56025600015893,29.727392999744566],[-82.558411999629129,29.727383999821768],[-82.557132999887159,29.727377000054634],[-82.556178999835211,29.727371999663433],[-82.55575000038813,29.727380000289219],[-82.554662000441866,29.727388000134269],[-82.554264999883515,29.727387000056201],[-82.553151999822916,29.727363999817097],[-82.552687000390804,29.727362999738801],[-82.552181000052528,29.727361999660413],[-82.551639999554126,29.727381999665493],[-82.551276000404371,29.727381000367412],[-82.550677000179661,29.727389000212387],[-82.550351999591328,29.727382999743675],[-82.549840000303575,29.72737399981996],[-82.548855000289493,29.727371000365249],[-82.548583000302912,29.727359000205347],[-82.548334999707492,29.727349000201045],[-82.548174000049002,29.727349000201045],[-82.547779999863693,29.727349000201045],[-82.546948000010488,29.727350000279547],[-82.5459770002401,29.727333999802642],[-82.545563999788214,29.727332999723973],[-82.544984999655,29.727351000357981],[-82.543926999845979,29.727341999651355],[-82.541692000402236,29.72733700003851],[-82.540206000072729,29.72733599995987],[-82.538641999925417,29.72734100035289],[-82.538098999777191,29.72734100035289],[-82.535583000126067,29.727343999808443],[-82.534265999850945,29.727350000279547],[-82.532824999727282,29.727351000357981],[-82.529358000397252,29.727359000205347],[-82.526609000219295,29.727361999660413],[-82.525738000008019,29.727368000130397],[-82.523574999635997,29.727371999663433],[-82.522562999857712,29.727369000208707],[-82.519483000141975,29.727371000365249],[-82.516651000123346,29.727367000052141],[-82.514105000335007,29.727368000130397],[-82.513137999864242,29.727368000130397],[-82.511469999959857,29.727361999660413],[-82.511037000314815,29.727361000362144],[-82.509120999814996,29.727371000365249],[-82.509034999601269,29.72737499989822],[-82.508940999889944,29.727380000289219],[-82.508839999607602,29.727387000056201],[-82.508689999819765,29.727398000134752],[-82.508593999560304,29.727405999978366],[-82.508244999580839,29.727444999889439],[-82.50783600022524,29.727504999843049],[-82.507612999744183,29.727543999715699],[-82.507373000442982,29.727593000334231],[-82.507012999694552,29.727676000372206],[-82.50678099989095,29.727738999631448],[-82.506472000094476,29.727830000138571],[-82.505453999570108,29.728175000008441],[-82.505083999674241,29.728285999944962],[-82.504750999588325,29.728367000053016],[-82.504414000202729,29.728434999996974],[-82.503845999940168,29.728528000006339],[-82.503493999587661,29.728569999680342],[-82.503138999760424,29.728600000105345],[-82.502783999933186,29.728616999666141],[-82.499854999830177,29.728640999683602],[-82.495968000375584,29.728658000017486],[-82.495969000200503,29.728960999887811],[-82.495975000048276,29.731135999755079],[-82.495976999698087,29.731855999985655],[-82.495970999850314,29.732790999712325],[-82.495968000375584,29.733214999736507],[-82.495965000002528,29.733646999654734],[-82.495937000413448,29.733952000083558],[-82.495856000222574,29.734413000186457],[-82.495763000336169,29.734855999666497],[-82.495662999878732,29.735193000334259],[-82.495544000053044,29.735529999869804],[-82.495410000158742,29.735862999858742],[-82.49532499976992,29.736054000018768],[-82.495262999845664,29.736192000340942],[-82.495102000187174,29.736514999821463],[-82.494897000147759,29.736884999834274],[-82.493762000345853,29.739015999612565],[-82.493692000025646,29.739163000186284],[-82.493573000199959,29.739443999675174],[-82.493467999719655,29.739728999757073],[-82.493375999658141,29.74001799961794],[-82.493300000388487,29.740310000053903],[-82.493255000182629,29.740525999786534],[-82.493226999695224,29.740665000141231],[-82.493183000212611,29.740935999891665],[-82.493149999702339,29.741232999695107],[-82.493137000181861,29.741391000243262],[-82.493132999983899,29.741442000213997],[-82.493124999587977,29.741672999664889],[-82.493118999740204,29.742089000129891],[-82.493117999915285,29.742189000254378],[-82.493124999587977,29.74274100017654],[-82.493129999610858,29.742858999841967],[-82.493143000029647,29.743195000217504],[-82.493147000227609,29.743293000179932],[-82.493209999976798,29.745815000312266],[-82.493228000418455,29.746738999863744],[-82.493247999611611,29.74773400000629],[-82.493290000342725,29.749254999948715],[-82.493296000190526,29.749455999700828],[-82.493307000061179,29.749743999749128],[-82.493317999931833,29.750014999919127],[-82.4933229999547,29.750133000382963],[-82.493332000175513,29.750345999685507],[-82.493336000373503,29.750435000263231],[-82.493348000069062,29.750874999627715],[-82.493353000091929,29.751011999989124],[-82.493400999772504,29.752324999922855],[-82.493414000191279,29.753041999865868],[-82.493425999886867,29.753350999855513],[-82.493446999803268,29.753961999845156],[-82.493486000161312,29.755062000383408],[-82.49349899968179,29.755673999877203],[-82.493513999750405,29.756123000104658],[-82.493531000367156,29.756600999940893],[-82.493562000329291,29.75727000013665],[-82.493554999758288,29.75772600022167],[-82.493548999910502,29.758084000346248],[-82.493501000229941,29.760916000158904],[-82.49349600020706,29.761808000010451],[-82.493512999925485,29.763362000153624],[-82.493538000039848,29.764146000085123],[-82.493554999758288,29.764977000219705],[-82.493589000093479,29.765901999833108],[-82.49362699972832,29.766622999638841],[-82.493635999949163,29.766790000222954],[-82.493723999812701,29.767850999751452],[-82.493770999668357,29.76842700012709],[-82.493808000376603,29.768922000277069],[-82.493850000209392,29.770509999754118],[-82.493855000232259,29.770716999978006],[-82.493857999707004,29.770818000037412],[-82.493876999973565,29.771529000051952],[-82.493881000171527,29.771788000270437],[-82.4938929998671,29.772470999907821],[-82.493902000087928,29.772937000343898],[-82.493907000110795,29.773245000181483],[-82.493928999852116,29.773760000024375],[-82.493944999745622,29.774842000077392],[-82.493947000293758,29.774976000050202],[-82.493952000316639,29.775268999610422],[-82.49396800021016,29.776089000063216],[-82.493984000103694,29.776424000165797],[-82.493993000324508,29.776587999681716],[-82.494000999822134,29.776745999855105],[-82.494011999692773,29.777797000309462],[-82.494011999692773,29.777876999827736],[-82.494013000416018,29.777926000017629],[-82.494013000416018,29.777958999988819],[-82.494013000416018,29.778017000195387],[-82.494014000240909,29.778094000041218],[-82.494014000240909,29.778125000033342],[-82.494014000240909,29.778152000169548],[-82.494015000065829,29.778185000066248],[-82.494014000240909,29.778326000352955],[-82.494014000240909,29.778513000078551],[-82.494077999815019,29.779234000329573],[-82.494121000371038,29.780512999780768],[-82.494123999845769,29.780598000323579],[-82.494143999937251,29.780827000096807],[-82.494154999807904,29.78095099974179],[-82.494179999922267,29.781228999620168],[-82.494260000288222,29.782289999782005],[-82.494288999702206,29.782676000227447],[-82.494278999656473,29.782927999897055],[-82.494307000143877,29.783047999628163],[-82.494358000197494,29.783151000328662],[-82.494420999946684,29.7832410001349],[-82.4945399997724,29.783316000041626],[-82.494477000023196,29.783478000147262],[-82.494401999680107,29.783686999886672],[-82.494333999908065,29.783916999905152],[-82.494261999938033,29.784225000275111],[-82.494209000234576,29.784549999908776],[-82.494183000295322,29.784783999864906],[-82.494169999876519,29.785033999900079],[-82.494169000051599,29.785343000231482],[-82.494174999899414,29.786003999645398],[-82.494189000143109,29.786656000092936],[-82.494205999861535,29.787326999671812],[-82.494209000234576,29.787456000354577],[-82.494213000432552,29.787617999997469],[-82.494217999557108,29.788121000076362],[-82.494229000326072,29.788915999883585],[-82.494241999846551,29.790124999766537],[-82.494252999717204,29.791340999836102],[-82.494257999740071,29.792544999791104],[-82.494258999564991,29.793192000280388],[-82.494257999740071,29.793606000066372],[-82.494258999564991,29.793782000285152],[-82.49479099984255,29.794081999944481],[-82.49575099974227,29.794694999765053],[-82.496756999672769,29.795330999967955],[-82.497021999986643,29.795498000227525],[-82.497755999930561,29.795976000027451],[-82.498694000089003,29.796560999930414],[-82.49871500000539,29.796579999992485],[-82.499655999638549,29.797178000021109],[-82.500811000430275,29.797923999867219],[-82.501229999831608,29.798203000308458],[-82.501782000200663,29.798585999747704],[-82.502277999594881,29.798868000335339],[-82.503028000330659,29.799271000038697],[-82.503374999761988,29.799440000235887],[-82.503674000411038,29.799570000253244],[-82.503984000032432,29.799672000184628],[-82.504193000269808,29.79973600031769],[-82.504695000410152,29.799891000190254],[-82.505025999947932,29.799986999774642],[-82.505410999912399,29.800062000384663],[-82.506077999909166,29.800194999987301],[-82.510746999886592,29.801156999925077],[-82.511221000437828,29.801250999612456],[-82.512357000064668,29.801477000108246],[-82.512482999563048,29.801501999945501],[-82.513799000013236,29.801772000283897],[-82.514035000014786,29.801822999919516],[-82.514529999584113,29.801928000233829],[-82.51556200035219,29.802132999973097],[-82.515682000002798,29.802162000092441],[-82.52014799959062,29.803077999803428],[-82.522577000101435,29.803572000026112],[-82.526558000165679,29.804382000022063],[-82.52783899955746,29.804622000118123],[-82.527974000174979,29.804653999775613],[-82.528400999972263,29.804742000339925],[-82.528892000241925,29.8048449997594],[-82.530052000158207,29.805075000259844],[-82.531024999578406,29.805283000026581],[-82.531174000439648,29.805315000252119],[-82.532980000436297,29.805686999686571],[-82.533130000224133,29.805719999858745],[-82.533192000148404,29.805734000141143],[-82.53325700044573,29.805746000270208],[-82.534656999663198,29.806019000284888],[-82.535171000397426,29.806124000092129],[-82.535429000140269,29.806175999918715],[-82.53600400007555,29.806292999624581],[-82.536103999634648,29.806313000246867],[-82.53639700043594,29.806371999681737],[-82.53723099993897,29.806533999879914],[-82.538164000074516,29.806704999631311],[-82.540410000287224,29.807177000080642],[-82.541690999679005,29.807445999852199],[-82.543111999711201,29.807721000015366],[-82.543915000150406,29.807906000053961],[-82.545541000222002,29.80822799979374],[-82.545692999659664,29.808258999805975],[-82.547312999883474,29.808597999991445],[-82.550724000035316,29.809288999777248],[-82.551009000440686,29.809345999715593],[-82.551962999594309,29.809538000130498],[-82.55343300003031,29.809837000054738],[-82.554218000027859,29.809997000030233],[-82.554358999594854,29.810025000174981],[-82.555999999735064,29.810354000314497],[-82.557193000161618,29.810604000381385],[-82.557373999911576,29.810628000248901],[-82.557513999653665,29.810674999940396],[-82.559545999606115,29.811081999711021],[-82.559978000324577,29.811207000081744],[-82.559984999997269,29.811033000165317],[-82.55998900019523,29.810929000079639],[-82.560012999586363,29.810352000255318],[-82.560017999609215,29.81021700006573],[-82.56002299963211,29.810086999855223],[-82.560025000180232,29.809815000067335],[-82.560026999830058,29.809659999983342],[-82.560027999654963,29.809594999926929],[-82.560029000378194,29.80946000027436],[-82.560029000378194,29.809382999617181],[-82.560030000203113,29.809279000153929],[-82.560051000119515,29.808282000186001],[-82.560056999967287,29.807998000308132],[-82.560070000386062,29.807443999734868],[-82.560070000386062,29.806430999861316],[-82.560071000210982,29.80595799971524],[-82.560071000210982,29.805679999932085],[-82.560072000035916,29.805354000245149],[-82.560072000035916,29.805324000191863],[-82.560073999685741,29.805167000000178],[-82.56008100025673,29.804646999948837],[-82.56008200008165,29.80457499992054],[-82.560083999731475,29.804439999727798],[-82.560088999754328,29.804037999893531],[-82.56009799997517,29.80338699976614],[-82.560101000348226,29.803190999610422],[-82.560109999670729,29.802651999735321],[-82.560119999716491,29.80194399971527],[-82.56012700028748,29.801506999756313],[-82.560128999937305,29.801389999908874],[-82.560129999762225,29.801354999628096],[-82.560137000333242,29.800920999806465],[-82.560133000135266,29.800567999881363],[-82.560132000310361,29.800342999800311],[-82.560134999785092,29.800071000017535],[-82.560145999655745,29.799102999698132],[-82.560150999678626,29.798707000340464],[-82.560168000295377,29.79621300028834],[-82.560188000386859,29.793494999964167],[-82.56017699961788,29.79296999981398],[-82.560189000211778,29.791770999812279],[-82.560189000211778,29.790589999670861],[-82.560201999732243,29.789350999782393],[-82.560210000128166,29.786900000105884],[-82.560220999998819,29.78630800031074],[-82.56022299964863,29.785606999630367],[-82.560169999945188,29.782957999648353],[-82.560158000249643,29.781909999731944],[-82.560149000028801,29.781726000280916],[-82.560152000401843,29.781561999824216],[-82.560155999701479,29.781253999837794],[-82.560163000272496,29.780828999966527],[-82.560179000166031,29.779827000188742],[-82.560180999815856,29.779655000167832],[-82.560200999907337,29.778359000192314],[-82.560210999953071,29.777759999643244],[-82.560235000242528,29.776171999720589],[-82.56023900044049,29.775943000217186],[-82.560241000090301,29.775693999689619],[-82.560252999785874,29.774325000340834],[-82.560272999877355,29.773202999727808],[-82.560292000143946,29.771679000199882],[-82.560297000166798,29.771608999898902],[-82.560318999908105,29.771490999770844],[-82.560327000304028,29.771470999986498],[-82.560385000030337,29.771341999760814],[-82.560431000061101,29.771239000168574],[-82.560455000350558,29.7711760001689],[-82.560355999718041,29.771124000089852],[-82.560148000203881,29.771065000147392],[-82.560086000279611,29.771041000147655],[-82.560024000355313,29.77098699993223],[-82.559980999799308,29.770903999876484],[-82.559938999966519,29.770727000335832],[-82.559794000201563,29.769573000016013],[-82.559557000375094,29.767580000244461],[-82.55924600003047,29.764426999730802],[-82.559148000121183,29.763318000015417],[-82.559100000440608,29.762772999962994],[-82.558953000127516,29.761315000061678],[-82.558937000233968,29.761158000242592],[-82.5589170001425,29.760980999858496],[-82.558701000232432,29.759366000109353],[-82.558336000359461,29.756478000352569],[-82.558174999802659,29.75454700034398],[-82.558008000296397,29.752538000026949],[-82.557757000226232,29.75025299962827],[-82.557669000362679,29.749343999935228],[-82.557595999669445,29.748598000031038],[-82.55744900025465,29.746893999884676],[-82.557385999607149,29.746165000175207],[-82.557142999932907,29.743108000075054],[-82.557066999764928,29.741933999700858],[-82.558267999689065,29.741941999945283],[-82.558868999563614,29.74194100001225],[-82.563730999884882,29.741967999760124],[-82.564110000001563,29.74196899969288],[-82.564536999798818,29.741972000271051],[-82.565336000040077,29.741976999934444],[-82.565972999899614,29.741975000069136],[-82.567171000349049,29.741969999625582],[-82.569198000278647,29.742001999807854],[-82.571258999645096,29.742009000114486],[-82.571749000089866,29.742010999979129],[-82.57393300037829,29.742018000285128],[-82.575566999947483,29.742032000115685],[-82.577845999772165,29.74203399997992],[-82.581000999830977,29.742030000251461],[-82.582144999853725,29.742029000319306],[-82.582153000249633,29.741226000114317],[-82.58213099961003,29.740068000335263],[-82.582123999937338,29.739252999730777],[-82.582114999716495,29.738210000331595],[-82.582114999716495,29.737665000259415],[-82.58211399989159,29.735907000348504],[-82.58211399989159,29.735658000176738],[-82.582109999693628,29.735634000277848],[-82.582106000393992,29.73525500033379],[-82.582111000416845,29.73474099995957],[-82.58213099961003,29.734542000365487],[-82.582144999853725,29.734228000081544],[-82.582153000249633,29.733800999616349]]]},"properties":{"MTFCC":"G5020","OID":"2079015500882373","GEOID":"12001001819","STATE":"12","COUNTY":"001","TRACT":"001819","BASENAME":"18.19","NAME":"Census Tract 18.19","LSADC":"CT","FUNCSTAT":"S","AREALAND":57112101,"AREAWATER":74430,"CENTLAT":"+29.7643011","CENTLON":"-082.5305217","INTPTLAT":"+29.7579205","INTPTLON":"-082.5427258","OBJECTID":62484}},{"type":"Feature","id":62485,"geometry":{"type":"Polygon","coordinates":[[[-82.43932999965287,29.615981000333171],[-82.439327000178139,29.615789000360923],[-82.439311000284619,29.615641000067622],[-82.43926699990368,29.615392000218289],[-82.439200999781448,29.615203000364204],[-82.439121000313833,29.614948999696438],[-82.438948999886364,29.614439000284531],[-82.438907000053575,29.614268999646843],[-82.438877999741237,29.614097000216677],[-82.438862999672651,29.613922999640884],[-82.438871000068573,29.612480999702125],[-82.438869000418748,29.612280000015915],[-82.438849000327252,29.612169000052354],[-82.438820000014942,29.612074000049844],[-82.438772000334353,29.611859999995652],[-82.438713999709734,29.61167400033138],[-82.438646999762582,29.611503999716607],[-82.438563000096991,29.611335000047927],[-82.43846600001261,29.611168999894261],[-82.438356000407751,29.611010999983364],[-82.43816800008679,29.610760999954554],[-82.437638000357367,29.610057000341399],[-82.437213000209908,29.609503000029424],[-82.437009999820333,29.609101999789221],[-82.436849999986748,29.608598999922634],[-82.436803999955998,29.608252000280157],[-82.436815999651571,29.608024000168712],[-82.436822000397669,29.607895999756906],[-82.436840999765906,29.607767999963581],[-82.436877999575842,29.607511999889507],[-82.436957000116877,29.607239000168253],[-82.437147000087677,29.606857000353134],[-82.437317999791887,29.606571999900154],[-82.437537000075011,29.606211000304665],[-82.437754999634905,29.605873000122024],[-82.437927000062359,29.605565000022708],[-82.438087999720835,29.605201999702071],[-82.438142000147508,29.605011999755579],[-82.438240000056808,29.604642000065571],[-82.438435999875381,29.603904999751407],[-82.438567000294952,29.603428000245167],[-82.438698999641119,29.602972000341754],[-82.438793000250769,29.602666000267902],[-82.438839000281504,29.602479000286412],[-82.438870000243654,29.6022669996959],[-82.438907000053575,29.602114000267576],[-82.439029000252319,29.601654999808893],[-82.439040000122958,29.601429999709342],[-82.439055000191573,29.601123999643161],[-82.439081999955761,29.600570000239678],[-82.439085000328816,29.598782000278472],[-82.439086999978628,29.597774000136958],[-82.439122999963644,29.596091999743454],[-82.439149999727832,29.594137000167144],[-82.439153000100859,29.594087000280428],[-82.439259000406068,29.592700000106262],[-82.439276000124522,29.591032999900339],[-82.439223000421066,29.590303000069138],[-82.43911200009299,29.58998899999823],[-82.439051999818531,29.589861000131805],[-82.438955999559056,29.58965700022873],[-82.438373000126177,29.589955999968865],[-82.436362000090128,29.590987000308729],[-82.435996000392237,29.59117999972824],[-82.433617000110132,29.592434999774269],[-82.433457000276562,29.592519000320397],[-82.432167999590561,29.593179000057418],[-82.431163000383293,29.593734999907944],[-82.429693999772212,29.594502000151657],[-82.428990999790429,29.594873999996807],[-82.427174999748019,29.595815000272147],[-82.427005999693634,29.595902999642391],[-82.426903999586386,29.595955999660983],[-82.426835999814315,29.595990999716921],[-82.425709000408304,29.596571999809456],[-82.425275000040045,29.596800000036549],[-82.425003000053479,29.59701400002756],[-82.423975000381702,29.59755900038876],[-82.423802000129314,29.597658000013666],[-82.423777000014965,29.597671999645083],[-82.423760000296525,29.597681000244005],[-82.423444999753954,29.597841000342637],[-82.422585000311628,29.598289999849861],[-82.421975000216278,29.59860399986071],[-82.420872000201413,29.599176000059632],[-82.420242000014554,29.599526999623134],[-82.420539000115468,29.599940000197837],[-82.420590000169099,29.600002000049209],[-82.420681000405708,29.600137000362313],[-82.421017999791275,29.60046199999875],[-82.421251000318094,29.600620999814296],[-82.421551999718645,29.600852000367087],[-82.421715999750177,29.600971999816498],[-82.422079999798257,29.601312000345153],[-82.422205000370042,29.601461000353453],[-82.422391000142881,29.601743000332672],[-82.422475999633377,29.601911999676467],[-82.4225760000908,29.602147000225177],[-82.422593999634159,29.602207999739633],[-82.422663000129447,29.602529999676712],[-82.422680999672792,29.602783999610008],[-82.422664999779272,29.604152000370977],[-82.422653000083699,29.605640999627486],[-82.42264499968779,29.606576000334098],[-82.422618999748522,29.609258000185193],[-82.422613999725641,29.609730000233572],[-82.422608999702774,29.610291000190308],[-82.422600000380257,29.611500000259195],[-82.422583999588426,29.61200400015511],[-82.422586000136562,29.61253599969794],[-82.422570000243013,29.614084000166095],[-82.422550000151546,29.615468999854748],[-82.422542999580529,29.615771999678689],[-82.422544000303759,29.615933999999573],[-82.422544000303759,29.61595699996613],[-82.422545000128665,29.616062000358184],[-82.422540999930703,29.616321000232762],[-82.422537999557676,29.616506000293555],[-82.422537999557676,29.616594999969667],[-82.422541999755637,29.617232999839409],[-82.42250199957266,29.619936000314116],[-82.422515999816355,29.621158999770064],[-82.422474999808486,29.622362999746976],[-82.422478000181528,29.623612999742896],[-82.422479999831339,29.624205999961596],[-82.422479000006433,29.624463999669089],[-82.422475999633377,29.625886000058237],[-82.422474999808486,29.62623400020701],[-82.422490999701992,29.627558999780369],[-82.422464999762724,29.628106999866972],[-82.422463999937818,29.629874999898163],[-82.422473999983566,29.630508999754721],[-82.423895000015747,29.630505999751261],[-82.424419999722303,29.630505999751261],[-82.425471999683523,29.630507000012706],[-82.426410999666885,29.630508000274151],[-82.427267999634452,29.630523999770769],[-82.428954999805413,29.630532000298963],[-82.429783000358981,29.630535999781976],[-82.4304310000892,29.630529000296178],[-82.431553000370627,29.630541000306785],[-82.432202999750658,29.630544000309204],[-82.432813999670927,29.630529999776556],[-82.434562999766172,29.630541000306785],[-82.434931999837104,29.630544000309204],[-82.436198000058596,29.630556999798163],[-82.438046999712952,29.630562000321934],[-82.438472999685303,29.630472000226224],[-82.439195999758567,29.630466000216988],[-82.439183000238089,29.629821000262961],[-82.439172000367435,29.629587999957852],[-82.439086000153708,29.629334999901015],[-82.438918999749134,29.629035999795498],[-82.438824000212904,29.628939000301838],[-82.437674000342355,29.628111999731477],[-82.437106999904714,29.62769399989314],[-82.437049000178391,29.627649000135982],[-82.436407000295958,29.627160000124761],[-82.436111000019949,29.626847999845037],[-82.436020999608274,29.626609000233596],[-82.435979999600406,29.626498999953984],[-82.435937999767603,29.626260999818314],[-82.43594100014063,29.626086999940764],[-82.435932999744722,29.625581000348546],[-82.435937999767603,29.62458099972735],[-82.435935000292858,29.623287000215385],[-82.435960000407221,29.621977999979542],[-82.435956000209259,29.621211999789598],[-82.435955000384354,29.620958000208898],[-82.435972000102794,29.620805999827738],[-82.435998999866968,29.620687999712782],[-82.436045999722623,29.620561000123054],[-82.436110000195058,29.620440999779412],[-82.436166000271541,29.620360000150022],[-82.436582000198158,29.619812999685369],[-82.436915000284088,29.619392999816245],[-82.437009999820333,29.619272999643666],[-82.437084000338501,29.619180000055955],[-82.43750399956474,29.618654000369297],[-82.438354999684535,29.617615999774895],[-82.439067999712066,29.616701000095542],[-82.439088999628453,29.616664000182173],[-82.439232999568489,29.616404999627058],[-82.439271000101641,29.616303000018778],[-82.43931299993443,29.616131999777856],[-82.439326000353233,29.616017000092011],[-82.43932999965287,29.615981000333171]]]},"properties":{"MTFCC":"G5020","OID":"2079015500882390","GEOID":"12001002221","STATE":"12","COUNTY":"001","TRACT":"002221","BASENAME":"22.21","NAME":"Census Tract 22.21","LSADC":"CT","FUNCSTAT":"S","AREALAND":6103371,"AREAWATER":0,"CENTLAT":"+29.6115749","CENTLON":"-082.4305951","INTPTLAT":"+29.6115749","INTPTLON":"-082.4305951","OBJECTID":62485}},{"type":"Feature","id":63659,"geometry":{"type":"Polygon","coordinates":[[[-82.274087999631874,29.707463000075407],[-82.273848000330688,29.707472000223962],[-82.273521000092529,29.707466999621342],[-82.272864999966401,29.707455999699171],[-82.272444000016918,29.707450000379492],[-82.272334000412059,29.70744799982598],[-82.272284000183362,29.70744799982598],[-82.26903000039033,29.707491000014794],[-82.266856000147641,29.707486000193381],[-82.265868999585436,29.707464999848362],[-82.264291000092726,29.707469999670867],[-82.264291000092726,29.707526000318268],[-82.262203999888683,29.707511000078256],[-82.261453000226325,29.707506000257847],[-82.258798999584613,29.707486999689536],[-82.255697999952474,29.707464999848362],[-82.255707000173288,29.703368000167483],[-82.255702999975341,29.70277400024947],[-82.255719999693767,29.700661000183878],[-82.255738000135437,29.697951999853721],[-82.255729999739501,29.695610000197302],[-82.255722000241917,29.694842999661372],[-82.255723999891728,29.693261999623125],[-82.255727000264784,29.691469000353859],[-82.255728999914609,29.690549999780323],[-82.255733000112571,29.688233999741865],[-82.255451999905176,29.688227000366727],[-82.250496999697475,29.688140999865972],[-82.250122999603676,29.688133999704004],[-82.248140000055017,29.688097999978204],[-82.245368000310847,29.688047999904011],[-82.239618000059878,29.687944000138351],[-82.239226000422718,29.687860000339107],[-82.239095000003132,29.687879999628777],[-82.238828999864367,29.687903000328756],[-82.238474000037115,29.687918000375262],[-82.238070999630978,29.68792600024306],[-82.237046000332256,29.687911999888691],[-82.23650599965876,29.687924999771862],[-82.236045000424625,29.68791699990398],[-82.235291000389211,29.687909999726401],[-82.2283419998639,29.687881999791667],[-82.226694000051012,29.687874999611658],[-82.226567999654307,29.687874999611658],[-82.225858999824737,29.687871999757316],[-82.225644999564494,29.687876999774588],[-82.225371999753023,29.687883999954458],[-82.225089999720709,29.687883000263245],[-82.225002999682076,29.687883000263245],[-82.224888999879255,29.687883000263245],[-82.224850000419522,29.687883000263245],[-82.22357900017515,29.687879999628777],[-82.222511000320381,29.687878000246268],[-82.222482000008071,29.687878000246268],[-82.2216600002006,29.687876999774588],[-82.22143800044276,29.687883999954458],[-82.220799999859977,29.687883999954458],[-82.218991000388584,29.687884999645654],[-82.216459999770521,29.687886000117256],[-82.213546999561046,29.68788699980843],[-82.213078999755908,29.68788699980843],[-82.212047999711061,29.687896000150221],[-82.2102629996308,29.68788699980843],[-82.20936399983043,29.687888999971179],[-82.20844900013654,29.687878999937528],[-82.206848000179306,29.687888999971179],[-82.206567999796818,29.687891000133828],[-82.206331999795268,29.687891999824963],[-82.206258000175424,29.687893000296491],[-82.206083000273225,29.687891999824963],[-82.205653000102927,29.687888999971179],[-82.205320000016997,29.687888999971179],[-82.204776999868798,29.687913000359966],[-82.204339000200875,29.687946999990544],[-82.204025000381506,29.688012999837323],[-82.203673999853905,29.688110999837306],[-82.203266000323239,29.68827000019936],[-82.202991999788523,29.688412000187299],[-82.202364000149814,29.688723000366831],[-82.201655000320244,29.689103999774428],[-82.20076099964443,29.68956600027667],[-82.19992499959325,29.690004000331999],[-82.199016999572052,29.69046900037544],[-82.198186000442078,29.690910999821661],[-82.197230999666886,29.691406000184621],[-82.196324000368932,29.691890000384213],[-82.196147999743516,29.691976999668196],[-82.19584300014499,29.692127999843304],[-82.194082000354172,29.693012000145185],[-82.193457000190193,29.693336000098377],[-82.193360999930732,29.69338700029936],[-82.193054999608989,29.693542000016723],[-82.192587999628742,29.693778000199508],[-82.190173000259946,29.695041000310532],[-82.189478999600695,29.695411999889149],[-82.188866999855506,29.695727000266945],[-82.186173999754047,29.697111000049119],[-82.183197999795382,29.698642000118731],[-82.181878000045529,29.699336000195927],[-82.180876000313006,29.699857999781823],[-82.180811999840586,29.69987700023276],[-82.18046399968604,29.700050999719114],[-82.179902000169577,29.700352000195213],[-82.179323000036348,29.700648999952044],[-82.17850999955138,29.701083999831567],[-82.177865000194231,29.701391000015331],[-82.177433000374094,29.701615999925256],[-82.176846999669863,29.701919999828448],[-82.176250999818194,29.702254999636573],[-82.175721999913691,29.702514000115304],[-82.175141999955557,29.702832000259622],[-82.174572000043156,29.703121000268332],[-82.173479999898944,29.703710999999288],[-82.17297500028387,29.70390199971181],[-82.172554000334387,29.704087999850735],[-82.172468000120674,29.704125999929037],[-82.172083999981112,29.704241000386411],[-82.171441000273788,29.704443999651144],[-82.170779000299873,29.704668999744293],[-82.168971999579995,29.705256999927798],[-82.167764999808071,29.705629999818765],[-82.167133999796292,29.705854000083256],[-82.165959999636328,29.70622299972203],[-82.165187000232649,29.70647299987403],[-82.164423000151487,29.706712999684147],[-82.163679999986755,29.706947999852741],[-82.163091999632684,29.707135000092038],[-82.162644999743947,29.707258000113832],[-82.162228999817316,29.707402000347486],[-82.161889999883627,29.707492999787252],[-82.161571000041391,29.707602000199465],[-82.161000000304085,29.707750999748352],[-82.160721999571408,29.707875000068373],[-82.160500999638487,29.707990999625093],[-82.160012999741838,29.708259999702527],[-82.159785999961144,29.708378000129798],[-82.159573000424118,29.708510000245049],[-82.159400999996663,29.70862299983354],[-82.15926200007948,29.708751999615661],[-82.159101000421018,29.708878000004912],[-82.156784000063183,29.710743000280903],[-82.156137000157898,29.711247000258481],[-82.155687999721025,29.71161900029098],[-82.155183000105936,29.712043000048315],[-82.15450799971326,29.712577999720899],[-82.153915000234647,29.713063999777095],[-82.153696999776443,29.713187999777507],[-82.153499000308045,29.713327999996629],[-82.153084000206334,29.713574000321142],[-82.152948999588816,29.713658999899899],[-82.152653000211103,29.713770999721429],[-82.152209999622016,29.713905999625837],[-82.151695999786099,29.714045000192982],[-82.151181999950211,29.714176999879939],[-82.150577999702634,29.714306999756626],[-82.1500460003234,29.714437999672072],[-82.149459999619154,29.714577000282908],[-82.14897400027067,29.714676000319937],[-82.148349000106691,29.714818999854337],[-82.147743000209275,29.714948999679805],[-82.147236000046064,29.715063000024429],[-82.14668799987497,29.715205999787763],[-82.146174999864002,29.715323999853712],[-82.145685000317542,29.715446999986394],[-82.145098999613325,29.715585999980291],[-82.144476999822388,29.715712999789631],[-82.143962999986471,29.715857000380421],[-82.143300000187665,29.71602200010453],[-82.142777999955854,29.716142000371839],[-82.141992000133399,29.716332999844802],[-82.141408999802195,29.716464000237178],[-82.140843000087756,29.716595999864136],[-82.140756999874029,29.716615999674286],[-82.140545000161922,29.716667999942104],[-82.140401000221885,29.716704000351861],[-82.140300999764477,29.716713999856523],[-82.139875999617018,29.716746999697346],[-82.139632000117857,29.716767000257583],[-82.137912000334936,29.716848000301198],[-82.136437999700988,29.716869000244071],[-82.135954999827234,29.716877000146827],[-82.134331000303774,29.716915000066397],[-82.133754999645291,29.716916000248872],[-82.133537999910303,29.716921999783075],[-82.133484000381955,29.716922999965476],[-82.132619999843371,29.716915000066397],[-82.131960000417607,29.716869000244071],[-82.131589999623415,29.716818999667048],[-82.130802999976069,29.716663999982465],[-82.130561000126718,29.71662999992909],[-82.130273000246632,29.71654499974516],[-82.130038999894907,29.716464999643968],[-82.129775000304264,29.716390999825197],[-82.129049999682849,29.716146999762223],[-82.128357999571719,29.715930999812642],[-82.127222999769813,29.715552000341926],[-82.126669999575839,29.715357000151478],[-82.126251000174506,29.715232999709286],[-82.125452999758153,29.714960000341517],[-82.124902000112343,29.714790999617822],[-82.124350999568222,29.714614000087501],[-82.12363199969289,29.714359999868094],[-82.123281999888519,29.714249000132519],[-82.12248099999745,29.71399400033841],[-82.122186000444671,29.713894999628831],[-82.121798000107162,29.713792999741326],[-82.121383000005451,29.7137049996327],[-82.121070000011017,29.713650000305908],[-82.12082700033676,29.713618999877617],[-82.120538999558363,29.713591000086623],[-82.119758999583667,29.713578999839459],[-82.119216000333779,29.713592000302217],[-82.118833999844043,29.713591000086623],[-82.116980999991725,29.713624000173848],[-82.116328000238653,29.713628000254612],[-82.115298999843631,29.713632999770184],[-82.114201999676553,29.713645000010949],[-82.113348000082013,29.713654000385613],[-82.112588000198826,29.713665999843606],[-82.111898999562442,29.713669999922754],[-82.111239000136663,29.713679000295169],[-82.110635999714006,29.71369700025738],[-82.110034000014565,29.713700000120717],[-82.109392000132132,29.713712000353478],[-82.107961999879109,29.713708999710281],[-82.106863999887111,29.713715000216357],[-82.106063999820961,29.713730999743767],[-82.105576999749246,29.71375399998642],[-82.1046589996823,29.713756999848101],[-82.104134999800664,29.713747000048844],[-82.104043999564084,29.713762000137411],[-82.103466000154057,29.713764999998855],[-82.102949999770019,29.713771999935179],[-82.10240300032217,29.713785000373004],[-82.101893999610823,29.713787000020059],[-82.10141300028522,29.713799999675746],[-82.100361000323971,29.713793999954909],[-82.0999479998721,29.713769000073995],[-82.099642000448654,29.713727999881357],[-82.099403000074062,29.713701000335231],[-82.099114000369042,29.713658999899899],[-82.098886999690009,29.713620000092945],[-82.098440999626177,29.713533000048862],[-82.098202000149882,29.713476999630895],[-82.096949000347195,29.713162999745755],[-82.094550999798528,29.712580000172213],[-82.093210000132288,29.712258000332273],[-82.092021999728615,29.711956000198132],[-82.089885000194158,29.71142300002613],[-82.089434000107445,29.711320999967867],[-82.089025999678441,29.71120800029475],[-82.088176000281891,29.711000999693798],[-82.087874999983001,29.71093500012482],[-82.087581000255128,29.710849000337667],[-82.087270999735424,29.71074399974464],[-82.086679000081716,29.710535000035723],[-82.086393999676375,29.710429999894561],[-82.086370000285228,29.710421000011127],[-82.085889999886206,29.710215000377499],[-82.085379000423359,29.709965000178794],[-82.084815000358759,29.709694999733149],[-82.083818999575684,29.709229000255704],[-82.083250000386528,29.70895999965316],[-82.081138999893028,29.707993999658971],[-82.080828000446715,29.707845999963222],[-82.080558000109988,29.707722999881391],[-82.080318999735368,29.707600999924239],[-82.080081999908913,29.707509000306153],[-82.079616999578505,29.707340000304711],[-82.079053000412202,29.707175000356688],[-82.078754999588057,29.707108999833444],[-82.078477999578624,29.707063000199661],[-82.078224000033728,29.707036999922419],[-82.077712999672571,29.706997999884095],[-82.077495999937582,29.706986999910555],[-82.077408999898935,29.706985999629147],[-82.077242000392673,29.706985000128007],[-82.076966000208174,29.706999000165375],[-82.076268000249243,29.707085000128899],[-82.075069999799823,29.707208999710854],[-82.074562999636612,29.707261999667935],[-82.073833999715561,29.707348000186563],[-82.072626000118703,29.707483000144379],[-82.071436000065205,29.707622000240814],[-82.070199000156038,29.707747000213701],[-82.06916899993611,29.707862999918291],[-82.068153999784784,29.70798299979452],[-82.067110000219458,29.708085999612923],[-82.067051999594824,29.708092999945229],[-82.065546000072146,29.708265000265659],[-82.065387999888401,29.708282999637952],[-82.065028000038296,29.70832699973732],[-82.064267000330176,29.708419000166437],[-82.06352400016543,29.708501000189521],[-82.062904999849223,29.708571000080145],[-82.062708000205731,29.708592000193875],[-82.06253300030356,29.70861099977278],[-82.062108000156115,29.708657000257897],[-82.059619000269166,29.708945999889256],[-82.059117000128822,29.708996999967329],[-82.058681999935644,29.709042000014705],[-82.058613000338667,29.709052000282576],[-82.057861999777998,29.709150000046161],[-82.05575600020569,29.709395000207049],[-82.054571000175059,29.709511000348549],[-82.054166999944016,29.709550000191125],[-82.053248999877084,29.709651000233226],[-82.052879999806137,29.709697000241906],[-82.052520999780938,29.709728999794528],[-82.052129000143779,29.709738999993991],[-82.051262999955355,29.709737000266301],[-82.050956999633613,29.709740999721692],[-82.050456000216514,29.709738999993991],[-82.050291000360076,29.709734999758282],[-82.050169000161333,29.71048699991789],[-82.050156999567449,29.71153099983729],[-82.05007999957455,29.712350000280448],[-82.049980999840344,29.71346699980375],[-82.049851999968922,29.713373999881142],[-82.049612999594331,29.713319000372955],[-82.049480000423245,29.713208999705813],[-82.04943600004232,29.713225000094081],[-82.049416999775744,29.713290999718083],[-82.049348000178767,29.713290999718083],[-82.049184000147235,29.713180999800468],[-82.049145999614083,29.713191999875701],[-82.049051999902758,29.713368000134849],[-82.04909000043591,29.713401000295381],[-82.049323000064419,29.713418000090162],[-82.04943600004232,29.713455999758644],[-82.049732000318329,29.713798000028895],[-82.049682000089618,29.713880999772805],[-82.04956200043901,29.713919000046243],[-82.04956200043901,29.71399099970365],[-82.049600000073852,29.713995999981357],[-82.04978300037196,29.71395200002566],[-82.049928000136916,29.714061999878719],[-82.04997199961953,29.714134000213765],[-82.05011700028281,29.715162999782137],[-82.050323999972022,29.715497999883013],[-82.050828999587097,29.716097999796329],[-82.051087000228264,29.716228000306113],[-82.051175000091817,29.716272000044452],[-82.051189000335526,29.716278999805962],[-82.051391000001885,29.716442000022429],[-82.051522000421457,29.716548999709516],[-82.051635000399358,29.71661100030726],[-82.051693000125667,29.716642999996761],[-82.051849999586196,29.716686000148567],[-82.052027000036517,29.716780000307509],[-82.052418999673677,29.716874999781144],[-82.052709000101913,29.716945000074809],[-82.052976000065598,29.717010000192378],[-82.053003999654692,29.717016999902491],[-82.053532999559195,29.717005000064791],[-82.05399299986675,29.716994999808946],[-82.054283000294973,29.716917999833566],[-82.054819999697088,29.717049000242746],[-82.055474000173376,29.717209000230643],[-82.055454999906814,29.717538999644066],[-82.055480000021149,29.717824999714434],[-82.055624999786119,29.718232000029989],[-82.055712999649671,29.718754999858575],[-82.055706999801885,29.718876000142288],[-82.055524000402087,29.719118000272136],[-82.055486999693869,29.719227999925533],[-82.055499000287739,29.719437000261067],[-82.055694000281406,29.719744999880149],[-82.055694000281406,29.719937999823458],[-82.05559999967177,29.720466000079952],[-82.055505000135511,29.720779000381981],[-82.055315999989645,29.720916999871044],[-82.055247000392654,29.721818999614541],[-82.055197000163943,29.721912999647241],[-82.054781000237355,29.722452000276068],[-82.054780000412435,29.722705000177974],[-82.054849999834317,29.722881000140593],[-82.054855999682104,29.723002000130894],[-82.054578999672671,29.723755000098873],[-82.054427000235009,29.724304999833588],[-82.054300000013413,29.724586000377112],[-82.054130000134094,29.725201999831512],[-82.054118000438535,29.725707999953546],[-82.054161999921149,29.726032999828629],[-82.05405499979102,29.726418000034812],[-82.053985000369138,29.726879999736546],[-82.053978999623041,29.727721999921894],[-82.053997999889631,29.727869999958152],[-82.054130000134094,29.728196999991528],[-82.054167999768922,29.728293999717774],[-82.05454000021291,29.72894799985556],[-82.054608999809886,29.729300000195096],[-82.054647000343024,29.729713000328786],[-82.054659000038612,29.730571000105201],[-82.054715999940001,29.731308000375257],[-82.054696999673453,29.731567000009015],[-82.054370000333606,29.732061999668591],[-82.05432000010488,29.732264999620174],[-82.05432000010488,29.732440999975832],[-82.054388999701871,29.732704999930377],[-82.054830999567756,29.733399000131332],[-82.054992999949434,29.733844000216777],[-82.055024999736489,29.734147000025221],[-82.055024999736489,29.734416000210643],[-82.05499999962214,29.734569999771725],[-82.054926000002283,29.735008000107861],[-82.054862000428201,29.735384000210018],[-82.054669000084345,29.736041000125621],[-82.054591000266541,29.736307999933604],[-82.054571999999965,29.736390999781658],[-82.054591000266541,29.736430000100047],[-82.054698000396669,29.736607000154525],[-82.054730000183724,29.736661000175054],[-82.054747999727056,29.736825000030301],[-82.054736000031497,29.737105999829563],[-82.054710999917148,29.737133000099124],[-82.05462200022869,29.737104999848309],[-82.054583999695524,29.737127000213206],[-82.054520999946334,29.737418999706161],[-82.05452799961904,29.737562000373867],[-82.054591000266541,29.737694000329274],[-82.05468499997788,29.737781999682966],[-82.054785000435317,29.737831999955073],[-82.054919000329619,29.737897999776767],[-82.055044000003065,29.738062999921105],[-82.055100999904482,29.738139000080647],[-82.055114000323272,29.738452999821366],[-82.055264999936014,29.738798999783345],[-82.055296999723069,29.738947999820891],[-82.055296999723069,29.739349999686695],[-82.055372000066129,29.739811999894101],[-82.055536000097675,29.740295999982948],[-82.055536000097675,29.740472000286964],[-82.055479000196257,29.740614999721622],[-82.055480999846083,29.740645999610337],[-82.055491999716736,29.740867999841765],[-82.055573999732502,29.741121000103686],[-82.055825999627558,29.741478000315396],[-82.055858000312938,29.741670999793506],[-82.056039999887815,29.741924000369472],[-82.05608500009366,29.742159999924315],[-82.056223000185923,29.742319999650363],[-82.056260999820751,29.742413999974822],[-82.056192000223788,29.742578999708979],[-82.056192000223788,29.742711000080824],[-82.056367999950879,29.742964000372798],[-82.056399999737934,29.743139999894169],[-82.056367999950879,29.743562999931235],[-82.056412000331804,29.743815999633441],[-82.056362000103107,29.744009000071493],[-82.056367999950879,29.744206999690277],[-82.056551000248987,29.744410000020178],[-82.056559999571505,29.744427000021467],[-82.056740000394882,29.744746999783302],[-82.056822000410634,29.745038999708299],[-82.056871999741034,29.74536899962564],[-82.05706199971182,29.745588999747088],[-82.057244000185037,29.745863999805032],[-82.057313999606905,29.746029000101718],[-82.057351000315165,29.746348000321344],[-82.057213000222873,29.746710999955209],[-82.057459000270185,29.746931000251781],[-82.057508999600586,29.747112000016816],[-82.05771100016527,29.747276999819551],[-82.057824000143157,29.747442000130651],[-82.057931000273285,29.747821999908865],[-82.058070000190469,29.748059000272704],[-82.058328999758217,29.748195999802995],[-82.0585930002472,29.748399999724402],[-82.058675000262966,29.748586999937629],[-82.058718999745579,29.74875199965259],[-82.0588900003481,29.748735000384624],[-82.059060000227419,29.748801000049806],[-82.05925299967295,29.7490670003396],[-82.059419000252632,29.749295999663126],[-82.059538999903225,29.74953299966209],[-82.059942000309363,29.749994999747475],[-82.060241999885008,29.75028899968579],[-82.060256000128717,29.75031299997697],[-82.060330999573452,29.750442999829346],[-82.060759000093952,29.750822999931049],[-82.060872999896773,29.750982000028483],[-82.061194000287131,29.751311999881953],[-82.061597999619849,29.751642000208832],[-82.062020000292563,29.752071999855495],[-82.062227999806709,29.752237000073571],[-82.062682000266463,29.75251199983348],[-82.063116999561331,29.752886000167965],[-82.063665999557344,29.753430000361202],[-82.063918000350725,29.753826000210559],[-82.06415699982702,29.754035000215165],[-82.064371999912154,29.754172999968137],[-82.064662000340391,29.754459000105854],[-82.065171999978332,29.754882999762668],[-82.065462000406569,29.755201999883631],[-82.06568300033949,29.755290000249285],[-82.065822000256674,29.755411000138459],[-82.066017000250326,29.755664000356411],[-82.066256999551541,29.755844999950856],[-82.066558999675337,29.756148000350031],[-82.066855999776251,29.756511000371045],[-82.066937999792017,29.756560000094872],[-82.067138999633471,29.756742000196212],[-82.067398000099544,29.756868000372634],[-82.067675000108991,29.757110000093995],[-82.068179999724052,29.757468000079534],[-82.068444000213006,29.757699000038411],[-82.068544999597023,29.757758999829203],[-82.068872999660087,29.758040000229958],[-82.069124999555171,29.758160999918374],[-82.069428000402183,29.758441000203376],[-82.070039000322467,29.758689000181228],[-82.070215999874478,29.758788000359452],[-82.07052499967098,29.759040999850736],[-82.070707999969059,29.759249999898024],[-82.070846999886243,29.759331999711762],[-82.071123999895676,29.75940899988462],[-82.071596999723695,29.75959100027081],[-82.071748000234749,29.759662000147582],[-82.071924999786745,29.759811000373471],[-82.07283899965573,29.760184999985356],[-82.073141999604431,29.760360999686711],[-82.073298999963257,29.760405000343543],[-82.073640000445124,29.760415999919896],[-82.073835000438791,29.760453999723083],[-82.074048999800723,29.760536999858736],[-82.074390000282563,29.760745999905222],[-82.07457299968236,29.760812000239774],[-82.07589699963016,29.761020999712692],[-82.076387999899836,29.761152999976105],[-82.076722999635592,29.761207999774573],[-82.077028999957363,29.76121800030181],[-82.077882999551875,29.761246000057245],[-82.079338999744152,29.761234999792162],[-82.08071999959337,29.761306000063794],[-82.081495000443482,29.761267999803856],[-82.081892000103522,29.761300999804686],[-82.082655000359765,29.761251000319103],[-82.083360999816293,29.761096999625629],[-82.084741999665496,29.760545999925693],[-82.084887000328763,29.760462999797504],[-82.085246000353976,29.760385999654634],[-82.085662000280578,29.760369000020244],[-82.086192000010001,29.760297999864559],[-82.086443999905072,29.760309000232454],[-82.08717799984899,29.760434999823257],[-82.087296999674692,29.760455999999621],[-82.087824999754289,29.760545999925693],[-82.08797000041757,29.760616999905679],[-82.088045999687239,29.76071100023006],[-82.08807900019751,29.760779000077957],[-82.088152999817353,29.760931000213247],[-82.088127999702976,29.761255999800856],[-82.088084000220391,29.761443000203961],[-82.088002000204625,29.761563999682537],[-82.087977000090262,29.761601999830152],[-82.087806000386038,29.761740000081019],[-82.087504000262243,29.761937999769955],[-82.087144000412138,29.762129999898075],[-82.086293000292343,29.762527000190222],[-82.085485999655177,29.762806999972835],[-82.08467300006852,29.763220000134478],[-82.084163000430578,29.763401999837129],[-82.083847000063088,29.763545000095647],[-82.083620000282366,29.763638000296098],[-82.083159999974825,29.763379999779257],[-82.083072000111287,29.763357999716472],[-82.082933000194117,29.763362999872989],[-82.082385000023024,29.763517000202889],[-82.082132000303034,29.763545000095647],[-82.082094999594801,29.763572000263384],[-82.082037999693398,29.763770999946345],[-82.081912000195004,29.764029000236107],[-82.081559000017577,29.764375999756517],[-82.081225000106755,29.764893000158917],[-82.081123999824413,29.765134999994725],[-82.080695000377318,29.765729000374289],[-82.080133999787449,29.766807000327457],[-82.08004000007611,29.767037999810871],[-82.079845000082443,29.767698000301198],[-82.079845000082443,29.767828999890749],[-82.079913999679405,29.768077999697912],[-82.079913999679405,29.768292999969795],[-82.079864000349019,29.768436000265098],[-82.079845000082443,29.768678000119749],[-82.079921000250422,29.769151000238764],[-82.079932999945996,29.769315999627935],[-82.079813000295403,29.769661999893518],[-82.07985099993023,29.770284000290662],[-82.079775999587156,29.770717999623976],[-82.079775999587156,29.770894000316101],[-82.079896000136074,29.77139999990095],[-82.079927000098209,29.771488000076356],[-82.079933999770915,29.771604000154028],[-82.079851999755149,29.77178600022015],[-82.079669000355352,29.771978000188557],[-82.079706999990179,29.772186999760098],[-82.080035000053243,29.772230999901577],[-82.079814000120308,29.773183000285265],[-82.078742000067578,29.773022999922979],[-82.078269000239587,29.773033999673412],[-82.078263000391772,29.773194000018144],[-82.078294000353921,29.773231999653053],[-82.078414000004514,29.773303999619522],[-82.078875000136975,29.773341999992443],[-82.079644000240989,29.773341999992443],[-82.079681999875831,29.773528999668372],[-82.079277999644802,29.774723000253836],[-82.078982000267089,29.774729000228696],[-82.07890600009911,29.774942999875663],[-82.078886999832534,29.775103000289498],[-82.078957000152755,29.775246000218782],[-82.079164999666887,29.775520999988796],[-82.079246999682638,29.775845000211813],[-82.079347999964995,29.776004999964197],[-82.07978900000596,29.776361999898484],[-82.080066999840298,29.776724999974714],[-82.080375999636772,29.777010999675067],[-82.080603000315818,29.77712700037306],[-82.080748000080774,29.777241999796395],[-82.081208000388315,29.777484000205888],[-82.081322000191122,29.777582999744094],[-82.081605999873261,29.778050999709304],[-82.081726000422179,29.778143999696823],[-82.081896000301484,29.778210000264281],[-82.082437999726466,29.778281999770549],[-82.083068999738245,29.77829299972306],[-82.083427999763444,29.778446999710809],[-82.084032999835927,29.778578999623125],[-82.084298000149801,29.778704999625226],[-82.084493999968387,29.778765000090296],[-82.084979000390263,29.778743000287822],[-82.086108000344396,29.778831000248477],[-82.086290999744207,29.778858999759024],[-82.086638000073847,29.778996000063781],[-82.086870999702356,29.779040000332419],[-82.08694400039559,29.779040000332419],[-82.087167999803256,29.779040000332419],[-82.087760000355289,29.778919000131808],[-82.088044000037414,29.779044999706073],[-82.088227000335507,29.77908399980209],[-82.088341000138328,29.779090999857686],[-82.089090999975795,29.779138999891643],[-82.089506999902383,29.779133000181023],[-82.089758999797453,29.779160000045422],[-82.09003699963182,29.779138000329727],[-82.090471999824985,29.779012000092798],[-82.090830999850198,29.779022999965125],[-82.091449000341484,29.778863000356758],[-82.091588000258639,29.778874000245441],[-82.09197300022312,29.778967000248226],[-82.092584000143404,29.778999999876334],[-82.092943999993508,29.779104999967409],[-82.093543000218219,29.779165000192776],[-82.093789000265502,29.779280999954796],[-82.093959000144821,29.779396000023088],[-82.094117000328581,29.779528000243818],[-82.09418000007777,29.779621999975891],[-82.094267999941309,29.779874999869872],[-82.094318999994954,29.780089000214879],[-82.094368000398731,29.780298000011971],[-82.094318999994954,29.780524000267881],[-82.09416099981118,29.780765999762341],[-82.093744999884578,29.781216999669368],[-82.093561999586484,29.781573999733617],[-82.093410999973756,29.781788999881027],[-82.093530999624335,29.781728000132674],[-82.093725999618002,29.781551999768656],[-82.094092000214218,29.781073999690623],[-82.094697000286715,29.780605999820587],[-82.094816999937294,29.780600000197879],[-82.094924000067422,29.780595000122176],[-82.095309000031904,29.780665999926203],[-82.095510999698277,29.780676999616752],[-82.095812999822058,29.780610999895746],[-82.095926999624865,29.780610999895746],[-82.09625999971081,29.780708999914744],[-82.096632999979704,29.780633000067478],[-82.097029999639744,29.780753999756097],[-82.097818999835255,29.78086899969195],[-82.098038999943284,29.780940999625201],[-82.098494000227944,29.781309000294726],[-82.099042000399024,29.781583999786989],[-82.099382999982566,29.781902999873374],[-82.099761000274341,29.782006999725851],[-82.099962999940715,29.782116999782147],[-82.100744999565208,29.782870999720984],[-82.101244000230807,29.783359999971129],[-82.10158399998943,29.783546999650646],[-82.101943999839534,29.783694999916538],[-82.102259000382119,29.783701000133451],[-82.102423000413651,29.783722999626175],[-82.103117000174606,29.783712000270221],[-82.103784999996293,29.783567999659532],[-82.104354999908679,29.783283999797234],[-82.105472999992159,29.783249999721274],[-82.109122999620311,29.783084999899522],[-82.109048000175562,29.785539000265217],[-82.10903899995472,29.785844000278448],[-82.109014999665263,29.786599999967731],[-82.108889000166897,29.790713000249941],[-82.113141000392787,29.790651999702757],[-82.117551999729031,29.790595000026947],[-82.117552999553951,29.792675999618233],[-82.117596999934875,29.798188000379977],[-82.119545000221748,29.798224999731787],[-82.119644999780874,29.80184600022049],[-82.121695000174995,29.801852000128733],[-82.121670000060632,29.805333000130844],[-82.124054000365589,29.80528899972861],[-82.123934999641591,29.822001000028258],[-82.123922999946046,29.823685999922773],[-82.124824000294524,29.823703999611926],[-82.126605000176824,29.82366000027935],[-82.126645000359787,29.823692000079255],[-82.128201000111204,29.823685000026504],[-82.129932999589684,29.823675000284258],[-82.12993599996274,29.824048999782686],[-82.129937999612565,29.824073000319519],[-82.129951000031355,29.824205999942755],[-82.130037000245096,29.824722000051903],[-82.13006200035943,29.824810000100634],[-82.130125000108634,29.825033999804202],[-82.130243000109402,29.825353000077605],[-82.130177999812062,29.830822999687374],[-82.133127000006567,29.830809999625977],[-82.133127999831473,29.831874000194045],[-82.133127999831473,29.833698000188701],[-82.133127000006567,29.834727999890646],[-82.133126000181647,29.835948999667544],[-82.135497000067829,29.835953000320096],[-82.136394000218388,29.835954999867038],[-82.138387999637686,29.835958999740086],[-82.138529999927925,29.835958999740086],[-82.138533000300953,29.835892000092368],[-82.146560999653374,29.83589500019384],[-82.146560999653374,29.838713000151699],[-82.14709999960364,29.838728000234621],[-82.149037999844751,29.833471000250256],[-82.157719999673475,29.809836000020017],[-82.158992999567644,29.806515000149322],[-82.15906200006296,29.806322000096806],[-82.159806000052612,29.804249999840692],[-82.159902000312087,29.803984000327869],[-82.160564000285987,29.802141000087474],[-82.160580000179522,29.802095999727996],[-82.162713000414314,29.796169999943881],[-82.163121999769928,29.795237000175401],[-82.164178999754029,29.793375000284041],[-82.164742999818642,29.792589000341273],[-82.165255999829625,29.791927999977716],[-82.165946000290944,29.791165000001914],[-82.166005999667078,29.791099999621657],[-82.16612399966786,29.79097199996087],[-82.166352999996718,29.790721999944108],[-82.166844000266394,29.79028600031662],[-82.167132000146466,29.790532999959694],[-82.167250000147249,29.790634999748107],[-82.167293999629877,29.790596999701535],[-82.167392000437474,29.790524000248531],[-82.167519999585664,29.79043399997396],[-82.167554999745789,29.790411999617358],[-82.168005999832488,29.790067999790597],[-82.168288999689707,29.789850000348927],[-82.168740999601326,29.789500999739285],[-82.168994000219627,29.789314000267829],[-82.169511000428557,29.788931999886458],[-82.170274999611408,29.788345000103977],[-82.170461000282572,29.788193999722758],[-82.170776999751752,29.787948000018201],[-82.171122000431566,29.787707999685775],[-82.171437000075827,29.787429999867708],[-82.171720999757952,29.787215000140819],[-82.171866000421218,29.787085999927058],[-82.172103000247688,29.786892000332145],[-82.172400000348603,29.786636000218909],[-82.172656000441634,29.786348000185924],[-82.173074000018076,29.785839999959677],[-82.173231000376902,29.785960000098363],[-82.173357999700215,29.785812000062553],[-82.173994999559739,29.785187000153105],[-82.174566000195369,29.784739999781682],[-82.175274000200034,29.78421900008961],[-82.175682999555633,29.783931999633772],[-82.175791000408964,29.783850999981034],[-82.176060000022488,29.783665000386037],[-82.176469000276398,29.783361999790252],[-82.179367000417272,29.781255000158268],[-82.179853999590676,29.78090700031288],[-82.179933999956631,29.780849999765916],[-82.180061000178227,29.780758000278109],[-82.180180000003901,29.780672000324586],[-82.180344999860353,29.780548000334068],[-82.182120999719771,29.779254999683786],[-82.18591400036135,29.776460000177643],[-82.186136999944111,29.776297000042334],[-82.188363999890271,29.774719000270448],[-82.188418000316929,29.774680000033854],[-82.191325999605212,29.77257900026882],[-82.195093000307537,29.769817999987442],[-82.195161999904528,29.769768999729177],[-82.199421999628015,29.766674000028889],[-82.20110999962391,29.765447000003046],[-82.203802999725355,29.763506000187171],[-82.206462000389934,29.7616100000646],[-82.207182999915062,29.761065000079761],[-82.211025000062136,29.758258000297829],[-82.213190000083983,29.756685999720268],[-82.213729000034235,29.756245000338289],[-82.215499999870801,29.754969999825427],[-82.216448999899882,29.754333999829758],[-82.218760000409901,29.752596000134375],[-82.22025400023702,29.751523000123989],[-82.221368999947458,29.750736000168356],[-82.225399000415507,29.747859999807442],[-82.226552999585692,29.746977000330766],[-82.227736999791404,29.746094000096797],[-82.228589999561009,29.745456000146181],[-82.23016999960187,29.744296000258231],[-82.232118999713649,29.742868999860146],[-82.232405999768815,29.742617000034731],[-82.234010000099119,29.741461999751891],[-82.235242999810325,29.740570999737272],[-82.237099999860604,29.739257000349959],[-82.237251000371657,29.739161000264787],[-82.23767099959791,29.738866999676109],[-82.239320999958949,29.737674000039881],[-82.23938899973102,29.737628000373288],[-82.239654000044894,29.737441999980071],[-82.240289000254606,29.737002000167703],[-82.240486999723004,29.736865000163597],[-82.241261999674805,29.736252999733278],[-82.241410999637722,29.736140000049691],[-82.243242999573653,29.734843999621834],[-82.245071000209933,29.733506999697205],[-82.24597400020825,29.732844000203382],[-82.247078999872954,29.732038999721173],[-82.247657000181263,29.731606999898897],[-82.249024999611677,29.730580999788419],[-82.249104000152713,29.730521000114098],[-82.249198999688957,29.730449999881092],[-82.249355000222877,29.730311000191396],[-82.250049999808752,29.729791999956653],[-82.251333999573575,29.728860999836094],[-82.253813000313102,29.727076000243844],[-82.254919999627603,29.726245000303216],[-82.256021999817563,29.725430999821985],[-82.256272999887742,29.725246000316492],[-82.256805000165301,29.724882000120846],[-82.257764000240115,29.724191999954002],[-82.258105999648578,29.72393699967532],[-82.258996000126416,29.723287000118191],[-82.259119000150051,29.723197000291748],[-82.2597200000246,29.722763999721149],[-82.260444999747691,29.722241999848432],[-82.261526999846154,29.721431000074926],[-82.262237000398954,29.720913000080742],[-82.264850000134473,29.719011000202858],[-82.265871000133572,29.718253999852422],[-82.266593000381931,29.71762899986317],[-82.266805000094038,29.717444000018656],[-82.267375000006425,29.716903000216494],[-82.268237999821793,29.715965000102827],[-82.268900999620598,29.715098000028995],[-82.27060500040831,29.712585999965604],[-82.270673000180366,29.712484000308624],[-82.270781000135415,29.712322000135547],[-82.272278000335575,29.710161000168835],[-82.273637000443472,29.708199999947805],[-82.274087999631874,29.707463000075407]]]},"properties":{"MTFCC":"G5020","OID":"207903717545519","GEOID":"12001001907","STATE":"12","COUNTY":"001","TRACT":"001907","BASENAME":"19.07","NAME":"Census Tract 19.07","LSADC":"CT","FUNCSTAT":"S","AREALAND":136949788,"AREAWATER":25784108,"CENTLAT":"+29.7451125","CENTLON":"-082.1549995","INTPTLAT":"+29.7261537","INTPTLON":"-082.1646457","OBJECTID":63659}},{"type":"Feature","id":63660,"geometry":{"type":"Polygon","coordinates":[[[-82.384754999743095,29.800595000200097],[-82.38467399955222,29.800056000369132],[-82.384640999940274,29.799952999916155],[-82.384580999665829,29.799592000155521],[-82.384507000045971,29.799234000294167],[-82.384418000357527,29.798877000075624],[-82.384394999892962,29.798798999701052],[-82.38431500042536,29.798523999954206],[-82.384197000424592,29.798173999821021],[-82.384065000180101,29.797827999862349],[-82.384004999905642,29.797689000073778],[-82.383918999691915,29.797486000119729],[-82.383758999858358,29.797149000016198],[-82.383328999688018,29.796313000183968],[-82.383005999647835,29.795684999837324],[-82.382610999637635,29.794916000118562],[-82.382465999872679,29.794635000272713],[-82.381632000369635,29.793015000380247],[-82.381198000001362,29.792171999611913],[-82.381120000183557,29.792018999901249],[-82.380253999995162,29.790474999987797],[-82.378436000302955,29.787234999899216],[-82.378311999556075,29.787014999998366],[-82.377273999838522,29.785373000038792],[-82.377028999616144,29.784956999933971],[-82.37670300010123,29.784449999953978],[-82.376273999755824,29.783807000267338],[-82.375852999806355,29.783132000056014],[-82.375532000314294,29.78258200024392],[-82.375416999788257,29.782425999761347],[-82.375398000419992,29.782400000306989],[-82.375267000000434,29.782178000073106],[-82.374858999571416,29.781553999623899],[-82.374553000147984,29.78105199961578],[-82.374235000130682,29.780550000209359],[-82.374179999879075,29.780467999831096],[-82.373568999958792,29.779558999791931],[-82.373301999995121,29.779113000363406],[-82.372675000181317,29.778152999741298],[-82.37244500002754,29.777781000086289],[-82.372384999753095,29.777692999982513],[-82.372260999904526,29.77751200009309],[-82.372147000101705,29.777343999872752],[-82.371824999886442,29.776800999669479],[-82.371716999931394,29.776609000370488],[-82.371559999572568,29.776329000180723],[-82.37126500001979,29.775889000305661],[-82.371160000437811,29.775712999814345],[-82.370938999606551,29.775402999791556],[-82.370690000084522,29.77503799961616],[-82.370532999725683,29.774796000313092],[-82.370310000142922,29.774449999849121],[-82.369868000277037,29.773753000375812],[-82.369637000298383,29.773362000182988],[-82.369616000381981,29.773325999837219],[-82.369602999963178,29.773305000019423],[-82.369448999977394,29.77304399979991],[-82.368756999866264,29.772080000168224],[-82.368472000359233,29.771700999994771],[-82.367556999767018,29.770531000157938],[-82.367406999979181,29.770338999755069],[-82.36691400005968,29.769707999676559],[-82.364719999725523,29.76697099999528],[-82.364571999587525,29.766778000101535],[-82.363769999871536,29.765737999974885],[-82.362683999575083,29.764382000351176],[-82.362007000430893,29.763537000015685],[-82.361963000049968,29.763482999654148],[-82.361456999711663,29.762810999652149],[-82.360423000192085,29.761533999760978],[-82.358684000142588,29.759272000082902],[-82.35857600018754,29.759174999905092],[-82.358480999752999,29.759054999643634],[-82.358054999780649,29.758512000115086],[-82.357850999566153,29.758222999753674],[-82.357802000060644,29.75812900021479],[-82.3575579996632,29.75778500022129],[-82.357492000439251,29.757667999963431],[-82.357422000119058,29.757542999790335],[-82.357283000201903,29.757248000292179],[-82.357175000246855,29.757025999676859],[-82.35706599956859,29.756772999777699],[-82.356945999917997,29.756467000344013],[-82.356883000168807,29.756272000133404],[-82.356823999719253,29.756062000322096],[-82.356807999825733,29.756002000295194],[-82.356605000334469,29.755224000177272],[-82.356571999824183,29.755009999739318],[-82.356555000105757,29.754901999935182],[-82.356449999625454,29.754311000310985],[-82.35616799959314,29.752834999779111],[-82.356160999920434,29.752797000206517],[-82.355982999645207,29.75185900032087],[-82.355929999941779,29.751590000130143],[-82.355781999803767,29.750844999626018],[-82.355663999802985,29.750250999927975],[-82.355433999649208,29.749064999835767],[-82.355325999694173,29.748486000086817],[-82.355274999640557,29.748236000080244],[-82.355240000378757,29.748061999888694],[-82.35522299976202,29.747995999737004],[-82.355169000233658,29.747789000149414],[-82.355128000225776,29.747556000215337],[-82.355028999593259,29.746934999784738],[-82.354961999646108,29.746594000029795],[-82.354901000445054,29.746314000187322],[-82.354847999843287,29.746012000372037],[-82.35484500036857,29.745993000074325],[-82.354785999919017,29.745737999835246],[-82.354705999553076,29.745428999777538],[-82.354662000070462,29.745178000046945],[-82.354605999993964,29.744931000080875],[-82.354600000146164,29.744902999667371],[-82.354530999650876,29.744552000171854],[-82.354509999734489,29.744260000388593],[-82.35444899963511,29.743907000375266],[-82.354416000023164,29.743793999956004],[-82.354350999725824,29.743528999632804],[-82.354343000228226,29.743486999982306],[-82.354274999557845,29.743147000121365],[-82.354200999938016,29.742845000126863],[-82.35413599964069,29.742447999871331],[-82.354093999807887,29.74221999965652],[-82.354077999914352,29.742108000387386],[-82.354012999617026,29.741771000334836],[-82.353979000180146,29.741473999784763],[-82.353820000171496,29.740482999710718],[-82.353779000163613,29.740165000282929],[-82.353768000292959,29.739909000089416],[-82.353790999859186,29.73788500012262],[-82.353831999867069,29.73434999965778],[-82.353826000019282,29.733210999656329],[-82.353831000042149,29.732971000015063],[-82.353863999654109,29.73213500038247],[-82.353873999699843,29.731884000141601],[-82.35392700030161,29.729187999760075],[-82.353949999867837,29.728317999812486],[-82.353964000111546,29.72756200031186],[-82.353994000248761,29.726919999934854],[-82.354011999792121,29.726223999981858],[-82.354014000340271,29.725372000286647],[-82.354030000233777,29.72487799970844],[-82.354051999975098,29.723875999815444],[-82.354053999624909,29.723798999658122],[-82.354075000439622,29.722336999613383],[-82.354092999982967,29.721766000320834],[-82.354067999868619,29.721456000388041],[-82.354061000195912,29.721102000335716],[-82.354047999777137,29.72084700000692],[-82.354051999975098,29.720542000307841],[-82.353971999609158,29.719718999766464],[-82.35394400002005,29.719090999835235],[-82.353865000377354,29.718598999877184],[-82.353856999981431,29.718288000135956],[-82.353802999554745,29.717746000027393],[-82.353800999904919,29.717717999827123],[-82.353764999919903,29.717070000143533],[-82.353666000185711,29.716247000000436],[-82.353660000337939,29.716174999620506],[-82.353651999942002,29.71607799988303],[-82.353612999583945,29.715613999995057],[-82.353563000253544,29.715303999786165],[-82.353557000405772,29.715040000081689],[-82.353497000131313,29.714434999830807],[-82.353473999666775,29.713839999625854],[-82.353432999658892,29.713322999685705],[-82.353447999727507,29.712838000326119],[-82.353533000116329,29.712367000253202],[-82.353576999598928,29.712234000298004],[-82.349474000234281,29.708722999763722],[-82.349142999798147,29.708428999716098],[-82.346888000262936,29.706496000218817],[-82.345823999707818,29.705563000325302],[-82.3451819998254,29.705026000126939],[-82.343091000321706,29.703214999862421],[-82.342651999930553,29.703228999645052],[-82.342184999950334,29.703233999678407],[-82.341647999649908,29.703229999963813],[-82.341153999905487,29.703240000030224],[-82.340604999909488,29.703241000348882],[-82.340054000263663,29.703234999997179],[-82.339643000359928,29.703246000381675],[-82.339065999876524,29.703250000095579],[-82.338352999848993,29.703241000348882],[-82.337762999845111,29.703226000249117],[-82.33705300019065,29.703221999753978],[-82.336428000026672,29.703226999787674],[-82.3356349996332,29.703250000095579],[-82.332324999763671,29.703194999723745],[-82.331583000322141,29.703194000184872],[-82.33110600029616,29.703204000254821],[-82.329687999738709,29.703204000254821],[-82.329167000230129,29.703194999723745],[-82.327594999686895,29.703211000147142],[-82.327254999928272,29.703221999753978],[-82.326326999815578,29.703211000147142],[-82.325721999743081,29.703219000357841],[-82.32532599990796,29.703224999930271],[-82.32480799987411,29.703213000004762],[-82.324591999964042,29.703206000112633],[-82.32403100027247,29.703187999830305],[-82.322607999692167,29.703182999794663],[-82.322426000117261,29.703182000255676],[-82.320681000219992,29.703179000078048],[-82.31971600029739,29.703158999932196],[-82.31870699999385,29.703152000036251],[-82.317254000174628,29.703126000307055],[-82.3143240002467,29.70310100011088],[-82.312446000280019,29.703055999742141],[-82.311433999603423,29.703043999796456],[-82.31045100013749,29.703036999892543],[-82.309411999696707,29.703036999892543],[-82.308574999820621,29.703024999944581],[-82.307706000157495,29.702997000320565],[-82.307301999926452,29.702989999633015],[-82.306670000089781,29.70297900000077],[-82.305773999764142,29.702968999908432],[-82.304807000191715,29.702968000367306],[-82.3041300001492,29.702968000367306],[-82.303186000143,29.702985000367818],[-82.30226899990096,29.702985000367818],[-82.301723000278017,29.702989000092106],[-82.300389000284468,29.702997999861385],[-82.299350999668604,29.702992999816292],[-82.298625000120609,29.702989000092106],[-82.297510000410171,29.702984000046566],[-82.297271000035579,29.702989000092106],[-82.296592000343239,29.703002999906239],[-82.29609199985272,29.703012999995192],[-82.294983999814988,29.703023000083157],[-82.292454999745047,29.703029999988086],[-82.291566999815359,29.703036999892543],[-82.289955999812364,29.703023999623724],[-82.289098999844796,29.703028000126761],[-82.288280000410367,29.703033999710577],[-82.286614999980713,29.703046999978103],[-82.285906999976049,29.703036000352103],[-82.28583199963299,29.703035000031349],[-82.285115000305822,29.703028000126761],[-82.284959999596808,29.703026999805981],[-82.284902999695404,29.703026999805981],[-82.28469600000615,29.703026999805981],[-82.283136999881705,29.703026999805981],[-82.282586000235881,29.703033999710577],[-82.281894999949671,29.703031999849383],[-82.281395000357477,29.703036999892543],[-82.281067000294414,29.703031999849383],[-82.279635000391579,29.703031999849383],[-82.279431000177084,29.703028999667278],[-82.279257000099804,29.703026000265428],[-82.279006999854545,29.702994000137405],[-82.27873999989086,29.702951000363917],[-82.278452000010759,29.702892000100309],[-82.277871000227719,29.702665000059056],[-82.277492000111025,29.702440000158152],[-82.27594999970502,29.704725999916764],[-82.275313999670388,29.705740000206159],[-82.27466000009241,29.706668000153599],[-82.274087999631874,29.707463000075407],[-82.273637000443472,29.708199999947805],[-82.272278000335575,29.710161000168835],[-82.270781000135415,29.712322000135547],[-82.270673000180366,29.712484000308624],[-82.27060500040831,29.712585999965604],[-82.268900999620598,29.715098000028995],[-82.268237999821793,29.715965000102827],[-82.267375000006425,29.716903000216494],[-82.266805000094038,29.717444000018656],[-82.266593000381931,29.71762899986317],[-82.265871000133572,29.718253999852422],[-82.264850000134473,29.719011000202858],[-82.262237000398954,29.720913000080742],[-82.261526999846154,29.721431000074926],[-82.260444999747691,29.722241999848432],[-82.2597200000246,29.722763999721149],[-82.259119000150051,29.723197000291748],[-82.258996000126416,29.723287000118191],[-82.258105999648578,29.72393699967532],[-82.257764000240115,29.724191999954002],[-82.256805000165301,29.724882000120846],[-82.256272999887742,29.725246000316492],[-82.256021999817563,29.725430999821985],[-82.254919999627603,29.726245000303216],[-82.253813000313102,29.727076000243844],[-82.251333999573575,29.728860999836094],[-82.250049999808752,29.729791999956653],[-82.249355000222877,29.730311000191396],[-82.249198999688957,29.730449999881092],[-82.249104000152713,29.730521000114098],[-82.249024999611677,29.730580999788419],[-82.247657000181263,29.731606999898897],[-82.247078999872954,29.732038999721173],[-82.24597400020825,29.732844000203382],[-82.245071000209933,29.733506999697205],[-82.243242999573653,29.734843999621834],[-82.241410999637722,29.736140000049691],[-82.241261999674805,29.736252999733278],[-82.240486999723004,29.736865000163597],[-82.240289000254606,29.737002000167703],[-82.239654000044894,29.737441999980071],[-82.23938899973102,29.737628000373288],[-82.239320999958949,29.737674000039881],[-82.23767099959791,29.738866999676109],[-82.237251000371657,29.739161000264787],[-82.237099999860604,29.739257000349959],[-82.235242999810325,29.740570999737272],[-82.234010000099119,29.741461999751891],[-82.232405999768815,29.742617000034731],[-82.232118999713649,29.742868999860146],[-82.23016999960187,29.744296000258231],[-82.228589999561009,29.745456000146181],[-82.227736999791404,29.746094000096797],[-82.226552999585692,29.746977000330766],[-82.225399000415507,29.747859999807442],[-82.221368999947458,29.750736000168356],[-82.22025400023702,29.751523000123989],[-82.218760000409901,29.752596000134375],[-82.216448999899882,29.754333999829758],[-82.215499999870801,29.754969999825427],[-82.213729000034235,29.756245000338289],[-82.213190000083983,29.756685999720268],[-82.211025000062136,29.758258000297829],[-82.207182999915062,29.761065000079761],[-82.206462000389934,29.7616100000646],[-82.203802999725355,29.763506000187171],[-82.20110999962391,29.765447000003046],[-82.199421999628015,29.766674000028889],[-82.195161999904528,29.769768999729177],[-82.195093000307537,29.769817999987442],[-82.191325999605212,29.77257900026882],[-82.188418000316929,29.774680000033854],[-82.188363999890271,29.774719000270448],[-82.186136999944111,29.776297000042334],[-82.18591400036135,29.776460000177643],[-82.182120999719771,29.779254999683786],[-82.180344999860353,29.780548000334068],[-82.180180000003901,29.780672000324586],[-82.180061000178227,29.780758000278109],[-82.179933999956631,29.780849999765916],[-82.179853999590676,29.78090700031288],[-82.179367000417272,29.781255000158268],[-82.176469000276398,29.783361999790252],[-82.176060000022488,29.783665000386037],[-82.175791000408964,29.783850999981034],[-82.175682999555633,29.783931999633772],[-82.175274000200034,29.78421900008961],[-82.174566000195369,29.784739999781682],[-82.173994999559739,29.785187000153105],[-82.173357999700215,29.785812000062553],[-82.173231000376902,29.785960000098363],[-82.173074000018076,29.785839999959677],[-82.172656000441634,29.786348000185924],[-82.172400000348603,29.786636000218909],[-82.172103000247688,29.786892000332145],[-82.171866000421218,29.787085999927058],[-82.171720999757952,29.787215000140819],[-82.171437000075827,29.787429999867708],[-82.171122000431566,29.787707999685775],[-82.170776999751752,29.787948000018201],[-82.170461000282572,29.788193999722758],[-82.170274999611408,29.788345000103977],[-82.169511000428557,29.788931999886458],[-82.168994000219627,29.789314000267829],[-82.168740999601326,29.789500999739285],[-82.168288999689707,29.789850000348927],[-82.168005999832488,29.790067999790597],[-82.167554999745789,29.790411999617358],[-82.167519999585664,29.79043399997396],[-82.167392000437474,29.790524000248531],[-82.167293999629877,29.790596999701535],[-82.167250000147249,29.790634999748107],[-82.167132000146466,29.790532999959694],[-82.166844000266394,29.79028600031662],[-82.166352999996718,29.790721999944108],[-82.16612399966786,29.79097199996087],[-82.166005999667078,29.791099999621657],[-82.165946000290944,29.791165000001914],[-82.165255999829625,29.791927999977716],[-82.164742999818642,29.792589000341273],[-82.164178999754029,29.793375000284041],[-82.163121999769928,29.795237000175401],[-82.162713000414314,29.796169999943881],[-82.160580000179522,29.802095999727996],[-82.160564000285987,29.802141000087474],[-82.159902000312087,29.803984000327869],[-82.159806000052612,29.804249999840692],[-82.15906200006296,29.806322000096806],[-82.158992999567644,29.806515000149322],[-82.157719999673475,29.809836000020017],[-82.149037999844751,29.833471000250256],[-82.14709999960364,29.838728000234621],[-82.147086000258255,29.838766999660507],[-82.14742900038992,29.838766999660507],[-82.161920000020842,29.83874400006086],[-82.162585000367812,29.83913699980998],[-82.162988999700517,29.839307000156275],[-82.163197000112987,29.83937300011188],[-82.163284999976526,29.83939499982769],[-82.163298000395329,29.839423000308955],[-82.163453000206033,29.839426000304424],[-82.163570000381881,29.83942900029977],[-82.163702999552967,29.83943699976744],[-82.163820999553721,29.839445000013747],[-82.16419999967043,29.83946699971364],[-82.164705000183801,29.839555000023317],[-82.164931999964537,29.839561000006153],[-82.165140000376994,29.839510999878172],[-82.165342000043339,29.839423000308955],[-82.166193999988039,29.838851000050582],[-82.16657899995252,29.838735999758473],[-82.166855999961967,29.838703000354911],[-82.167115000428026,29.838741000044958],[-82.167549999722908,29.838741000044958],[-82.16782199970946,29.838703000354911],[-82.168718000035099,29.838454999930903],[-82.168957000409691,29.838361999905434],[-82.169595000094162,29.838064999872543],[-82.169954000119361,29.837982000133138],[-82.170282000182425,29.837988000210522],[-82.17076800042922,29.838076000264724],[-82.170850000444986,29.838054000258403],[-82.171134000127125,29.837829000376441],[-82.171360999907847,29.837542999988923],[-82.171538000358154,29.837404999841436],[-82.172326999655354,29.837059000045176],[-82.172906999613502,29.836943000264075],[-82.173070999645034,29.836943000264075],[-82.173203999714417,29.83697600024913],[-82.173562999739616,29.8371519997253],[-82.173791000243554,29.837229000031751],[-82.174182000055808,29.837196000130348],[-82.174699000264766,29.837388999800702],[-82.17513399955962,29.837339000143977],[-82.175316999857742,29.837388999800702],[-82.175424999812776,29.837443999783858],[-82.175613999958671,29.837603000230743],[-82.1758280002189,29.837635999997715],[-82.17595500044051,29.837708000372377],[-82.176024000037472,29.837845000346697],[-82.176092999634449,29.837894999750198],[-82.176649000201451,29.837855999983866],[-82.177045999861491,29.837906000161041],[-82.177379999772327,29.83799400028748],[-82.177626999644531,29.838148000322235],[-82.177979999821957,29.83819800035327],[-82.178459000396089,29.838385000372217],[-82.178780999713027,29.838637999703174],[-82.179147000309257,29.838763999645291],[-82.179254000439371,29.838869000124991],[-82.179368000242178,29.839072000219975],[-82.179581999604096,29.839259000161125],[-82.179708999825721,29.839331000145162],[-82.179809000283143,29.839435000290187],[-82.179928999933736,29.839628000309908],[-82.180024000368306,29.839709999724931],[-82.180333000164779,29.839885999838476],[-82.180976999697023,29.840139999774454],[-82.18136199966149,29.840275999799864],[-82.181771999740306,29.840462999824599],[-82.182130999765505,29.840682999817986],[-82.182212999781285,29.840793000022614],[-82.182283000101478,29.840946999637968],[-82.18237099996503,29.841046000267131],[-82.182579000377487,29.841222000364173],[-82.182712000446898,29.84129899987083],[-82.182857000211825,29.841442000244179],[-82.182982999710219,29.841739000365415],[-82.183179000427117,29.842036000382592],[-82.183431000322201,29.842229000051521],[-82.183632999988561,29.84261900021442],[-82.183838999852867,29.842904000389243],[-82.184125000083142,29.843164000208432],[-82.18443399987963,29.843323000120961],[-82.184541999834664,29.843421999953367],[-82.184812999996311,29.843812999827414],[-82.185090000005758,29.844049999681495],[-82.185463000274652,29.84419300001181],[-82.185633000153956,29.844401999886468],[-82.185777999918926,29.84451100020306],[-82.186182000149969,29.844676999670352],[-82.18697100034548,29.84512799970231],[-82.187147000072571,29.8452540000279],[-82.187544999557517,29.845451999661826],[-82.188257999585034,29.845946999756169],[-82.188503999632346,29.846228000321879],[-82.188737999984056,29.846574000301011],[-82.188857999634664,29.846728000352012],[-82.189241999774225,29.847035999741546],[-82.189317999942205,29.847189999859211],[-82.189734999693727,29.847723999732892],[-82.190107000137715,29.848020999871249],[-82.190271000169247,29.848087000301511],[-82.190959000082415,29.848163999969142],[-82.191363000313459,29.848333999753613],[-82.191943000271593,29.848422000041673],[-82.193090999593991,29.848461000357005],[-82.194246000385704,29.848554000328367],[-82.194479999839132,29.84852100027301],[-82.195059999797252,29.848328999947416],[-82.195356999898181,29.848339000338726],[-82.196189999576319,29.848459999929574],[-82.196435999623603,29.848459999929574],[-82.196782999953228,29.84839999997692],[-82.19709199974973,29.848300999625597],[-82.198075999938908,29.84820699976779],[-82.19984900032361,29.847623999833804],[-82.20017700038666,29.847668000300374],[-82.20035399993867,29.847650999909938],[-82.200506000274615,29.847584999970657],[-82.200644000366893,29.847452999961291],[-82.200965999683845,29.847331999929235],[-82.201086000232763,29.847178000030585],[-82.201174000096302,29.847145000299694],[-82.201287999899122,29.847145000299694],[-82.201432999664092,29.847194999722443],[-82.201559000060783,29.847166999861805],[-82.201779999993718,29.847019000022627],[-82.201918999910887,29.846963999858037],[-82.202184000224761,29.846914000319568],[-82.20241699985327,29.846810000170944],[-82.203237000010915,29.846221000289653],[-82.203313000178895,29.846198999740018],[-82.203471000362626,29.846214999927746],[-82.204095999628294,29.846181999878596],[-82.204417000018665,29.846093999953883],[-82.205003999649506,29.845879999795713],[-82.205554000368721,29.845617999902398],[-82.205723000423134,29.845538000018031],[-82.205850999571325,29.845489999900874],[-82.206607000154889,29.845033000291647],[-82.206689000170641,29.84496200020553],[-82.206725999980563,29.844764000379257],[-82.206802000148556,29.844626000079309],[-82.207249999862213,29.844444999746784],[-82.207540000290436,29.844235000271571],[-82.207843000239137,29.844142000173598],[-82.208208999937028,29.843977000289421],[-82.208398000082923,29.843949000305656],[-82.208771000351817,29.844031999761651],[-82.209072999577302,29.844142000173598],[-82.209843000404547,29.844263000175133],[-82.210282999722281,29.84427600004426],[-82.210257999607933,29.845314999992379],[-82.213143000228314,29.845324000226707],[-82.218341000110257,29.845353000283563],[-82.219701000043074,29.845303999618366],[-82.233513999806561,29.845297000300555],[-82.233656000096772,29.84898000034649],[-82.238186999981949,29.849039999950609],[-82.238154000369988,29.850753999672243],[-82.238196000202763,29.850761000165779],[-82.238385000348657,29.850811000115215],[-82.238821000366755,29.851238999873122],[-82.239206000331222,29.851425999626453],[-82.239382999883233,29.851579999985269],[-82.239476999594558,29.851645999621127],[-82.23951500012771,29.851689999873518],[-82.239716999794069,29.85178400034782],[-82.240505999989566,29.85194299977988],[-82.241060999833365,29.852185000208202],[-82.242450000078506,29.852458999985092],[-82.243434000267683,29.852343000171359],[-82.24381300038435,29.852413999683755],[-82.243983000263668,29.852419999673195],[-82.24413499970133,29.852391999719558],[-82.244614000275448,29.852139000171924],[-82.244796999675216,29.852077999701638],[-82.2449359995924,29.852073000082914],[-82.245415000166517,29.852139000171924],[-82.24572499978791,29.852121999763639],[-82.246197999615916,29.851962000224265],[-82.246304999746044,29.851885000369172],[-82.246361999647448,29.851714999618739],[-82.246538000272849,29.851549999782257],[-82.246853999742044,29.851390000105315],[-82.2469550000244,29.851279999886515],[-82.24708100042109,29.850987999766129],[-82.247175000132415,29.850906000261755],[-82.248064999711943,29.850778999651844],[-82.248499999905121,29.850563999778572],[-82.248980000304158,29.850376999968923],[-82.249552999691261,29.850090000042325],[-82.250002000128163,29.849965999631483],[-82.250078000296142,29.849965999631483],[-82.250291999658074,29.850047999907815],[-82.250474999956182,29.850060000170664],[-82.250707999584677,29.850005000122867],[-82.250936000088629,29.85016400005075],[-82.251131000082296,29.850202999685699],[-82.251357999863018,29.85020800017714],[-82.252002000293572,29.850066000301535],[-82.252487999642071,29.850087999999204],[-82.252973999888866,29.849830000335867],[-82.253301999951944,29.849548999777969],[-82.253472999656154,29.849516000051519],[-82.253743999817814,29.849522000215075],[-82.254241999760183,29.849719999956605],[-82.254348999890311,29.849730999844134],[-82.254507000074057,29.849632000033392],[-82.254714999588202,29.84959399981237],[-82.254747000273568,29.849554999939539],[-82.254747000273568,29.849466999870888],[-82.254544999708884,29.849352000115818],[-82.254487999807466,29.849274999806095],[-82.254488999632386,29.849235999808652],[-82.254583000242036,29.84914800023801],[-82.254798000327199,29.849142999693481],[-82.25516400002509,29.849259000108695],[-82.255251999888628,29.849226000286343],[-82.255271000155204,29.849005999633995],[-82.255328000056608,29.848867999742353],[-82.255453999555002,29.848867999742353],[-82.255593000370482,29.849055000040803],[-82.25566899964015,29.849066000001663],[-82.255851999938258,29.848808000034865],[-82.256046999931925,29.848636999852594],[-82.256154999886959,29.848610000043092],[-82.256987999565084,29.848583000226274],[-82.257391999796127,29.848477999830425],[-82.257813999570516,29.8481869997369],[-82.258446000305511,29.847587999720918],[-82.258528000321277,29.847427999928051],[-82.258559000283412,29.84723000031639],[-82.258622999857508,29.847203000126417],[-82.258741999683195,29.847191999960373],[-82.258919000133517,29.847076000260415],[-82.259063999898473,29.847032000312097],[-82.259247000196581,29.847065000080338],[-82.259480999649995,29.847159000234051],[-82.259575000259645,29.847285999994536],[-82.259682000389773,29.847356999986523],[-82.259864999789542,29.847356999986523],[-82.260017000125515,29.847285999994536],[-82.26011199966176,29.847169999624612],[-82.26011199966176,29.847065999742618],[-82.260054999760342,29.847021999789884],[-82.259733000443376,29.847011000383041],[-82.259575000259645,29.846928000286379],[-82.259601000198913,29.846812000279726],[-82.259675999643676,29.846757000001119],[-82.259808999713059,29.846724999796738],[-82.260029999645994,29.846691999916136],[-82.26037699997562,29.84656500017935],[-82.260660999657759,29.846516000108892],[-82.260963999606474,29.846509999764695],[-82.261291999669524,29.846560000284569],[-82.261683000380089,29.846532999913443],[-82.261916999833502,29.846642999908003],[-82.262502999639423,29.846675999804788],[-82.262863000387853,29.846775000208957],[-82.263039000114944,29.846828000369239],[-82.263190999552592,29.846822999708504],[-82.263419999881449,29.846619000117837],[-82.263556000323874,29.846581999975555],[-82.26365500005808,29.846621999897117],[-82.263826999587224,29.846819000270528],[-82.264004999862451,29.847076000260415],[-82.264062999588788,29.847159999895389],[-82.264262999605307,29.847349000374049],[-82.264502999804833,29.847462000002903],[-82.264747000202306,29.847509999951328],[-82.265019000188872,29.847512999703842],[-82.265399000130458,29.847439000068089],[-82.265611999667485,29.847370999891197],[-82.265717999972694,29.84727900003648],[-82.265765999653269,29.847194000061446],[-82.2658319997755,29.847122999953577],[-82.26592800003499,29.847102999705552],[-82.26619499999866,29.847125000056085],[-82.266313999824362,29.847065999742618],[-82.266380999771513,29.846951000338837],[-82.266472000008093,29.846831000142288],[-82.266557000396915,29.84679600018767],[-82.266719999705217,29.846777999983544],[-82.266867999843228,29.846808000062122],[-82.267175999814796,29.846815999717993],[-82.267421000037174,29.846752000115956],[-82.267611000007989,29.846675999804788],[-82.267761999620731,29.846570000073879],[-82.267826000093137,29.846415999779207],[-82.267796999780828,29.846318999916871],[-82.267702000244583,29.846262000026162],[-82.267534999839995,29.846259999906358],[-82.267348000242251,29.846245000175465],[-82.26723400043943,29.846165999685525],[-82.267092999974111,29.845984000133747],[-82.267061000187084,29.845817999722467],[-82.267089999601069,29.845755999610663],[-82.267186999685464,29.845735000192494],[-82.267339000021423,29.845776000128485],[-82.267585999893626,29.845773999999015],[-82.267856000230367,29.845778999933135],[-82.268163000377015,29.845716000121403],[-82.268354999997655,29.845632000050895],[-82.268421999944806,29.845526999668586],[-82.268502000310747,29.845358000238775],[-82.268580999953457,29.845222999801727],[-82.268678999862757,29.845158000276609],[-82.268843999719181,29.844980999640903],[-82.268959000245232,29.844913000127669],[-82.269104000010188,29.844873999984898],[-82.269228999683648,29.844918000104915],[-82.269247000125318,29.845021999886505],[-82.269252999973105,29.845127000020629],[-82.26933099979091,29.845185999921373],[-82.269437999921038,29.845176999674681],[-82.269606000150532,29.844921999619032],[-82.269543000401328,29.844705999915025],[-82.26953599983031,29.844519000042943],[-82.269500999670228,29.844288000221553],[-82.269507000416311,29.844036999783008],[-82.269582999685994,29.843965999768006],[-82.269791999923356,29.84390799961951],[-82.270125000009287,29.843840999849355],[-82.270308000307381,29.84373800009179],[-82.270410000414657,29.843640000269271],[-82.270614999555747,29.843612000190969],[-82.270935999946118,29.843602000105463],[-82.271209999582496,29.843587999672355],[-82.271402999926337,29.843545000222242],[-82.271557999737027,29.843416000202421],[-82.27169699965421,29.843292000074619],[-82.271773999647095,29.84323500001446],[-82.271982999884486,29.843198999877693],[-82.272429999773237,29.843302999891055],[-82.272531999880485,29.84323500001446],[-82.27256299984262,29.843010999818414],[-82.272679000193577,29.842997999784686],[-82.273075999853603,29.843203999940737],[-82.273157000044449,29.843217999648473],[-82.273350000388305,29.843227000071792],[-82.273465999840951,29.843260000318224],[-82.273684000299141,29.84335100028029],[-82.274045999799071,29.843486000131186],[-82.274311999937865,29.843561999753419],[-82.274485000190211,29.843635000228044],[-82.274670999963078,29.843815999691042],[-82.274815999728006,29.844064999742152],[-82.274932999903882,29.844182999984479],[-82.275075000194107,29.844245000293697],[-82.275224000157024,29.84421000021182],[-82.275261999791852,29.844127999816255],[-82.275359999701138,29.844063000357544],[-82.275508999664055,29.844028000211889],[-82.275834000252388,29.844102999729731],[-82.276019000200321,29.844154000367052],[-82.276159999767316,29.844129999978698],[-82.276252999653735,29.844081000271803],[-82.276295000384849,29.843960999743103],[-82.276331000369836,29.843819000333717],[-82.276385999723118,29.843732000359886],[-82.276454000393485,29.84368700002122],[-82.276564999823265,29.843686000325164],[-82.276672999778285,29.843758999929957],[-82.276813000418699,29.843940999640928],[-82.276933999894197,29.844063000357544],[-82.277036999826365,29.844084000127317],[-82.277169999895747,29.844079000108316],[-82.277349999820814,29.844036999783008],[-82.277775999793164,29.844081000271803],[-82.278029000411465,29.844064000049823],[-82.278175000001326,29.844072999617698],[-82.278270000435882,29.844165999779865],[-82.278318999941376,29.84432199980721],[-82.27844100014012,29.844418000362165],[-82.278686000362498,29.844494000054283],[-82.278990999961039,29.84454400002527],[-82.279238999658133,29.844559999699047],[-82.279688999919941,29.844742000287749],[-82.279864999647032,29.844752000259099],[-82.280015000333179,29.844713000053456],[-82.280103000196732,29.844588999977702],[-82.280196000083137,29.844471999903298],[-82.280247000136768,29.844423000364209],[-82.280422000038953,29.844388000344772],[-82.280673999934024,29.844369999706604],[-82.280832999942689,29.844354000002458],[-82.280878000148519,29.844371000175066],[-82.281180000272315,29.844591000130976],[-82.281280999656346,29.844586000137365],[-82.28159100017605,29.844431999899719],[-82.281723000420527,29.844414999737491],[-82.281837000223348,29.844448000370566],[-82.282720000130183,29.845207000234247],[-82.283023000078899,29.845559000256884],[-82.283180000437738,29.845586999789223],[-82.283331999875386,29.845554000311736],[-82.283874000198679,29.845256999848186],[-82.284121000070883,29.845234999865287],[-82.284203000086649,29.845256999848186],[-82.284386000384757,29.845405999640192],[-82.284460999829506,29.845554000311736],[-82.284530000324821,29.846081999993554],[-82.284624999861038,29.846330000179133],[-82.284706999876803,29.846401000071747],[-82.284896000022698,29.846379000340889],[-82.285097999689071,29.846412000324925],[-82.285224000085762,29.846499999969382],[-82.285294000405955,29.846638000017126],[-82.285318999621992,29.846754000225911],[-82.285368999850718,29.84681400038847],[-82.285685000218209,29.846896999800766],[-82.285874000364103,29.846989999670438],[-82.286013000281272,29.847150000165175],[-82.286120000411401,29.847578999690718],[-82.286126000259173,29.847743999856515],[-82.286277999696807,29.847957999915732],[-82.28642900020786,29.848024000387568],[-82.286644000293037,29.84804599975601],[-82.287117000121057,29.848024000387568],[-82.287261999885985,29.848090000036684],[-82.287406999650955,29.848244000087099],[-82.287641000002694,29.848453999702205],[-82.287855000262937,29.84852499964283],[-82.288062999777082,29.848546999680028],[-82.288467000008112,29.848618999980417],[-82.288902000201304,29.848751000006626],[-82.289703999917293,29.849037000243982],[-82.289791999780846,29.849152000361865],[-82.289816999895208,29.849300999795883],[-82.289672000130238,29.849514999634621],[-82.289621999901527,29.849696999762752],[-82.289621999901527,29.849801000021007],[-82.289660000434679,29.849856999815472],[-82.289754000146019,29.849894999936392],[-82.290094999729533,29.849856999815472],[-82.290467000173535,29.849604000076983],[-82.290631000205067,29.849604000076983],[-82.29076400027445,29.84964799967101],[-82.290985000207399,29.849824000190836],[-82.291028999689999,29.849879000338301],[-82.291022000017307,29.849950000044799],[-82.290977999636382,29.849988999763287],[-82.290838999719199,29.849971999767988],[-82.290688000106471,29.849928000316726],[-82.290618999611169,29.849950000044799],[-82.290611999938491,29.850071000020751],[-82.290656000319416,29.850136999875012],[-82.291047999956589,29.850164999682001],[-82.291242999950256,29.850214000299157],[-82.291602999800361,29.850379000006246],[-82.292051000412343,29.850730999716653],[-82.292372999729281,29.85092399972164],[-82.292915000052602,29.851133000311517],[-82.293243000115666,29.851199000242875],[-82.293438999934224,29.851183000074663],[-82.293679000133764,29.851100000329478],[-82.293868000279645,29.850952000087005],[-82.294001000349027,29.85090200020824],[-82.294114000326942,29.850929999800631],[-82.294296999726711,29.851100000329478],[-82.294423000123416,29.851275999847914],[-82.294556000192813,29.851275999847914],[-82.294632000360807,29.851220999690895],[-82.29468800043729,29.85094600000939],[-82.294745000338708,29.850896999751495],[-82.29487800040809,29.850912999965544],[-82.294947000005067,29.85098999979116],[-82.295029000020818,29.85128700034322],[-82.295130000303161,29.851414000306917],[-82.295141999998734,29.851865000295902],[-82.295173999785774,29.851942000166478],[-82.295280999915903,29.852045999644325],[-82.29560300013118,29.852261000221706],[-82.29576100031494,29.852437000030754],[-82.295906000079867,29.852458999985092],[-82.296132999860603,29.852287999822973],[-82.296238000340892,29.852271000219176],[-82.296624999955199,29.852205999828129],[-82.296884000421272,29.85221100021932],[-82.297072999668856,29.852267000220294],[-82.297154999684622,29.852305000203053],[-82.297281000081313,29.852607999937618],[-82.297363000097079,29.852700999941749],[-82.29741400015071,29.852722999837859],[-82.297906000245291,29.852696000354172],[-82.298240999981047,29.852766999615572],[-82.298455000241304,29.852992999726602],[-82.298555999625307,29.853031000212091],[-82.298637999641088,29.852986999771591],[-82.298676000174225,29.852799999825734],[-82.298846000053544,29.852811000153043],[-82.298998000389517,29.852943000090821],[-82.299143000154473,29.853025999861984],[-82.299395000049543,29.853096999667816],[-82.299508999852364,29.853158000294602],[-82.299602999563675,29.853141000059836],[-82.29959099986813,29.852970999889934],[-82.299660000363403,29.85293199977805],[-82.299774000166238,29.852943000090821],[-82.2998429997632,29.852986999771591],[-82.30006399969615,29.853217999725253],[-82.30012700034365,29.853229000006571],[-82.300462000079406,29.853168999803401],[-82.300651000225287,29.853162999858974],[-82.300833999625084,29.853229000006571],[-82.301004000402699,29.853207000221897],[-82.301175000106923,29.852998000078301],[-82.301237999856113,29.852998000078301],[-82.301767999585536,29.853102999616162],[-82.301975999997993,29.853180000090067],[-82.302133000356847,29.85328900017366],[-82.302153000448328,29.853295999710358],[-82.302165999968807,29.853320000232891],[-82.302191000083155,29.853367000103233],[-82.305027000299745,29.853170999784748],[-82.305136000079685,29.857105000135189],[-82.305141000102552,29.85729600038394],[-82.305203000026836,29.859924000202007],[-82.309978000309457,29.859962000386133],[-82.312863000031541,29.859962000386133],[-82.31391400016787,29.859959000228621],[-82.313956000000658,29.860144999696587],[-82.314176000108702,29.867604000102176],[-82.314699999990339,29.867598000246549],[-82.32073999977122,29.8673109999798],[-82.320763000235758,29.867315999614235],[-82.320938999962848,29.867332000312366],[-82.321343000193892,29.867315999614235],[-82.322074999589688,29.86717800010824],[-82.322467000125158,29.867139000094738],[-82.322763000401167,29.867156000282307],[-82.323078999870333,29.867233000041487],[-82.323160999886113,29.867299000232961],[-82.323420000352201,29.867391999791284],[-82.323709999882112,29.867562999783221],[-82.32434699974165,29.868102000104066],[-82.324978999578335,29.868453999632131],[-82.325145999982908,29.868583000015718],[-82.325206000257367,29.868629999709402],[-82.325489999939492,29.868806000255155],[-82.325837000269132,29.869030999659778],[-82.326197000119237,29.869345000092608],[-82.326284999982789,29.869536999721486],[-82.326202999967009,29.869823000382262],[-82.326222000233599,29.869939000133279],[-82.326531000030087,29.870471999619422],[-82.326607000198067,29.870835000031736],[-82.326619999718531,29.871110000220106],[-82.326570000388131,29.871126999731004],[-82.326531999854993,29.871170999963688],[-82.326514000311647,29.871227999652067],[-82.326702999559217,29.871337000277503],[-82.326722999650698,29.871397999882273],[-82.326663000274564,29.871551999804019],[-82.326622000266681,29.871722000261048],[-82.326691999688563,29.871903000209223],[-82.326888000405461,29.871988000174838],[-82.327163999691663,29.872025000247209],[-82.327360000408575,29.872275999639022],[-82.327723999558316,29.872596999725392],[-82.328706000097668,29.873678999842515],[-82.328812000402891,29.873794999783307],[-82.329272999637027,29.874231999866737],[-82.32929699992647,29.874256000027945],[-82.329951000402772,29.874584999741113],[-82.330614000201592,29.874753000153902],[-82.33106399956506,29.874888000377954],[-82.331276000175478,29.875045000068216],[-82.331304999589477,29.875066000330555],[-82.331718000041363,29.875114000245862],[-82.33223000022744,29.875101999879771],[-82.332260000364656,29.875095000314602],[-82.332610000169026,29.875006000014448],[-82.332831000101976,29.875037000338072],[-82.333164000187892,29.875241000267469],[-82.333257999899246,29.875383000155363],[-82.333353000333787,29.875525999997205],[-82.333442999847151,29.875660999953887],[-82.333564000220989,29.876057999858272],[-82.333573000441802,29.876437000211489],[-82.333478000007261,29.876558000010636],[-82.333458999740685,29.876608000277493],[-82.333491000426065,29.87668499975144],[-82.333623999597123,29.876927000159075],[-82.333611000076644,29.877026000156643],[-82.333529000060878,29.877118999993964],[-82.33342799977855,29.877173999898879],[-82.333288999861367,29.87719599985234],[-82.332929000011248,29.877162999920298],[-82.332878999782537,29.877217999800937],[-82.332878999782537,29.877272999651201],[-82.332980000064879,29.877323000338535],[-82.333251000226539,29.877378000130886],[-82.333787999628655,29.877367000174797],[-82.333939000139708,29.87739399999397],[-82.334084999729569,29.877586999844201],[-82.334557999557603,29.878450000082161],[-82.334740999855697,29.878582000377978],[-82.334961999788632,29.878713999720215],[-82.335182999721567,29.878757999721714],[-82.33539799980673,29.878780000104687],[-82.335649999701801,29.878795999742827],[-82.335801000212854,29.87882299995405],[-82.335956999848463,29.878847999912239],[-82.336211000291684,29.878797999989548],[-82.336597000081056,29.878612000243866],[-82.338040999679464,29.878147000140846],[-82.338884000301647,29.87791100037138],[-82.339469000282648,29.87772300026101],[-82.340271999823571,29.877655999821119],[-82.340773000138981,29.877255999629924],[-82.341676999962218,29.877055000349742],[-82.342251000072565,29.876785000132674],[-82.343266000223906,29.876613000224932],[-82.344310999614109,29.876608999643878],[-82.345181000000494,29.87663799995822],[-82.345432000070659,29.876646000338887],[-82.346108000288254,29.876868000326294],[-82.346202999824513,29.876900000213535],[-82.346761999866231,29.876906999651979],[-82.347346000022341,29.876809999822861],[-82.348116999776181,29.876788999927786],[-82.34844300018942,29.877039999794281],[-82.348624999764297,29.877121000274318],[-82.349061999607315,29.877335999796493],[-82.349283000438561,29.877489999897531],[-82.349485000104906,29.877600000046701],[-82.349692999619066,29.877764999653461],[-82.349870000069401,29.877952000331764],[-82.349989999719995,29.878100000257682],[-82.350056999667146,29.878161999750805],[-82.350110000268913,29.878209999733972],[-82.350121999964472,29.878221000376005],[-82.350317999783044,29.878303000025067],[-82.350450999852441,29.878330999718827],[-82.350602000363494,29.878342000347462],[-82.35074700012845,29.878313999877903],[-82.350891999893406,29.878264999816146],[-82.351005999696213,29.878148999621587],[-82.351112999826327,29.878017000310507],[-82.351194999842093,29.87789599994467],[-82.351214000108683,29.877719999858609],[-82.351233000375245,29.877637999730133],[-82.351301999972222,29.877598999911374],[-82.351358999873639,29.877598999911374],[-82.35167500024113,29.877753000385223],[-82.352400999789154,29.878065999715187],[-82.353044000394775,29.878099000127364],[-82.353226999794572,29.878120999876707],[-82.353340999597393,29.878191999743034],[-82.353416999765372,29.87829100004268],[-82.353466999994069,29.878385000385688],[-82.353555999682541,29.878466999899956],[-82.353637999698307,29.878511000010445],[-82.353738999980649,29.878532999668966],[-82.353883999745605,29.878538999645823],[-82.354086000310275,29.878527999817848],[-82.354325999611476,29.878477999734663],[-82.354547000442736,29.878422999770017],[-82.354735999690305,29.878362999915588],[-82.354856000239209,29.878330000369768],[-82.355216000089328,29.878219000117724],[-82.355612999749368,29.878219000117724],[-82.355638999688622,29.878191999743034],[-82.355676000396869,29.878164000010244],[-82.355784000351889,29.878119999746605],[-82.355858999796652,29.878053999704274],[-82.355909999850269,29.877954999948237],[-82.355966999751686,29.877763000164975],[-82.355966999751686,29.877701999779177],[-82.35604200009476,29.87760899970657],[-82.356155999897581,29.877482000363504],[-82.356225000392868,29.877420999805825],[-82.356276000446499,29.877398999901995],[-82.356370000157824,29.877404999947004],[-82.356407999792651,29.877431999755895],[-82.356421000211455,29.877493000306842],[-82.356704999893566,29.877498000209918],[-82.356950999940878,29.877552999905745],[-82.357298000270504,29.87759199974251],[-82.3574749998225,29.877602999673762],[-82.357607000066992,29.877585999708746],[-82.357759000402964,29.877515000189938],[-82.357872000380866,29.877431999755895],[-82.3580299996663,29.877355000079792],[-82.358232000230956,29.877327000112007],[-82.358390000414715,29.877370999946564],[-82.358592000081089,29.877656999955889],[-82.358635999563688,29.87775600000769],[-82.358818999861796,29.877953999816455],[-82.358965000349983,29.8780919999936],[-82.359147999749766,29.878334000102846],[-82.359192000130705,29.878459999792032],[-82.359192000130705,29.878564999800908],[-82.359153999597552,29.878646999946099],[-82.359079000152803,29.87871900034094],[-82.359014999680383,29.878768000179626],[-82.358983999718248,29.878856000115675],[-82.3590220002514,29.878972000266753],[-82.35908500000059,29.879037999701534],[-82.359147999749766,29.879060000022729],[-82.3593539996141,29.879077999857056],[-82.35958999961565,29.879102999751371],[-82.359753999647168,29.879230000145803],[-82.359880000043873,29.879356000260778],[-82.359993999846708,29.879461000105128],[-82.360120000243398,29.879510000358163],[-82.360321999909743,29.879597999639451],[-82.360474000245716,29.879713999706333],[-82.360562000109269,29.87979099989775],[-82.360663000391611,29.879917000082823],[-82.360726000140801,29.880076999977085],[-82.360757999927841,29.880198000033388],[-82.360795999562669,29.880308000311143],[-82.360884000324532,29.880407000067979],[-82.360959999594201,29.880499999867986],[-82.36103599976218,29.880565999849317],[-82.361105000257481,29.880609999812645],[-82.361332999863109,29.880669999872907],[-82.361383000091834,29.88072500015609],[-82.361428000297664,29.880933999865071],[-82.361491000046854,29.88107700031539],[-82.361547999948257,29.881154000233305],[-82.361674000344962,29.881215000065335],[-82.361762000208515,29.88123100009172],[-82.362241999709227,29.881252999929089],[-82.362405999740744,29.881291999876701],[-82.362608000305428,29.881390000117005],[-82.362733999803808,29.881462000089162],[-82.362829000238349,29.881495000156388],[-82.362974000003319,29.881483999875577],[-82.363069000437875,29.881429000011018],[-82.363143999882624,29.881335000200664],[-82.363220000050603,29.881268999949395],[-82.363302000066383,29.881225000276842],[-82.36337099966336,29.881227999794874],[-82.363415999869204,29.88123100009172],[-82.363503999732742,29.881264000235397],[-82.363681000183064,29.881368000309912],[-82.363757000351043,29.881357000015033],[-82.363794999985885,29.881274999761626],[-82.363902000115999,29.88099900023683],[-82.363995999827338,29.880944000104758],[-82.364085000414107,29.880944000104758],[-82.364191999645911,29.880966000005447],[-82.364287000080466,29.881070999712399],[-82.364374999944005,29.881119999953167],[-82.364451000111998,29.881137000094707],[-82.364583000356475,29.881115000231741],[-82.364785000022835,29.880906000123233],[-82.364929999787805,29.880807000082946],[-82.365037999742825,29.880789999885188],[-82.365183000406091,29.8807949996229],[-82.36535300028541,29.880855999674576],[-82.365517000316942,29.880839000264082],[-82.365707000287756,29.880784000043786],[-82.365852000052712,29.880684999882355],[-82.366021999932016,29.880531000041714],[-82.366117000366572,29.880453999642707],[-82.366293999918582,29.880381999721656],[-82.366590000194591,29.880376999963168],[-82.367088999961865,29.880437000163692],[-82.367379000390102,29.880503000186728],[-82.367518000307271,29.880503000186728],[-82.367700999707054,29.880475000323877],[-82.367846000370321,29.880415000146289],[-82.368155000166809,29.880161999986939],[-82.368331999718805,29.880057000101722],[-82.368528000435717,29.879929999981581],[-82.368659999781869,29.879820000065735],[-82.369050999594137,29.879357999717328],[-82.369214999625669,29.879232000383741],[-82.369378999657187,29.879171000117619],[-82.369524000320453,29.879144000000608],[-82.369695000024691,29.879160000359299],[-82.369946999919776,29.879242000015271],[-82.37044599968705,29.879468000142801],[-82.370628999985158,29.879544999745242],[-82.371102999638083,29.879653999849715],[-82.372245000011006,29.879851999784687],[-82.372465999943941,29.879829999638218],[-82.372753999824042,29.879758000045541],[-82.373045999902089,29.879365999879798],[-82.373370999592098,29.879283000207359],[-82.373691999982469,29.879270000224256],[-82.373892999823909,29.879291999715338],[-82.373923999786044,29.87920199992551],[-82.374075000297097,29.878953999634362],[-82.374239000328629,29.878569000303504],[-82.374276000138551,29.878250000221609],[-82.374286000184313,29.878083999728933],[-82.374313999773378,29.877629000072886],[-82.374389000116466,29.87733200002333],[-82.374528000033635,29.877056999852424],[-82.374830999982336,29.876841999728779],[-82.375000999861655,29.876710000245644],[-82.375857000004302,29.876068999958719],[-82.376507000282643,29.875657000113609],[-82.37717599992925,29.875376999988639],[-82.377697000336155,29.874998000281128],[-82.377741999643661,29.874954000178626],[-82.378340999868399,29.874524999914559],[-82.37857500022011,29.874227999969097],[-82.378822000092342,29.873623000171929],[-82.379043000025263,29.872264999899237],[-82.37927099963089,29.871561000009606],[-82.379397000027609,29.870989000043693],[-82.379561999884032,29.870597999892901],[-82.379663000166374,29.870471999619422],[-82.379845999566172,29.870366999659414],[-82.379884000099324,29.870318000367352],[-82.379971999962862,29.869915999924796],[-82.379782999816968,29.869805999870216],[-82.379309999988948,29.869739999779206],[-82.379196000186127,29.86963000030957],[-82.379171000071779,29.869508999895963],[-82.379165000223992,29.869030000217531],[-82.379083000208226,29.868820999711964],[-82.379019999560725,29.868765999875137],[-82.378862000275305,29.868754999748315],[-82.378616000228007,29.868788000125075],[-82.378489999831316,29.868765999875137],[-82.37832599979977,29.868656000110509],[-82.378186999882601,29.868519000347465],[-82.378143000399987,29.868413999889928],[-82.378136999653876,29.868310000329373],[-82.378200000301405,29.868171999861275],[-82.378206000149177,29.868051000016351],[-82.378118000285625,29.867958000293314],[-82.377708000206809,29.867847000183719],[-82.377405000258108,29.867671000283121],[-82.377278999861403,29.867549999830597],[-82.376938000277875,29.867049000245064],[-82.376883999851188,29.866991000264289],[-82.376407999650127,29.866487999715332],[-82.376237999770808,29.866124999845393],[-82.376219000402557,29.866025999934973],[-82.376257000037384,29.865750999754912],[-82.376313999938802,29.865618999617396],[-82.376693000055468,29.864942999905885],[-82.377091000438753,29.864337999888722],[-82.377426000174495,29.863711000291914],[-82.37745799996155,29.863612000323482],[-82.37745799996155,29.863375000165234],[-82.377413999580611,29.863133000379321],[-82.377495999596391,29.86292399998576],[-82.377893999979634,29.86236399992309],[-82.378052000163393,29.862034000125696],[-82.378052000163393,29.861917999753597],[-82.378020000376338,29.861819000343452],[-82.377938000360572,29.861665000200176],[-82.377815000336938,29.861518000337504],[-82.377579000335359,29.861235999660941],[-82.377440000418204,29.860950000094682],[-82.377440000418204,29.860773999714507],[-82.377478000053031,29.860526000351776],[-82.377698999985981,29.860004000244754],[-82.377762999560062,29.859624000249546],[-82.377699999810872,29.859469999835376],[-82.377580000160293,29.859322000316304],[-82.377289999732071,29.859107000144885],[-82.377088000065697,29.858589999699308],[-82.376760000002619,29.858039999666865],[-82.376508000107563,29.857742999729112],[-82.376267999908052,29.857538999857997],[-82.375914999730625,29.857312999911095],[-82.375152000372708,29.856945000012665],[-82.375044000417674,29.856862000383607],[-82.375000000036735,29.85680700018785],[-82.374914999647928,29.856705999692696],[-82.374914999647928,29.856629000380472],[-82.374769999882957,29.856545999709635],[-82.374738000095903,29.856370000133161],[-82.374681000194499,29.855721000327751],[-82.374605000026534,29.855391000379804],[-82.374579999912172,29.854990000152856],[-82.374452999690561,29.854467000331137],[-82.374377000420893,29.853967000101139],[-82.374370999674795,29.853948999631658],[-82.374364000002089,29.85375200008146],[-82.374312999948486,29.852530999801694],[-82.374338000062835,29.852387999725508],[-82.374420000078615,29.852145999789258],[-82.374445000192949,29.851871000318344],[-82.37438800029156,29.851622999871029],[-82.374242999628279,29.851096000283725],[-82.374224000260014,29.850711000191353],[-82.374255000222149,29.850513000077726],[-82.374317999971339,29.850320000057334],[-82.374770999707877,29.849170000137949],[-82.374835000180298,29.849076999961238],[-82.37499900021183,29.848645000141037],[-82.375200999878189,29.848121999803613],[-82.375345999643145,29.847978999645584],[-82.375763000292977,29.847274999837602],[-82.375861000202264,29.847127999820163],[-82.376057000020865,29.846836000023494],[-82.376426000091797,29.846285000232019],[-82.376570999856753,29.845977000084407],[-82.376874999630374,29.844871999837363],[-82.377020000293641,29.844608000263225],[-82.377107000332259,29.844488000367797],[-82.377171999731289,29.844399000040497],[-82.377269999640561,29.844301000087423],[-82.377827999857402,29.843750000333788],[-82.378257000202794,29.843167999792815],[-82.378396999944883,29.842920000325748],[-82.378504000074997,29.842656000266626],[-82.378509999922784,29.842369999674801],[-82.378428999731938,29.84201800009976],[-82.378416000211459,29.841786999947882],[-82.378510999747704,29.841456999917266],[-82.378598999611256,29.841265000035307],[-82.378617999877818,29.84114400029749],[-82.37859299976347,29.841089000013977],[-82.378379000401537,29.841016999738802],[-82.377924000116877,29.84101099984343],[-82.377715999704421,29.840951000090286],[-82.377526999558526,29.840857000326736],[-82.376959000194262,29.8404390001077],[-82.376668999766039,29.84010900029854],[-82.376686000382804,29.839944999718661],[-82.376697000253458,29.839846000335768],[-82.376707000299191,29.839746000340092],[-82.376751999606711,29.838211000232587],[-82.376696000428538,29.837744000150643],[-82.376620000260544,29.837556999710898],[-82.376564000184061,29.837297999861281],[-82.376556999613044,29.837082999794937],[-82.376601999818888,29.836868999809397],[-82.376722000367806,29.836654000378232],[-82.376790999964783,29.836384999716987],[-82.37678500011701,29.836125999945651],[-82.376746999583844,29.835878999911305],[-82.376677999986882,29.835747000014798],[-82.376420000244025,29.835516000165864],[-82.376267999908052,29.835439000097498],[-82.375732000330842,29.835262999941069],[-82.375518000070585,29.83513599969756],[-82.375328000099799,29.834965000262095],[-82.375209000274111,29.834662999769478],[-82.375190000007535,29.834492000303605],[-82.375203000426339,29.834173000371962],[-82.375366999559532,29.833375999882616],[-82.375368000282776,29.832958000308903],[-82.375311000381359,29.832655000177098],[-82.375133999931023,29.832291999627206],[-82.375083999702312,29.831967000025259],[-82.3750610001361,29.829256000063456],[-82.375086000250462,29.828623000049948],[-82.375200000053283,29.828293000173922],[-82.375358000237028,29.827424000378542],[-82.375358000237028,29.827056000216114],[-82.375327000274893,29.826902000228788],[-82.37499900021183,29.826065999719276],[-82.374882000035967,29.825772000167451],[-82.374655000255245,29.825513000161159],[-82.374528999858555,29.825270999789414],[-82.373865000234815,29.823901999875829],[-82.373146000359498,29.82255500022147],[-82.37285500010637,29.821961000379385],[-82.372849000258597,29.821900000182623],[-82.371838000305218,29.820119000143599],[-82.37140899995984,29.819232999648737],[-82.371320000271368,29.818854000333385],[-82.371256999623867,29.81844099977247],[-82.371224999836826,29.817836000142826],[-82.371270999867576,29.817470999626146],[-82.371294000332099,29.817286000136555],[-82.371331999966941,29.816950999641929],[-82.372193999957375,29.815285999619096],[-82.372388999951056,29.81359100001611],[-82.37191100010017,29.81261900034588],[-82.370504000311684,29.811632000329421],[-82.368944000362333,29.81139099988804],[-82.367997999807983,29.811077999621745],[-82.367348000427967,29.809741999826354],[-82.367772999677086,29.8094909999047],[-82.368910000027142,29.808723999615694],[-82.369211000326018,29.808060999738554],[-82.369455999650086,29.807280000110556],[-82.37017899972335,29.806883000319981],[-82.370640999680717,29.806664000032065],[-82.370782999970942,29.806400000061924],[-82.37077600029825,29.806043999766441],[-82.370782000146022,29.805685999610361],[-82.370901999796629,29.805427999870389],[-82.371323999571018,29.804839000030753],[-82.371583000037106,29.804322000102943],[-82.371594999732665,29.804145999716852],[-82.371545000402264,29.804008000225043],[-82.37124800030135,29.803717000011773],[-82.371160000437811,29.803469000075243],[-82.371065000003242,29.803337000248089],[-82.371065000003242,29.803221999624803],[-82.371177999981143,29.80298500037706],[-82.371177999981143,29.802782000255906],[-82.371328999593885,29.802319999654035],[-82.371347999860461,29.802177000204622],[-82.371240999730333,29.801950999731201],[-82.371138999623099,29.801532999703809],[-82.371085000094723,29.801309999694581],[-82.371095000140485,29.800917000090294],[-82.371177999981143,29.800914999842391],[-82.372164999645079,29.800898000072291],[-82.372508999601649,29.800875999677675],[-82.372775999565334,29.800869999710958],[-82.37314200016155,29.800870999835386],[-82.373344999652815,29.800870999835386],[-82.374085000342831,29.80087199995975],[-82.374199000145666,29.800869999710958],[-82.375610999957019,29.800857999776444],[-82.375831999889968,29.800856999651888],[-82.376325999634361,29.800837999622502],[-82.376908999965536,29.800837999622502],[-82.377361999702089,29.800812999619311],[-82.378731999680653,29.800751999772515],[-82.379221000300504,29.800756999620756],[-82.37969900015139,29.8007279998737],[-82.380080999742816,29.800717000048053],[-82.38039100026252,29.800724000149796],[-82.380852000394967,29.800736000100443],[-82.381346999964279,29.800731000251091],[-82.381827000363302,29.800708999819747],[-82.382776000392383,29.800692000014635],[-82.3829749996857,29.800682999658072],[-82.383142999915194,29.800675000206635],[-82.383279000357632,29.800675000206635],[-82.3835720002606,29.800676000332956],[-82.384006999555453,29.8006719998275],[-82.384399000090951,29.800604999912068],[-82.384754999743095,29.800595000200097]]]},"properties":{"MTFCC":"G5020","OID":"207903717545520","GEOID":"12001001908","STATE":"12","COUNTY":"001","TRACT":"001908","BASENAME":"19.08","NAME":"Census Tract 19.08","LSADC":"CT","FUNCSTAT":"S","AREALAND":270308553,"AREAWATER":6406701,"CENTLAT":"+29.7929657","CENTLON":"-082.2830456","INTPTLAT":"+29.7905613","INTPTLON":"-082.2860259","OBJECTID":63660}},{"type":"Feature","id":63661,"geometry":{"type":"Polygon","coordinates":[[[-82.362732000153997,29.61972900000772],[-82.362847999606615,29.61971900022742],[-82.362712999887407,29.618379999982427],[-82.36266199983379,29.617869999969304],[-82.362603000282547,29.617278999955467],[-82.362558000076717,29.616831000274626],[-82.362471000038084,29.615954999935294],[-82.362450999946574,29.615762999913542],[-82.362430999855107,29.615557999665501],[-82.362414000136667,29.615392999848801],[-82.362398000243147,29.615229999807202],[-82.362308999656378,29.614296999762409],[-82.36219999987641,29.61341200007363],[-82.361609000047636,29.613470999721891],[-82.361115000303215,29.61351999972122],[-82.36026500000834,29.613599999732696],[-82.359904000333316,29.613630000111083],[-82.359757999845129,29.613634999912993],[-82.35963200034675,29.61323300005585],[-82.3594940002545,29.612965999696055],[-82.359407000215853,29.612785000354449],[-82.359189999582568,29.612332000357814],[-82.359095999871244,29.612134999806887],[-82.35843800009529,29.612448000002608],[-82.357771999923429,29.612744000376487],[-82.357319000186905,29.61291399968113],[-82.356868000100178,29.613073999821463],[-82.356771000015826,29.613114999665193],[-82.356561999778435,29.613194999998093],[-82.356392999724051,29.613244000131566],[-82.356218999646771,29.613305999612834],[-82.35567999969652,29.613465000262284],[-82.355228999609821,29.613576000360709],[-82.355057999905583,29.613628999682085],[-82.355134999898468,29.614086999877514],[-82.355139999921349,29.614117000111037],[-82.355171999708404,29.614446999747024],[-82.355189000325154,29.614630000066349],[-82.355336999564841,29.616040000039686],[-82.355397999664191,29.616486000092312],[-82.355468999809304,29.617278000343653],[-82.355550000000179,29.61804199998959],[-82.355604000426837,29.618701999813119],[-82.355678000046694,29.619239999824991],[-82.355776999780886,29.620274999784403],[-82.356945000093091,29.620179999612471],[-82.357513000355652,29.620134000039588],[-82.357987000008578,29.620094000292031],[-82.358474000080307,29.620055000112952],[-82.359162999818395,29.620002000265867],[-82.35927400014647,29.619993999682368],[-82.35947800036098,29.61997800007542],[-82.359921000051756,29.619942999754951],[-82.359960000409814,29.619940000217809],[-82.360003999892442,29.619936999899615],[-82.36002800018187,29.619934999947709],[-82.360314000412146,29.619910000155659],[-82.360605999591883,29.619883999990435],[-82.36103599976218,29.619846000097368],[-82.361086999815825,29.619842000189955],[-82.36140099963518,29.61982199986976],[-82.361782000299996,29.619799000004271],[-82.362213000295213,29.619772000223328],[-82.362732000153997,29.61972900000772]]]},"properties":{"MTFCC":"G5020","OID":"207903717545527","GEOID":"12001001516","STATE":"12","COUNTY":"001","TRACT":"001516","BASENAME":"15.16","NAME":"Census Tract 15.16","LSADC":"CT","FUNCSTAT":"S","AREALAND":524639,"AREAWATER":0,"CENTLAT":"+29.6165535","CENTLON":"-082.3588915","INTPTLAT":"+29.6165535","INTPTLON":"-082.3588915","OBJECTID":63661}},{"type":"Feature","id":63738,"geometry":{"type":"Polygon","coordinates":[[[-82.412821000384454,29.485253999891565],[-82.412931999814219,29.485092000307095],[-82.407000999813278,29.485051000105667],[-82.406620000046757,29.485047999689765],[-82.393788999924311,29.484966000016758],[-82.388818999648009,29.484928000183956],[-82.387366999653693,29.484919999846898],[-82.385914999659363,29.484912000291192],[-82.380855999694603,29.484884000277418],[-82.375795999904952,29.484856000255832],[-82.374815999913721,29.484845999631869],[-82.373924999610963,29.484834999648111],[-82.373901000219817,29.484834999648111],[-82.370960000421263,29.484818999740728],[-82.369258000181674,29.484808999895034],[-82.35662399970272,29.484739000165792],[-82.351654000324743,29.484712000246141],[-82.346684000048427,29.484685999679531],[-82.345469999705486,29.484680000390004],[-82.344255000435936,29.484673000175707],[-82.341784999917238,29.484659999888287],[-82.339313999573648,29.484646000238474],[-82.327315000202717,29.484596000132989],[-82.312815000350966,29.484504000218436],[-82.299240000238839,29.484427000047258],[-82.287496000237738,29.484326000231636],[-82.28720400015969,29.484331000178464],[-82.286565999576908,29.484343000362514],[-82.286425999834819,29.484303000004086],[-82.28619499985615,29.48428599986649],[-82.285368999850718,29.48428599986649],[-82.284690999983283,29.484266000068988],[-82.283746000152149,29.484259999972569],[-82.28356100020423,29.484262999629856],[-82.283229999768125,29.484267000215336],[-82.282876999590712,29.484272000165078],[-82.28066399988829,29.484267000215336],[-82.279428999628948,29.484268000361723],[-82.278030000236384,29.484255000022294],[-82.277020000107925,29.484253999875829],[-82.276890000411584,29.484253999875829],[-82.276378000225506,29.484255000022294],[-82.276343000065424,29.484255000022294],[-82.275175999578138,29.484257000315228],[-82.27515999968459,29.484258999826157],[-82.274588000122378,29.48426100011902],[-82.273446999574361,29.484252999729303],[-82.272946000157262,29.4842489999252],[-82.269887000357926,29.484230999631869],[-82.268307000317066,29.484262999629856],[-82.266989000217052,29.484253999875829],[-82.26482400019519,29.484256000168742],[-82.264219999947613,29.484239000023322],[-82.263137999849135,29.484252999729303],[-82.262720000272708,29.484257999679734],[-82.2615009999069,29.484283000209928],[-82.260749000419622,29.4842739996757],[-82.260118000407857,29.484266000068988],[-82.259848999896036,29.48426499992264],[-82.259008999646895,29.484259999972569],[-82.258087000280312,29.484258999826157],[-82.25718000008402,29.484258999826157],[-82.25656300031595,29.484263999776228],[-82.255878999702432,29.484268999726112],[-82.255749000006091,29.484269999872421],[-82.25516499985001,29.484262000265403],[-82.254457999670251,29.484262999629856],[-82.253692999764183,29.4842739996757],[-82.253213000263486,29.484268000361723],[-82.252350000448118,29.484271000018719],[-82.251861999653173,29.484266000068988],[-82.251336999946616,29.484266000068988],[-82.250147999718038,29.484279999771243],[-82.249638999905002,29.484280999917512],[-82.24956899958481,29.484280999917512],[-82.248775000264743,29.484269999872421],[-82.248478999988734,29.484266000068988],[-82.24772499995332,29.484277000114503],[-82.247129000101651,29.484273000311347],[-82.247087000268863,29.484273000311347],[-82.246366999670329,29.484257000315228],[-82.244575999742295,29.484236000365325],[-82.244235999983673,29.484252999729303],[-82.243890000377263,29.484271000018719],[-82.246036000132534,29.485709000037595],[-82.246240000347044,29.485830000313396],[-82.246494999716845,29.485991000152588],[-82.247192999675747,29.486429000339072],[-82.247483000103983,29.486616000086485],[-82.247996999939872,29.486967999824859],[-82.24851400014883,29.487302000156397],[-82.24887599964876,29.487564999932992],[-82.249084999886122,29.487709999910372],[-82.249232000199214,29.487840000360745],[-82.249510000033581,29.488074000281976],[-82.249845999594243,29.488373000307117],[-82.251294000288922,29.489727000061244],[-82.25284900021542,29.491160999745155],[-82.254107000040975,29.492207999697072],[-82.255359999843662,29.493339999946706],[-82.25631399989561,29.494228000359325],[-82.256780999875843,29.494758000190778],[-82.259256000417423,29.49702199985137],[-82.261121999790205,29.498671999818239],[-82.264486000086393,29.501649999678211],[-82.264619999980695,29.501572000054189],[-82.264688999577658,29.501542999978145],[-82.26476200027092,29.501521999702259],[-82.264835999890764,29.501508000037102],[-82.264953999891532,29.501505000108629],[-82.26512399977085,29.501543999953913],[-82.265415000023992,29.501645999779171],[-82.265820999904861,29.501748000283477],[-82.266270000341748,29.501824999798949],[-82.267073999707549,29.501938999786386],[-82.267236000089255,29.501964999834108],[-82.267934999873077,29.502063000134537],[-82.268139999912492,29.502092000061651],[-82.269454999639464,29.502255999762692],[-82.271376999987083,29.502516999873784],[-82.271438000086448,29.502525000384775],[-82.271627000232328,29.502550000316266],[-82.27270699978267,29.502692000059849],[-82.272772999904902,29.502700999739542],[-82.273244000083096,29.502762999856959],[-82.27329000011386,29.502768999639354],[-82.273868000422155,29.50284499997916],[-82.273917999752555,29.502851999719553],[-82.274316000135826,29.502902000196592],[-82.275118999676721,29.503003000256161],[-82.275207000438584,29.503014999792089],[-82.275565999565472,29.503063000267087],[-82.275849000321003,29.503100000373387],[-82.276456000043325,29.503182000222672],[-82.276661000082726,29.503211999788608],[-82.277068999613419,29.503271999675693],[-82.277799000257701,29.503377999936575],[-82.278583000430331,29.503465000126823],[-82.279036000166869,29.503539999988117],[-82.279298000107687,29.503600999636348],[-82.279442999872643,29.503672000359746],[-82.279565999896292,29.503771999697506],[-82.279626999995642,29.50450899970604],[-82.279643999714096,29.504883000120675],[-82.279549000177866,29.50534599995143],[-82.27947999968255,29.505693999754364],[-82.279410000260683,29.50591499996078],[-82.279413999560333,29.50599500001206],[-82.279425000329297,29.506227000350677],[-82.279442000047737,29.506711000275633],[-82.279453999743296,29.507141999768322],[-82.2794670001621,29.507371999987466],[-82.279468999811911,29.507441999712487],[-82.279474999659698,29.508016000010269],[-82.279457000116324,29.508656000223187],[-82.279473999834778,29.50971999968456],[-82.279476000382914,29.509844999778487],[-82.279473000009872,29.510159000346658],[-82.279464999613964,29.511116999780757],[-82.280068000036607,29.511239000073036],[-82.280432000084687,29.51130900025122],[-82.280657000215598,29.511351999744804],[-82.280805000353595,29.5113810001383],[-82.280897000415109,29.511395999880328],[-82.281263999937906,29.511482000338795],[-82.281455999558545,29.511533000339799],[-82.281571000084583,29.511559000269127],[-82.285932000090412,29.512537000216778],[-82.288899999653182,29.513433999874813],[-82.289061000209969,29.513482000100467],[-82.289344999892108,29.513555999719653],[-82.290215000278451,29.513789999638544],[-82.290724000091487,29.513953000080829],[-82.290989000405361,29.514049999869346],[-82.291251000346165,29.514156999641024],[-82.291292000354062,29.514189000347159],[-82.291374000369828,29.514222999962524],[-82.291673999945488,29.514363000051954],[-82.291892000403678,29.514475000296738],[-82.292258999926489,29.514651999830608],[-82.29247999985941,29.514774999615888],[-82.29272199970876,29.514928000036338],[-82.292988999672446,29.515107999866991],[-82.295100000165945,29.516631000004015],[-82.296551000335356,29.517644999853616],[-82.29839400014194,29.518975999700245],[-82.300104999704018,29.520233999655538],[-82.302632999949026,29.522006000265385],[-82.302828999767613,29.522144000204982],[-82.303027999959241,29.521987999647653],[-82.303172999724197,29.521934999894636],[-82.303475999672898,29.521954000295981],[-82.30406599967678,29.522025999645269],[-82.304621000418891,29.522080999678185],[-82.304932999690095,29.522099000279393],[-82.305371000256329,29.522140000334019],[-82.305776000312278,29.522189000110632],[-82.306240999744389,29.522237000092083],[-82.306892999672542,29.522305000157182],[-82.30709100003925,29.522318000302331],[-82.307747999990283,29.522363999900708],[-82.30809899961956,29.522393000265506],[-82.308517999919218,29.52242100007075],[-82.309732000262187,29.522529999908731],[-82.310039000408835,29.522556000139613],[-82.310277000060211,29.522576999960414],[-82.310583000381968,29.522592000388094],[-82.310978000392183,29.522637999861892],[-82.311504999748564,29.522688999712877],[-82.311981999774517,29.522717999984522],[-82.312317000408598,29.522724000147491],[-82.312821000198738,29.522775999721173],[-82.313084999789396,29.522824999971395],[-82.313292000376947,29.522884000193439],[-82.313375000217604,29.522918000014219],[-82.313483000172653,29.522964000121483],[-82.313683000189187,29.523086000202699],[-82.313875999634718,29.523235999716466],[-82.314129000253033,29.523463000042938],[-82.314637000241149,29.523907999811026],[-82.315201000305748,29.524422999672662],[-82.315628999927924,29.524781999881771],[-82.316059999923155,29.525166000197757],[-82.316424999796141,29.525489999867993],[-82.317075000074468,29.526056999725164],[-82.317311999900937,29.526263000142158],[-82.317501999871723,29.526437999920176],[-82.317866999744709,29.526773000325772],[-82.317946000285758,29.526843999646292],[-82.31825099988427,29.527117999980636],[-82.318717000039584,29.527526000324031],[-82.319516000280842,29.528241999906786],[-82.320421999753904,29.529052000254811],[-82.320974000122945,29.529519999792175],[-82.322688000058093,29.531026000182202],[-82.323566999766982,29.531826000228644],[-82.324637000169886,29.532777999752742],[-82.325655999620849,29.533660000176624],[-82.326104000232817,29.534047000143755],[-82.327530000287894,29.535303000204966],[-82.327834000061486,29.535562999864311],[-82.328044000123782,29.535668000273734],[-82.328321999958121,29.535757999756335],[-82.328680000158414,29.535847999940412],[-82.330365999606144,29.536311000350739],[-82.331323999856053,29.536561999968932],[-82.332119999724256,29.536799999900193],[-82.332676000291272,29.53694200004556],[-82.333604000403966,29.537204000208664],[-82.334705999695586,29.537491999992518],[-82.334918000306004,29.537566000027034],[-82.33500199997161,29.537566999646938],[-82.335806000235735,29.537767999634386],[-82.336749000417029,29.538060000179733],[-82.337613999882208,29.538289999683624],[-82.338671999691229,29.538584000285837],[-82.33963699961383,29.538842000110016],[-82.341673999589162,29.539401000206016],[-82.342288999707392,29.539575999916856],[-82.343067000032264,29.539795999994482],[-82.343792999580259,29.539995999862768],[-82.344222999750571,29.54011300018453],[-82.346764000414368,29.540801000353074],[-82.346895999760534,29.540837000360188],[-82.347762999773849,29.541075999974083],[-82.348639999832912,29.541297000278384],[-82.348766000229602,29.541329000215203],[-82.349697999641933,29.541605999904565],[-82.35080999987764,29.541906999626313],[-82.350908999611846,29.541933999923611],[-82.351752000234029,29.542169999784193],[-82.351926000311295,29.542217000088058],[-82.352721000354592,29.542429000189301],[-82.356377999655422,29.543461999615428],[-82.357639999678966,29.543786000068422],[-82.359700999943726,29.544366999720044],[-82.360583999850562,29.544603000152897],[-82.362543999833008,29.545152000299797],[-82.363536000418108,29.545411999640642],[-82.3645699999377,29.545714999612759],[-82.365549000103996,29.545989999933479],[-82.366667000187476,29.546277999697502],[-82.36773300039242,29.546574999889074],[-82.368968999578371,29.546918000142689],[-82.369950000292803,29.547178999936321],[-82.371373999799744,29.547544999634599],[-82.372968000084285,29.54801099973243],[-82.3738350000976,29.548270000020072],[-82.374252999674013,29.548377000325345],[-82.375329999749624,29.548652999947162],[-82.376617999712408,29.54901399990041],[-82.377149999989982,29.549162999745498],[-82.377679999719405,29.549310999867195],[-82.378715999787104,29.549607999742626],[-82.379786000190009,29.549897999915498],[-82.380788999747452,29.550146000136252],[-82.381049999863365,29.550222000056849],[-82.381776000309699,29.550432000013306],[-82.382766000346649,29.550699000176277],[-82.38365400027638,29.550943999968688],[-82.384835000109035,29.551269000148277],[-82.386338000156982,29.551670999939134],[-82.386702000205062,29.551768000286785],[-82.386847999794924,29.551815000035045],[-82.387230000284646,29.551936999695283],[-82.387486000377692,29.552039000297384],[-82.387734999899735,29.552152999975124],[-82.387976999749057,29.552279000250739],[-82.388211000100796,29.55241499978894],[-82.388437000056598,29.552562000365342],[-82.388652999966666,29.552720000369007],[-82.388858999830987,29.552887000030122],[-82.389054999649559,29.553063000085537],[-82.389131999642473,29.55313699966208],[-82.389314000115661,29.553329000084808],[-82.389483999994965,29.55352800028448],[-82.389622999912149,29.553709999892273],[-82.389788999593478,29.553949000326348],[-82.389920999837983,29.554169999835597],[-82.390041000386887,29.554396000036078],[-82.390232000182593,29.554819000048663],[-82.390340000137627,29.555137999684977],[-82.3904439998947,29.55564499969006],[-82.390606000276406,29.556228999804325],[-82.390644999736168,29.556428999977374],[-82.390792000049231,29.556672999730523],[-82.390878000262987,29.556752000065543],[-82.390910999874947,29.556292000155491],[-82.390914000247989,29.556200999982934],[-82.39093299961624,29.555935999949472],[-82.390946999859963,29.555835000376003],[-82.390958999555508,29.555750000339511],[-82.390981000195126,29.555598000160316],[-82.391043999944316,29.55526100024823],[-82.391120999937215,29.554926999901106],[-82.391212999998729,29.554595999930179],[-82.391319000303938,29.55426800036491],[-82.39143999977945,29.553943999911102],[-82.391573999673753,29.553624999631083],[-82.39175500032205,29.553336999703784],[-82.391844999835399,29.553174999677051],[-82.391977000079891,29.552951000369895],[-82.393516000112839,29.550587999676146],[-82.396044000357847,29.54686200002126],[-82.39870499977394,29.543016999913032],[-82.399130999746291,29.542389000115723],[-82.399452000136662,29.541889000205572],[-82.399887000329841,29.541211000153723],[-82.40002600024701,29.540992999982546],[-82.400278999967014,29.540569000346849],[-82.400519000166497,29.540140000179449],[-82.400626000296626,29.539931000320156],[-82.400745000122328,29.539704999817918],[-82.400781000107315,29.539628999805277],[-82.400956999834435,29.539265000351108],[-82.400971999903035,29.539222000215233],[-82.401156000026063,29.538820000150654],[-82.401340999973996,29.538369999932151],[-82.401511999678206,29.537916000026843],[-82.401494999959766,29.537912999614477],[-82.401552999686089,29.537734000115648],[-82.402176000200257,29.535821000362517],[-82.402890000052679,29.533658000078006],[-82.404248000335684,29.529550000149662],[-82.404513999576139,29.528739999881314],[-82.404573999850612,29.528557999870429],[-82.404664000262287,29.528276000271834],[-82.404731000209438,29.528067000123009],[-82.404856999707832,29.527674999790221],[-82.405079000363983,29.526987999931663],[-82.405330000434134,29.526255999675762],[-82.405546000344202,29.525582000067651],[-82.405640000055556,29.525311000267678],[-82.405722999896227,29.525024999677012],[-82.405808000285049,29.524790000196358],[-82.406035000065756,29.524090000371309],[-82.4061089996856,29.523840999797237],[-82.406148999868577,29.523689000103026],[-82.406249000326,29.523251000046436],[-82.406307000052323,29.522884000193439],[-82.406360999580684,29.522343999806001],[-82.406360999580684,29.522227000032707],[-82.406359999755765,29.521955999844327],[-82.406378000197435,29.521237999984077],[-82.406373000174554,29.520506000336006],[-82.406377000372515,29.519873000135011],[-82.406390999717914,29.517789999758058],[-82.406390999717914,29.517221000051613],[-82.406392000441144,29.517172000214405],[-82.406398000288917,29.51665600036069],[-82.4063969995657,29.515740000333],[-82.406398000288917,29.515690999778716],[-82.406414000182451,29.515111000174144],[-82.40640999998449,29.514192999750655],[-82.406413000357531,29.513954999787295],[-82.406420000030238,29.512587999686232],[-82.40642599987801,29.511535999971223],[-82.406433000449027,29.510976000009542],[-82.406436999748664,29.510638000024336],[-82.406439000296814,29.510491000261521],[-82.406436999748664,29.510111000108765],[-82.406434000273933,29.509673999811334],[-82.406452999642198,29.507256999943223],[-82.406461999863026,29.506138000327436],[-82.406486999977375,29.501053999683258],[-82.406495000373297,29.500555000299318],[-82.406500000396179,29.49935600034993],[-82.406505000419045,29.498289999856421],[-82.406500000396179,29.49805400005646],[-82.406510000441912,29.497212999667081],[-82.406510000441912,29.496900999650695],[-82.406506000243965,29.496730999738467],[-82.406517000114619,29.496307999937358],[-82.40653800003102,29.495961999997299],[-82.406557000297582,29.495834999901227],[-82.406578000213983,29.495659000342208],[-82.406593000282584,29.495531999866291],[-82.406620999871677,29.495407000085788],[-82.406650000184001,29.495220000144922],[-82.406724999628736,29.494887000156439],[-82.406769000009675,29.494736000028659],[-82.406816999690278,29.494546000278216],[-82.406916000322767,29.494251999945426],[-82.407078999631082,29.493837999641674],[-82.407185999761211,29.493577999892839],[-82.407471000166552,29.493049000202198],[-82.407627999627081,29.492784999743026],[-82.408477000097037,29.49153700034282],[-82.409314999798042,29.490326999810751],[-82.409657999929706,29.489841000373108],[-82.409871000365044,29.489515999879536],[-82.410249999583414,29.488972000156043],[-82.410478000087366,29.488643999693132],[-82.411836000370357,29.486673000053813],[-82.412089000090361,29.486298999642219],[-82.41228499990892,29.486017999731502],[-82.412443000092679,29.485800000290823],[-82.412596000253558,29.485564999676136],[-82.412821000384454,29.485253999891565]]]},"properties":{"MTFCC":"G5020","OID":"207903717545536","GEOID":"12001002102","STATE":"12","COUNTY":"001","TRACT":"002102","BASENAME":"21.02","NAME":"Census Tract 21.02","LSADC":"CT","FUNCSTAT":"S","AREALAND":57804791,"AREAWATER":16105133,"CENTLAT":"+29.5101410","CENTLON":"-082.3456910","INTPTLAT":"+29.5161858","INTPTLON":"-082.3452458","OBJECTID":63738}},{"type":"Feature","id":67010,"geometry":{"type":"Polygon","coordinates":[[[-82.339258000395461,29.699597999902597],[-82.339008999975135,29.699105999622123],[-82.338972000165199,29.69898200017996],[-82.338951000248798,29.698842000248209],[-82.338937000005103,29.698604999891153],[-82.338937000005103,29.698439000052183],[-82.338937000005103,29.697945000375231],[-82.339075999922287,29.697637999803856],[-82.339096999838674,29.697371000122587],[-82.339091999815793,29.697229999908142],[-82.339091999815793,29.697099999773066],[-82.339086999792912,29.696953000011881],[-82.339091999815793,29.69683700019181],[-82.339095000188848,29.695804000105031],[-82.339095000188848,29.694576000355447],[-82.33910299968646,29.693153999675268],[-82.339086999792912,29.692223000007733],[-82.339095000188848,29.691121999885151],[-82.339065999876524,29.69014299964406],[-82.339090999990873,29.688544000007205],[-82.339091999815793,29.688501999976875],[-82.339091999815793,29.688435999670833],[-82.339104000409662,29.686109999869899],[-82.339090999990873,29.685538999827553],[-82.339095000188848,29.685329999961965],[-82.339107999709313,29.684919999814408],[-82.339118999579966,29.684309999773664],[-82.339120000303211,29.684108000136657],[-82.339111999907274,29.683813999846851],[-82.339123999602847,29.683073999786803],[-82.339123999602847,29.68212599998478],[-82.33914799989229,29.681257000181908],[-82.339140000394679,29.680914000177729],[-82.33914799989229,29.680109999847474],[-82.339163999785825,29.679131000044844],[-82.339163999785825,29.679089999762247],[-82.339163999785825,29.677892000226159],[-82.339158999762944,29.677185999647801],[-82.339192000273229,29.673968000059809],[-82.339063000401794,29.673967000230206],[-82.338623000185748,29.673965999620059],[-82.33703300009914,29.673983999673688],[-82.334976999857247,29.674000999894741],[-82.333309999777768,29.673990000211138],[-82.332897000224207,29.673986999942418],[-82.331343999947549,29.673936999873892],[-82.330800999799337,29.673934000384104],[-82.328177000193165,29.673962000301493],[-82.326653000228816,29.673958000202308],[-82.324638999819712,29.673942999633631],[-82.324400000343417,29.673940999973969],[-82.323708000232287,29.673940999973969],[-82.322674999639304,29.673923999742698],[-82.32155800027904,29.673887999610894],[-82.321374000156041,29.674304000001559],[-82.321235000238858,29.674515999628706],[-82.320990999841385,29.674886000226639],[-82.320692000090645,29.675439999926486],[-82.320435999997613,29.675927999762493],[-82.32042299957881,29.675950000265452],[-82.320189999950315,29.676341999906352],[-82.320118999805203,29.676486999768546],[-82.319866000085227,29.677002000038065],[-82.319818000404624,29.677099999846678],[-82.319721000320271,29.677436000249305],[-82.319582000403088,29.677656999994841],[-82.319518999755573,29.67789699995938],[-82.319517000105762,29.678052000152327],[-82.319485000318707,29.678129000265084],[-82.319491999991413,29.678217000321666],[-82.319445999960649,29.678444999968264],[-82.319372000340806,29.678719000023239],[-82.319389000059246,29.67888600022038],[-82.319368999967736,29.679086999645701],[-82.319364999769789,29.68013900015465],[-82.319370999617576,29.681186999989411],[-82.319368999967736,29.681382000181397],[-82.319379000013498,29.682425999782637],[-82.319384000036365,29.683088000034637],[-82.319379999838404,29.684079999923156],[-82.319377000363673,29.684815000211891],[-82.319377000363673,29.684888000162719],[-82.319379999838404,29.685568000129365],[-82.319367000317925,29.686206999676347],[-82.319360999571828,29.686837999889484],[-82.319363000119964,29.687310999671361],[-82.319358999922002,29.687690000363343],[-82.319365999594694,29.688320000163042],[-82.319368000142845,29.688417000177754],[-82.320485000401419,29.688415999711442],[-82.321616000005363,29.688434999985109],[-82.32242899959202,29.688440999660102],[-82.322529999874348,29.688444999963444],[-82.322980000136141,29.688447999800687],[-82.323590000231519,29.688452999789295],[-82.324519000169118,29.688452999789295],[-82.324997000019991,29.688459999929037],[-82.325566999932391,29.688459999929037],[-82.325905000041189,29.688459999929037],[-82.326069000072721,29.688640000122032],[-82.326375000394478,29.688932000200232],[-82.328393000103233,29.690670000050368],[-82.331450000252758,29.693299000257753],[-82.332472999901682,29.694118000334857],[-82.333754000191774,29.69525800033345],[-82.334949000268168,29.696266999843104],[-82.335253000041774,29.696532000126851],[-82.337546999935057,29.698497999810108],[-82.337575000422461,29.698522000005919],[-82.338875000080805,29.699636000119035],[-82.339258000395461,29.699597999902597]]]},"properties":{"MTFCC":"G5020","OID":"207903717545515","GEOID":"12001000302","STATE":"12","COUNTY":"001","TRACT":"000302","BASENAME":"3.02","NAME":"Census Tract 3.02","LSADC":"CT","FUNCSTAT":"S","AREALAND":3819522,"AREAWATER":14011,"CENTLAT":"+29.6835924","CENTLON":"-082.3305007","INTPTLAT":"+29.6842448","INTPTLON":"-082.3300557","OBJECTID":67010}},{"type":"Feature","id":67070,"geometry":{"type":"Polygon","coordinates":[[[-82.355858999796652,29.630129999910061],[-82.355869999667306,29.629924999997314],[-82.355854999598691,29.629405000251904],[-82.355849999575838,29.627811999612216],[-82.355861000344788,29.626938000054942],[-82.355858999796652,29.626776999761564],[-82.355854999598691,29.626536999680823],[-82.355862999994613,29.626516999908574],[-82.355247000051463,29.626533000039053],[-82.355072999974198,29.62654799986624],[-82.354868999759688,29.626557999749771],[-82.354735999690305,29.626555999929323],[-82.354617999689538,29.626471000105013],[-82.354188000417523,29.626536999680823],[-82.354040000279525,29.626281999944766],[-82.353963000286626,29.626275000163357],[-82.353938000172278,29.626188000274233],[-82.35388100027086,29.626144000149115],[-82.353718000064248,29.626100000004797],[-82.353452999750374,29.62606200011319],[-82.353270000350577,29.626017999933051],[-82.352816999715742,29.625775999770138],[-82.35265299968421,29.625638000062331],[-82.352584000087248,29.62552300029164],[-82.352490000375909,29.6254600002054],[-82.352256999849089,29.625303000364468],[-82.351967000319164,29.625000000303121],[-82.351850000143315,29.624869000192923],[-82.351743000013187,29.62481899992714],[-82.351624000187513,29.624869000192923],[-82.351510000384692,29.624956999975748],[-82.351403000254564,29.624956999975748],[-82.351296000124435,29.624869000192923],[-82.3512650001623,29.624796999958512],[-82.351214000108683,29.624737000374523],[-82.351183000146548,29.624675999654698],[-82.351214000108683,29.62462100003648],[-82.351226999629148,29.624561000347747],[-82.35120200041311,29.624390000062689],[-82.351144999613382,29.624274999648392],[-82.35106299959763,29.624187000050842],[-82.350892999718312,29.624022000305335],[-82.350892999718312,29.623960999933491],[-82.350892999718312,29.623845999810484],[-82.35085500008347,29.623747000129125],[-82.350747999953356,29.623662000277793],[-82.350640999823227,29.623626000126205],[-82.350563000005437,29.623645000142744],[-82.35038300008037,29.623686999919965],[-82.350219000048853,29.623659000070383],[-82.350125000337513,29.623560000205291],[-82.349961000305996,29.623477999628157],[-82.349733999626949,29.623400999863481],[-82.34959600043301,29.623362000183342],[-82.349438000249265,29.623301999744911],[-82.349212000293448,29.623273999788349],[-82.349105000163334,29.623240999718032],[-82.34890299959865,29.623214000078434],[-82.348796000366846,29.623214000078434],[-82.348689000236718,29.623224999845686],[-82.348512999611316,29.623214000078434],[-82.348418999899963,29.623242000051611],[-82.348348999579784,29.623318999937784],[-82.348186000271482,29.623550000024242],[-82.348135000217852,29.623582999993367],[-82.348016000392164,29.623605000227073],[-82.347915000109822,29.623577000354707],[-82.347776000192653,29.623593999720327],[-82.347474000068857,29.623736999966638],[-82.347304000189553,29.623907999798082],[-82.347216000326,29.623974000271875],[-82.347072000385964,29.623990000025294],[-82.346889000087856,29.623907999798082],[-82.345987999739336,29.623428999784686],[-82.345880999609221,29.623341000229185],[-82.345673999919981,29.623132000000567],[-82.345647999980727,29.623000000249373],[-82.345761999783534,29.62277500015065],[-82.345774000377418,29.622648000067453],[-82.345749000263055,29.622587999984727],[-82.345673000095061,29.622543999849352],[-82.345447000139274,29.622593000123178],[-82.345427999872697,29.622582000286879],[-82.345427999872697,29.622538000148886],[-82.345458999834833,29.622511000320873],[-82.345685999615554,29.622438999963297],[-82.345710999729917,29.622357000035734],[-82.345679999767782,29.622257999672314],[-82.34559100007931,29.622137000224054],[-82.345408999606107,29.62196599972987],[-82.345345999856917,29.621862000369731],[-82.345333000336453,29.62175200037408],[-82.345302000374318,29.621702000123367],[-82.345169000304921,29.621620000376943],[-82.344734999936648,29.621575999818887],[-82.344633999654306,29.621582000357556],[-82.344545999790753,29.621593000302958],[-82.344432999812852,29.621564999871577],[-82.344262999933548,29.621455000332602],[-82.344022999734037,29.621377999802977],[-82.343501000400536,29.621388999770705],[-82.343394000270408,29.621421999666627],[-82.343330999622907,29.621477000250032],[-82.343256000178144,29.621483000013676],[-82.343148000223124,29.621466000291907],[-82.342858999619793,29.621410999702498],[-82.342569000089895,29.621361999634829],[-82.34229899975314,29.621361999634829],[-82.341763000175945,29.62139000012267],[-82.340838000436307,29.621264000208949],[-82.340770999590845,29.621293000296021],[-82.340554999680791,29.621384999924526],[-82.340476999862972,29.621395999891494],[-82.340220999769926,29.621433999981015],[-82.340168000066484,29.621453999981274],[-82.339879000361492,29.621430999707311],[-82.339576000412777,29.623492000359967],[-82.339404999810242,29.624245999638685],[-82.339475000130435,29.626232999903124],[-82.339426999551549,29.627928999686926],[-82.339434999947471,29.62849900004942],[-82.339434999947471,29.628723999859577],[-82.339439999970338,29.63228099998878],[-82.339434999947471,29.63282999961319],[-82.339434999947471,29.633356000255233],[-82.339426999551549,29.633616999865911],[-82.339439000145447,29.633949000125448],[-82.33943099974951,29.634625000008825],[-82.339392000289763,29.63639600024349],[-82.339389999741627,29.636508000269874],[-82.339354999581545,29.637865999755171],[-82.339347000083919,29.638830999663035],[-82.339351000281894,29.639652000210578],[-82.339354999581545,29.640148000075698],[-82.33936800000032,29.640458000214654],[-82.33938399989384,29.640976000357167],[-82.339383000068921,29.641060999652733],[-82.339384999718746,29.641146999813156],[-82.33938100041911,29.641505999662062],[-82.339386000441991,29.641831000198252],[-82.339387000266882,29.641921000293376],[-82.33949500022193,29.641875999865476],[-82.339629000116233,29.641750999959395],[-82.339825999759725,29.641410999991876],[-82.339944999585398,29.641256000337577],[-82.340019999928487,29.641161999806371],[-82.340344999618495,29.640778000213402],[-82.34064699974229,29.640483000373159],[-82.341009999965451,29.640207999849643],[-82.341517000128647,29.63992099968349],[-82.341871000130979,29.639749999707025],[-82.34335499991235,29.639228999760128],[-82.34560799979775,29.638458000215703],[-82.346048999838715,29.638296000192913],[-82.346179000433366,29.638253000075572],[-82.347741999857448,29.637671000313428],[-82.347914000284916,29.637611999999489],[-82.349273000392799,29.637153000346938],[-82.350192000284665,29.636837999971991],[-82.350690000227033,29.636679000285955],[-82.351532000125999,29.636385000352703],[-82.352333999841974,29.636101000058947],[-82.353208000426307,29.635775999768434],[-82.353671000208578,29.635595000014376],[-82.353820000171496,29.63553300019209],[-82.35414700040964,29.635407000007461],[-82.354251000166713,29.63536800029016],[-82.35448200014541,29.635291000243395],[-82.355084999669756,29.635095999719766],[-82.355194000348007,29.635060999966186],[-82.355823999636556,29.634842000005076],[-82.355840000428401,29.634633000211291],[-82.35585200012396,29.634584999767771],[-82.355858999796652,29.634411999655029],[-82.355857999971747,29.633957999827999],[-82.355857000146827,29.632719999879793],[-82.355852999948866,29.632557999996948],[-82.355832999857384,29.631844999709838],[-82.355848999750918,29.631235000310753],[-82.355840000428401,29.630469999702619],[-82.355817999788783,29.630425999886004],[-82.355848999750918,29.630318999878977],[-82.355858999796652,29.630129999910061]]]},"properties":{"MTFCC":"G5020","OID":"207903717545516","GEOID":"12001000809","STATE":"12","COUNTY":"001","TRACT":"000809","BASENAME":"8.09","NAME":"Census Tract 8.09","LSADC":"CT","FUNCSTAT":"S","AREALAND":1895353,"AREAWATER":632351,"CENTLAT":"+29.6306432","CENTLON":"-082.3464879","INTPTLAT":"+29.6309520","INTPTLON":"-082.3479617","OBJECTID":67070}},{"type":"Feature","id":67071,"geometry":{"type":"Polygon","coordinates":[[[-82.372655000089836,29.628500000330803],[-82.372665999960489,29.628372000153405],[-82.372629999975473,29.627617000226945],[-82.372600999663163,29.626939000351818],[-82.372536000264148,29.626981000317659],[-82.372383999928175,29.627076999839364],[-82.372111000116703,29.627280000275409],[-82.371396000439347,29.62777100028142],[-82.370989999660168,29.628032999812763],[-82.36967400010829,29.628681999839504],[-82.36924700031102,29.628894000319853],[-82.368083000196791,29.629407000015799],[-82.366581999798669,29.630067999847146],[-82.365939000091331,29.630410999855346],[-82.365031999895038,29.630808999650871],[-82.364725999573295,29.630957000311664],[-82.364333999936136,29.631149000275055],[-82.363698999726424,29.631438000176583],[-82.363102999874755,29.631731000246152],[-82.362523999741526,29.631980000325669],[-82.362357000235249,29.63207700001437],[-82.3620290001722,29.63222599983736],[-82.361696000086255,29.632378999630554],[-82.361624999941156,29.632282000232603],[-82.3615720002377,29.632198000018452],[-82.361544999575216,29.63214599977637],[-82.361544999575216,29.631932000179454],[-82.361527999856776,29.630730999763855],[-82.361517999811042,29.630452999935496],[-82.361490000221949,29.630190999670244],[-82.36146400028268,29.630087999695245],[-82.361424999924623,29.629935999812744],[-82.361353999779496,29.629728999747755],[-82.361264000266118,29.629519000005338],[-82.361183000075286,29.629382000231189],[-82.361128999648614,29.629291999862104],[-82.361003000150234,29.629123999842967],[-82.360952999921508,29.629057000124398],[-82.360850999814261,29.628942000351977],[-82.360676999736995,29.628745000253527],[-82.360302999643167,29.628485000013413],[-82.359658000286032,29.628171999648167],[-82.358756000112606,29.627714999720911],[-82.357873000205771,29.627285000180951],[-82.357500999761783,29.627076999839364],[-82.357219999554388,29.626888000034985],[-82.357087000383302,29.626732999893676],[-82.357006000192456,29.626638999863104],[-82.356838999787868,29.626474999749238],[-82.356774000388853,29.626389000335166],[-82.356728000358103,29.626415000383737],[-82.356615000380202,29.626427999624553],[-82.356340000020595,29.626389999856659],[-82.356257000179923,29.626458000088856],[-82.356179000362104,29.626484000119568],[-82.356057999988295,29.626492000187703],[-82.355970999949648,29.626492999708127],[-82.355882000261175,29.62650300037798],[-82.355862999994613,29.626516999908574],[-82.355854999598691,29.626536999680823],[-82.355858999796652,29.626776999761564],[-82.355861000344788,29.626938000054942],[-82.355849999575838,29.627811999612216],[-82.355854999598691,29.629405000251904],[-82.355869999667306,29.629924999997314],[-82.355858999796652,29.630129999910061],[-82.355848999750918,29.630318999878977],[-82.355817999788783,29.630425999886004],[-82.355840000428401,29.630469999702619],[-82.355848999750918,29.631235000310753],[-82.355832999857384,29.631844999709838],[-82.355852999948866,29.632557999996948],[-82.355857000146827,29.632719999879793],[-82.355857999971747,29.633957999827999],[-82.355858999796652,29.634411999655029],[-82.35585200012396,29.634584999767771],[-82.355840000428401,29.634633000211291],[-82.355823999636556,29.634842000005076],[-82.355194000348007,29.635060999966186],[-82.355084999669756,29.635095999719766],[-82.35448200014541,29.635291000243395],[-82.354251000166713,29.63536800029016],[-82.35414700040964,29.635407000007461],[-82.353820000171496,29.63553300019209],[-82.353671000208578,29.635595000014376],[-82.353208000426307,29.635775999768434],[-82.353425000161295,29.636424999878809],[-82.353529999743273,29.636702999621189],[-82.353538000139196,29.636852999826264],[-82.353501000329274,29.636989000173049],[-82.353395000024065,29.637308000070615],[-82.353403000419988,29.637402000295584],[-82.353445000252776,29.637549999857328],[-82.353533999941249,29.637771999963316],[-82.353689999576829,29.638171999931835],[-82.353742000353677,29.6384370002853],[-82.35446899972662,29.638352000336273],[-82.355005000202127,29.638267999719154],[-82.355432999824288,29.638236000060466],[-82.355820000336905,29.638223000001041],[-82.356230000415749,29.638217999857616],[-82.35700399964432,29.638220000227331],[-82.357139000261839,29.638211000124883],[-82.357165000201121,29.638211000124883],[-82.357582999777549,29.63820499979586],[-82.358197999895779,29.638196999877163],[-82.358244999751449,29.638191000328117],[-82.358370000323248,29.638162999825095],[-82.358560000294034,29.638076000053054],[-82.358652000355519,29.6380069996689],[-82.358711999731682,29.637940999800314],[-82.358756000112606,29.63789199996453],[-82.358832000280572,29.637744000124663],[-82.35886499989256,29.637621000155473],[-82.359690999897978,29.637641000065468],[-82.362067999631947,29.637638999684238],[-82.362779000009638,29.637641000065468],[-82.363329999655491,29.637642000256051],[-82.364170999729524,29.637639999874846],[-82.365066000230229,29.637646999647338],[-82.36929300034177,29.637642000256051],[-82.37011699979908,29.637655999800192],[-82.370593999825047,29.637654000200005],[-82.371350000408597,29.637651999819106],[-82.371835999757081,29.637634999702478],[-82.372418000263366,29.637650000218855],[-82.372599000013338,29.637654000200005],[-82.372568000051189,29.635121999863426],[-82.372599000013338,29.634220999889468],[-82.372593999990457,29.633528000388747],[-82.372629999975473,29.632330000211969],[-82.372614000081953,29.630784999692032],[-82.372624999952592,29.630284000027167],[-82.372634999998354,29.628868999627159],[-82.372650000066955,29.628592999906299],[-82.372655000089836,29.628500000330803]]]},"properties":{"MTFCC":"G5020","OID":"207903717545517","GEOID":"12001001514","STATE":"12","COUNTY":"001","TRACT":"001514","BASENAME":"15.14","NAME":"Census Tract 15.14","LSADC":"CT","FUNCSTAT":"S","AREALAND":1617728,"AREAWATER":10031,"CENTLAT":"+29.6334339","CENTLON":"-082.3635565","INTPTLAT":"+29.6324760","INTPTLON":"-082.3635406","OBJECTID":67071}},{"type":"Feature","id":67072,"geometry":{"type":"Polygon","coordinates":[[[-82.423760000296525,29.597681000244005],[-82.423695999824119,29.597557999800316],[-82.423652000341505,29.597490000379707],[-82.423551999884054,29.597332999934192],[-82.423423999837553,29.597100000290258],[-82.423101999622276,29.596511999828454],[-82.42300299988807,29.596247999956809],[-82.422918000397573,29.595980999925374],[-82.422860999597859,29.595767000086202],[-82.422853999925152,29.595740000118067],[-82.422857000298208,29.595704999974991],[-82.422791000175962,29.595438000068516],[-82.422750000168094,29.595163000025824],[-82.422723000403892,29.594886000346971],[-82.422711999634942,29.594608999907454],[-82.422711999634942,29.593599999618984],[-82.422711999634942,29.592310000245632],[-82.422715000007969,29.592105999826135],[-82.422752999642825,29.590049999834712],[-82.422757999665691,29.588983000052011],[-82.422769000434656,29.586890999710928],[-82.422769000434656,29.586500000134315],[-82.422769000434656,29.586070999700993],[-82.422769000434656,29.584640999928165],[-82.422777999757173,29.5821269998766],[-82.422786000153081,29.581125000339494],[-82.422798999673574,29.579391999613694],[-82.422802999871521,29.578805999848456],[-82.422832000183831,29.576471999746239],[-82.420556999658828,29.576418999650233],[-82.417358999942309,29.57638199980255],[-82.413284000166726,29.576354000098867],[-82.410970000181962,29.576323000334142],[-82.409869999641813,29.576312000138127],[-82.408402999578897,29.576297999886883],[-82.405477999673849,29.576288999724397],[-82.403505000170924,29.576246999736597],[-82.403264000146507,29.576245999718033],[-82.403023999946981,29.576232000238978],[-82.402786000295606,29.576204999731342],[-82.402550000294056,29.576164999747267],[-82.402316999767237,29.576112000271351],[-82.402088000336704,29.576046999741063],[-82.401864000030699,29.575969999695719],[-82.400904999955884,29.575686000289107],[-82.400618999725623,29.575594999619764],[-82.400274999769053,29.575501000353182],[-82.400006999980434,29.575442000369922],[-82.399550000045949,29.57537800021667],[-82.39859099997112,29.575408000244739],[-82.395917000136237,29.575632999780453],[-82.395332000155236,29.575678000096154],[-82.393846999650634,29.575821000324002],[-82.392499000311702,29.575931999661869],[-82.392295999922112,29.576872000000982],[-82.392166000225771,29.577448999996392],[-82.392107999601123,29.577754999993456],[-82.392058000270737,29.578131999858233],[-82.392020999562504,29.578454000076484],[-82.392008000042026,29.578775000055412],[-82.392008000042026,29.579097999775414],[-82.392023999935532,29.579412000140206],[-82.392093000430833,29.58004700014974],[-82.390911999699838,29.580134000010929],[-82.390658999979863,29.580133000030923],[-82.390608999751151,29.580082000255601],[-82.389699999905034,29.579602999852064],[-82.389229999551759,29.579254999689283],[-82.388585000194595,29.578815999779668],[-82.388256000306626,29.578579000362438],[-82.387823999588178,29.57830999967398],[-82.387350999760173,29.57689500028194],[-82.386868999711325,29.576255999902838],[-82.386822999680561,29.57619800037978],[-82.385396999625513,29.575413999624264],[-82.384075000225835,29.57453300032186],[-82.383584999781064,29.574279000361596],[-82.383284000380499,29.574123999819701],[-82.382474000268601,29.57305699964283],[-82.381054999886231,29.572379000108644],[-82.380916999793982,29.572234000358304],[-82.380252000345337,29.571485000034858],[-82.378885999666423,29.570882000035223],[-82.378320999776889,29.570632999855604],[-82.376140999686427,29.569942000182454],[-82.375000999861655,29.569723000183508],[-82.374475000330193,29.569622000330778],[-82.369336999824384,29.568953999736042],[-82.368819999615454,29.568918999678985],[-82.366334000101546,29.568416000264648],[-82.364732000319393,29.568105999694662],[-82.363374000036416,29.567776000033412],[-82.360758999752761,29.56708400023502],[-82.358980000418597,29.566546000177766],[-82.357985000358752,29.566306999853104],[-82.350048000344628,29.566475999945105],[-82.349844000130119,29.566479999624839],[-82.349367999929058,29.566489999995529],[-82.349210999570218,29.566493999674716],[-82.349640999740529,29.567252999808183],[-82.35282500011165,29.572902999620453],[-82.356074999706721,29.578650000012171],[-82.357847000266503,29.581768000220727],[-82.359511999797832,29.584708000262353],[-82.360481999743314,29.586407000004002],[-82.361407000381263,29.587966999645325],[-82.361568999864659,29.588214000234856],[-82.362065000157202,29.588969999888441],[-82.362364999732861,29.589398999714724],[-82.362765999590849,29.589944999696311],[-82.362814000169735,29.590008999987102],[-82.363213000377911,29.590539000200653],[-82.36365299969566,29.591086000134027],[-82.364353000202698,29.591896999676969],[-82.364431999845422,29.591989000352868],[-82.366263999781339,29.594053000187067],[-82.36757600003358,29.595505000263593],[-82.367879999807201,29.595852999849843],[-82.369972999859016,29.598187000078671],[-82.370634000008025,29.598924999794093],[-82.372236999615083,29.600690000024677],[-82.372875000197851,29.601401000156429],[-82.373010999741979,29.601556999969581],[-82.373337000155217,29.601931999644755],[-82.373414999973022,29.602022000234161],[-82.373433000414678,29.602042999943517],[-82.37347100004952,29.602086999655175],[-82.373606999593648,29.60224299996937],[-82.374377000420893,29.603111000374874],[-82.375593000413673,29.604466000095421],[-82.377989000414203,29.607133999958457],[-82.378198999578174,29.607368000343236],[-82.37853000001428,29.607735999989881],[-82.380438000118161,29.609859000345477],[-82.381671999654301,29.611301999973321],[-82.38237800000914,29.612127000160914],[-82.382737999859245,29.612569999808162],[-82.383265000113937,29.613219999893833],[-82.383958000049972,29.614128000090279],[-82.384640999940274,29.615044000113354],[-82.385768000244596,29.61663700034233],[-82.38613899996534,29.617160999615621],[-82.386236000049735,29.617298000387727],[-82.387052000009419,29.616882000214929],[-82.387076000298876,29.616870000139453],[-82.387851000250663,29.616455999782918],[-82.387869999618928,29.616445999677868],[-82.388380000155195,29.616183999694528],[-82.389198999589624,29.615762000286683],[-82.390600000428634,29.615042000064403],[-82.390645999561073,29.615018000254761],[-82.391007000134394,29.614825000373916],[-82.391459000046027,29.614597000289404],[-82.391568999650872,29.614532999981172],[-82.392347999800648,29.614154999821221],[-82.393008000124709,29.613820999863908],[-82.393516000112839,29.613559999734914],[-82.39355100027295,29.613541999808799],[-82.393865000092305,29.613376000165395],[-82.393972000222419,29.613316000029474],[-82.395163999925757,29.612706000134388],[-82.395579999852345,29.612480000042734],[-82.395763999975372,29.612381000129783],[-82.396288999681914,29.612092000238025],[-82.396549999797827,29.611957999974692],[-82.396798000393261,29.611829999871503],[-82.396877999860891,29.611789000286088],[-82.397293999787493,29.611573000290118],[-82.397569000147101,29.611420999813085],[-82.397696000368711,29.611349999794328],[-82.398735999736076,29.610813999974965],[-82.399004000422991,29.610674999626436],[-82.39949200031964,29.610421999725027],[-82.401504000180609,29.609364000216384],[-82.403055999734036,29.608551000353891],[-82.404395999575357,29.607858000030475],[-82.40447199974335,29.607818000097453],[-82.405618000314234,29.607218999690428],[-82.406445999969478,29.606780000386927],[-82.408683999786291,29.605588000011945],[-82.409098999887973,29.605357000153749],[-82.409473999806707,29.605174999916485],[-82.410411999965135,29.604698000169172],[-82.411008999641709,29.604382999865329],[-82.413104000241674,29.603279999769381],[-82.413355000311824,29.603132999609617],[-82.413683000374888,29.602966000257322],[-82.414757000077444,29.602402999860669],[-82.41562699956549,29.601950000081477],[-82.415799999817864,29.601854000058374],[-82.417154999727799,29.601136000030841],[-82.418240000199319,29.600571999794703],[-82.418888999754444,29.600235999800102],[-82.420242000014554,29.599526999623134],[-82.420872000201413,29.599176000059632],[-82.421975000216278,29.59860399986071],[-82.422585000311628,29.598289999849861],[-82.423444999753954,29.597841000342637],[-82.423760000296525,29.597681000244005]]]},"properties":{"MTFCC":"G5020","OID":"207903717545521","GEOID":"12001002220","STATE":"12","COUNTY":"001","TRACT":"002220","BASENAME":"22.20","NAME":"Census Tract 22.20","LSADC":"CT","FUNCSTAT":"S","AREALAND":19264832,"AREAWATER":3006123,"CENTLAT":"+29.5893982","CENTLON":"-082.3892429","INTPTLAT":"+29.5902299","INTPTLON":"-082.3961994","OBJECTID":67072}},{"type":"Feature","id":67073,"geometry":{"type":"Polygon","coordinates":[[[-82.371013999949611,29.603780000377302],[-82.370957999873113,29.603655999814148],[-82.370741000138139,29.603392999645621],[-82.37036700004434,29.602827000024284],[-82.368959000430948,29.601357000145427],[-82.368760000239305,29.601156999924694],[-82.367492000368003,29.59983200006333],[-82.367401999956314,29.599745999786691],[-82.367233999726821,29.599562999789658],[-82.367064999672422,29.599377999881948],[-82.366826000196141,29.599126000327299],[-82.36664899974582,29.59891900025006],[-82.366443999706391,29.598714000120818],[-82.365707000287756,29.597938999887202],[-82.365394000293307,29.597628000350625],[-82.364369000096232,29.596562999892637],[-82.363737000259562,29.595933999641915],[-82.36248899958143,29.594642999813434],[-82.362216999594864,29.594383999712601],[-82.361956000377248,29.594144999678033],[-82.361706000132017,29.593949999995179],[-82.361449000214051,29.593759000096608],[-82.361183999900177,29.593603999786399],[-82.360927999807146,29.593478000296063],[-82.36062900005642,29.593361999919445],[-82.3603460001992,29.593280999624515],[-82.360009999740214,29.593214000295742],[-82.359838000211084,29.593189000126781],[-82.359563999676368,29.593163000100674],[-82.359243000184335,29.593156000362889],[-82.358827000257719,29.593184000092222],[-82.356584000418053,29.593360000221551],[-82.35637099998273,29.593371999970604],[-82.354065000393888,29.593556000110688],[-82.35307500035691,29.593628999852513],[-82.351850999968221,29.593725999738091],[-82.350815999725427,29.593803000297498],[-82.349671999702679,29.593889000173188],[-82.348738999567118,29.593963000298171],[-82.348408999854229,29.5939890001181],[-82.348157999784078,29.594005999786461],[-82.347807999979707,29.594029999910649],[-82.347481999566455,29.594052000344984],[-82.346591000162022,29.594122000203686],[-82.346162999641535,29.594156000273795],[-82.345355999902665,29.59424500015027],[-82.345145999840383,29.594260000095396],[-82.344832000021029,29.594281999698484],[-82.344553000361771,29.594300999777808],[-82.344345999774234,29.594314000035624],[-82.344001999817635,29.594334999787598],[-82.343698999868934,29.59435300001784],[-82.342938999985734,29.594420999990895],[-82.342226999783136,29.594473000169071],[-82.341906000291075,29.594499999695174],[-82.341003000292744,29.594590999722886],[-82.340372000280979,29.594638999687223],[-82.339665000101249,29.594684999957156],[-82.339186000425428,29.59470399996059],[-82.339225999710095,29.596458000283736],[-82.33932299979449,29.5974719999281],[-82.339378000046068,29.597755999736037],[-82.339440999795258,29.59808400020232],[-82.3395570001462,29.598328999857117],[-82.339749999591746,29.598737000110347],[-82.340081000027851,29.599474999706981],[-82.340179999762043,29.599716999749578],[-82.34037499975571,29.600288999885223],[-82.340522999893736,29.600620999814296],[-82.34114899988262,29.602032999970891],[-82.341421999694091,29.602770999662752],[-82.341543999892821,29.60306299975575],[-82.341680000335259,29.603422999937077],[-82.341928000032368,29.604111000006462],[-82.342091000239009,29.604635000343318],[-82.342159999835985,29.605516999790641],[-82.34217400007968,29.605748000063276],[-82.342155999638024,29.606259999927531],[-82.34210799995742,29.606907000157705],[-82.342029000314724,29.607712999709634],[-82.341822999552079,29.608961999729036],[-82.341765999650661,29.609278000258552],[-82.34154499971774,29.610719000257532],[-82.341365999617594,29.611686000244511],[-82.341250000164948,29.612406000227395],[-82.341141000384994,29.613033999614913],[-82.341077999737493,29.613405999829506],[-82.340984000026168,29.613988999625381],[-82.340872999698078,29.614724000365857],[-82.340855000154747,29.61484999986542],[-82.340767000291208,29.615451000269537],[-82.340598000236781,29.616605999678438],[-82.340496000129548,29.617147999960203],[-82.340452999573515,29.617379000135319],[-82.340372000280979,29.618118999944461],[-82.340306000158733,29.618526999778105],[-82.34025099990717,29.618860000163874],[-82.340212000447423,29.619099999787736],[-82.340038000370143,29.620270000311873],[-82.340030999799126,29.620313000296637],[-82.34001300025578,29.620533000185805],[-82.340009000057819,29.620574000119124],[-82.339932999889839,29.621048000213488],[-82.339879000361492,29.621430999707311],[-82.340168000066484,29.621453999981274],[-82.340220999769926,29.621433999981015],[-82.340476999862972,29.621395999891494],[-82.340554999680791,29.621384999924526],[-82.340770999590845,29.621293000296021],[-82.340838000436307,29.621264000208949],[-82.341763000175945,29.62139000012267],[-82.34229899975314,29.621361999634829],[-82.342569000089895,29.621361999634829],[-82.342858999619793,29.621410999702498],[-82.343148000223124,29.621466000291907],[-82.343256000178144,29.621483000013676],[-82.343330999622907,29.621477000250032],[-82.343394000270408,29.621421999666627],[-82.343501000400536,29.621388999770705],[-82.344022999734037,29.621377999802977],[-82.344262999933548,29.621455000332602],[-82.344432999812852,29.621564999871577],[-82.344545999790753,29.621593000302958],[-82.344633999654306,29.621582000357556],[-82.344734999936648,29.621575999818887],[-82.345169000304921,29.621620000376943],[-82.345302000374318,29.621702000123367],[-82.345333000336453,29.62175200037408],[-82.345345999856917,29.621862000369731],[-82.345408999606107,29.62196599972987],[-82.34559100007931,29.622137000224054],[-82.345679999767782,29.622257999672314],[-82.345710999729917,29.622357000035734],[-82.345685999615554,29.622438999963297],[-82.345458999834833,29.622511000320873],[-82.345427999872697,29.622538000148886],[-82.345427999872697,29.622582000286879],[-82.345447000139274,29.622593000123178],[-82.345673000095061,29.622543999849352],[-82.345749000263055,29.622587999984727],[-82.345774000377418,29.622648000067453],[-82.345761999783534,29.62277500015065],[-82.345647999980727,29.623000000249373],[-82.345673999919981,29.623132000000567],[-82.345880999609221,29.623341000229185],[-82.345987999739336,29.623428999784686],[-82.346889000087856,29.623907999798082],[-82.347072000385964,29.623990000025294],[-82.347216000326,29.623974000271875],[-82.347304000189553,29.623907999798082],[-82.347474000068857,29.623736999966638],[-82.347776000192653,29.623593999720327],[-82.347915000109822,29.623577000354707],[-82.348016000392164,29.623605000227073],[-82.348135000217852,29.623582999993367],[-82.348186000271482,29.623550000024242],[-82.348348999579784,29.623318999937784],[-82.348418999899963,29.623242000051611],[-82.348512999611316,29.623214000078434],[-82.348689000236718,29.623224999845686],[-82.348796000366846,29.623214000078434],[-82.34890299959865,29.623214000078434],[-82.349105000163334,29.623240999718032],[-82.349212000293448,29.623273999788349],[-82.349438000249265,29.623301999744911],[-82.34959600043301,29.623362000183342],[-82.349733999626949,29.623400999863481],[-82.349961000305996,29.623477999628157],[-82.350125000337513,29.623560000205291],[-82.350219000048853,29.623659000070383],[-82.35038300008037,29.623686999919965],[-82.350563000005437,29.623645000142744],[-82.350640999823227,29.623626000126205],[-82.350747999953356,29.623662000277793],[-82.35085500008347,29.623747000129125],[-82.350892999718312,29.623845999810484],[-82.350892999718312,29.623960999933491],[-82.350892999718312,29.624022000305335],[-82.35106299959763,29.624187000050842],[-82.351144999613382,29.624274999648392],[-82.35120200041311,29.624390000062689],[-82.351226999629148,29.624561000347747],[-82.351214000108683,29.62462100003648],[-82.351183000146548,29.624675999654698],[-82.351214000108683,29.624737000374523],[-82.3512650001623,29.624796999958512],[-82.351296000124435,29.624869000192923],[-82.351403000254564,29.624956999975748],[-82.351510000384692,29.624956999975748],[-82.351624000187513,29.624869000192923],[-82.351743000013187,29.62481899992714],[-82.351850000143315,29.624869000192923],[-82.351967000319164,29.625000000303121],[-82.352256999849089,29.625303000364468],[-82.352490000375909,29.6254600002054],[-82.352584000087248,29.62552300029164],[-82.35265299968421,29.625638000062331],[-82.352816999715742,29.625775999770138],[-82.353270000350577,29.626017999933051],[-82.353452999750374,29.62606200011319],[-82.353718000064248,29.626100000004797],[-82.35388100027086,29.626144000149115],[-82.353938000172278,29.626188000274233],[-82.353963000286626,29.626275000163357],[-82.354040000279525,29.626281999944766],[-82.354188000417523,29.626536999680823],[-82.354617999689538,29.626471000105013],[-82.354735999690305,29.626555999929323],[-82.354868999759688,29.626557999749771],[-82.355072999974198,29.62654799986624],[-82.355247000051463,29.626533000039053],[-82.355862999994613,29.626516999908574],[-82.355882000261175,29.62650300037798],[-82.355970999949648,29.626492999708127],[-82.356057999988295,29.626492000187703],[-82.356179000362104,29.626484000119568],[-82.356257000179923,29.626458000088856],[-82.356340000020595,29.626389999856659],[-82.356615000380202,29.626427999624553],[-82.356728000358103,29.626415000383737],[-82.356774000388853,29.626389000335166],[-82.356661000410952,29.626239000164539],[-82.35651499992278,29.626021000070182],[-82.356391000074211,29.625752000174014],[-82.356345000043461,29.625604999985409],[-82.356274999723254,29.625382999612675],[-82.356198999555275,29.625039000130165],[-82.356184000384985,29.62484200020867],[-82.356160999920434,29.624526000057273],[-82.356103000194125,29.623940999649911],[-82.356068000034028,29.623539999842123],[-82.356033999698838,29.623030000172538],[-82.355989000391304,29.622623000167469],[-82.355948000383435,29.622191000073219],[-82.355924999918898,29.621945999831226],[-82.355849999575838,29.621136999783271],[-82.355801000070329,29.620561999702325],[-82.355776999780886,29.620274999784403],[-82.355678000046694,29.619239999824991],[-82.355604000426837,29.618701999813119],[-82.355550000000179,29.61804199998959],[-82.355468999809304,29.617278000343653],[-82.355397999664191,29.616486000092312],[-82.355336999564841,29.616040000039686],[-82.355189000325154,29.614630000066349],[-82.355171999708404,29.614446999747024],[-82.355139999921349,29.614117000111037],[-82.355134999898468,29.614086999877514],[-82.355057999905583,29.613628999682085],[-82.355228999609821,29.613576000360709],[-82.35567999969652,29.613465000262284],[-82.356218999646771,29.613305999612834],[-82.356392999724051,29.613244000131566],[-82.356561999778435,29.613194999998093],[-82.356771000015826,29.613114999665193],[-82.356868000100178,29.613073999821463],[-82.357319000186905,29.61291399968113],[-82.357771999923429,29.612744000376487],[-82.35843800009529,29.612448000002608],[-82.359095999871244,29.612134999806887],[-82.359244000009241,29.612060999738365],[-82.359611000430363,29.611867999662806],[-82.360204999733895,29.611535000387612],[-82.360736000186535,29.611221999700174],[-82.361280999984572,29.610833000063931],[-82.361949999631165,29.610343999676779],[-82.362435000053068,29.61000899990476],[-82.363524999649144,29.609208999676262],[-82.363824000298195,29.608986999893496],[-82.364634000410106,29.608386000002298],[-82.365318000125313,29.607892999861267],[-82.369457000373302,29.60486600029337],[-82.369524000320453,29.604816999993172],[-82.369701999697369,29.604695000178371],[-82.370603999870809,29.604077999910483],[-82.370892999575801,29.603867000083053],[-82.371013999949611,29.603780000377302]]]},"properties":{"MTFCC":"G5020","OID":"207903717545522","GEOID":"12001110800","STATE":"12","COUNTY":"001","TRACT":"110800","BASENAME":"1108","NAME":"Census Tract 1108","LSADC":"CT","FUNCSTAT":"S","AREALAND":6761870,"AREAWATER":34116,"CENTLAT":"+29.6069706","CENTLON":"-082.3523839","INTPTLAT":"+29.6057217","INTPTLON":"-082.3527287","OBJECTID":67073}},{"type":"Feature","id":67074,"geometry":{"type":"Polygon","coordinates":[[[-82.422428999777708,29.646023000292331],[-82.422443000021431,29.645129000295665],[-82.422079999798257,29.645128000179444],[-82.421406999953703,29.645124999830703],[-82.420893000117815,29.645111999879951],[-82.420443999680927,29.645111999879951],[-82.420124999838691,29.645111999879951],[-82.419171999611649,29.645112999996339],[-82.418490000444578,29.645110999763563],[-82.418405999880676,29.645110999763563],[-82.417744999731696,29.645109000311489],[-82.416497999776766,29.645109000311489],[-82.414451999580621,29.645100000044046],[-82.413992999996282,29.645097999811018],[-82.413669000131193,29.645097999811018],[-82.413676999628805,29.644668999654506],[-82.412920999943566,29.644668000314454],[-82.412732999622605,29.644668999654506],[-82.412368999574511,29.644670999896057],[-82.412334000312725,29.644651999941857],[-82.412255999596624,29.644721999796491],[-82.412207000091144,29.644765000274152],[-82.412161999885285,29.644813999888274],[-82.412135000121111,29.644844000341344],[-82.412043999884517,29.644928000156963],[-82.411965000241793,29.645013000019873],[-82.411889000073799,29.645065999980758],[-82.411832999997316,29.645088000206702],[-82.411754000354605,29.645096000358677],[-82.411482000368039,29.64509899992753],[-82.411172999673227,29.645104999845724],[-82.41099500029631,29.645109999647165],[-82.410736999655143,29.645109999647165],[-82.410632000073164,29.645109999647165],[-82.410382999652811,29.645109000311489],[-82.410233999689893,29.645108000195066],[-82.41013099975774,29.645097999811018],[-82.409980999969918,29.645068000214437],[-82.409836000204962,29.645020000060498],[-82.409703000135565,29.644968000193263],[-82.409580000111916,29.644901000084428],[-82.409415000255464,29.644780999848031],[-82.409350999783058,29.644724000036998],[-82.409281000361162,29.644647000117683],[-82.408990000108034,29.64423699963692],[-82.408764999977137,29.643911999840448],[-82.408535999648265,29.643579999635314],[-82.40817300032343,29.643073999695499],[-82.408089999584448,29.642948999715244],[-82.40757400009872,29.642212000024383],[-82.407444000402393,29.642018999923774],[-82.407312999982807,29.641825000084935],[-82.407263999579001,29.641702999785572],[-82.407239000362964,29.641613999646726],[-82.407213000423695,29.64147199994656],[-82.407200000004906,29.64118199979384],[-82.40721000005064,29.640070999779894],[-82.407210999875559,29.639940999917453],[-82.406359999755765,29.639937000027142],[-82.40607500024872,29.639940999917453],[-82.405978000164339,29.639942000085203],[-82.405917999889894,29.639939999749696],[-82.405809000109954,29.639935999859333],[-82.405681999888344,29.639931999968816],[-82.405518999681718,29.639930999800967],[-82.402748999587374,29.639914000069137],[-82.402348999554292,29.639911999733059],[-82.402049999803552,29.639909000009677],[-82.402601000347687,29.64058499970638],[-82.405322999863145,29.643788000249383],[-82.40601599979918,29.644603000248932],[-82.406295000356749,29.644930999730818],[-82.408196999714576,29.647167000258396],[-82.408303999844691,29.647293999875323],[-82.410637000096031,29.650053000087063],[-82.411222999901952,29.650745999840247],[-82.412607999949117,29.652364000270076],[-82.414003000042044,29.653995000036382],[-82.416290000262634,29.656715999978935],[-82.417562000331884,29.658200000022575],[-82.418694999585668,29.659545999959274],[-82.419000999907425,29.6595479999052],[-82.419092999968939,29.659656000047914],[-82.419125999580899,29.659693999752498],[-82.419414000359311,29.659698999609866],[-82.419763000338762,29.659705000218953],[-82.420038999624978,29.659705000218953],[-82.420314999809477,29.659721999731048],[-82.420355999817374,29.659720999759884],[-82.420549000161216,29.659716999874902],[-82.420780999964805,29.659721999731048],[-82.42157000016033,29.659743999876053],[-82.422082000346407,29.659755000337086],[-82.422369000401559,29.659749999701869],[-82.422374000424455,29.659586999623137],[-82.422388999594745,29.658528999675287],[-82.422390000317961,29.658437999613199],[-82.422391999967786,29.657926000268979],[-82.422396999990667,29.657184000181822],[-82.422386000120014,29.656307000262895],[-82.422385000295108,29.656199999654348],[-82.422386000120014,29.65607400035319],[-82.422393999617611,29.65528299992209],[-82.422395000340842,29.655118999616043],[-82.422398999640492,29.654720999885058],[-82.42240600021151,29.654199000103571],[-82.422407000036415,29.654161999911601],[-82.422412000059282,29.653355000295214],[-82.422412999884187,29.653087000063106],[-82.422417000082149,29.651291000062646],[-82.422416000257243,29.650285999884215],[-82.422415000432323,29.649864999750303],[-82.422413999709107,29.649181000080397],[-82.422432000150764,29.648030999837729],[-82.422428999777708,29.64616300038848],[-82.422428999777708,29.646023000292331]]]},"properties":{"MTFCC":"G5020","OID":"207903717545523","GEOID":"12001002217","STATE":"12","COUNTY":"001","TRACT":"002217","BASENAME":"22.17","NAME":"Census Tract 22.17","LSADC":"CT","FUNCSTAT":"S","AREALAND":1739107,"AREAWATER":8317,"CENTLAT":"+29.6498094","CENTLON":"-082.4155494","INTPTLAT":"+29.6512632","INTPTLON":"-082.4175750","OBJECTID":67074}},{"type":"Feature","id":68402,"geometry":{"type":"Polygon","coordinates":[[[-82.606632000113748,29.645967999838756],[-82.606632999938654,29.645717999882716],[-82.606618999694945,29.644754999856023],[-82.606611000197361,29.64378499986071],[-82.606601000151599,29.642757999745406],[-82.606595000303827,29.641675000259184],[-82.606581000060118,29.639121999735607],[-82.606570000189464,29.638298999964356],[-82.606576999862156,29.637856999621093],[-82.606567999641328,29.637527000134924],[-82.606565000166597,29.637225000338926],[-82.606510999739925,29.636617999770145],[-82.606472000280178,29.636362000364191],[-82.60641500037876,29.636065999873814],[-82.606385000241545,29.635955000344033],[-82.60635199973126,29.635831000323734],[-82.606271000438724,29.635530000338257],[-82.606162999585365,29.635172999915561],[-82.605739999986071,29.634014000041127],[-82.605617999787341,29.63368000031678],[-82.605440000410411,29.633223999844599],[-82.605287000249547,29.632810000309433],[-82.60514099976136,29.63248500033087],[-82.605042999852074,29.632240000134285],[-82.604943000292963,29.632030999626238],[-82.604830000315062,29.631826999926364],[-82.604414000388445,29.631131000367223],[-82.604055000363246,29.630550999794007],[-82.603126000425661,29.629095999942674],[-82.602609000216702,29.628270999666775],[-82.602023000410782,29.62732000029386],[-82.600850999900615,29.62548899986572],[-82.600337999889646,29.624666999903763],[-82.599879000305336,29.623943000303164],[-82.599707999702787,29.623655000314379],[-82.599596000448102,29.62346600033802],[-82.599274000232839,29.62296300030583],[-82.599106999828237,29.622690999818371],[-82.599004999721004,29.622525999965909],[-82.598694000274691,29.622021000016364],[-82.598475999816486,29.621667999969958],[-82.598255999708471,29.621322999946457],[-82.598221000446685,29.621268999632168],[-82.598141000080744,29.621138000137741],[-82.597982999896985,29.620879000147291],[-82.597530999985381,29.62016400003505],[-82.597499000198326,29.620113000193662],[-82.597306999679375,29.619827999732003],[-82.596813999759874,29.619045999844083],[-82.596699999957067,29.618879999894013],[-82.596555000192112,29.618682999645543],[-82.596254999718155,29.618299999860117],[-82.595991000127498,29.618012999747943],[-82.595841000339675,29.617856000018303],[-82.595344000222212,29.617387000145388],[-82.595293999993501,29.617339999686479],[-82.595087000304261,29.617186999702323],[-82.594939000166249,29.617063999623266],[-82.594611999928119,29.616793000011342],[-82.594026000122184,29.616342999709026],[-82.593436999943222,29.61588199995386],[-82.592626000006391,29.615223999671318],[-82.591598000334599,29.614372999813739],[-82.590652999605183,29.613636999989854],[-82.589769999698333,29.612917999863491],[-82.589625999758269,29.612801000322314],[-82.589225999725201,29.612475999842992],[-82.588357999886981,29.611827999758777],[-82.58756799986655,29.611173000145808],[-82.586626000408472,29.610423999865652],[-82.585232000140479,29.609299000018908],[-82.583836000222661,29.608182999776719],[-82.582381999680194,29.607027999925901],[-82.58113999974816,29.606011000338125],[-82.579594999867396,29.604776999634819],[-82.5785239996396,29.603935999634725],[-82.577679000265903,29.603244000148575],[-82.577341000157105,29.602972000341754],[-82.576717999642938,29.602470999874321],[-82.574844999699138,29.600964000065936],[-82.573879999776523,29.600210999809242],[-82.573359000267942,29.599785000012066],[-82.573249999589692,29.599696000336934],[-82.573131999588895,29.599602000085792],[-82.570902000168047,29.597814999953336],[-82.569768000191019,29.596905999884438],[-82.568542000152533,29.595923999844644],[-82.56708099993736,29.594723999795942],[-82.565603000003762,29.593556999957695],[-82.556620999701082,29.586319000162973],[-82.556243000307632,29.586017000036161],[-82.556027000397549,29.585816999868658],[-82.555829999855746,29.58565399967334],[-82.555663000349483,29.585503999826457],[-82.555442000416548,29.585317000059323],[-82.555292999555306,29.585161000130469],[-82.554919000359817,29.584752999657283],[-82.554663000266785,29.584443999970453],[-82.553608999757401,29.583148000239415],[-82.552916999646271,29.582278999972885],[-82.551781000019432,29.580904999625542],[-82.549595999906103,29.578210999815227],[-82.548317999989052,29.576626999808415],[-82.547005999736811,29.57501499987368],[-82.545126999945225,29.572705000139514],[-82.542515000034626,29.569502000320302],[-82.542347999630039,29.569295999722357],[-82.540853999802934,29.567456000350163],[-82.540078999851119,29.566493999674716],[-82.538039000401056,29.563998999658057],[-82.535639000202565,29.561044000367911],[-82.535306000116634,29.56064299975267],[-82.534870999923456,29.560117999742442],[-82.533727999725613,29.558708999754387],[-82.532821000427631,29.557590999831874],[-82.532786000267535,29.557544999848254],[-82.531206000226703,29.555605000158181],[-82.530069999701553,29.554211999627576],[-82.529503999987114,29.553516999949881],[-82.528306000436004,29.552024999807156],[-82.527785999854018,29.55139999972311],[-82.527588000385606,29.551155999740246],[-82.526175999675942,29.549419000136023],[-82.526032999560798,29.54924299998606],[-82.524034999943538,29.546787000228768],[-82.523730000345012,29.546392999935744],[-82.523302999649431,29.545809000028203],[-82.522885000073003,29.545169999921011],[-82.522628999979972,29.544749000038859],[-82.522387000130621,29.544322999856607],[-82.522311999787561,29.544177999691396],[-82.522223000099103,29.544008999813052],[-82.52208500000684,29.54376100016453],[-82.521760000316831,29.543180999720455],[-82.521355000260883,29.54245800027179],[-82.519843999816999,29.539760999996354],[-82.519693000204256,29.53950799973919],[-82.519555000112007,29.539248999666516],[-82.519430000438533,29.538985000119741],[-82.519319999935362,29.538716999886642],[-82.51927700027764,29.538600999903704],[-82.519212999805248,29.538385999974274],[-82.519162999576537,29.53816900035984],[-82.519128000314723,29.537948999868327],[-82.519108000223255,29.537728000061453],[-82.5191049998502,29.537656000165033],[-82.519107000398336,29.537042000116323],[-82.51734099968634,29.538216000178963],[-82.517051000156428,29.538408000028063],[-82.514943999860904,29.539671999767993],[-82.5120159995828,29.541346999735634],[-82.511623999945641,29.541570000171209],[-82.510734000366099,29.542079999756687],[-82.508735000025609,29.543228999899647],[-82.508720999781914,29.543237000318051],[-82.508606000154174,29.543302999642837],[-82.506525999622838,29.54448800022276],[-82.505763000264906,29.544923999870523],[-82.502739999552247,29.546649999838863],[-82.502573000045999,29.54674400016631],[-82.502008000156465,29.547060000143976],[-82.501367000098952,29.54743699970777],[-82.500732999714145,29.547824000083789],[-82.500109000273397,29.548221999890142],[-82.499494000155153,29.54863200007037],[-82.499352999689847,29.548729000208994],[-82.498775000279835,29.549130999944179],[-82.49862299994389,29.549236999833447],[-82.498000000328048,29.549690999693858],[-82.497913000289401,29.549754000213937],[-82.497258999813113,29.550231000197872],[-82.49628999969255,29.550931999865107],[-82.495307000226589,29.551642999636183],[-82.495081000270773,29.551807000295589],[-82.494966999569641,29.551890000003763],[-82.493158000098248,29.553206999760786],[-82.491737999890987,29.554241000236576],[-82.49044099970736,29.555181000083163],[-82.489874999992921,29.555587000051066],[-82.488704000205999,29.556437000132352],[-82.486283999916012,29.5581940002625],[-82.486103000166054,29.558325000236579],[-82.485750999813547,29.558581000077279],[-82.482686000166424,29.560813000116319],[-82.482634000287874,29.560851999759489],[-82.482554999746853,29.560909000112503],[-82.480200999579111,29.562607000155868],[-82.479604999727457,29.563052000330295],[-82.479552000023986,29.563089999741635],[-82.478347999726793,29.563959000308309],[-82.475993999559051,29.565671000032935],[-82.475933000357998,29.565714999977413],[-82.475526999578818,29.566006000140071],[-82.473872999918129,29.567210999968417],[-82.473047999737602,29.567819999842165],[-82.473031999844096,29.569837000220804],[-82.473015000125642,29.572046000167223],[-82.473019000323603,29.572722000267987],[-82.473016999775467,29.572869000202793],[-82.472994000209241,29.574613000004721],[-82.472979999965546,29.578788999963145],[-82.472973000292853,29.579809999716542],[-82.472952000376452,29.581640000082515],[-82.472949000003396,29.582539999809697],[-82.4729139998433,29.585816999868658],[-82.47292600043717,29.586991000342355],[-82.472904999622472,29.588340000049648],[-82.472888999728951,29.590282000259087],[-82.472888999728951,29.591609000313138],[-82.472876000208473,29.594271999737451],[-82.472872999835431,29.594616000325548],[-82.472846999896149,29.597726999907813],[-82.472824000329936,29.601644999797788],[-82.472815000109094,29.60180700016835],[-82.472790999819665,29.604505999796121],[-82.472764999880383,29.608774000011834],[-82.47272600042065,29.612646000380618],[-82.472716000374902,29.61625700023826],[-82.472703999781032,29.617724000384666],[-82.472685000412767,29.619268000121441],[-82.472675000367019,29.621130999998964],[-82.472668999620936,29.621740999665064],[-82.472666999971096,29.621929999753267],[-82.472652999727401,29.623560999754805],[-82.472641000031828,29.624995000284169],[-82.472642999681653,29.626124999822991],[-82.472625999963213,29.62739899999081],[-82.472621999765252,29.627777999958823],[-82.472608000419868,29.629560999676521],[-82.472606999696637,29.630225000070979],[-82.472606999696637,29.630793999677312],[-82.47258499995533,29.632688000019968],[-82.472580999757369,29.633292000148749],[-82.472574999909597,29.63430799986844],[-82.472574000084677,29.634517000336629],[-82.472573000259786,29.634570000356518],[-82.472555999643035,29.636258999672382],[-82.472552000343384,29.637807000336291],[-82.47255099962014,29.637984000050817],[-82.47255099962014,29.638037999994445],[-82.472559000016062,29.63984299982609],[-82.472533000076808,29.641877000014023],[-82.472533999901714,29.641981999939087],[-82.472544999772367,29.642629000370153],[-82.472535999551525,29.644249999700644],[-82.472529999703752,29.645387999614716],[-82.472513999810218,29.646764999910594],[-82.472498999741617,29.647987999974397],[-82.472470000327618,29.650080999625434],[-82.472466000129657,29.650454999794999],[-82.472461000106776,29.650801000025201],[-82.472449000411217,29.65269500034913],[-82.472441000015294,29.653477999778303],[-82.472415000076012,29.654712999717461],[-82.472394999984544,29.656350999699448],[-82.47237900009101,29.657630999939567],[-82.472372000418332,29.658137000082565],[-82.472365999672206,29.658659999714519],[-82.472367000395451,29.658722000126442],[-82.47237900009101,29.659600000046229],[-82.472384000113891,29.659741999934031],[-82.47239599980945,29.659892000158663],[-82.472763000230572,29.659819000014792],[-82.47288399970607,29.659787000181023],[-82.473047999737602,29.659741999934031],[-82.473207999571187,29.659712000018427],[-82.473276000241569,29.659698999609866],[-82.473595999908696,29.659606999852954],[-82.474740999756349,29.659235000080063],[-82.475176999774462,29.659074999880659],[-82.47602000039663,29.658772999933078],[-82.476402999812962,29.658641000059013],[-82.47735900041306,29.65829600022693],[-82.478967000042985,29.657729999879233],[-82.480066999684809,29.657353000218876],[-82.481998000253256,29.656673999924358],[-82.483280000368239,29.656162000191536],[-82.484806999807347,29.655572000034628],[-82.485455000435849,29.655329999851016],[-82.485600000200805,29.655276999829905],[-82.486468000039025,29.654933000192667],[-82.487102000423846,29.654691000033765],[-82.487668000138271,29.654480000020321],[-82.487995000376415,29.654386000127161],[-82.488095999760446,29.654361000298596],[-82.48870599985581,29.654226000024089],[-82.489062000406278,29.654160999885185],[-82.489422000256397,29.654111000110007],[-82.489766000212981,29.654067999721462],[-82.490071999636413,29.654044999869193],[-82.490249000086735,29.654038999703193],[-82.490536000141915,29.654034000345266],[-82.490666999663176,29.65402800017862],[-82.492594999858568,29.654007999620582],[-82.495681000320403,29.65401999995586],[-82.495812999666569,29.654016999872223],[-82.495917000321938,29.654013999788436],[-82.496040000345602,29.65402400006732],[-82.496091000399218,29.65402400006732],[-82.498221000260969,29.654016999872223],[-82.498484999851613,29.654001000205],[-82.49866899997464,29.65401099970456],[-82.499340000169383,29.65401099970456],[-82.499869000073886,29.654018999928031],[-82.500346000099839,29.65402099998375],[-82.501209999740126,29.654007000373262],[-82.502480000159565,29.65401099970456],[-82.50378700038894,29.654015999844294],[-82.504283999608077,29.654017999900141],[-82.506537000391802,29.65402800017862],[-82.506985999930379,29.654032000289764],[-82.508823999714082,29.65404599989683],[-82.515020000028869,29.654100999839759],[-82.515045000143232,29.654100999839759],[-82.518626000174407,29.654132999920492],[-82.519385000232688,29.654142000160878],[-82.519888000197923,29.654148000320742],[-82.520716999678086,29.654156999779168],[-82.520801000242002,29.654157999805697],[-82.523474000251966,29.65418999986829],[-82.527665000378505,29.654149000347335],[-82.527832999709659,29.654148000320742],[-82.528943000295541,29.654131999893721],[-82.529105999603857,29.654132999920492],[-82.529837999897964,29.654138000054107],[-82.531802999903263,29.654152999672998],[-82.531913000406448,29.654153999699552],[-82.532868000283301,29.654160999885185],[-82.534054999963757,29.654170000123074],[-82.534106000017388,29.654171000149464],[-82.535503999585032,29.65418999986829],[-82.536138999794773,29.654198000077475],[-82.536344999659079,29.654201000155766],[-82.537952000362409,29.654222999946523],[-82.540396999868435,29.654259000090565],[-82.541254999660921,29.654276999767404],[-82.543413000010091,29.654323000141364],[-82.545982000262981,29.654377999932922],[-82.547747000251746,29.6545270003243],[-82.548394999981937,29.654580999982045],[-82.548780999771324,29.654612999910153],[-82.54930200017823,29.65464799989304],[-82.54955499989822,29.654656000065877],[-82.549688999792522,29.654662000195017],[-82.550235000313791,29.654683999885052],[-82.550688000050314,29.65470400030873],[-82.550856000279808,29.654711999696453],[-82.550999000394938,29.654715999780333],[-82.551463999827035,29.65471799982225],[-82.551611999965047,29.654721999905977],[-82.551689999782852,29.654723999947766],[-82.551613999614858,29.654500999726981],[-82.552299999878215,29.654513000003533],[-82.554248999989994,29.654566999668795],[-82.555066999599504,29.654586000093474],[-82.555538999602604,29.654597000337734],[-82.556213000170388,29.654604999733955],[-82.556379999676651,29.654600999645595],[-82.557003000190804,29.654604999733955],[-82.55771799986816,29.654605999755955],[-82.558168000129953,29.654610999866136],[-82.558805999814425,29.654594000271249],[-82.56084199996485,29.654580999982045],[-82.561534999900886,29.654569999736108],[-82.56184500042059,29.654574999848069],[-82.562283000088513,29.654583000026658],[-82.562883999963034,29.654558000247022],[-82.563667000310772,29.654544999953242],[-82.565442000345286,29.654535999748834],[-82.565788999776615,29.654530999634925],[-82.566832000415332,29.654517000095389],[-82.567568000009089,29.65451900014126],[-82.568284000409662,29.654509999934529],[-82.568342999960876,29.654509999934529],[-82.568922000094105,29.654514000026513],[-82.569045000117768,29.654515000049479],[-82.569394999922125,29.654511999980539],[-82.569659000411079,29.65450899991151],[-82.570030000131851,29.654496999634549],[-82.570246999866839,29.654490000252963],[-82.570432999639664,29.654490000252963],[-82.57086199998507,29.654481000043631],[-82.571000000077319,29.654477999973675],[-82.571544999875371,29.654476999950337],[-82.572582999592896,29.654462999622623],[-82.573129000114164,29.65446499966956],[-82.573577999652741,29.654448000049939],[-82.574273999961818,29.654435999765703],[-82.574473000153461,29.654431999670628],[-82.574649999705457,29.654429999623027],[-82.574714000177892,29.654429000379878],[-82.574914000194411,29.654427000332213],[-82.575659999833917,29.654421000189],[-82.576565000380384,29.654412999997486],[-82.577398000058508,29.654401999733178],[-82.577615999618402,29.654398999660852],[-82.578721000181403,29.654384000078643],[-82.579634000225468,29.654372999811166],[-82.57973399978458,29.654370999762381],[-82.581820999988608,29.654338999757332],[-82.583093999882806,29.654314999942063],[-82.583238999647776,29.654311999867144],[-82.583649999551511,29.654311999867144],[-82.583944000177695,29.654312999892134],[-82.585986000175893,29.654292000146242],[-82.586889000174224,29.654284999969729],[-82.586980000410819,29.654284999969729],[-82.587460999736436,29.654273999691426],[-82.587604999676486,29.654271999640681],[-82.588423000184306,29.654263000192536],[-82.589235999770949,29.654252999937341],[-82.590679000442762,29.654236000281955],[-82.59076800013122,29.654236000281955],[-82.590902000025508,29.654236000281955],[-82.59139499994501,29.654222999946523],[-82.592015999911027,29.654164999990986],[-82.592661000166515,29.654062000337515],[-82.593125999598598,29.653963999940217],[-82.593581999708178,29.653845999638019],[-82.593975000068568,29.653731000070323],[-82.594123000206565,29.653679000019039],[-82.594283999865056,29.653620999749975],[-82.594806999921786,29.653409999835116],[-82.595374000359442,29.653137000346984],[-82.595596999942202,29.652999999915899],[-82.595777999692174,29.652885000162179],[-82.596232999976834,29.65257600007811],[-82.596436000366424,29.652443999881832],[-82.596610000443704,29.652318999826171],[-82.596652000276492,29.652279999633365],[-82.596837000224411,29.652164999837701],[-82.596957999699924,29.652053000052899],[-82.597284999938083,29.651784000207023],[-82.597365000304023,29.65169300029082],[-82.597803999796838,29.651227999700755],[-82.59811199976842,29.650899000379699],[-82.598271999601991,29.650696999990785],[-82.598516999824383,29.650399000137821],[-82.598789999635855,29.650084999893458],[-82.599003999896098,29.649843999857008],[-82.599189999668937,29.649610999817362],[-82.599372999967045,29.649411000113723],[-82.600003000153876,29.64879499968513],[-82.600204999820249,29.648600999631427],[-82.600603000203492,29.648294999921557],[-82.600970999551222,29.648026000181375],[-82.601194000032308,29.647871999870141],[-82.601421999637935,29.647727000137355],[-82.602040999954127,29.647404000084094],[-82.602142000236483,29.647355000169192],[-82.602363000169419,29.647268999846574],[-82.602528000025842,29.647207000185745],[-82.602712999973775,29.647128999727155],[-82.603106000334151,29.647004000097208],[-82.603441999894827,29.646911000346858],[-82.603747000391678,29.646831000240986],[-82.6042560002047,29.646715999684645],[-82.604807999675415,29.64664400023349],[-82.605473999847305,29.646590000220925],[-82.606629999565612,29.646499000293286],[-82.606632000113748,29.645967999838756]]]},"properties":{"MTFCC":"G5020","OID":"20790267578515","GEOID":"12001002202","STATE":"12","COUNTY":"001","TRACT":"002202","BASENAME":"22.02","NAME":"Census Tract 22.02","LSADC":"CT","FUNCSTAT":"S","AREALAND":112551693,"AREAWATER":10405,"CENTLAT":"+29.6102427","CENTLON":"-082.5271688","INTPTLAT":"+29.6023486","INTPTLON":"-082.5289138","OBJECTID":68402}},{"type":"Feature","id":68486,"geometry":{"type":"Polygon","coordinates":[[[-82.556921000175052,29.500244999609883],[-82.556860000075673,29.493943999612398],[-82.556829000113538,29.490741999689366],[-82.556788999930561,29.486631999710188],[-82.556761000341481,29.483755999988997],[-82.556766000364348,29.480054999998078],[-82.556590999563852,29.480072000063409],[-82.556414999836761,29.480076000032373],[-82.556217000368349,29.480065000312877],[-82.555343999608951,29.480041999900219],[-82.554421000417449,29.480018000076083],[-82.553568999574424,29.479997000029794],[-82.553093000271673,29.479985000113089],[-82.552444999643171,29.479968000033164],[-82.552416000229172,29.4799669998444],[-82.550944999968266,29.479936999650128],[-82.549904999702576,29.479916000369069],[-82.548719999671945,29.479891000325537],[-82.548575999731909,29.479888999946468],[-82.547579999847159,29.479867999873438],[-82.547421999663428,29.47986500008605],[-82.547276999898457,29.479862000298642],[-82.546705000336246,29.479850000365932],[-82.546495000273978,29.479846000388054],[-82.546102999738466,29.479837000241787],[-82.545095999983076,29.479817000348294],[-82.544432000359365,29.479775000168047],[-82.543530000185939,29.479766000015459],[-82.542756000059057,29.479742000125984],[-82.542170000253137,29.479731000370244],[-82.542032000160873,29.479728999987959],[-82.54188099964982,29.479727999796843],[-82.541294000018993,29.47972500000531],[-82.540695999619189,29.479705000089719],[-82.540507000371619,29.479698000313793],[-82.54005399973677,29.47967799961085],[-82.539986999789605,29.479676000009555],[-82.539775999902417,29.479666999848163],[-82.53916800035519,29.479641999743208],[-82.538752000428573,29.479629000374384],[-82.537652999713359,29.479596999695183],[-82.537032999572247,29.479579000139626],[-82.536137000144947,29.479555999616665],[-82.53442300020977,29.47951199972379],[-82.534227000391212,29.479507000321231],[-82.533911999848627,29.479499999749656],[-82.532603999794347,29.479472999998208],[-82.531773999590953,29.479455999832471],[-82.531510999825215,29.479450000233275],[-82.531068999959345,29.479438000251815],[-82.530749000292204,29.47943000026337],[-82.529056000273471,29.479386000315777],[-82.526073999568695,29.479318999772314],[-82.52544099990709,29.479307999970672],[-82.524409999862257,29.479289000168261],[-82.523095999960191,29.479266000361537],[-82.519842999992093,29.479198999738784],[-82.516258999587876,29.479110999623924],[-82.515076999930287,29.479098000186998],[-82.51438200034444,29.479090000171713],[-82.510700999855842,29.479023999630705],[-82.510477000448162,29.479019999620231],[-82.509997999874045,29.479052999897441],[-82.509921999706066,29.479038000057159],[-82.508899999882047,29.479063999726765],[-82.507252000069144,29.478889000167623],[-82.506349000070827,29.478847999802714],[-82.504995999810703,29.47878800030686],[-82.504184999873885,29.478781999886152],[-82.50396399994095,29.478749999721565],[-82.499828000065989,29.478678000096306],[-82.496330999700419,29.478371000327311],[-82.496329999875499,29.478443000170643],[-82.496247000034842,29.485499000224049],[-82.491788000119698,29.485434000081863],[-82.491691999860222,29.485432999947054],[-82.491348999728572,29.485428000054601],[-82.490860999831924,29.485418999622063],[-82.49081700034931,29.485418999622063],[-82.47811799957303,29.485246999716978],[-82.466602999900772,29.485069999609831],[-82.457661999605975,29.485285000212148],[-82.457388999794489,29.48528600034842],[-82.456955000324541,29.485284000075801],[-82.456931999860004,29.485284000075801],[-82.456065999671594,29.485280000312443],[-82.455669999836473,29.485291000247894],[-82.454800000348428,29.48527699990327],[-82.453298000125386,29.485223000343488],[-82.452699999725596,29.485233000148266],[-82.452005999964626,29.485246000362231],[-82.451831000062455,29.485286999702783],[-82.451522000265953,29.485215000029726],[-82.451014000277837,29.485229999737761],[-82.450476000152506,29.485247999853641],[-82.448542000109327,29.485307000080752],[-82.447864000241907,29.485328999944571],[-82.447730000347605,29.485385999853843],[-82.447696000012414,29.485385999853843],[-82.447140000343722,29.485386999989188],[-82.440739999814411,29.485272000003171],[-82.429209000248633,29.485199000182345],[-82.428871999964741,29.485195999770831],[-82.428533999855944,29.485193000141152],[-82.427594000047691,29.485187000099664],[-82.427424000168372,29.485184999825087],[-82.427254000289068,29.485183000332427],[-82.412931999814219,29.485092000307095],[-82.412821000384454,29.485253999891565],[-82.412596000253558,29.485564999676136],[-82.412443000092679,29.485800000290823],[-82.41228499990892,29.486017999731502],[-82.412089000090361,29.486298999642219],[-82.411836000370357,29.486673000053813],[-82.410478000087366,29.488643999693132],[-82.410249999583414,29.488972000156043],[-82.409871000365044,29.489515999879536],[-82.409657999929706,29.489841000373108],[-82.409314999798042,29.490326999810751],[-82.408477000097037,29.49153700034282],[-82.407627999627081,29.492784999743026],[-82.407471000166552,29.493049000202198],[-82.407185999761211,29.493577999892839],[-82.407078999631082,29.493837999641674],[-82.406916000322767,29.494251999945426],[-82.406816999690278,29.494546000278216],[-82.406769000009675,29.494736000028659],[-82.406724999628736,29.494887000156439],[-82.406650000184001,29.495220000144922],[-82.406620999871677,29.495407000085788],[-82.406593000282584,29.495531999866291],[-82.406578000213983,29.495659000342208],[-82.406557000297582,29.495834999901227],[-82.40653800003102,29.495961999997299],[-82.406517000114619,29.496307999937358],[-82.406506000243965,29.496730999738467],[-82.406510000441912,29.496900999650695],[-82.406510000441912,29.497212999667081],[-82.406500000396179,29.49805400005646],[-82.406505000419045,29.498289999856421],[-82.406500000396179,29.49935600034993],[-82.406495000373297,29.500555000299318],[-82.406486999977375,29.501053999683258],[-82.406461999863026,29.506138000327436],[-82.406452999642198,29.507256999943223],[-82.406434000273933,29.509673999811334],[-82.406436999748664,29.510111000108765],[-82.406439000296814,29.510491000261521],[-82.406436999748664,29.510638000024336],[-82.406433000449027,29.510976000009542],[-82.40642599987801,29.511535999971223],[-82.406420000030238,29.512587999686232],[-82.406413000357531,29.513954999787295],[-82.40640999998449,29.514192999750655],[-82.406414000182451,29.515111000174144],[-82.406398000288917,29.515690999778716],[-82.4063969995657,29.515740000333],[-82.406398000288917,29.51665600036069],[-82.406392000441144,29.517172000214405],[-82.406390999717914,29.517221000051613],[-82.406390999717914,29.517789999758058],[-82.406377000372515,29.519873000135011],[-82.406373000174554,29.520506000336006],[-82.406378000197435,29.521237999984077],[-82.406359999755765,29.521955999844327],[-82.406360999580684,29.522227000032707],[-82.406360999580684,29.522343999806001],[-82.406307000052323,29.522884000193439],[-82.406249000326,29.523251000046436],[-82.406148999868577,29.523689000103026],[-82.4061089996856,29.523840999797237],[-82.406035000065756,29.524090000371309],[-82.405808000285049,29.524790000196358],[-82.405722999896227,29.525024999677012],[-82.405640000055556,29.525311000267678],[-82.405546000344202,29.525582000067651],[-82.405330000434134,29.526255999675762],[-82.405079000363983,29.526987999931663],[-82.404856999707832,29.527674999790221],[-82.404731000209438,29.528067000123009],[-82.404664000262287,29.528276000271834],[-82.404573999850612,29.528557999870429],[-82.404513999576139,29.528739999881314],[-82.404248000335684,29.529550000149662],[-82.402890000052679,29.533658000078006],[-82.402176000200257,29.535821000362517],[-82.401552999686089,29.537734000115648],[-82.401494999959766,29.537912999614477],[-82.401511999678206,29.537916000026843],[-82.401340999973996,29.538369999932151],[-82.401156000026063,29.538820000150654],[-82.400971999903035,29.539222000215233],[-82.400956999834435,29.539265000351108],[-82.400781000107315,29.539628999805277],[-82.400745000122328,29.539704999817918],[-82.400626000296626,29.539931000320156],[-82.400519000166497,29.540140000179449],[-82.400278999967014,29.540569000346849],[-82.40002600024701,29.540992999982546],[-82.399887000329841,29.541211000153723],[-82.399452000136662,29.541889000205572],[-82.399130999746291,29.542389000115723],[-82.39870499977394,29.543016999913032],[-82.396044000357847,29.54686200002126],[-82.393516000112839,29.550587999676146],[-82.391977000079891,29.552951000369895],[-82.391844999835399,29.553174999677051],[-82.39175500032205,29.553336999703784],[-82.391573999673753,29.553624999631083],[-82.39143999977945,29.553943999911102],[-82.391319000303938,29.55426800036491],[-82.391212999998729,29.554595999930179],[-82.391120999937215,29.554926999901106],[-82.391043999944316,29.55526100024823],[-82.390981000195126,29.555598000160316],[-82.390958999555508,29.555750000339511],[-82.390946999859963,29.555835000376003],[-82.39093299961624,29.555935999949472],[-82.390914000247989,29.556200999982934],[-82.390910999874947,29.556292000155491],[-82.390911999699838,29.556463000240896],[-82.390908000400188,29.556514999656557],[-82.390910000050027,29.556828999917201],[-82.390930000141509,29.55714299998343],[-82.390961000103644,29.557424000131114],[-82.390965000301605,29.557455999650646],[-82.391009999609153,29.557743000138444],[-82.391074999906465,29.558092999820587],[-82.391268000250321,29.558893999977936],[-82.391268000250321,29.558913999876161],[-82.392022000285721,29.561921000285302],[-82.392552999840049,29.564104000219888],[-82.392661999620003,29.564516000298553],[-82.392964999568704,29.565771999930337],[-82.393046999584485,29.566112999634662],[-82.393547000074975,29.568157000050427],[-82.393608999999259,29.568475999760985],[-82.393655999854914,29.568796000118816],[-82.393687999641969,29.569117999640955],[-82.393706000083654,29.569440999784966],[-82.393707999733465,29.569763999677136],[-82.393696000037878,29.57008700009882],[-82.393669000273704,29.570409000192342],[-82.393624000067874,29.570746000355246],[-82.393584999709816,29.570934999912623],[-82.393554999572601,29.571171000016633],[-82.393354999556038,29.572034000226285],[-82.393022000368433,29.573477000285653],[-82.392756000229639,29.574692999624247],[-82.392499000311702,29.575931999661869],[-82.393846999650634,29.575821000324002],[-82.395332000155236,29.575678000096154],[-82.395917000136237,29.575632999780453],[-82.39859099997112,29.575408000244739],[-82.399550000045949,29.57537800021667],[-82.400006999980434,29.575442000369922],[-82.400274999769053,29.575501000353182],[-82.400618999725623,29.575594999619764],[-82.400904999955884,29.575686000289107],[-82.401864000030699,29.575969999695719],[-82.402088000336704,29.576046999741063],[-82.402316999767237,29.576112000271351],[-82.402550000294056,29.576164999747267],[-82.402786000295606,29.576204999731342],[-82.403023999946981,29.576232000238978],[-82.403264000146507,29.576245999718033],[-82.403505000170924,29.576246999736597],[-82.405477999673849,29.576288999724397],[-82.408402999578897,29.576297999886883],[-82.409869999641813,29.576312000138127],[-82.410970000181962,29.576323000334142],[-82.413284000166726,29.576354000098867],[-82.417358999942309,29.57638199980255],[-82.420556999658828,29.576418999650233],[-82.422832000183831,29.576471999746239],[-82.422802999871521,29.578805999848456],[-82.422798999673574,29.579391999613694],[-82.422786000153081,29.581125000339494],[-82.422777999757173,29.5821269998766],[-82.422769000434656,29.584640999928165],[-82.422769000434656,29.586070999700993],[-82.422769000434656,29.586500000134315],[-82.422769000434656,29.586890999710928],[-82.422757999665691,29.588983000052011],[-82.422752999642825,29.590049999834712],[-82.422715000007969,29.592105999826135],[-82.422711999634942,29.592310000245632],[-82.422711999634942,29.593599999618984],[-82.422711999634942,29.594608999907454],[-82.422723000403892,29.594886000346971],[-82.422750000168094,29.595163000025824],[-82.422791000175962,29.595438000068516],[-82.422857000298208,29.595704999974991],[-82.422853999925152,29.595740000118067],[-82.422860999597859,29.595767000086202],[-82.422918000397573,29.595980999925374],[-82.42300299988807,29.596247999956809],[-82.423101999622276,29.596511999828454],[-82.423423999837553,29.597100000290258],[-82.423551999884054,29.597332999934192],[-82.423652000341505,29.597490000379707],[-82.423695999824119,29.597557999800316],[-82.423760000296525,29.597681000244005],[-82.423777000014965,29.597671999645083],[-82.423802000129314,29.597658000013666],[-82.423975000381702,29.59755900038876],[-82.425003000053479,29.59701400002756],[-82.425275000040045,29.596800000036549],[-82.425709000408304,29.596571999809456],[-82.426835999814315,29.595990999716921],[-82.426903999586386,29.595955999660983],[-82.427005999693634,29.595902999642391],[-82.427174999748019,29.595815000272147],[-82.428990999790429,29.594873999996807],[-82.429693999772212,29.594502000151657],[-82.431163000383293,29.593734999907944],[-82.432167999590561,29.593179000057418],[-82.433457000276562,29.592519000320397],[-82.433617000110132,29.592434999774269],[-82.435996000392237,29.59117999972824],[-82.436362000090128,29.590987000308729],[-82.438373000126177,29.589955999968865],[-82.438955999559056,29.58965700022873],[-82.439514999600803,29.589353000159335],[-82.439726000386301,29.589237999616813],[-82.442519000046872,29.587764999627844],[-82.442970999958504,29.587534000353614],[-82.443285999602779,29.587374000312931],[-82.443582999703693,29.587214999928474],[-82.444501999595531,29.586722000199682],[-82.447372999972231,29.585210999753379],[-82.448988999998079,29.584332999836825],[-82.450280000333919,29.58365700014544],[-82.451155999669751,29.583198000078333],[-82.452196999760332,29.582663999768116],[-82.452424000439379,29.582539999809697],[-82.452657000067873,29.582407000081925],[-82.452936999552051,29.582247999683993],[-82.453442000065422,29.581944999912533],[-82.453938000357979,29.581630999615069],[-82.454426000254614,29.581307000219731],[-82.454904000105486,29.580973000067832],[-82.455372999735559,29.580628999841391],[-82.456146999862455,29.580101999864151],[-82.456546000070631,29.579810999699749],[-82.458035999699774,29.578710999671408],[-82.462143999985628,29.575735999917942],[-82.465124000142268,29.573568999783934],[-82.468357999843803,29.571199999663616],[-82.469414999827904,29.57043299967776],[-82.473047999737602,29.567819999842165],[-82.473872999918129,29.567210999968417],[-82.475526999578818,29.566006000140071],[-82.475933000357998,29.565714999977413],[-82.475993999559051,29.565671000032935],[-82.478347999726793,29.563959000308309],[-82.479552000023986,29.563089999741635],[-82.479604999727457,29.563052000330295],[-82.480200999579111,29.562607000155868],[-82.482554999746853,29.560909000112503],[-82.482634000287874,29.560851999759489],[-82.482686000166424,29.560813000116319],[-82.485750999813547,29.558581000077279],[-82.486103000166054,29.558325000236579],[-82.486283999916012,29.5581940002625],[-82.488704000205999,29.556437000132352],[-82.489874999992921,29.555587000051066],[-82.49044099970736,29.555181000083163],[-82.491737999890987,29.554241000236576],[-82.493158000098248,29.553206999760786],[-82.494966999569641,29.551890000003763],[-82.495081000270773,29.551807000295589],[-82.495307000226589,29.551642999636183],[-82.49628999969255,29.550931999865107],[-82.497258999813113,29.550231000197872],[-82.497913000289401,29.549754000213937],[-82.498000000328048,29.549690999693858],[-82.49862299994389,29.549236999833447],[-82.498775000279835,29.549130999944179],[-82.499352999689847,29.548729000208994],[-82.499494000155153,29.54863200007037],[-82.500109000273397,29.548221999890142],[-82.500732999714145,29.547824000083789],[-82.501367000098952,29.54743699970777],[-82.502008000156465,29.547060000143976],[-82.502573000045999,29.54674400016631],[-82.502739999552247,29.546649999838863],[-82.505763000264906,29.544923999870523],[-82.506525999622838,29.54448800022276],[-82.508606000154174,29.543302999642837],[-82.508720999781914,29.543237000318051],[-82.508735000025609,29.543228999899647],[-82.510734000366099,29.542079999756687],[-82.511623999945641,29.541570000171209],[-82.5120159995828,29.541346999735634],[-82.514943999860904,29.539671999767993],[-82.517051000156428,29.538408000028063],[-82.51734099968634,29.538216000178963],[-82.519107000398336,29.537042000116323],[-82.520624999616601,29.536006999913472],[-82.52081100028775,29.535880999675193],[-82.521556000102322,29.535377000278295],[-82.521852000378331,29.535176999871094],[-82.523311000045354,29.534182999982555],[-82.523839000124951,29.533822000215824],[-82.523993000110735,29.533717000234507],[-82.52429000021165,29.533516999670617],[-82.524439000174581,29.533417000022006],[-82.525639000273827,29.532610999696956],[-82.526322000164129,29.53214499973987],[-82.526764000029999,29.531843999877495],[-82.527584000187645,29.531285000212868],[-82.528465000444655,29.530670000092833],[-82.529986000035947,29.529641999783383],[-82.530134000173973,29.52954200021151],[-82.531609999559407,29.528536999727834],[-82.533418999929125,29.527315999686085],[-82.533694000288733,29.527132000011989],[-82.533794999672764,29.527064000064744],[-82.53442599968453,29.526639000140353],[-82.536137000144947,29.525466999609552],[-82.536153000038453,29.525465999870111],[-82.538740999659609,29.523688000345942],[-82.53956500001523,29.523125000332161],[-82.539774000252592,29.522983000329656],[-82.539845000397705,29.522934999920356],[-82.53993900010903,29.522871000120951],[-82.540165000064846,29.522717000217856],[-82.541466000446434,29.521830000080726],[-82.54183399979415,29.521578999860608],[-82.542711999678119,29.520979999809043],[-82.543418000032943,29.520485999874047],[-82.543678000323936,29.520303999866076],[-82.544659999964978,29.519656999682631],[-82.545638000306383,29.518982000085128],[-82.546017000423078,29.518734999841335],[-82.548006999644429,29.517373999901118],[-82.548108999751676,29.517304999829001],[-82.549051999932971,29.516668999668184],[-82.55027899979639,29.51584100009239],[-82.550621999928083,29.515609999735776],[-82.551765000125926,29.514873999868371],[-82.552545000100579,29.514382000311613],[-82.55291499999646,29.514148000197956],[-82.554074999912729,29.513433000016484],[-82.554495000037292,29.513180000354023],[-82.555131000071924,29.512795999892823],[-82.556511000096222,29.511981999684384],[-82.556629000097018,29.506297000085567],[-82.556634999944791,29.506177999881999],[-82.556921000175052,29.500244999609883]]]},"properties":{"MTFCC":"G5020","OID":"20790267578408","GEOID":"12001002209","STATE":"12","COUNTY":"001","TRACT":"002209","BASENAME":"22.09","NAME":"Census Tract 22.09","LSADC":"CT","FUNCSTAT":"S","AREALAND":123607331,"AREAWATER":3388466,"CENTLAT":"+29.5261485","CENTLON":"-082.4665576","INTPTLAT":"+29.5231402","INTPTLON":"-082.4731015","OBJECTID":68486}},{"type":"Feature","id":68487,"geometry":{"type":"Polygon","coordinates":[[[-82.351568000111016,29.683444000107606],[-82.351569999760841,29.683270999694685],[-82.351563000088134,29.683004000079112],[-82.351558999890173,29.682844000229785],[-82.351559999715093,29.682699000170729],[-82.351563999913054,29.682044000284815],[-82.351559999715093,29.681563000317364],[-82.351553000042401,29.681337000230684],[-82.35152000043044,29.681093999836605],[-82.351358999873639,29.680946000314059],[-82.351152000184399,29.680781999702692],[-82.350937000099236,29.680536999999386],[-82.350713999618179,29.68023399994506],[-82.35051199995182,29.679940000031642],[-82.350263000429777,29.679618999916826],[-82.349758999741312,29.678936999949499],[-82.349273000392799,29.678262000108059],[-82.349069000178332,29.677948999980273],[-82.348852000443344,29.677641000185002],[-82.348264000089273,29.676850999771702],[-82.348219999708348,29.676791999792016],[-82.34783300009407,29.676200999845172],[-82.347669000062524,29.675950000265452],[-82.347558999559354,29.675804999628841],[-82.347434999710785,29.675586000122529],[-82.347366999938743,29.675466999609885],[-82.34735400041825,29.675444999781703],[-82.347226000371748,29.675252000195783],[-82.347022999982144,29.675022999733496],[-82.346975000301583,29.674969000121067],[-82.346704000139923,29.67474700010893],[-82.34646099956737,29.674583000312523],[-82.346231000311903,29.674447999855875],[-82.34568800016369,29.674215999642151],[-82.345149000213439,29.674114999879759],[-82.344708999997394,29.674073999893185],[-82.344282000200124,29.674019999771129],[-82.343221000018048,29.674003000333794],[-82.339785999576748,29.673977999916318],[-82.339192000273229,29.673968000059809],[-82.339158999762944,29.677185999647801],[-82.339163999785825,29.677892000226159],[-82.339163999785825,29.679089999762247],[-82.339163999785825,29.679131000044844],[-82.33914799989229,29.680109999847474],[-82.339140000394679,29.680914000177729],[-82.33914799989229,29.681257000181908],[-82.339123999602847,29.68212599998478],[-82.339123999602847,29.683073999786803],[-82.339111999907274,29.683813999846851],[-82.339120000303211,29.684108000136657],[-82.339118999579966,29.684309999773664],[-82.339107999709313,29.684919999814408],[-82.339095000188848,29.685329999961965],[-82.339090999990873,29.685538999827553],[-82.339104000409662,29.686109999869899],[-82.339091999815793,29.688435999670833],[-82.339091999815793,29.688501999976875],[-82.339090999990873,29.688544000007205],[-82.339065999876524,29.69014299964406],[-82.339095000188848,29.691121999885151],[-82.339086999792912,29.692223000007733],[-82.33910299968646,29.693153999675268],[-82.339095000188848,29.694576000355447],[-82.339095000188848,29.695804000105031],[-82.339091999815793,29.69683700019181],[-82.339086999792912,29.696953000011881],[-82.339091999815793,29.697099999773066],[-82.339091999815793,29.697229999908142],[-82.339096999838674,29.697371000122587],[-82.339075999922287,29.697637999803856],[-82.338937000005103,29.697945000375231],[-82.338937000005103,29.698439000052183],[-82.338937000005103,29.698604999891153],[-82.338951000248798,29.698842000248209],[-82.338972000165199,29.69898200017996],[-82.339008999975135,29.699105999622123],[-82.339258000395461,29.699597999902597],[-82.338875000080805,29.699636000119035],[-82.339671999773927,29.700312000334286],[-82.343091000321706,29.703214999862421],[-82.343427999707288,29.703207999970381],[-82.343738000227006,29.703201999616702],[-82.344045000373654,29.703192999865706],[-82.34457099990513,29.703199999758791],[-82.344705999624338,29.703228999645052],[-82.344884999724485,29.703233000139914],[-82.346525000039776,29.70326700004836],[-82.347300999816483,29.703272000079814],[-82.34731199968715,29.702738000307033],[-82.347322999557804,29.702240000169866],[-82.347319000258153,29.70119300017706],[-82.347315999885112,29.70058799998694],[-82.347294000143805,29.699147999901911],[-82.347280999725015,29.698276999850822],[-82.347267000379631,29.695876999876777],[-82.348676999642819,29.695838000187056],[-82.348999999683031,29.695838000187056],[-82.349198000049739,29.695840000191545],[-82.349808999970023,29.695846000204696],[-82.349853000350947,29.695846999816684],[-82.350617000432109,29.695844000200324],[-82.351368000094467,29.695848000208954],[-82.351477999699313,29.694219999917006],[-82.351479000422557,29.694017999909541],[-82.351486999920141,29.692198999867909],[-82.351497999790809,29.690341000190436],[-82.351466000003754,29.690130999716668],[-82.351496999965889,29.689843999920225],[-82.35148600009525,29.689266999616386],[-82.351484000445424,29.688519000084177],[-82.350979999756959,29.688554999659168],[-82.350643000371392,29.688554999659168],[-82.349824000038637,29.688553999974637],[-82.348144000438694,29.688553999974637],[-82.347376000159571,29.688553000290092],[-82.347380000357532,29.688420999701652],[-82.347408999771531,29.68755500033841],[-82.347417999992359,29.686944999901332],[-82.347424999665051,29.686402000275251],[-82.347434999710785,29.685718000076484],[-82.348628999962258,29.685740999710394],[-82.349227000362063,29.685758000284729],[-82.349476999708997,29.685780000197351],[-82.350203999980238,29.685772000158732],[-82.351522999905157,29.685759999709362],[-82.351546000369709,29.68515399973802],[-82.351551000392575,29.684854999999068],[-82.351558999890173,29.684154000136036],[-82.351568000111016,29.683444000107606]]]},"properties":{"MTFCC":"G5020","OID":"20790267578164","GEOID":"12001001203","STATE":"12","COUNTY":"001","TRACT":"001203","BASENAME":"12.03","NAME":"Census Tract 12.03","LSADC":"CT","FUNCSTAT":"S","AREALAND":3147000,"AREAWATER":527,"CENTLAT":"+29.6880423","CENTLON":"-082.3445319","INTPTLAT":"+29.6866910","INTPTLON":"-082.3457631","OBJECTID":68487}},{"type":"Feature","id":68488,"geometry":{"type":"Polygon","coordinates":[[[-82.342651999930553,29.703228999645052],[-82.343091000321706,29.703214999862421],[-82.339671999773927,29.700312000334286],[-82.338875000080805,29.699636000119035],[-82.337575000422461,29.698522000005919],[-82.337546999935057,29.698497999810108],[-82.335253000041774,29.696532000126851],[-82.334949000268168,29.696266999843104],[-82.333754000191774,29.69525800033345],[-82.332472999901682,29.694118000334857],[-82.331450000252758,29.693299000257753],[-82.328393000103233,29.690670000050368],[-82.326375000394478,29.688932000200232],[-82.326069000072721,29.688640000122032],[-82.325905000041189,29.688459999929037],[-82.325566999932391,29.688459999929037],[-82.324997000019991,29.688459999929037],[-82.324519000169118,29.688452999789295],[-82.323590000231519,29.688452999789295],[-82.322980000136141,29.688447999800687],[-82.322529999874348,29.688444999963444],[-82.32242899959202,29.688440999660102],[-82.321616000005363,29.688434999985109],[-82.320485000401419,29.688415999711442],[-82.319368000142845,29.688417000177754],[-82.318409999892921,29.688402999891789],[-82.317689000367793,29.688402999891789],[-82.317041999564182,29.688395000061945],[-82.316874000233014,29.688389000384277],[-82.315433000109337,29.688390999756557],[-82.31473799962518,29.688407000196644],[-82.31410400013867,29.688410999720976],[-82.312907000412466,29.688422000167925],[-82.312221999974028,29.688437999822643],[-82.311255000401616,29.688397999900626],[-82.31043299969582,29.688377999933675],[-82.309519999651755,29.688375999780671],[-82.309163000174692,29.688375000094346],[-82.308558999927115,29.688368999635074],[-82.307614000095981,29.688360000116067],[-82.305788999832757,29.688348999662335],[-82.305587999991317,29.688347000289163],[-82.304693000388895,29.688337999987777],[-82.303678000237582,29.688332999993445],[-82.30241299984101,29.688320000163042],[-82.301841000278785,29.688322000317182],[-82.301331999567438,29.688330000152817],[-82.300635000331766,29.688333999680175],[-82.300093999833365,29.688320999849914],[-82.299939000022661,29.688317000321994],[-82.299244000436815,29.688277000351864],[-82.298549999777535,29.688217000366766],[-82.297860000214541,29.688133999704004],[-82.297173999951184,29.688030000027346],[-82.296687999704389,29.687941000286134],[-82.296491999885802,29.687904999710771],[-82.295815999668193,29.687759000236699],[-82.295146000196695,29.68759100025872],[-82.294425999598161,29.687366000154906],[-82.293880999800123,29.687176999615986],[-82.293043000099118,29.68687300036537],[-82.292218999743511,29.686490000113494],[-82.291829999581068,29.686298000367152],[-82.290955000070156,29.685866000377228],[-82.28928399979273,29.685025000087652],[-82.289342000417349,29.684916000151123],[-82.291803999641814,29.681353999989017],[-82.292725999906708,29.679981999737453],[-82.295333999619359,29.676082999868903],[-82.295972000202127,29.675117999674981],[-82.296095000225762,29.674939999883581],[-82.296651999719373,29.674164000032189],[-82.296867999629441,29.67381699992012],[-82.297365999571824,29.673113000064724],[-82.297517999907782,29.67287300038894],[-82.297755999559158,29.672532000349019],[-82.298365999654521,29.67160700001471],[-82.298795999824833,29.671006999741863],[-82.29897400010006,29.670714999890819],[-82.299420000163906,29.670071999966989],[-82.300041999954828,29.669155000222833],[-82.300627999760749,29.668277000175316],[-82.301144000144788,29.667499999751254],[-82.301346999636053,29.667199999910153],[-82.301830000408131,29.666510999905963],[-82.301666000376613,29.666500000183646],[-82.301477000230705,29.666480999667126],[-82.301642999912062,29.666205999923054],[-82.302225000418346,29.665244999846458],[-82.301902000378163,29.665241000181151],[-82.301847000126585,29.665240000264781],[-82.297040000056882,29.665280999949903],[-82.294732999744824,29.665300999828347],[-82.294090000037485,29.665306000187577],[-82.290370999914074,29.665335999996277],[-82.290222999776063,29.665336999911677],[-82.289147000423682,29.665342000269181],[-82.289153000271469,29.666323999780445],[-82.289154000096389,29.666451000199917],[-82.289154000096389,29.666484000159702],[-82.289149000073508,29.666734000047757],[-82.289144999875546,29.666974000323545],[-82.28912800015712,29.668503999840336],[-82.289124999784065,29.669201999915892],[-82.289192999556121,29.669233999877051],[-82.289359999960695,29.669301000177406],[-82.289546999558453,29.669390000029672],[-82.289790000131021,29.669534999769375],[-82.290031000155437,29.669637999974292],[-82.290361999693232,29.669771000120704],[-82.290664999641919,29.66989899996058],[-82.290888999947924,29.669999000185509],[-82.291165999957371,29.670135000238261],[-82.291410000354816,29.670272999839785],[-82.291006000123787,29.67096000011178],[-82.290755000053622,29.671448999689083],[-82.290735999787046,29.671635999652331],[-82.290739999985007,29.671958000126526],[-82.290832000046521,29.672221999877006],[-82.290835000419548,29.672231000060282],[-82.290940999826461,29.672359999736859],[-82.291048999781495,29.672477000335011],[-82.291247999973123,29.672615999687974],[-82.291462000233381,29.672727000156335],[-82.291721999626049,29.672867999625307],[-82.292559000400459,29.673199000153875],[-82.293145000206366,29.673495999769198],[-82.293552999737059,29.673689000383973],[-82.29386900010455,29.673816000089005],[-82.293580000399544,29.674123000065599],[-82.293276999552518,29.674482000138291],[-82.293031000403559,29.674715000340996],[-82.292765000264779,29.674979999697577],[-82.292556999852323,29.67524899996479],[-82.292258999926489,29.675539000291078],[-82.292084000024289,29.675720999831825],[-82.29177100002984,29.676075999647701],[-82.291545999898958,29.676293999841253],[-82.291313000270463,29.676538999738192],[-82.290857000160869,29.677180000081556],[-82.290594000395132,29.677596000120666],[-82.290303000142003,29.678031999687672],[-82.289919999827362,29.678549999980717],[-82.289683999825797,29.678912999758825],[-82.289381999702016,29.679327999875259],[-82.289190000081376,29.679584000036865],[-82.289133000180001,29.679670000054646],[-82.288744000017559,29.680260999901975],[-82.288575999788065,29.680490000140939],[-82.288407999558572,29.680774000046707],[-82.288041999860695,29.681289999965863],[-82.287877999829149,29.681535000175337],[-82.2877549998055,29.681728000187498],[-82.287713999797617,29.681789999647723],[-82.287574000055542,29.682000000380185],[-82.287410999848916,29.682259999750151],[-82.287199999961729,29.682535000077984],[-82.287018000386851,29.682826000201523],[-82.286773999989379,29.683120999997961],[-82.286589000041445,29.683320999804014],[-82.286493999606876,29.683441999856399],[-82.286402000443687,29.683562000028889],[-82.286064000334889,29.683371999624541],[-82.28546799958491,29.683061999795751],[-82.284677999564494,29.6826579997824],[-82.283376000256311,29.681985000230931],[-82.28301499968299,29.681794999967554],[-82.282156000065584,29.68134199979264],[-82.281923000437075,29.681219000038851],[-82.281427999969438,29.680957999777227],[-82.279851000301647,29.680133999752446],[-82.279282000214153,29.679844000192301],[-82.277646999921728,29.679008999706777],[-82.276759999816932,29.678564000078186],[-82.274584999749337,29.677414000071451],[-82.274435999786419,29.677334999818882],[-82.273730000329905,29.676978000165981],[-82.273407000289723,29.676775999844509],[-82.271983999709391,29.676060000366711],[-82.271524000300175,29.675812999680183],[-82.271371000139283,29.675731000294508],[-82.270159000344478,29.675130999651788],[-82.26873300028943,29.674424000154637],[-82.268574000280779,29.674362000054384],[-82.268262000111221,29.674241999827338],[-82.267719999787928,29.674054000198275],[-82.267308999884179,29.6739270000133],[-82.266318999847229,29.673742000071421],[-82.265866999935611,29.673686999938688],[-82.26547100010049,29.673663000055818],[-82.264261999780416,29.673621000051899],[-82.263333999667722,29.673615000272935],[-82.262695000158359,29.673607999879867],[-82.261868000328022,29.673597999986555],[-82.261105999896685,29.673591000372873],[-82.259261000440276,29.6735559999555],[-82.258889999821193,29.673570999801377],[-82.25847499971951,29.67358300014471],[-82.258354000243997,29.673592000206217],[-82.258194000410427,29.67360500038027],[-82.257944999990087,29.673630999942919],[-82.257869999646999,29.673639000167221],[-82.257768000438077,29.673650999721964],[-82.257264999574531,29.67373999962718],[-82.256994000311181,29.673815000257886],[-82.256424000398795,29.674009999918795],[-82.256147000389348,29.674123000065599],[-82.255784999991107,29.674321000168529],[-82.255335999554219,29.674572999735673],[-82.255217999553437,29.674659000137208],[-82.255111000321634,29.674739999794713],[-82.254454000370615,29.675262999741328],[-82.25415600044478,29.675532999845991],[-82.25383900025237,29.675836999830402],[-82.253512000014211,29.676135999855539],[-82.253311000172772,29.676326999693334],[-82.253194999821815,29.676437000162647],[-82.25276600037472,29.676825000261136],[-82.252374999664156,29.677195999964777],[-82.252276999754869,29.677283000260925],[-82.248454999699291,29.680910000355059],[-82.248078000130732,29.681263000285327],[-82.248068000084984,29.681273000196768],[-82.24805300001637,29.681286999914974],[-82.247872000266426,29.681456000039226],[-82.247493999974637,29.681810999896769],[-82.246570999884824,29.682678000107188],[-82.242922000081606,29.686101000148607],[-82.242687999729853,29.686325999962772],[-82.2424929997362,29.686477000044704],[-82.24228600004696,29.686646000027537],[-82.241823000264688,29.686967000334544],[-82.241533999661371,29.687123999987403],[-82.241321000124358,29.687245999841554],[-82.241054999985579,29.687374000066661],[-82.240828000204857,29.687456999796261],[-82.240347999805834,29.687612999770121],[-82.239873000327989,29.687736999976853],[-82.239501999708921,29.687818000022958],[-82.239226000422718,29.687860000339107],[-82.239618000059878,29.687944000138351],[-82.245368000310847,29.688047999904011],[-82.248140000055017,29.688097999978204],[-82.250122999603676,29.688133999704004],[-82.250496999697475,29.688140999865972],[-82.255451999905176,29.688227000366727],[-82.255733000112571,29.688233999741865],[-82.255728999914609,29.690549999780323],[-82.255727000264784,29.691469000353859],[-82.255723999891728,29.693261999623125],[-82.255722000241917,29.694842999661372],[-82.255729999739501,29.695610000197302],[-82.255738000135437,29.697951999853721],[-82.255719999693767,29.700661000183878],[-82.255702999975341,29.70277400024947],[-82.255707000173288,29.703368000167483],[-82.255697999952474,29.707464999848362],[-82.258798999584613,29.707486999689536],[-82.261453000226325,29.707506000257847],[-82.262203999888683,29.707511000078256],[-82.264291000092726,29.707526000318268],[-82.264291000092726,29.707469999670867],[-82.265868999585436,29.707464999848362],[-82.266856000147641,29.707486000193381],[-82.26903000039033,29.707491000014794],[-82.272284000183362,29.70744799982598],[-82.272334000412059,29.70744799982598],[-82.272444000016918,29.707450000379492],[-82.272864999966401,29.707455999699171],[-82.273521000092529,29.707466999621342],[-82.273848000330688,29.707472000223962],[-82.274087999631874,29.707463000075407],[-82.27466000009241,29.706668000153599],[-82.275313999670388,29.705740000206159],[-82.27594999970502,29.704725999916764],[-82.277492000111025,29.702440000158152],[-82.277871000227719,29.702665000059056],[-82.278452000010759,29.702892000100309],[-82.27873999989086,29.702951000363917],[-82.279006999854545,29.702994000137405],[-82.279257000099804,29.703026000265428],[-82.279431000177084,29.703028999667278],[-82.279635000391579,29.703031999849383],[-82.281067000294414,29.703031999849383],[-82.281395000357477,29.703036999892543],[-82.281894999949671,29.703031999849383],[-82.282586000235881,29.703033999710577],[-82.283136999881705,29.703026999805981],[-82.28469600000615,29.703026999805981],[-82.284902999695404,29.703026999805981],[-82.284959999596808,29.703026999805981],[-82.285115000305822,29.703028000126761],[-82.28583199963299,29.703035000031349],[-82.285906999976049,29.703036000352103],[-82.286614999980713,29.703046999978103],[-82.288280000410367,29.703033999710577],[-82.289098999844796,29.703028000126761],[-82.289955999812364,29.703023999623724],[-82.291566999815359,29.703036999892543],[-82.292454999745047,29.703029999988086],[-82.294983999814988,29.703023000083157],[-82.29609199985272,29.703012999995192],[-82.296592000343239,29.703002999906239],[-82.297271000035579,29.702989000092106],[-82.297510000410171,29.702984000046566],[-82.298625000120609,29.702989000092106],[-82.299350999668604,29.702992999816292],[-82.300389000284468,29.702997999861385],[-82.301723000278017,29.702989000092106],[-82.30226899990096,29.702985000367818],[-82.303186000143,29.702985000367818],[-82.3041300001492,29.702968000367306],[-82.304807000191715,29.702968000367306],[-82.305773999764142,29.702968999908432],[-82.306670000089781,29.70297900000077],[-82.307301999926452,29.702989999633015],[-82.307706000157495,29.702997000320565],[-82.308574999820621,29.703024999944581],[-82.309411999696707,29.703036999892543],[-82.31045100013749,29.703036999892543],[-82.311433999603423,29.703043999796456],[-82.312446000280019,29.703055999742141],[-82.3143240002467,29.70310100011088],[-82.317254000174628,29.703126000307055],[-82.31870699999385,29.703152000036251],[-82.31971600029739,29.703158999932196],[-82.320681000219992,29.703179000078048],[-82.322426000117261,29.703182000255676],[-82.322607999692167,29.703182999794663],[-82.32403100027247,29.703187999830305],[-82.324591999964042,29.703206000112633],[-82.32480799987411,29.703213000004762],[-82.32532599990796,29.703224999930271],[-82.325721999743081,29.703219000357841],[-82.326326999815578,29.703211000147142],[-82.327254999928272,29.703221999753978],[-82.327594999686895,29.703211000147142],[-82.329167000230129,29.703194999723745],[-82.329687999738709,29.703204000254821],[-82.33110600029616,29.703204000254821],[-82.331583000322141,29.703194000184872],[-82.332324999763671,29.703194999723745],[-82.3356349996332,29.703250000095579],[-82.336428000026672,29.703226999787674],[-82.33705300019065,29.703221999753978],[-82.337762999845111,29.703226000249117],[-82.338352999848993,29.703241000348882],[-82.339065999876524,29.703250000095579],[-82.339643000359928,29.703246000381675],[-82.340054000263663,29.703234999997179],[-82.340604999909488,29.703241000348882],[-82.341153999905487,29.703240000030224],[-82.341647999649908,29.703229999963813],[-82.342184999950334,29.703233999678407],[-82.342651999930553,29.703228999645052]]]},"properties":{"MTFCC":"G5020","OID":"20790267577928","GEOID":"12001001902","STATE":"12","COUNTY":"001","TRACT":"001902","BASENAME":"19.02","NAME":"Census Tract 19.02","LSADC":"CT","FUNCSTAT":"S","AREALAND":19712003,"AREAWATER":127988,"CENTLAT":"+29.6913906","CENTLON":"-082.2860453","INTPTLAT":"+29.6906298","INTPTLON":"-082.2877593","OBJECTID":68488}},{"type":"Feature","id":68489,"geometry":{"type":"Polygon","coordinates":[[[-82.657042999661172,29.72663500012418],[-82.656945999576806,29.720248999913249],[-82.656940999553925,29.719921000352699],[-82.656904999568908,29.711299000186461],[-82.656902000094178,29.71040699967061],[-82.656888999675388,29.707738000089737],[-82.656873999606773,29.70559400011981],[-82.65686399956104,29.703964999847752],[-82.65686299973612,29.703924000333455],[-82.656827999576024,29.696559999992285],[-82.656878999629654,29.69644900008959],[-82.656890000398619,29.696383000321255],[-82.656897999896216,29.696264999847116],[-82.656921000360768,29.695458000176842],[-82.656918999812618,29.694257999826636],[-82.656934999706138,29.693458000214655],[-82.656922000185659,29.692969000000591],[-82.656892000048444,29.692518000315477],[-82.656890000398619,29.692410000348293],[-82.656897999896216,29.692207999823491],[-82.656882999827602,29.691045000360848],[-82.656900000444367,29.690414999695413],[-82.656903999744017,29.690028999885612],[-82.656931000406502,29.689328999889092],[-82.65692700020854,29.689071000214675],[-82.656912999964845,29.688701000318019],[-82.656907000117059,29.688172000354449],[-82.65690999959179,29.687825000206939],[-82.656898999721122,29.686843999659757],[-82.65690999959179,29.686559999734662],[-82.656907000117059,29.685878999744602],[-82.656902999919083,29.685585999666589],[-82.656897999896216,29.685206999625027],[-82.656901000269258,29.685039999783243],[-82.656926000383635,29.683588000138442],[-82.65701900027004,29.681960000237346],[-82.656569999833152,29.679848000057323],[-82.656558000137593,29.677283000260925],[-82.656554999764538,29.676636999998088],[-82.656384999885219,29.676264999985982],[-82.656365999618657,29.673843000208457],[-82.656346000425486,29.671023999685712],[-82.656346000425486,29.670999000088731],[-82.656374000014594,29.667311000111766],[-82.656399999953848,29.665820999955002],[-82.656401999603673,29.659014999642693],[-82.656534999673056,29.652780999939193],[-82.656534999673056,29.652744000006564],[-82.656542000244073,29.650329999611127],[-82.656548999916765,29.648250000000587],[-82.656550999566576,29.647642000223797],[-82.656550999566576,29.647601999688582],[-82.656384999885219,29.647475999772407],[-82.656387000433369,29.646696000015751],[-82.656411999649407,29.646000000163095],[-82.656409999999582,29.645512000358003],[-82.656409999999582,29.645420000123348],[-82.656416999672274,29.64512200026261],[-82.656428000441252,29.644741999857558],[-82.656434000289039,29.64416999982241],[-82.656434000289039,29.64314600013839],[-82.656425000068197,29.642272000129971],[-82.656399000128943,29.640803999670876],[-82.656375999664405,29.639431999910151],[-82.656353000098193,29.638752000343363],[-82.656338000029578,29.638279000185047],[-82.656322999960949,29.637804999958369],[-82.656319999587907,29.637058999889547],[-82.656311000265404,29.634542999849],[-82.656311000265404,29.63440800032587],[-82.656310000440484,29.63384499986082],[-82.656308999717254,29.632741999679926],[-82.656308999717254,29.632731999629378],[-82.656328999808736,29.631879000333132],[-82.656319999587907,29.631195000285125],[-82.656316000288257,29.630845999836442],[-82.656314999565026,29.630751999739346],[-82.656314999565026,29.630556999798163],[-82.656311000265404,29.62882699966746],[-82.656307000067443,29.628561000297175],[-82.656297000021681,29.627861999954423],[-82.656283999602891,29.627462999937134],[-82.656286000151042,29.627349999711605],[-82.656293999648639,29.626957999743617],[-82.656301000219642,29.62663000028752],[-82.656275000280388,29.626083000281131],[-82.65626299968649,29.625669000290397],[-82.656276000105279,29.625230999659298],[-82.656296000196775,29.624553000126205],[-82.656298999671506,29.624224000325842],[-82.656302999869467,29.623957999735037],[-82.656297000021681,29.62369200000381],[-82.656291999998814,29.623463000124822],[-82.656292999823734,29.622914999767911],[-82.65626299968649,29.622344999831189],[-82.656265000234654,29.621779999972574],[-82.656272999732238,29.62086200032364],[-82.65628100012816,29.619953999879314],[-82.656291999998814,29.618769000170001],[-82.656307999892334,29.618179999948037],[-82.656292999823734,29.617489999828301],[-82.656295000371856,29.617077999684284],[-82.656295000371856,29.616977999986691],[-82.656288999625772,29.616424999844384],[-82.656288999625772,29.616401000364043],[-82.656288999625772,29.615626999807006],[-82.656288999625772,29.6154799996864],[-82.656288999625772,29.61518999967528],[-82.656298999671506,29.614699000062117],[-82.656297000021681,29.61445400034998],[-82.656297000021681,29.614316999617085],[-82.656311000265404,29.613798000190879],[-82.656305000417618,29.61349999970847],[-82.656305000417618,29.613479999691698],[-82.656308999717254,29.613143999754122],[-82.656301000219642,29.612512000072631],[-82.656301000219642,29.612282999781034],[-82.656302000044562,29.611934999876588],[-82.65628100012816,29.611266999764002],[-82.656278999580024,29.611206000262687],[-82.656298999671506,29.609706999627178],[-82.656311000265404,29.608119000082574],[-82.656286999975933,29.607161000000531],[-82.656282999777972,29.607051000362414],[-82.656280000303241,29.606970000126161],[-82.656275000280388,29.606842999653626],[-82.656271000082427,29.606743999672481],[-82.656300000394737,29.605825999762004],[-82.656306000242523,29.604949999859976],[-82.656306000242523,29.603913000049747],[-82.656306000242523,29.603901999737019],[-82.656307999892334,29.603778000104889],[-82.656312000090296,29.603581999770753],[-82.656317999938068,29.603241000114533],[-82.656322999960949,29.603015999648097],[-82.656322999960949,29.603004000265194],[-82.656314999565026,29.602529999676712],[-82.656303999694387,29.601780000254845],[-82.656297999846601,29.601388999800275],[-82.656283999602891,29.600539999880617],[-82.656301000219642,29.60000500017966],[-82.656301000219642,29.599987999960149],[-82.656302000044562,29.599544999707998],[-82.656305000417618,29.598389000319461],[-82.656307999892334,29.59808199981693],[-82.656310000440484,29.597915999715703],[-82.656322000136029,29.597479000147512],[-82.656316000288257,29.597302000364603],[-82.656317999938068,29.59695900015717],[-82.656305000417618,29.596583999957552],[-82.656295000371856,29.596265999845777],[-82.656291000173894,29.596142000198608],[-82.656283999602891,29.595896999918551],[-82.656312000090296,29.595605000168892],[-82.656310000440484,29.59496799996737],[-82.656319999587907,29.594694999877174],[-82.656316000288257,29.594032000376391],[-82.65632700015891,29.593634999711256],[-82.656285000326122,29.593168999987128],[-82.656285000326122,29.592618000204688],[-82.656290000348989,29.592061999666221],[-82.656298999671506,29.590841999947468],[-82.656301000219642,29.590642999845045],[-82.656313999740121,29.590368999890106],[-82.656337000204658,29.589907000236764],[-82.656348999900231,29.589121999833409],[-82.656348999900231,29.589098999995219],[-82.656342000227539,29.588281999658438],[-82.656338000029578,29.587788999674313],[-82.656339999679389,29.587371999715181],[-82.656339999679389,29.587326000016947],[-82.656334999656522,29.587223999898001],[-82.656317999938068,29.586776000268443],[-82.656301000219642,29.585889999741383],[-82.656301000219642,29.585691999953276],[-82.656301000219642,29.58554899964772],[-82.656282999777972,29.58469099980865],[-82.656270000257507,29.58409400021144],[-82.656271000082427,29.583731999906888],[-82.656271999907318,29.583533999790959],[-82.656271999907318,29.583412000015379],[-82.65628100012816,29.583121999969677],[-82.656329999633655,29.58266099990319],[-82.656338000029578,29.582392999894825],[-82.656342000227539,29.58202699989404],[-82.656338000029578,29.581619000032106],[-82.656323999785869,29.581312000061576],[-82.656329999633655,29.580930999685158],[-82.656338000029578,29.5804860001744],[-82.656338000029578,29.579991999624145],[-82.656321000311138,29.579484999958261],[-82.656307000067443,29.579269000311697],[-82.656286999975933,29.578959000249977],[-82.656297999846601,29.578426000166218],[-82.656318999762988,29.578256999761646],[-82.656337000204658,29.578209999816153],[-82.656428000441252,29.573384999922233],[-82.656451000007479,29.57222699995021],[-82.656456999855251,29.571913999956926],[-82.656303999694387,29.564946000264769],[-82.656302999869467,29.564899999723472],[-82.656301000219642,29.564810999754737],[-82.656307999892334,29.564572000012586],[-82.656308999717254,29.563976999705105],[-82.656288999625772,29.56376099969939],[-82.656316000288257,29.563041999619223],[-82.656352000273273,29.562468999961677],[-82.656369999816633,29.562246000319526],[-82.656375999664405,29.562213999973036],[-82.65643799958869,29.561910000083103],[-82.656436999763784,29.561887999675154],[-82.656425000068197,29.561577000001929],[-82.656430000091078,29.561460000304127],[-82.656419000220424,29.561397000050107],[-82.656400999778768,29.561290000247947],[-82.656301000219642,29.560930999952262],[-82.656240000120292,29.560746999724103],[-82.656205999785087,29.560561999768357],[-82.656209000158128,29.560410999971467],[-82.656235000097411,29.560095000328577],[-82.656245000143144,29.559921000380164],[-82.656266000059546,29.55970900024457],[-82.656298999671506,29.559472999924182],[-82.656318999762988,29.559284000015023],[-82.65632799998383,29.559081999646807],[-82.656316000288257,29.558732999675808],[-82.656291999998814,29.558610000213676],[-82.656298999671506,29.558345000247499],[-82.656310000440484,29.557228999836305],[-82.656303999694387,29.557022999993716],[-82.656286000151042,29.556846999803067],[-82.656280000303241,29.556683000290683],[-82.656282999777972,29.556482999838991],[-82.65632700015891,29.555915000023266],[-82.656312000090296,29.555746000234908],[-82.656290000348989,29.555613000378397],[-82.656292999823734,29.555403000248486],[-82.656290000348989,29.555217999884103],[-82.656292999823734,29.555000000228052],[-82.656287999800867,29.554742999678108],[-82.656293999648639,29.553812999726862],[-82.656306000242523,29.553780000375486],[-82.656322000136029,29.553732999978255],[-82.656353000098193,29.5536219996849],[-82.65636099959579,29.553492000108555],[-82.656362000319007,29.553229999961264],[-82.656336000379738,29.553140999869974],[-82.656321000311138,29.552992999887074],[-82.656313999740121,29.552847999656674],[-82.656316000288257,29.551925999968947],[-82.656312999915215,29.551157000007251],[-82.656318999762988,29.550983000295485],[-82.656334999656522,29.550895000057714],[-82.656132999990149,29.550829999708579],[-82.65594800004223,29.55069100034849],[-82.656382000410503,29.550325000320733],[-82.656380999687272,29.550183000217796],[-82.656370999641538,29.548855000064766],[-82.656369999816633,29.546739999705203],[-82.656331000356872,29.535619999631187],[-82.655046999693724,29.535658999617677],[-82.654917999822302,29.535662999735678],[-82.654900000278943,29.535664000155936],[-82.654756000338907,29.535668000273734],[-82.654660999904351,29.535670999971199],[-82.654444999994283,29.535677999786028],[-82.63949599970563,29.536143999876582],[-82.639165999992755,29.536107000127345],[-82.638661000377695,29.536073000050063],[-82.63837599997234,29.536064000211599],[-82.637770000074937,29.536055000372372],[-82.637487000217718,29.536066999897308],[-82.636964000160972,29.536081999887738],[-82.636696000372382,29.536079000202459],[-82.636209000300653,29.536053000321132],[-82.63594999983458,29.536062999795298],[-82.635635000190305,29.536088000039602],[-82.635060000255038,29.536154000123332],[-82.634507000061092,29.536197000000758],[-82.634275000257489,29.536207000242278],[-82.634051999776418,29.536209999923763],[-82.633562000229958,29.536177999929922],[-82.63314399975522,29.53625099973009],[-82.632894000408285,29.536282000068205],[-82.632224999863368,29.536282999700752],[-82.632019999823953,29.536271999834113],[-82.63180599956371,29.536267000107443],[-82.631613000118165,29.536265000060453],[-82.631014999718374,29.536282000068205],[-82.630647000370658,29.536297999659133],[-82.629941999840739,29.536307999890667],[-82.629706999664108,29.53631499966135],[-82.629483000256428,29.536322999845293],[-82.629222000140516,29.536331000028653],[-82.628750999962307,29.536337000165748],[-82.628488000196597,29.536341000256918],[-82.628145999889838,29.536358000251909],[-82.627669999688777,29.536371000154201],[-82.627129000088701,29.536379999965352],[-82.625795999920044,29.536435000009511],[-82.625453999613285,29.536434000378478],[-82.625106000357064,29.536439999727872],[-82.624574000079477,29.536462999835834],[-82.624329999682033,29.53647000037736],[-82.623994000121357,29.536471999638792],[-82.623636999745983,29.536490999654376],[-82.623394999896647,29.536464000248181],[-82.623252999606422,29.536456999706211],[-82.623101000168774,29.536462999835834],[-82.623066999833597,29.5364739996817],[-82.623046999742101,29.536483000265264],[-82.622879000410919,29.536568999722036],[-82.622747999991361,29.536602000003096],[-82.622675000196409,29.536631000193854],[-82.620820999620875,29.536734999866237],[-82.618716999698393,29.536852999680537],[-82.61833099990902,29.536873999659615],[-82.617945000119647,29.536896000042312],[-82.615960000022838,29.53700800035347],[-82.615732000417225,29.53701999976537],[-82.615503000088353,29.53703300036414],[-82.614636999899943,29.537081000335974],[-82.613769000061723,29.537106999952982],[-82.612451999786614,29.537160000354007],[-82.611086000006011,29.537150999830708],[-82.610814999844365,29.537154000265755],[-82.610096999793953,29.537104999922544],[-82.608705000074082,29.537169000094941],[-82.608480999768105,29.537185999950726],[-82.607238999836071,29.537275999645367],[-82.606389000439492,29.537297000318098],[-82.606099999836175,29.537304999642824],[-82.603939000012275,29.537392000366808],[-82.603821999836427,29.537395999634658],[-82.603704999660565,29.53740100008708],[-82.602204999985673,29.537461000025349],[-82.599615999641287,29.53763500034843],[-82.598859999956048,29.537717000351996],[-82.598736000107479,29.537719000370274],[-82.595376999834173,29.537783000154061],[-82.595150000053437,29.537787000188032],[-82.594967999580263,29.537793999856341],[-82.594785000180465,29.537801999923254],[-82.593615000218449,29.537814000022507],[-82.589561000359268,29.537854000342985],[-82.589171000371934,29.537848999912967],[-82.587114000305121,29.537801000305731],[-82.573579000375972,29.537483000280336],[-82.56985299968153,29.537512000218431],[-82.568939999637465,29.537479999855112],[-82.568754999689531,29.53758200019638],[-82.568410999732947,29.537685000053511],[-82.568075000172286,29.537693999747702],[-82.567715000322181,29.537685000053511],[-82.567265999885294,29.537666000262259],[-82.566793999882194,29.537654999764495],[-82.566332999749719,29.537664000242923],[-82.565878000363369,29.537658000184582],[-82.565440999622055,29.537631000308455],[-82.564915000090593,29.537619999806861],[-82.564572999783834,29.537590999899745],[-82.564289999926615,29.537605000044582],[-82.564103000328856,29.537609999705083],[-82.563196000132578,29.537598000363193],[-82.561185999921435,29.537582999816141],[-82.559158999991837,29.537574999731827],[-82.55825599999352,29.537613000126456],[-82.557564999707282,29.537605999664052],[-82.557394000003072,29.537584999837065],[-82.557197000359579,29.537527999614749],[-82.557106000122971,29.537465999692913],[-82.557029999954992,29.53736199999085],[-82.557007000388765,29.537310999722106],[-82.556932000045705,29.537031999957367],[-82.556841999634017,29.536629999783166],[-82.556798999976309,29.536326999937089],[-82.556768999839093,29.535638999806853],[-82.556726000181371,29.535235999922929],[-82.556669000279967,29.534555999727992],[-82.556685999998393,29.534308999991779],[-82.556726000181371,29.534042000307149],[-82.556752000120653,29.533795000097072],[-82.556723999633249,29.53351399990926],[-82.556707999739714,29.533267999635232],[-82.556723999633249,29.532906999728699],[-82.556721999983409,29.53245699977094],[-82.556736000227133,29.532125000015711],[-82.556766000364348,29.529514999731713],[-82.556749999572503,29.528603000049646],[-82.556699000417197,29.525719000082557],[-82.556697999693981,29.525698999869469],[-82.556511000096222,29.511981999684384],[-82.555131000071924,29.512795999892823],[-82.554495000037292,29.513180000354023],[-82.554074999912729,29.513433000016484],[-82.55291499999646,29.514148000197956],[-82.552545000100579,29.514382000311613],[-82.551765000125926,29.514873999868371],[-82.550621999928083,29.515609999735776],[-82.55027899979639,29.51584100009239],[-82.549051999932971,29.516668999668184],[-82.548108999751676,29.517304999829001],[-82.548006999644429,29.517373999901118],[-82.546017000423078,29.518734999841335],[-82.545638000306383,29.518982000085128],[-82.544659999964978,29.519656999682631],[-82.543678000323936,29.520303999866076],[-82.543418000032943,29.520485999874047],[-82.542711999678119,29.520979999809043],[-82.54183399979415,29.521578999860608],[-82.541466000446434,29.521830000080726],[-82.540165000064846,29.522717000217856],[-82.53993900010903,29.522871000120951],[-82.539845000397705,29.522934999920356],[-82.539774000252592,29.522983000329656],[-82.53956500001523,29.523125000332161],[-82.538740999659609,29.523688000345942],[-82.536153000038453,29.525465999870111],[-82.536137000144947,29.525466999609552],[-82.53442599968453,29.526639000140353],[-82.533794999672764,29.527064000064744],[-82.533694000288733,29.527132000011989],[-82.533418999929125,29.527315999686085],[-82.531609999559407,29.528536999727834],[-82.530134000173973,29.52954200021151],[-82.529986000035947,29.529641999783383],[-82.528465000444655,29.530670000092833],[-82.527584000187645,29.531285000212868],[-82.526764000029999,29.531843999877495],[-82.526322000164129,29.53214499973987],[-82.525639000273827,29.532610999696956],[-82.524439000174581,29.533417000022006],[-82.52429000021165,29.533516999670617],[-82.523993000110735,29.533717000234507],[-82.523839000124951,29.533822000215824],[-82.523311000045354,29.534182999982555],[-82.521852000378331,29.535176999871094],[-82.521556000102322,29.535377000278295],[-82.52081100028775,29.535880999675193],[-82.520624999616601,29.536006999913472],[-82.519107000398336,29.537042000116323],[-82.5191049998502,29.537656000165033],[-82.519108000223255,29.537728000061453],[-82.519128000314723,29.537948999868327],[-82.519162999576537,29.53816900035984],[-82.519212999805248,29.538385999974274],[-82.51927700027764,29.538600999903704],[-82.519319999935362,29.538716999886642],[-82.519430000438533,29.538985000119741],[-82.519555000112007,29.539248999666516],[-82.519693000204256,29.53950799973919],[-82.519843999816999,29.539760999996354],[-82.521355000260883,29.54245800027179],[-82.521760000316831,29.543180999720455],[-82.52208500000684,29.54376100016453],[-82.522223000099103,29.544008999813052],[-82.522311999787561,29.544177999691396],[-82.522387000130621,29.544322999856607],[-82.522628999979972,29.544749000038859],[-82.522885000073003,29.545169999921011],[-82.523302999649431,29.545809000028203],[-82.523730000345012,29.546392999935744],[-82.524034999943538,29.546787000228768],[-82.526032999560798,29.54924299998606],[-82.526175999675942,29.549419000136023],[-82.527588000385606,29.551155999740246],[-82.527785999854018,29.55139999972311],[-82.528306000436004,29.552024999807156],[-82.529503999987114,29.553516999949881],[-82.530069999701553,29.554211999627576],[-82.531206000226703,29.555605000158181],[-82.532786000267535,29.557544999848254],[-82.532821000427631,29.557590999831874],[-82.533727999725613,29.558708999754387],[-82.534870999923456,29.560117999742442],[-82.535306000116634,29.56064299975267],[-82.535639000202565,29.561044000367911],[-82.538039000401056,29.563998999658057],[-82.540078999851119,29.566493999674716],[-82.540853999802934,29.567456000350163],[-82.542347999630039,29.569295999722357],[-82.542515000034626,29.569502000320302],[-82.545126999945225,29.572705000139514],[-82.547005999736811,29.57501499987368],[-82.548317999989052,29.576626999808415],[-82.549595999906103,29.578210999815227],[-82.551781000019432,29.580904999625542],[-82.552916999646271,29.582278999972885],[-82.553608999757401,29.583148000239415],[-82.554663000266785,29.584443999970453],[-82.554919000359817,29.584752999657283],[-82.555292999555306,29.585161000130469],[-82.555442000416548,29.585317000059323],[-82.555663000349483,29.585503999826457],[-82.555829999855746,29.58565399967334],[-82.556027000397549,29.585816999868658],[-82.556243000307632,29.586017000036161],[-82.556620999701082,29.586319000162973],[-82.565603000003762,29.593556999957695],[-82.56708099993736,29.594723999795942],[-82.568542000152533,29.595923999844644],[-82.569768000191019,29.596905999884438],[-82.570902000168047,29.597814999953336],[-82.573131999588895,29.599602000085792],[-82.573249999589692,29.599696000336934],[-82.573359000267942,29.599785000012066],[-82.573879999776523,29.600210999809242],[-82.574844999699138,29.600964000065936],[-82.576717999642938,29.602470999874321],[-82.577341000157105,29.602972000341754],[-82.577679000265903,29.603244000148575],[-82.5785239996396,29.603935999634725],[-82.579594999867396,29.604776999634819],[-82.58113999974816,29.606011000338125],[-82.582381999680194,29.607027999925901],[-82.583836000222661,29.608182999776719],[-82.585232000140479,29.609299000018908],[-82.586626000408472,29.610423999865652],[-82.58756799986655,29.611173000145808],[-82.588357999886981,29.611827999758777],[-82.589225999725201,29.612475999842992],[-82.589625999758269,29.612801000322314],[-82.589769999698333,29.612917999863491],[-82.590652999605183,29.613636999989854],[-82.591598000334599,29.614372999813739],[-82.592626000006391,29.615223999671318],[-82.593436999943222,29.61588199995386],[-82.594026000122184,29.616342999709026],[-82.594611999928119,29.616793000011342],[-82.594939000166249,29.617063999623266],[-82.595087000304261,29.617186999702323],[-82.595293999993501,29.617339999686479],[-82.595344000222212,29.617387000145388],[-82.595841000339675,29.617856000018303],[-82.595991000127498,29.618012999747943],[-82.596254999718155,29.618299999860117],[-82.596555000192112,29.618682999645543],[-82.596699999957067,29.618879999894013],[-82.596813999759874,29.619045999844083],[-82.597306999679375,29.619827999732003],[-82.597499000198326,29.620113000193662],[-82.597530999985381,29.62016400003505],[-82.597982999896985,29.620879000147291],[-82.598141000080744,29.621138000137741],[-82.598221000446685,29.621268999632168],[-82.598255999708471,29.621322999946457],[-82.598475999816486,29.621667999969958],[-82.598694000274691,29.622021000016364],[-82.599004999721004,29.622525999965909],[-82.599106999828237,29.622690999818371],[-82.599274000232839,29.62296300030583],[-82.599596000448102,29.62346600033802],[-82.599707999702787,29.623655000314379],[-82.599879000305336,29.623943000303164],[-82.600337999889646,29.624666999903763],[-82.600850999900615,29.62548899986572],[-82.602023000410782,29.62732000029386],[-82.602609000216702,29.628270999666775],[-82.603126000425661,29.629095999942674],[-82.604055000363246,29.630550999794007],[-82.604414000388445,29.631131000367223],[-82.604830000315062,29.631826999926364],[-82.604943000292963,29.632030999626238],[-82.605042999852074,29.632240000134285],[-82.60514099976136,29.63248500033087],[-82.605287000249547,29.632810000309433],[-82.605440000410411,29.633223999844599],[-82.605617999787341,29.63368000031678],[-82.605739999986071,29.634014000041127],[-82.606162999585365,29.635172999915561],[-82.606271000438724,29.635530000338257],[-82.60635199973126,29.635831000323734],[-82.606385000241545,29.635955000344033],[-82.60641500037876,29.636065999873814],[-82.606472000280178,29.636362000364191],[-82.606510999739925,29.636617999770145],[-82.606565000166597,29.637225000338926],[-82.606567999641328,29.637527000134924],[-82.606576999862156,29.637856999621093],[-82.606570000189464,29.638298999964356],[-82.606581000060118,29.639121999735607],[-82.606595000303827,29.641675000259184],[-82.606601000151599,29.642757999745406],[-82.606611000197361,29.64378499986071],[-82.606618999694945,29.644754999856023],[-82.606632999938654,29.645717999882716],[-82.606632000113748,29.645967999838756],[-82.606629999565612,29.646499000293286],[-82.606631000288829,29.646599999676031],[-82.606642000159496,29.647410999958467],[-82.606637999961535,29.648384999703154],[-82.60665200020523,29.64935299972721],[-82.606672000296712,29.650313000073819],[-82.606688000190246,29.651262000024886],[-82.606709999931567,29.652217999936354],[-82.606718000327476,29.65256200026656],[-82.606724000175248,29.652826000176461],[-82.606730999847954,29.653061999911856],[-82.606735000045902,29.65318699982538],[-82.606736999695727,29.653267000344307],[-82.606756999787208,29.653969000082306],[-82.606760000160264,29.65406100031003],[-82.606761999810089,29.654089000294771],[-82.606766999832971,29.654182999684682],[-82.606818999711507,29.655121999666893],[-82.606848000023803,29.655627999936073],[-82.606874999787991,29.656105999806542],[-82.606898000252528,29.656862000032298],[-82.606899999902353,29.656935999978458],[-82.606905999750126,29.657107999643017],[-82.606906999575045,29.657135000344322],[-82.606909000123181,29.657208000093522],[-82.60693300041261,29.65795899990276],[-82.606941999735142,29.658246000164418],[-82.60695000013105,29.658508000028565],[-82.606954000329011,29.658633000203061],[-82.606961999826638,29.658889999942776],[-82.606971999872371,29.659225000319022],[-82.606971999872371,29.659453000088622],[-82.606976999895238,29.660437000029017],[-82.606977999720158,29.660587999960683],[-82.606976000070333,29.660738999665732],[-82.606972999697277,29.661202000109036],[-82.606969000397626,29.661872999912003],[-82.606951999780875,29.663305999787035],[-82.606947999582914,29.664247000350063],[-82.606947999582914,29.664651000183014],[-82.606949000306159,29.665009999722173],[-82.606951999780875,29.666447999706293],[-82.606955999978837,29.668383999647986],[-82.606966999849504,29.668931000105118],[-82.60697000022256,29.669100999801017],[-82.606975000245413,29.6696999998649],[-82.606986999940986,29.671078999713842],[-82.606993999613678,29.673494000100593],[-82.606998999636559,29.675207999660081],[-82.60699699998672,29.675745000004014],[-82.606997999811639,29.675914999888722],[-82.606998999636559,29.676060000366711],[-82.607001000184681,29.676413000155645],[-82.607002000009615,29.677523000337789],[-82.607037000169697,29.679570000081487],[-82.607037999994603,29.682274000111367],[-82.607038999819522,29.683254000260604],[-82.607028999773775,29.683693999975151],[-82.607036000344777,29.684584000232061],[-82.607037000169697,29.684729999635774],[-82.607039999644428,29.685003999729616],[-82.607041000367659,29.685142999713779],[-82.607047000215445,29.686485000027218],[-82.607049999690176,29.687389999888243],[-82.607051000413406,29.687617999800331],[-82.607053000063217,29.688087000276152],[-82.607067000306927,29.689672999725254],[-82.607070999606577,29.691032999760782],[-82.607072000329794,29.69159699988241],[-82.607074999804539,29.692707000173876],[-82.607083000200461,29.695547000283472],[-82.607082000375541,29.695856999837691],[-82.607073000154713,29.69826599970245],[-82.607073999979619,29.6988740001383],[-82.607099000093967,29.701267999830677],[-82.607103000291929,29.703864000328991],[-82.607109999964635,29.705753000123352],[-82.607120999835288,29.70862299983354],[-82.607120999835288,29.708749000384667],[-82.607121999660194,29.709100999786234],[-82.607121999660194,29.709205999756698],[-82.60712500003325,29.711171000015149],[-82.607114000162596,29.712832999990805],[-82.607134000254078,29.713787000020059],[-82.607135000078983,29.71429299995804],[-82.607135000078983,29.714558999698276],[-82.607135999903903,29.714722999791082],[-82.607140000101865,29.715776999730952],[-82.60714099992677,29.716079000073815],[-82.607137999553728,29.718474000152213],[-82.607149000322678,29.71958100019047],[-82.607154000345574,29.720139999968897],[-82.607159000368441,29.720642000068295],[-82.607150000147612,29.721954999749553],[-82.607180000284828,29.722946999656941],[-82.60718799978244,29.723359000077256],[-82.60718699995752,29.724780999800384],[-82.607171999888891,29.725608999876044],[-82.607167999690944,29.725833000030093],[-82.60717000023908,29.726039000378137],[-82.607178999561611,29.726919999934854],[-82.607161999843157,29.727058000340616],[-82.607164000391307,29.727433999816039],[-82.608227000223209,29.727413999821341],[-82.609878000409154,29.727393999822649],[-82.611772000269355,29.727364999895457],[-82.615137000390447,29.727313999788006],[-82.615477000149085,29.727303999779163],[-82.615768000402213,29.72729599992741],[-82.616741999647331,29.727260000196598],[-82.617058999839756,29.727248000023412],[-82.617521999622014,29.72722699991192],[-82.617892000416191,29.727209000035778],[-82.620406000417489,29.727093000062851],[-82.623554999730217,29.726956999870065],[-82.623712999913977,29.726944999660663],[-82.624302000092939,29.726927999816581],[-82.625850000346716,29.726870999767733],[-82.630925000204996,29.72668499971158],[-82.631999999732471,29.726647000370679],[-82.633985999654172,29.726575999736543],[-82.636108000018325,29.726505999919148],[-82.636230000217054,29.726502000351598],[-82.640373999589627,29.726366000137848],[-82.641430999573728,29.726331000161984],[-82.644538999776856,29.726239999855654],[-82.647463999681918,29.7261539999189],[-82.648709999811913,29.726117999778367],[-82.650679999840108,29.726058999866794],[-82.65289199971761,29.725993000056846],[-82.654084000319259,29.725962000320212],[-82.654233000282176,29.725963999724744],[-82.654564999644876,29.72598099973214],[-82.65476600038464,29.725996999644689],[-82.655202000402724,29.726056000372822],[-82.655738999804854,29.726168999713597],[-82.656165999602123,29.726292999906956],[-82.656557000312688,29.726430999614813],[-82.657042999661172,29.72663500012418]]]},"properties":{"MTFCC":"G5020","OID":"20790267578296","GEOID":"12001002210","STATE":"12","COUNTY":"001","TRACT":"002210","BASENAME":"22.10","NAME":"Census Tract 22.10","LSADC":"CT","FUNCSTAT":"S","AREALAND":148112027,"AREAWATER":6700259,"CENTLAT":"+29.6087351","CENTLON":"-082.6111668","INTPTLAT":"+29.5838549","INTPTLON":"-082.6229797","OBJECTID":68489}},{"type":"Feature","id":72599,"geometry":{"type":"Polygon","coordinates":[[[-82.327550000379361,29.635711000209078],[-82.327444999899072,29.635630000363193],[-82.327014999728746,29.635298000179137],[-82.326823000108135,29.635015000160028],[-82.326675999795043,29.634778000061957],[-82.326511999763511,29.63441699998743],[-82.326372999846328,29.633953000253602],[-82.326163999608966,29.633287999994337],[-82.32604800015632,29.632954999661276],[-82.32601899984401,29.632869999770378],[-82.325901999668147,29.632485999791836],[-82.325783999667365,29.632117999935275],[-82.325653000146104,29.631771000059],[-82.325501999635051,29.631501999899442],[-82.325308000364615,29.6312329998023],[-82.325053000096489,29.630966999757536],[-82.324752999622518,29.630727000288541],[-82.324441000351314,29.630535000301663],[-82.323743000392383,29.630205000250001],[-82.32327700023707,29.629990000167169],[-82.323139999969712,29.629926999750879],[-82.322452999881463,29.629589000228417],[-82.322322000360202,29.62952200003825],[-82.322293000047893,29.629569000281201],[-82.322173000397285,29.629797000068738],[-82.32162199985315,29.6298429999154],[-82.321419000361871,29.629844999670595],[-82.320040999987398,29.629859000298453],[-82.318080000180061,29.629879000188104],[-82.318075999982099,29.62773899963026],[-82.317117999732162,29.627722000183152],[-82.317116000082351,29.627563999672073],[-82.314839999732428,29.627563999672073],[-82.314834999709547,29.627689000007887],[-82.314175000283782,29.627677999947093],[-82.311166999639752,29.627655000312995],[-82.309210999855267,29.621357999787644],[-82.309150999580822,29.621156000269107],[-82.309097999877366,29.620951999633078],[-82.309051000021697,29.620748000145866],[-82.309010000013814,29.6205420003059],[-82.308737000202342,29.619093999882161],[-82.308661999859268,29.618641999723788],[-82.308644000315923,29.617899999857759],[-82.30863699974492,29.617507999830305],[-82.308625999874252,29.617345999696479],[-82.308517999919218,29.617067999640888],[-82.308339999643991,29.616500999853155],[-82.308194000054129,29.61599499976365],[-82.308126000282058,29.615720999957652],[-82.308004999908235,29.61534600002194],[-82.307968999923219,29.615174000086654],[-82.307937000136164,29.614869999610303],[-82.307888999557278,29.614533999620207],[-82.307797000394089,29.614187999742867],[-82.30767199982229,29.613792999616134],[-82.307584999783671,29.61359600035837],[-82.307548999798655,29.613463999831655],[-82.307326000215895,29.613068000338153],[-82.305479000211378,29.609802000298242],[-82.305239000011852,29.609356000350537],[-82.30455799977139,29.6087250000487],[-82.301726999577667,29.607897000242797],[-82.300635000331766,29.607433000223534],[-82.298141000421936,29.607447999769434],[-82.295916999950535,29.605714999722011],[-82.295284000288959,29.601745999630253],[-82.292648000088903,29.59847599998918],[-82.284076999689958,29.595835999711653],[-82.282305999853421,29.596449000356763],[-82.279272000168419,29.598779999906874],[-82.278339999857778,29.59955300035222],[-82.273374999604343,29.603528000105882],[-82.272603000025583,29.605142000168751],[-82.27194600007455,29.607762000164584],[-82.271362999743374,29.608258000050007],[-82.263113999559707,29.613293000241235],[-82.253957000253138,29.612067999726026],[-82.253951000405351,29.612213999693463],[-82.253893999605637,29.612404999786275],[-82.253815999787847,29.612564000294928],[-82.253664000350184,29.612733000246209],[-82.253907000024427,29.612937000336846],[-82.25440699961662,29.613425999860972],[-82.254649000364282,29.613712000110642],[-82.254829000289334,29.613943999995637],[-82.25500599984133,29.61421900036947],[-82.255200999834997,29.614552000150109],[-82.255344999775062,29.614851000282279],[-82.255481000217486,29.615184999950571],[-82.255575999753731,29.615476000386732],[-82.255651999921696,29.615790999614099],[-82.25571700021905,29.616125000072348],[-82.255760999701664,29.616496999812977],[-82.255794000211935,29.616884999843148],[-82.25579599986176,29.617182000076667],[-82.255991999680333,29.619691000056221],[-82.256055000327834,29.619968999904945],[-82.256247999773379,29.620716000387908],[-82.256365999774147,29.621070999793975],[-82.256487000147985,29.621381000078259],[-82.256662000050156,29.621857999761477],[-82.2568339995793,29.622259000015653],[-82.256995999961006,29.622596000362279],[-82.257186999756712,29.622970999872681],[-82.257400000192035,29.623364000067181],[-82.257582999591833,29.623669000240685],[-82.257764000240115,29.623924000342821],[-82.25796900027953,29.624253999884537],[-82.25823299987016,29.624644999901946],[-82.258432000061802,29.62488100009687],[-82.258545999864623,29.62503499964804],[-82.258878000125648,29.625435000222197],[-82.259443999840073,29.626078999840455],[-82.259371000045135,29.626144999673052],[-82.260863000222429,29.627427000362754],[-82.262327999737238,29.62871799974624],[-82.264002000387734,29.630044999977812],[-82.264835000065858,29.6307369997573],[-82.265650000200623,29.631484000054673],[-82.266318999847229,29.632012999876068],[-82.266827999660265,29.632411000369384],[-82.267359000112904,29.632774999761541],[-82.26791399995669,29.633129000169632],[-82.268548000341497,29.633507999661987],[-82.268585000151418,29.633530000070788],[-82.268811000107235,29.633656999710578],[-82.269203999569299,29.633841999956722],[-82.269585000234116,29.633997000091234],[-82.269846000350029,29.634142000076771],[-82.26990099970331,29.634174000255417],[-82.270837000211912,29.634623000348522],[-82.271796000286727,29.635022000114919],[-82.272490000047682,29.635385000008597],[-82.275691999962163,29.636800999645111],[-82.27607799975155,29.636986000362587],[-82.277153000177321,29.637484999881369],[-82.2773980003997,29.63759799966849],[-82.278677999966575,29.638161000235037],[-82.2790389996416,29.638323999878086],[-82.2798560003245,29.63862600028223],[-82.280797999782578,29.639084000071708],[-82.281387999786475,29.639380999672451],[-82.282408999785559,29.639859000182135],[-82.283228000118299,29.640195000044802],[-82.28400499971994,29.640560999734785],[-82.284567000134729,29.640797000117907],[-82.284714000447821,29.640875000017008],[-82.284973000015583,29.64098699974647],[-82.285604000027362,29.6412600001755],[-82.285917999846703,29.641398999714866],[-82.288244000425351,29.642480000323243],[-82.289186999708335,29.642908000300025],[-82.290174000270582,29.643354000087559],[-82.291175000178185,29.643875999899375],[-82.291831000304313,29.644211000285168],[-82.292340999942255,29.644457999711264],[-82.292691999571517,29.6446410001722],[-82.293350000245795,29.644996000365314],[-82.294306999772473,29.645465999860853],[-82.294839000050032,29.645717999882716],[-82.295931000194258,29.646314999982426],[-82.297636999733456,29.647144999705997],[-82.297661000022913,29.647161999778405],[-82.297690000335223,29.64717899984792],[-82.297963000146709,29.647312000017092],[-82.298288999661636,29.647484999827427],[-82.299164000070874,29.64792599997568],[-82.300657000073073,29.648670999862969],[-82.301709000034322,29.649201000036292],[-82.301806000118688,29.64924700038814],[-82.302911999608284,29.649796999708151],[-82.303073000165085,29.649903000029401],[-82.304447000341611,29.650572000107474],[-82.305302999585962,29.650983999884964],[-82.305839000061482,29.651335000130935],[-82.306306999866621,29.651537000020099],[-82.306510000256196,29.65163400038702],[-82.306932000030599,29.651863000230488],[-82.307217000435941,29.652016999900422],[-82.308667999707055,29.652007000202737],[-82.310097000135158,29.651997999771432],[-82.310596999727352,29.651996999723451],[-82.311042999791184,29.651995999675449],[-82.311160999791966,29.651994999627455],[-82.311247999830599,29.651994000360137],[-82.311468999763548,29.651984999927585],[-82.311488999855015,29.651861000131845],[-82.311504999748564,29.651741000385559],[-82.31153300023594,29.651470000380023],[-82.311543000281702,29.651199999700772],[-82.311812999720118,29.651199999700772],[-82.312586999847028,29.650092999648294],[-82.312658999817046,29.649896999616512],[-82.312757999551238,29.649700999983715],[-82.312797999734215,29.649598999737037],[-82.312861000381716,29.649475000124585],[-82.312991000078057,29.649329000284336],[-82.313152999561453,29.649147999910323],[-82.313478999974691,29.648706999650777],[-82.313925999863443,29.648235000282682],[-82.315105000046302,29.647025999899693],[-82.316497999591064,29.646293000024578],[-82.317746000269196,29.645798000092338],[-82.317921000171395,29.645770000143294],[-82.318081999829872,29.645701999676998],[-82.318469000342461,29.645586000061488],[-82.319799000138062,29.645344000069755],[-82.321643999594457,29.645095000242112],[-82.323924000142355,29.644681999662442],[-82.324887000415131,29.64450100030167],[-82.325033000005007,29.644474000114684],[-82.325099000127238,29.64418500014601],[-82.325206000257367,29.643890000138203],[-82.325392000030206,29.643410999893529],[-82.325515000053841,29.643004999613179],[-82.32563800007749,29.642495000117865],[-82.325737999636615,29.641953999709518],[-82.325826000398479,29.641352000307755],[-82.325920000109804,29.640819999874214],[-82.3259400002013,29.640706999798809],[-82.326037000285666,29.640163000217736],[-82.326202999967009,29.639438000166042],[-82.326289000180751,29.639134999679023],[-82.326396000310865,29.638830000265049],[-82.326440999618399,29.638714999938994],[-82.326551000121569,29.638429000385024],[-82.326622000266681,29.638246999749068],[-82.326806000389709,29.637749000291613],[-82.326921999842327,29.637438000209038],[-82.327039000018203,29.637121000333948],[-82.327288000438543,29.636450000257824],[-82.327550000379361,29.635711000209078]]]},"properties":{"MTFCC":"G5020","OID":"20790267577785","GEOID":"12001000700","STATE":"12","COUNTY":"001","TRACT":"000700","BASENAME":"7","NAME":"Census Tract 7","LSADC":"CT","FUNCSTAT":"S","AREALAND":22450701,"AREAWATER":456638,"CENTLAT":"+29.6250359","CENTLON":"-082.2911581","INTPTLAT":"+29.6248165","INTPTLON":"-082.2949815","OBJECTID":72599}},{"type":"Feature","id":76508,"geometry":{"type":"Polygon","coordinates":[[[-82.422465999587644,29.632270999892508],[-82.422473999983566,29.630508999754721],[-82.420602999689578,29.630502000267064],[-82.42030999978661,29.630505000270652],[-82.420005000188098,29.630517999764653],[-82.419827999737763,29.630534000040495],[-82.419676000300115,29.630550999794007],[-82.419497000199982,29.630571999807078],[-82.419245000304898,29.630613000340507],[-82.418898999800177,29.630688999799617],[-82.418640000232401,29.630752999998347],[-82.4182949995526,29.630857999809329],[-82.418040000182771,29.630947000083896],[-82.41777200039418,29.631054000204696],[-82.41725099998726,29.631312999807566],[-82.41712700013872,29.63138399981754],[-82.417013000335899,29.631454999777478],[-82.4166059997318,29.631725999780407],[-82.416311000179036,29.631951999657527],[-82.41611600018534,29.632119999645315],[-82.415902999750017,29.632289999840321],[-82.415701999908563,29.632501999755082],[-82.415512999762683,29.632721000119254],[-82.415336000210672,29.63294899979995],[-82.415301999875467,29.632997999698176],[-82.41517200017914,29.633183000373947],[-82.415040999759583,29.633390999820463],[-82.415019999843182,29.633423999689416],[-82.414881999750932,29.633670999808594],[-82.414173999746254,29.634994000292497],[-82.413054999837854,29.636959999919281],[-82.41299600028664,29.63706299989418],[-82.412965000324505,29.637117000331617],[-82.41285599964624,29.63729099989596],[-82.412725000124993,29.63747999970132],[-82.412469999856853,29.637808999933362],[-82.412279000061147,29.638032999841833],[-82.412089000090361,29.638216999672746],[-82.411863000134545,29.638420000301249],[-82.411607000041514,29.638634000166856],[-82.411453999880621,29.638747999625025],[-82.411288000199278,29.638861999734925],[-82.411198999612495,29.6389180003444],[-82.410952999565211,29.639071000121756],[-82.410844999610177,29.6391290001858],[-82.410653999814457,29.639232000284576],[-82.410605000308976,29.63925599979213],[-82.410557999554982,29.639277999726136],[-82.410329000124463,29.639385999758129],[-82.41018900038236,29.639445999986158],[-82.409941999611846,29.639540999948682],[-82.409536999555897,29.639675000228429],[-82.409170000033086,29.639767999636042],[-82.408940999704228,29.639818000289473],[-82.408528000150682,29.639884999876966],[-82.408328000134119,29.639906999673499],[-82.407984000177549,29.639934000304489],[-82.407709999642847,29.639942000085203],[-82.407210999875559,29.639940999917453],[-82.40721000005064,29.640070999779894],[-82.407200000004906,29.64118199979384],[-82.407213000423695,29.64147199994656],[-82.407239000362964,29.641613999646726],[-82.407263999579001,29.641702999785572],[-82.407312999982807,29.641825000084935],[-82.407444000402393,29.642018999923774],[-82.40757400009872,29.642212000024383],[-82.408089999584448,29.642948999715244],[-82.40817300032343,29.643073999695499],[-82.408535999648265,29.643579999635314],[-82.408764999977137,29.643911999840448],[-82.408990000108034,29.64423699963692],[-82.409281000361162,29.644647000117683],[-82.409350999783058,29.644724000036998],[-82.409415000255464,29.644780999848031],[-82.409580000111916,29.644901000084428],[-82.409703000135565,29.644968000193263],[-82.409836000204962,29.645020000060498],[-82.409980999969918,29.645068000214437],[-82.41013099975774,29.645097999811018],[-82.410233999689893,29.645108000195066],[-82.410382999652811,29.645109000311489],[-82.410632000073164,29.645109999647165],[-82.410736999655143,29.645109999647165],[-82.41099500029631,29.645109999647165],[-82.411172999673227,29.645104999845724],[-82.411482000368039,29.64509899992753],[-82.411754000354605,29.645096000358677],[-82.411832999997316,29.645088000206702],[-82.411889000073799,29.645065999980758],[-82.411965000241793,29.645013000019873],[-82.412043999884517,29.644928000156963],[-82.412135000121111,29.644844000341344],[-82.412161999885285,29.644813999888274],[-82.412207000091144,29.644765000274152],[-82.412255999596624,29.644721999796491],[-82.412334000312725,29.644651999941857],[-82.412368999574511,29.644670999896057],[-82.412732999622605,29.644668999654506],[-82.412920999943566,29.644668000314454],[-82.413676999628805,29.644668999654506],[-82.413669000131193,29.645097999811018],[-82.413992999996282,29.645097999811018],[-82.414451999580621,29.645100000044046],[-82.416497999776766,29.645109000311489],[-82.417744999731696,29.645109000311489],[-82.418405999880676,29.645110999763563],[-82.418490000444578,29.645110999763563],[-82.419171999611649,29.645112999996339],[-82.420124999838691,29.645111999879951],[-82.420443999680927,29.645111999879951],[-82.420893000117815,29.645111999879951],[-82.421406999953703,29.645124999830703],[-82.422079999798257,29.645128000179444],[-82.422443000021431,29.645129000295665],[-82.422434999625509,29.644038999660015],[-82.42243700017363,29.643709000134304],[-82.422411000234376,29.643222999644181],[-82.422436000348711,29.642844000017849],[-82.422441000371592,29.640975000199688],[-82.422443999846323,29.640059000123905],[-82.422446000394459,29.639836000206316],[-82.422448000044284,29.639639999723919],[-82.422449999694095,29.638787000375739],[-82.42245100041734,29.638041999960198],[-82.422452000242259,29.637858999997984],[-82.422454999716976,29.636777999751658],[-82.422454999716976,29.636637999879369],[-82.422457000265112,29.63614800035533],[-82.422459999739857,29.634785000033361],[-82.422448000044284,29.633102000056592],[-82.422465999587644,29.632270999892508]]]},"properties":{"MTFCC":"G5020","OID":"207903717545537","GEOID":"12001002218","STATE":"12","COUNTY":"001","TRACT":"002218","BASENAME":"22.18","NAME":"Census Tract 22.18","LSADC":"CT","FUNCSTAT":"S","AREALAND":1645351,"AREAWATER":0,"CENTLAT":"+29.6390574","CENTLON":"-082.4166357","INTPTLAT":"+29.6390574","INTPTLON":"-082.4166357","OBJECTID":76508}},{"type":"Feature","id":76509,"geometry":{"type":"Polygon","coordinates":[[[-82.422664999779272,29.604152000370977],[-82.422680999672792,29.602783999610008],[-82.422663000129447,29.602529999676712],[-82.422593999634159,29.602207999739633],[-82.4225760000908,29.602147000225177],[-82.422475999633377,29.601911999676467],[-82.422391000142881,29.601743000332672],[-82.422205000370042,29.601461000353453],[-82.422079999798257,29.601312000345153],[-82.421715999750177,29.600971999816498],[-82.421551999718645,29.600852000367087],[-82.421251000318094,29.600620999814296],[-82.421017999791275,29.60046199999875],[-82.420681000405708,29.600137000362313],[-82.420590000169099,29.600002000049209],[-82.420539000115468,29.599940000197837],[-82.420242000014554,29.599526999623134],[-82.418888999754444,29.600235999800102],[-82.418240000199319,29.600571999794703],[-82.417154999727799,29.601136000030841],[-82.415799999817864,29.601854000058374],[-82.41562699956549,29.601950000081477],[-82.414757000077444,29.602402999860669],[-82.413683000374888,29.602966000257322],[-82.413355000311824,29.603132999609617],[-82.413104000241674,29.603279999769381],[-82.411008999641709,29.604382999865329],[-82.410411999965135,29.604698000169172],[-82.409473999806707,29.605174999916485],[-82.409098999887973,29.605357000153749],[-82.408683999786291,29.605588000011945],[-82.406445999969478,29.606780000386927],[-82.405618000314234,29.607218999690428],[-82.40447199974335,29.607818000097453],[-82.404395999575357,29.607858000030475],[-82.403055999734036,29.608551000353891],[-82.401504000180609,29.609364000216384],[-82.39949200031964,29.610421999725027],[-82.399004000422991,29.610674999626436],[-82.398735999736076,29.610813999974965],[-82.397696000368711,29.611349999794328],[-82.397569000147101,29.611420999813085],[-82.397293999787493,29.611573000290118],[-82.396877999860891,29.611789000286088],[-82.396798000393261,29.611829999871503],[-82.396549999797827,29.611957999974692],[-82.396288999681914,29.612092000238025],[-82.395763999975372,29.612381000129783],[-82.395579999852345,29.612480000042734],[-82.395163999925757,29.612706000134388],[-82.393972000222419,29.613316000029474],[-82.393865000092305,29.613376000165395],[-82.39355100027295,29.613541999808799],[-82.393516000112839,29.613559999734914],[-82.393008000124709,29.613820999863908],[-82.392347999800648,29.614154999821221],[-82.391568999650872,29.614532999981172],[-82.391459000046027,29.614597000289404],[-82.391007000134394,29.614825000373916],[-82.390645999561073,29.615018000254761],[-82.390600000428634,29.615042000064403],[-82.389198999589624,29.615762000286683],[-82.388380000155195,29.616183999694528],[-82.387869999618928,29.616445999677868],[-82.387851000250663,29.616455999782918],[-82.387076000298876,29.616870000139453],[-82.387052000009419,29.616882000214929],[-82.386236000049735,29.617298000387727],[-82.386036000033187,29.617413000173851],[-82.386230000201962,29.617689999670102],[-82.386480000447207,29.618047000353553],[-82.3886630000124,29.621156000269107],[-82.389037000106214,29.621673999722216],[-82.390007999876602,29.623049999856022],[-82.391634999773132,29.625360999767189],[-82.391714000314153,29.62547399988086],[-82.39512799994074,29.630323999633699],[-82.395774999846026,29.631244000255816],[-82.39698499999102,29.632961999759317],[-82.39974300038979,29.636880999912645],[-82.400735999901485,29.638224000185861],[-82.401900000015715,29.639723999977409],[-82.402049999803552,29.639909000009677],[-82.402348999554292,29.639911999733059],[-82.402748999587374,29.639914000069137],[-82.405518999681718,29.639930999800967],[-82.405681999888344,29.639931999968816],[-82.405809000109954,29.639935999859333],[-82.405917999889894,29.639939999749696],[-82.405978000164339,29.639942000085203],[-82.40607500024872,29.639940999917453],[-82.406359999755765,29.639937000027142],[-82.407210999875559,29.639940999917453],[-82.407709999642847,29.639942000085203],[-82.407984000177549,29.639934000304489],[-82.408328000134119,29.639906999673499],[-82.408528000150682,29.639884999876966],[-82.408940999704228,29.639818000289473],[-82.409170000033086,29.639767999636042],[-82.409536999555897,29.639675000228429],[-82.409941999611846,29.639540999948682],[-82.41018900038236,29.639445999986158],[-82.410329000124463,29.639385999758129],[-82.410557999554982,29.639277999726136],[-82.410605000308976,29.63925599979213],[-82.410653999814457,29.639232000284576],[-82.410844999610177,29.6391290001858],[-82.410952999565211,29.639071000121756],[-82.411198999612495,29.6389180003444],[-82.411288000199278,29.638861999734925],[-82.411453999880621,29.638747999625025],[-82.411607000041514,29.638634000166856],[-82.411863000134545,29.638420000301249],[-82.412089000090361,29.638216999672746],[-82.412279000061147,29.638032999841833],[-82.412469999856853,29.637808999933362],[-82.412725000124993,29.63747999970132],[-82.41285599964624,29.63729099989596],[-82.412965000324505,29.637117000331617],[-82.41299600028664,29.63706299989418],[-82.413054999837854,29.636959999919281],[-82.414173999746254,29.634994000292497],[-82.414881999750932,29.633670999808594],[-82.415019999843182,29.633423999689416],[-82.415040999759583,29.633390999820463],[-82.41517200017914,29.633183000373947],[-82.415301999875467,29.632997999698176],[-82.415336000210672,29.63294899979995],[-82.415512999762683,29.632721000119254],[-82.415701999908563,29.632501999755082],[-82.415902999750017,29.632289999840321],[-82.41611600018534,29.632119999645315],[-82.416311000179036,29.631951999657527],[-82.4166059997318,29.631725999780407],[-82.417013000335899,29.631454999777478],[-82.41712700013872,29.63138399981754],[-82.41725099998726,29.631312999807566],[-82.41777200039418,29.631054000204696],[-82.418040000182771,29.630947000083896],[-82.4182949995526,29.630857999809329],[-82.418640000232401,29.630752999998347],[-82.418898999800177,29.630688999799617],[-82.419245000304898,29.630613000340507],[-82.419497000199982,29.630571999807078],[-82.419676000300115,29.630550999794007],[-82.419827999737763,29.630534000040495],[-82.420005000188098,29.630517999764653],[-82.42030999978661,29.630505000270652],[-82.420602999689578,29.630502000267064],[-82.422473999983566,29.630508999754721],[-82.422463999937818,29.629874999898163],[-82.422464999762724,29.628106999866972],[-82.422490999701992,29.627558999780369],[-82.422474999808486,29.62623400020701],[-82.422475999633377,29.625886000058237],[-82.422479000006433,29.624463999669089],[-82.422479999831339,29.624205999961596],[-82.422478000181528,29.623612999742896],[-82.422474999808486,29.622362999746976],[-82.422515999816355,29.621158999770064],[-82.42250199957266,29.619936000314116],[-82.422541999755637,29.617232999839409],[-82.422537999557676,29.616594999969667],[-82.422537999557676,29.616506000293555],[-82.422540999930703,29.616321000232762],[-82.422545000128665,29.616062000358184],[-82.422544000303759,29.61595699996613],[-82.422544000303759,29.615933999999573],[-82.422542999580529,29.615771999678689],[-82.422550000151546,29.615468999854748],[-82.422570000243013,29.614084000166095],[-82.422586000136562,29.61253599969794],[-82.422583999588426,29.61200400015511],[-82.422600000380257,29.611500000259195],[-82.422608999702774,29.610291000190308],[-82.422613999725641,29.609730000233572],[-82.422618999748522,29.609258000185193],[-82.42264499968779,29.606576000334098],[-82.422653000083699,29.605640999627486],[-82.422664999779272,29.604152000370977]]]},"properties":{"MTFCC":"G5020","OID":"207903717545538","GEOID":"12001002219","STATE":"12","COUNTY":"001","TRACT":"002219","BASENAME":"22.19","NAME":"Census Tract 22.19","LSADC":"CT","FUNCSTAT":"S","AREALAND":8317001,"AREAWATER":1419304,"CENTLAT":"+29.6206479","CENTLON":"-082.4078992","INTPTLAT":"+29.6145554","INTPTLON":"-082.4052909","OBJECTID":76509}},{"type":"Feature","id":77654,"geometry":{"type":"Polygon","coordinates":[[[-82.47258499995533,29.632688000019968],[-82.472606999696637,29.630793999677312],[-82.471841999790584,29.6307799999602],[-82.47042499995635,29.630773999969321],[-82.4684850000654,29.630750000002152],[-82.466796000244614,29.630736000278983],[-82.466689999939405,29.630732000023087],[-82.46575900035198,29.630721999772966],[-82.4652399995949,29.63071599977863],[-82.4632689997418,29.630694000316844],[-82.460153999865966,29.630670999809634],[-82.458372000158761,29.63064300033934],[-82.456752999759857,29.630634000340589],[-82.453955999901325,29.630619999820436],[-82.452315999586034,29.630616999820283],[-82.44987500027797,29.630597000077156],[-82.44916499972517,29.630601999818126],[-82.448387000298624,29.630600000077905],[-82.446726999891837,29.630586999813691],[-82.445565000325743,29.630588000074347],[-82.443598999597214,29.63057100032707],[-82.442151999625764,29.630568000325443],[-82.440195999841279,29.630552000055005],[-82.439878999648869,29.630478000235101],[-82.439195999758567,29.630466000216988],[-82.43915899994866,29.631426999744253],[-82.439157000298849,29.632701000013085],[-82.439162000321701,29.632862999665953],[-82.439174000017246,29.633242000159214],[-82.439174000017246,29.63354899978118],[-82.439138999857164,29.634126999818655],[-82.439139999682084,29.634716999956378],[-82.439160999598485,29.635131999676705],[-82.439159999773565,29.635283000093203],[-82.439128999811416,29.635925999792576],[-82.439143999880045,29.636974999755438],[-82.439127999986511,29.637317000253748],[-82.439123999788549,29.637918000167208],[-82.439127000161605,29.638450999718859],[-82.439134999659203,29.638843000246105],[-82.439127999986511,29.639652000210578],[-82.439126000336685,29.640723000017552],[-82.439121000313833,29.641514000098667],[-82.439107000070109,29.642066999946955],[-82.439102000047242,29.642529999629978],[-82.439103999697082,29.642944999944422],[-82.439101000222323,29.643071000066303],[-82.439091000176589,29.643453000017558],[-82.439090000351698,29.643616999813521],[-82.439081000130855,29.644592999814719],[-82.439092999826414,29.645144999811713],[-82.439086999978628,29.645672000260422],[-82.43905000016872,29.646370000246364],[-82.439050999993611,29.646522000308515],[-82.439060000214454,29.64751400017267],[-82.439020999856382,29.650186999647648],[-82.439016999658421,29.651133999892988],[-82.439016999658421,29.651160999855055],[-82.439003000313036,29.65195399999298],[-82.439001999589806,29.652524000210736],[-82.438974999825632,29.653167999917212],[-82.438974999825632,29.653224000375776],[-82.438973000175807,29.653723999854844],[-82.438972000350901,29.653994000008236],[-82.438964999779898,29.654442999931653],[-82.438957000282286,29.654956999860573],[-82.43896700032802,29.655889000362357],[-82.438958000107192,29.656598999783263],[-82.438953999909231,29.65688100002366],[-82.438928999794882,29.657825999751438],[-82.43892100029727,29.659195000249227],[-82.438934999642655,29.660132000365063],[-82.438933999817763,29.660261999912578],[-82.439522999996726,29.66021200004646],[-82.440639000430366,29.660098999882749],[-82.441489999651864,29.660020000079758],[-82.442252999908092,29.659992000184097],[-82.442592999666729,29.659964000280688],[-82.443380000212414,29.659949999935744],[-82.443582999703693,29.659951999873567],[-82.444545999976469,29.659929999774118],[-82.44554199986122,29.659947000028833],[-82.446607000241258,29.659944000121836],[-82.453247000071769,29.659970000093324],[-82.453800000265716,29.659974999936978],[-82.45496400037996,29.659974999936978],[-82.455858000157448,29.659987000341349],[-82.456638999957036,29.660003999805809],[-82.458383000029414,29.65999600005815],[-82.459952000199593,29.660000999900504],[-82.460919999596939,29.660011000365056],[-82.463118000129057,29.660020000079758],[-82.463477999979176,29.660022000016269],[-82.463719999828513,29.660013000301721],[-82.464170999915225,29.66001500023836],[-82.464269999649417,29.66001600020666],[-82.465197999762111,29.660043000127633],[-82.467816000418807,29.660019000111507],[-82.468724000440005,29.660038000287365],[-82.470460999941366,29.660052999807366],[-82.47100800028754,29.66004600003167],[-82.471251999786702,29.660047999967595],[-82.471523999773268,29.660022000016269],[-82.471702000048495,29.659999999932062],[-82.471979000057928,29.659962000343043],[-82.472097000058724,29.659942000183797],[-82.47239599980945,29.659892000158663],[-82.472384000113891,29.659741999934031],[-82.47237900009101,29.659600000046229],[-82.472367000395451,29.658722000126442],[-82.472365999672206,29.658659999714519],[-82.472372000418332,29.658137000082565],[-82.47237900009101,29.657630999939567],[-82.472394999984544,29.656350999699448],[-82.472415000076012,29.654712999717461],[-82.472441000015294,29.653477999778303],[-82.472449000411217,29.65269500034913],[-82.472461000106776,29.650801000025201],[-82.472466000129657,29.650454999794999],[-82.472470000327618,29.650080999625434],[-82.472498999741617,29.647987999974397],[-82.472513999810218,29.646764999910594],[-82.472529999703752,29.645387999614716],[-82.472535999551525,29.644249999700644],[-82.472544999772367,29.642629000370153],[-82.472533999901714,29.641981999939087],[-82.472533000076808,29.641877000014023],[-82.472559000016062,29.63984299982609],[-82.47255099962014,29.638037999994445],[-82.47255099962014,29.637984000050817],[-82.472552000343384,29.637807000336291],[-82.472555999643035,29.636258999672382],[-82.472573000259786,29.634570000356518],[-82.472574000084677,29.634517000336629],[-82.472574999909597,29.63430799986844],[-82.472580999757369,29.633292000148749],[-82.47258499995533,29.632688000019968]]]},"properties":{"MTFCC":"G5020","OID":"20790267578227","GEOID":"12001002208","STATE":"12","COUNTY":"001","TRACT":"002208","BASENAME":"22.08","NAME":"Census Tract 22.08","LSADC":"CT","FUNCSTAT":"S","AREALAND":10500222,"AREAWATER":35041,"CENTLAT":"+29.6453270","CENTLON":"-082.4557603","INTPTLAT":"+29.6516184","INTPTLON":"-082.4557069","OBJECTID":77654}},{"type":"Feature","id":79460,"geometry":{"type":"Polygon","coordinates":[[[-82.60846599969949,29.852927000202115],[-82.608463000224759,29.852752000083079],[-82.608437000285491,29.851414999925662],[-82.608433000087516,29.851289999982253],[-82.608421000391957,29.850962000215592],[-82.608382000033913,29.850429000146995],[-82.608349000421939,29.850111000102917],[-82.608300000018133,29.849726999743471],[-82.608218999827272,29.849233000107905],[-82.608208999781539,29.849174999902047],[-82.608119000268161,29.848744000151274],[-82.608016000335994,29.848293999738697],[-82.607834999687725,29.847646999725946],[-82.607740000151495,29.84734300007991],[-82.607627000173594,29.847069000287636],[-82.607372999730373,29.846417999895813],[-82.607248000056885,29.84614199978072],[-82.607114999987516,29.845828000365195],[-82.607068999956752,29.845673000029176],[-82.606822000084549,29.845180000276468],[-82.606570000189464,29.844710999902691],[-82.606333000362994,29.844323000276081],[-82.606242000126414,29.844167999941611],[-82.606160000110634,29.844028999904573],[-82.606016000170584,29.843809000268934],[-82.605934999979738,29.843684999849909],[-82.605642000076784,29.843274000018113],[-82.605300999594931,29.842837999650129],[-82.605067999966423,29.842550000164607],[-82.604887000216465,29.842339000111803],[-82.604713999964105,29.842121999784531],[-82.604648999666765,29.842032999686346],[-82.604595999963308,29.841958999885755],[-82.604325999626582,29.841633999785948],[-82.604154999922343,29.841409999895085],[-82.604006999784346,29.84119299988696],[-82.60399099989084,29.841170000066761],[-82.603861000194499,29.841027999805867],[-82.603758000262332,29.840915999633303],[-82.603529999758365,29.840639000169798],[-82.603075000372016,29.840054000224356],[-82.603020999945358,29.839988999672578],[-82.602131000365816,29.838826999946356],[-82.602009999991992,29.838671999653769],[-82.601859000379264,29.838479999872735],[-82.601686999951809,29.838265000012782],[-82.591954999811662,29.838270000322844],[-82.591911000329048,29.840080000277382],[-82.589269000281234,29.840100000373461],[-82.588861999677121,29.840823000340698],[-82.588701000018645,29.841111000131029],[-82.588516000070726,29.841418999702061],[-82.588345000366502,29.841759999844687],[-82.587891999731667,29.842539999972754],[-82.587704000308989,29.842839999838464],[-82.587499000269588,29.843203000239861],[-82.587324000367417,29.843476999731202],[-82.58709699968837,29.843873999892971],[-82.587009999649723,29.844021000025453],[-82.586894000197105,29.844215999915072],[-82.58668699960954,29.844583999983993],[-82.586472000422702,29.844945999817032],[-82.586280999728672,29.845271999727547],[-82.586078000237379,29.845593000188931],[-82.585855999581227,29.845924999925277],[-82.585429999608877,29.846516999776668],[-82.584966999826605,29.847104000146572],[-82.584740999870803,29.847359999743666],[-82.584647000159464,29.847466000194249],[-82.584519999937868,29.847612000057335],[-82.584237999905554,29.847914000356067],[-82.58403799988902,29.848136000380162],[-82.583810000283378,29.848355000183542],[-82.583750999833839,29.848417000239877],[-82.583630000358326,29.848543999958597],[-82.583442999862257,29.848713999875251],[-82.583283999853606,29.848873000300724],[-82.583262000112299,29.848895000261258],[-82.58305799989779,29.849050000270712],[-82.582851000208564,29.849222000165508],[-82.582761999621795,29.849306000332565],[-82.582662000062669,29.849399000295971],[-82.582451000175482,29.849574999696408],[-82.582045000294613,29.849879999972401],[-82.581919999722828,29.849956000182274],[-82.581817999615581,29.850018999656271],[-82.581697000140082,29.850107999649307],[-82.58167600022368,29.850123000358199],[-82.581601999705512,29.85017800034101],[-82.581155999641666,29.850490000066618],[-82.580927000211148,29.850640999873342],[-82.580639000331047,29.850800000346663],[-82.580496000215916,29.850886999616396],[-82.58035200027588,29.850974999991681],[-82.580133999817647,29.85109299985972],[-82.580060000197832,29.851133000311517],[-82.579639000248335,29.851369999932874],[-82.579204000055157,29.851598999719666],[-82.578751000318633,29.851871999932456],[-82.578296999858864,29.852105000131512],[-82.576951999994662,29.852850999916555],[-82.576304000264471,29.853238000306597],[-82.575291999587876,29.853777000089437],[-82.575145999998028,29.853859999946309],[-82.574923000415254,29.853984000195236],[-82.574524000207077,29.854205999967206],[-82.574130999846702,29.854424999700726],[-82.573140999809723,29.854975000175251],[-82.572816000119715,29.855156000117738],[-82.571622999693176,29.855820000333154],[-82.571328000140383,29.855990999898655],[-82.570685000433059,29.856361999684658],[-82.567009999792262,29.858386000001186],[-82.566456999598287,29.858695000366634],[-82.566003000036858,29.858979999840525],[-82.565117999581858,29.859459000241884],[-82.564110000001563,29.860016999622395],[-82.563225000444902,29.860495999721092],[-82.563007999811603,29.860620000295825],[-82.562110999661073,29.861131999630189],[-82.561194000317343,29.861628999697356],[-82.560596999742444,29.861963999957563],[-82.560243999565031,29.862163000240173],[-82.559713999835608,29.86244900022535],[-82.559494999552484,29.862566999773339],[-82.559391999620345,29.862623000196624],[-82.557651999745929,29.863590999987061],[-82.556737999876958,29.864099000134321],[-82.555453000287201,29.864814000269103],[-82.553995000445099,29.865636000063922],[-82.551743000384604,29.867082999868927],[-82.55122600017566,29.867444999911275],[-82.550981999778188,29.867628000300051],[-82.550061000236511,29.868317999820032],[-82.549010999925088,29.869111999632835],[-82.548302999920438,29.869660999967042],[-82.546674000374111,29.870887999880587],[-82.546296999907241,29.871177000383419],[-82.545969999669097,29.871415000123058],[-82.545542000046922,29.87173300006064],[-82.545061999647913,29.872091000384362],[-82.544753999676317,29.872316000169608],[-82.544670000010726,29.872378000142461],[-82.544556000207919,29.87246100010853],[-82.543575000391783,29.873232000219083],[-82.542600000423434,29.874000000087594],[-82.542396000208939,29.874160000127308],[-82.540740999825033,29.875458000261393],[-82.540498000150777,29.875648999653556],[-82.540359000233607,29.875746999986845],[-82.540242999882651,29.875829000112191],[-82.539996999835353,29.876003000116924],[-82.539379000242377,29.876437000211489],[-82.539226000081513,29.8765530000605],[-82.538533000145478,29.877079999972246],[-82.537947000339543,29.877524999993547],[-82.537230000114064,29.877998000153351],[-82.536482999751343,29.878395000102085],[-82.535610999715146,29.878754000005632],[-82.535264000283831,29.878878999820611],[-82.535213000230215,29.873008999746894],[-82.535212000405295,29.872957999830888],[-82.535204000009372,29.869087000350206],[-82.535159999628448,29.868629999709402],[-82.535080999985738,29.868234000072608],[-82.53493200002282,29.867835999955577],[-82.534712999739696,29.867437999808818],[-82.534439000103319,29.867088000293741],[-82.534074000230333,29.866731999643182],[-82.533455999739033,29.866304000102989],[-82.528180999864233,29.863130999818544],[-82.528051000167892,29.863052999728733],[-82.527472000034649,29.862661000132096],[-82.527211999743642,29.862452000308004],[-82.527052999734991,29.862290000389194],[-82.52698599978784,29.862281999636249],[-82.526729999694808,29.862224000000701],[-82.526501000264261,29.862109000140052],[-82.526064000421272,29.86184599969657],[-82.525194000034887,29.861282999699192],[-82.524756000366978,29.861008999993341],[-82.524660000107517,29.860951999920179],[-82.52318999967153,29.860074000229599],[-82.522150000304151,29.859440999983782],[-82.521408999789216,29.858989999943923],[-82.52021100023812,29.858242999742718],[-82.519430000438533,29.857742999729112],[-82.518662000159424,29.857300999741067],[-82.517782999552225,29.856775000088327],[-82.516117000195976,29.855688000304159],[-82.515543999910534,29.855306999878877],[-82.515134999656624,29.855053999927925],[-82.51499599973944,29.85497300023],[-82.514736000346758,29.854823000327304],[-82.514383000169346,29.85466200007706],[-82.514092999741109,29.854571999882051],[-82.514075000197764,29.854560999748781],[-82.513619000088184,29.854380999874657],[-82.5132269995527,29.854226000350604],[-82.51255000040851,29.853974000369366],[-82.511639000014256,29.853653999958699],[-82.511567999869143,29.853628999919977],[-82.511275999791096,29.853510999932958],[-82.511249000026922,29.853499000084966],[-82.511235999608132,29.853493000160384],[-82.511116999782445,29.85344100002002],[-82.511099000239085,29.853439000044094],[-82.510870999735147,29.853328999745589],[-82.510650999627117,29.853207000221897],[-82.51043899991501,29.853074999854073],[-82.510279999906359,29.852990999741646],[-82.509664999788129,29.852627000255495],[-82.509519000198253,29.852534000182484],[-82.508694000017741,29.852043999640383],[-82.508375000175505,29.85184399982511],[-82.507173000426448,29.850979000042329],[-82.506843999640154,29.850757999731695],[-82.506524999797918,29.850525999912275],[-82.506215000176525,29.850284000137329],[-82.505914999702554,29.85003299996681],[-82.505891000311436,29.850020999700767],[-82.505486000255473,29.849681000132982],[-82.505092000070164,29.849332000314281],[-82.504666000097814,29.848932999969154],[-82.504616999694022,29.848882000214299],[-82.503906000214627,29.848237999846688],[-82.503638000426022,29.847980000077875],[-82.503559999709893,29.84788199974335],[-82.50352200007508,29.847827000054064],[-82.503419000142912,29.847657000185563],[-82.503333999754091,29.847491000217971],[-82.503002000391376,29.846882000165504],[-82.502466999740776,29.845958000059358],[-82.502122999784191,29.845412000050789],[-82.501931000163566,29.845085000136084],[-82.501752999888339,29.844752999944536],[-82.501389999665179,29.844119999945072],[-82.501346000182565,29.844033999926069],[-82.501312999672265,29.843942000113675],[-82.501295999953854,29.843853000078987],[-82.501291999755878,29.84373500022588],[-82.501172000105299,29.842539999972754],[-82.501122999701479,29.841866999720231],[-82.501094000287495,29.841748000142722],[-82.500986000332446,29.840335000228837],[-82.500864000133717,29.83892300032872],[-82.500722999668412,29.837626999849807],[-82.500711999797758,29.837523999917835],[-82.500711999797758,29.837478000140852],[-82.500700000102185,29.837437999673863],[-82.500678000360864,29.837403000323501],[-82.500645999675498,29.837371999998158],[-82.500608999865591,29.83735100037557],[-82.500556000162135,29.837335000326195],[-82.500134000387732,29.837310000097798],[-82.49972199976078,29.83728599962333],[-82.497566999784681,29.837158999613933],[-82.495760999788033,29.83705800028271],[-82.495139999822015,29.837023000020022],[-82.492701999988682,29.83690700019719],[-82.492440000047864,29.836904000126051],[-82.492183999954833,29.836926000385631],[-82.492004999854686,29.836961999666471],[-82.491831999602311,29.837006000155192],[-82.491679000339758,29.837063999636342],[-82.488422999998591,29.838510000106371],[-82.485564000215788,29.839759000017889],[-82.485302000274984,29.839856999752573],[-82.485194000319936,29.839893000314746],[-82.484978000409868,29.839958000149792],[-82.484894999670885,29.8399780002703],[-82.484719999768686,29.840019999964966],[-82.484646000148842,29.840029999629955],[-82.484513999904379,29.840048000271072],[-82.484174000145742,29.840075999790116],[-82.483768000264888,29.840087999692891],[-82.483159999819335,29.84007800003377],[-82.479119000378958,29.840048000271072],[-82.47826099968816,29.840063000153577],[-82.477459999797077,29.840066000129788],[-82.47655699979876,29.840060000177228],[-82.476085999620551,29.840045000294328],[-82.475533000324916,29.840028000164583],[-82.474522000371564,29.840007000321137],[-82.474404000370782,29.840005999808962],[-82.473357000432401,29.839996000141621],[-82.472481000198272,29.83998799993951],[-82.471326000304856,29.839984000227794],[-82.47123199969522,29.839984000227794],[-82.470620999774937,29.839973000045745],[-82.470055000060498,29.839963000375096],[-82.469957000151226,29.839961000129144],[-82.467986000298112,29.839943000251573],[-82.465699999902441,29.839932000065023],[-82.465309999915092,29.839929999818434],[-82.464405000266964,29.839926999838141],[-82.464196999854494,29.839926000104398],[-82.464037999845843,29.83992900008478],[-82.46210100032792,29.839934000311537],[-82.461822999595256,29.839938999758825],[-82.461486000209689,29.839946000231397],[-82.461327000201038,29.839949000211103],[-82.460661000029162,29.839943999985099],[-82.4603539998825,29.839949000211103],[-82.460009999925916,29.839953999657642],[-82.459855000115226,29.839955999903736],[-82.459510000333722,29.839953999657642],[-82.45940800022646,29.839935999778813],[-82.458973999858202,29.842099000178219],[-82.458834999941047,29.842765000151349],[-82.458701000046716,29.843486000131186],[-82.458595999566413,29.844010000288087],[-82.458562000129561,29.844124999961998],[-82.458382000204494,29.845068999767239],[-82.458215999624841,29.845865999681973],[-82.458187000210827,29.846027999764672],[-82.458111999867754,29.846443000181971],[-82.457909000376489,29.847418999883374],[-82.457772000109131,29.848126999620177],[-82.457638000214828,29.84875700021621],[-82.457427000327655,29.849854000133387],[-82.457247000402575,29.850674999633252],[-82.457151000143114,29.850968999915452],[-82.457069999952267,29.851312000189303],[-82.456886999654159,29.851912999685883],[-82.456689000185747,29.852484000316835],[-82.456531000002002,29.852939999722334],[-82.456433000092701,29.85324200026659],[-82.45629199962741,29.853628000323408],[-82.455313000359396,29.856390999651836],[-82.454518000316128,29.858707999914767],[-82.452734999885692,29.863785000330083],[-82.452422999716148,29.864673999888865],[-82.452309999738233,29.865004999786692],[-82.452241000141271,29.865217999975773],[-82.452191999737479,29.865369000094102],[-82.452016000010389,29.865962999657548],[-82.45195400008609,29.866186999770783],[-82.451785000031691,29.866952999640763],[-82.451696000343233,29.867480999873784],[-82.451641000091655,29.867888999839661],[-82.451574000144504,29.86861500022388],[-82.451553000228103,29.869077999921434],[-82.451544000007274,29.86937800027421],[-82.451533999961526,29.869742000207534],[-82.451529999763565,29.870258000311136],[-82.45149999962635,29.872094000177114],[-82.451483999732801,29.873098000271071],[-82.451463999641334,29.874313999679714],[-82.451456999968642,29.875735999850878],[-82.451400000067224,29.878818000117406],[-82.451360999709166,29.880490999690092],[-82.451267999822733,29.881454000094841],[-82.451144999799098,29.882623999654268],[-82.451128000080658,29.882796000098963],[-82.45099400018637,29.884157999791064],[-82.450902000124856,29.885300000267943],[-82.450861000116973,29.885731000240476],[-82.45081900028417,29.88611900010746],[-82.4507570003599,29.88681599974127],[-82.45070999960592,29.887513999989888],[-82.450706000306283,29.887591999644904],[-82.450677999818851,29.888212000024428],[-82.450668999598037,29.888730999657078],[-82.450655000252638,29.890240999864659],[-82.450656000077558,29.890439999810305],[-82.450656999902463,29.890552999708301],[-82.450645000206904,29.890864000130637],[-82.450618000442716,29.891174000362337],[-82.450595999803099,29.891339000092465],[-82.450575999711603,29.891482999633787],[-82.450491000221135,29.891952999804239],[-82.450482999825198,29.891979000355459],[-82.45042599992378,29.892178999935638],[-82.450333000037375,29.89243999986671],[-82.450225999907261,29.892696999957533],[-82.450106000256653,29.892950000239058],[-82.449999000126525,29.893151000186638],[-82.449823000399434,29.893438000079392],[-82.449661999842647,29.893672999726224],[-82.449415999795335,29.893970000164099],[-82.449208000281189,29.894189999802489],[-82.44899099964789,29.8944089997673],[-82.448730000430302,29.894640000382175],[-82.448717000011513,29.894650000025866],[-82.44850199992635,29.894817000157257],[-82.448260999901933,29.894984999969775],[-82.447752000088897,29.895286000223638],[-82.447453000338172,29.895447000330329],[-82.447063000350809,29.895635999683542],[-82.44626699958431,29.896048000302962],[-82.446099000253142,29.896134999834121],[-82.442363000411277,29.898069000056687],[-82.441447999819076,29.898541000169491],[-82.440595999874375,29.898981999726324],[-82.440022999588919,29.899277000081536],[-82.438592000409301,29.900015999739953],[-82.437825999780017,29.900449999656114],[-82.436398000075144,29.901381999690486],[-82.436105000172176,29.901597999740854],[-82.434547999697543,29.90274699971971],[-82.434536999826904,29.902783000175958],[-82.43339100015433,29.903580999940012],[-82.432473999912304,29.904269000128821],[-82.431654999579564,29.904818000010891],[-82.431127000398277,29.905399999922444],[-82.430661000242949,29.906067999900802],[-82.43062899955757,29.906112000287731],[-82.430296000369978,29.906567999825707],[-82.430287999974055,29.906586999988257],[-82.429277000020704,29.909025999739857],[-82.4277980002622,29.912687999921989],[-82.42695899983795,29.915239999702585],[-82.42669100004936,29.916085999762924],[-82.426598999987846,29.916307999891469],[-82.426855999905783,29.916770000255688],[-82.426947999967311,29.916961999645032],[-82.427040000028811,29.917207000359934],[-82.427108999625787,29.917427000074984],[-82.427153000006712,29.917627999694112],[-82.427188999991728,29.917821000275239],[-82.427204999885248,29.918004999799098],[-82.427216999580821,29.918202000118441],[-82.427220999778783,29.91841000014719],[-82.427213000281171,29.918622999917186],[-82.427209000083209,29.918863999995786],[-82.427173000098193,29.919136000113916],[-82.427121000219657,29.919353000310686],[-82.426787000308821,29.920491000376554],[-82.426492999682637,29.921288999966748],[-82.426373000032044,29.9215989997391],[-82.426330000374335,29.921702000070184],[-82.426291999841183,29.921806999678196],[-82.426502999728385,29.921942000012471],[-82.426569999675536,29.921984999924781],[-82.426670000132958,29.922095999703078],[-82.427024999960196,29.922492999945479],[-82.427366000442049,29.923319999804313],[-82.427604999918344,29.923650999627345],[-82.427613000314267,29.923661999924821],[-82.427763000102075,29.923870000224795],[-82.428219000211669,29.924531000119551],[-82.428482999802299,29.92484599978064],[-82.42870700010829,29.92489500029583],[-82.428872999789647,29.924944999668504],[-82.429030999973392,29.925270999696295],[-82.429270000347984,29.925534999867789],[-82.429471000189437,29.925635999934038],[-82.42986000035188,29.925671999902008],[-82.430124999767415,29.925658999742076],[-82.430317000286365,29.925902999646325],[-82.430359999944073,29.926435999612735],[-82.430626999907759,29.926977000071997],[-82.431021000093054,29.927392999618238],[-82.431423999600867,29.927583000273611],[-82.431755000037001,29.927651999889175],[-82.431991999863456,29.92774099988679],[-82.432959000334193,29.928685000036182],[-82.433361999842006,29.929264999804222],[-82.433742999608512,29.929547999955307],[-82.434002000074614,29.929596000099195],[-82.43422499965736,29.929501999795729],[-82.434186000197627,29.929276000259783],[-82.43365700029311,29.928523000310481],[-82.433667000338858,29.928359000290762],[-82.433807000080932,29.928326999799634],[-82.434161000083265,29.928384000277987],[-82.434561999941252,29.928420999655874],[-82.435115000135212,29.928363999977307],[-82.435315999976666,29.928432999829912],[-82.435531000061829,29.928616000358225],[-82.435700999941147,29.929013999907383],[-82.435911000003415,29.929658000250758],[-82.436095999951334,29.930269999674547],[-82.436107999646907,29.930312000275482],[-82.436301999815655,29.930647999774028],[-82.43658700022101,29.930850000325993],[-82.436927999804567,29.930784999776897],[-82.437148999737502,29.930598000152202],[-82.437428000295071,29.930389999898754],[-82.437583000105761,29.930330999800077],[-82.437620999740616,29.930316999863926],[-82.437732999893598,29.930273999658379],[-82.438061999781567,29.930269999674547],[-82.438311000201907,29.930389999898754],[-82.438645999937663,29.930714999617162],[-82.43896899997786,29.931091000386445],[-82.439240000139506,29.931128999913074],[-82.439437999607918,29.930983000095573],[-82.439504999555069,29.930704999701522],[-82.439536000415515,29.930427999693048],[-82.439697999898911,29.930211000283261],[-82.439752000325583,29.9299030000826],[-82.439748999952528,29.929636000201373],[-82.439740999556605,29.929503000188671],[-82.439774000066876,29.929339000226776],[-82.439996999649637,29.929305000039435],[-82.440562000437481,29.929299000005162],[-82.441091000342013,29.929221999922646],[-82.441431000100621,29.929136000103803],[-82.441713000132921,29.929111999923826],[-82.442081000378963,29.929282999912076],[-82.44253199956735,29.929513999839415],[-82.442982999654063,29.929765000032219],[-82.443495999665046,29.930241000176043],[-82.443914000139799,29.930667999615714],[-82.444165000209978,29.930961999938916],[-82.444627999992235,29.931182999993961],[-82.445166000117581,29.931387000208016],[-82.445337999646696,29.931452000363905],[-82.44659700019551,29.93181800010176],[-82.447376000345272,29.931941999933173],[-82.447895000204042,29.93194700021817],[-82.448492999705536,29.931816999732074],[-82.448644000216589,29.931715999710327],[-82.448947999990196,29.931514999731899],[-82.449419999993296,29.930792000101572],[-82.44980999998063,29.930080000256257],[-82.450370999672216,29.928976000351661],[-82.450388000288967,29.928931999946549],[-82.450666000123306,29.928194000373196],[-82.450892000079108,29.927524000067937],[-82.451215000119291,29.926669999626853],[-82.451478999709948,29.92621600034207],[-82.451489999580588,29.926203999900739],[-82.451757000442598,29.925924999742325],[-82.452118999942542,29.925664999995782],[-82.4525530003108,29.92559900029935],[-82.453061000298931,29.925674999639266],[-82.453782999648965,29.925933999709436],[-82.454201999948623,29.926137000134933],[-82.454422999881544,29.926245000234822],[-82.454826000287682,29.926465999864881],[-82.454939000265583,29.926594999911803],[-82.455673000209529,29.927018000087653],[-82.456679000139999,29.927568000316985],[-82.457242000379708,29.928130999681393],[-82.457974999600395,29.928765000178288],[-82.458325000303091,29.929168999952527],[-82.458526000144545,29.92964400021993],[-82.458675000107462,29.930158000061354],[-82.458786000435538,29.930517999926497],[-82.458983000079044,29.930700000132582],[-82.459204000011979,29.930667000013003],[-82.459429000142862,29.930411000176104],[-82.459656999748503,29.930253999737499],[-82.459886000077361,29.930213000276375],[-82.460127000101792,29.930371999991124],[-82.460165999561539,29.930680000297329],[-82.460517000089126,29.93107600018007],[-82.461034000298056,29.931470000076185],[-82.461283999645005,29.931621000259156],[-82.461521000369785,29.931495000060433],[-82.461890000440718,29.930807000350757],[-82.462390999857845,29.930016000370554],[-82.462645000301052,29.929590999696011],[-82.463112000281285,29.928938999623078],[-82.463373000397198,29.928635999829787],[-82.463749999965742,29.928478000080336],[-82.464042999868695,29.928575000222292],[-82.46421500029615,29.928857999999895],[-82.464309000007475,29.929248999705585],[-82.464463999818193,29.929539999929094],[-82.464668000032674,29.929614000147179],[-82.464931999623346,29.929588000076787],[-82.464960000110722,29.929576000042083],[-82.465326999633533,29.929430000281741],[-82.466178999578233,29.92909999983166],[-82.466337999586898,29.929038000110996],[-82.466636000411029,29.928923000250588],[-82.467387000073401,29.928645999953268],[-82.468001000366741,29.928399999737152],[-82.468378999760191,29.928265000375973],[-82.468760000425021,29.928345999703236],[-82.46891100003775,29.92843600026243],[-82.469141000191513,29.928426000117838],[-82.469331000162313,29.928186000238131],[-82.469449999988001,29.927823000050292],[-82.469321999941485,29.927539999665342],[-82.469099000358725,29.927426999680225],[-82.469061999650478,29.927295999881395],[-82.469130000320874,29.927134000230424],[-82.469400999584195,29.926931000281208],[-82.469600999600743,29.926729000338753],[-82.469686999814471,29.926535999899013],[-82.469700000233274,29.926258000318228],[-82.469648000354724,29.925959000305774],[-82.469689000362607,29.925781999810042],[-82.469812000386256,29.925727000260469],[-82.469988999938266,29.925794000302247],[-82.470418000283658,29.926126999759358],[-82.470891000111664,29.926452999808635],[-82.4713079998632,29.926570999897624],[-82.471394000076927,29.926570999897624],[-82.47190799991283,29.926572000320043],[-82.472128999845751,29.926546999877669],[-82.472297000075244,29.926605999883918],[-82.472672999818883,29.926910000048029],[-82.473707000236772,29.928197999661965],[-82.473887000161824,29.92871199996479],[-82.474390999951993,29.929382999673418],[-82.475114999850177,29.929951999665175],[-82.475440000438482,29.930431999670571],[-82.475562999563834,29.930985000073225],[-82.475602999746783,29.93133799977495],[-82.475498000164819,29.931654999655191],[-82.475441000263416,29.931993999615564],[-82.475523000279182,29.932208000268158],[-82.47567600044006,29.932383999870648],[-82.475905999695499,29.932419000148208],[-82.476144000245199,29.932347999995006],[-82.476703000286932,29.931949000176449],[-82.476985000319246,29.931930000182252],[-82.47717199991699,29.931989999700825],[-82.477253000107851,29.932119999960911],[-82.477232000191449,29.932496999676967],[-82.47718500033578,29.932867000121927],[-82.47704499969538,29.932952999830583],[-82.476709999959638,29.933002999826112],[-82.476668000126836,29.93316500004401],[-82.476749000317682,29.933279000096878],[-82.476909999976172,29.933376999805773],[-82.476974000448593,29.933561000158257],[-82.477055999566034,29.933745000170447],[-82.477314000207201,29.933865000096663],[-82.477438999880675,29.933955999905322],[-82.477566000102286,29.934170000230893],[-82.477547999660615,29.934416000196546],[-82.477490999759226,29.934762999699601],[-82.477571999950072,29.934893000229309],[-82.47786400002812,29.934935999995847],[-82.478262000411377,29.934969999816207],[-82.47855600013925,29.935135999734015],[-82.478986000309561,29.935522999911239],[-82.479281999687259,29.935827999633982],[-82.479494000297677,29.935839999693314],[-82.47966099980394,29.935815000022213],[-82.479849000124915,29.935974999676926],[-82.480128999609079,29.936364000352693],[-82.480220999670593,29.936612000207699],[-82.480243000310224,29.936670000153654],[-82.480424000060196,29.93690699963518],[-82.480690000198962,29.937019000215209],[-82.480928999675243,29.937054999957894],[-82.481167000224943,29.937014000185091],[-82.481210999707571,29.936857000044487],[-82.481259000286457,29.936690000341933],[-82.481404000051413,29.936327000035686],[-82.481567000258025,29.936017000205357],[-82.481768999924398,29.93591500022578],[-82.482041999735856,29.935903999725678],[-82.482441999768952,29.936077000373491],[-82.482799000144325,29.936296000096082],[-82.48312999968212,29.93656100014676],[-82.483299999561424,29.936758999870783],[-82.483442999676555,29.936865000260923],[-82.483576999570857,29.936941000338905],[-82.483752000371368,29.93682300009047],[-82.483872999846866,29.936690999884153],[-82.48411999971907,29.936641999727602],[-82.484279999552641,29.93673300011033],[-82.484291000321619,29.936775000318782],[-82.484318000085793,29.936877999735522],[-82.484224000374468,29.937110000253114],[-82.483958000235674,29.937621000297195],[-82.483917000227805,29.937799000285697],[-82.483841999884731,29.938122000103252],[-82.483846999907598,29.938460999827413],[-82.48399500004561,29.938619000073512],[-82.484052999771919,29.93868100005222],[-82.484196999711955,29.938848999825499],[-82.484235000245121,29.939033000178405],[-82.484190000039291,29.939310000363996],[-82.484247999765586,29.939624999952535],[-82.484381999659888,29.939723999928589],[-82.48453200034605,29.939730000112704],[-82.484723000141756,29.939503999675004],[-82.484896000394102,29.93927200006943],[-82.485149999939011,29.939138000184951],[-82.485636000185821,29.939094000381044],[-82.48596500007379,29.939297999944753],[-82.486110999663651,29.939604000062879],[-82.486221000166822,29.939871999952835],[-82.486740999850511,29.939797000068019],[-82.487375000235318,29.939644000034235],[-82.487973999561717,29.939544999978501],[-82.48848599974778,29.939562000270328],[-82.488655999627099,29.939548000076041],[-82.489042000314797,29.939517000361686],[-82.489534000409392,29.939381000219907],[-82.490188999812275,29.939165999908518],[-82.490726000112716,29.939020999725752],[-82.490917999733341,29.938887999801789],[-82.491029000061417,29.938602999922068],[-82.491015999642627,29.938357000188734],[-82.490995999551146,29.938202999970155],[-82.491126999970703,29.938100999896346],[-82.491412000376073,29.938267000039414],[-82.491763999830255,29.938770999827025],[-82.492045000037649,29.939244999892253],[-82.49226900034364,29.939426999704864],[-82.492534999584095,29.93952400007203],[-82.49295899990662,29.939565000367281],[-82.493216999649476,29.939669999812335],[-82.493228000418455,29.939677999802569],[-82.493440000130562,29.939836999961717],[-82.493543999887621,29.93995900012203],[-82.493897999889967,29.940000999747017],[-82.494159000005865,29.939781999617185],[-82.494277000006647,29.939725000218772],[-82.494405000053177,29.939663999624607],[-82.494680000412785,29.939746000082881],[-82.49501099995058,29.940019000248089],[-82.495260000370919,29.940123999992394],[-82.495445000318838,29.940114000243963],[-82.495760999788033,29.940003000321816],[-82.495961999629486,29.939884999812982],[-82.496081000353485,29.939514000263216],[-82.496363000385784,29.939472999946947],[-82.496642999869962,29.939572000074254],[-82.49682399961992,29.939637000332326],[-82.497186000018175,29.939616999958037],[-82.497559000287069,29.939436000007728],[-82.497843999794114,29.939047999963712],[-82.498078999970758,29.938806999714153],[-82.498282000360334,29.938759000121266],[-82.49849499989736,29.938863999638556],[-82.498715999830296,29.938845999706967],[-82.498990000365012,29.938881000046699],[-82.499167999741914,29.938986999732879],[-82.499234999689065,29.939325000107537],[-82.499248000107869,29.940193999760336],[-82.499365000283717,29.940322999915423],[-82.499542999660648,29.940412999761623],[-82.499999999595133,29.940495000380945],[-82.500086999633766,29.940574000087732],[-82.500315000137704,29.940738999716412],[-82.500548999591132,29.940933000132841],[-82.500912999639198,29.941063000384759],[-82.501105000158148,29.941138000093549],[-82.501203999892326,29.941277000213866],[-82.501229999831608,29.941419000181007],[-82.501209999740126,29.941634999786224],[-82.501218999960955,29.941821000194786],[-82.501325000266164,29.941938999963988],[-82.501560000442808,29.942015000057882],[-82.501890999980603,29.941993999894333],[-82.502100000217965,29.94193299991311],[-82.502424999907973,29.941923999836156],[-82.502793999978934,29.941902000163541],[-82.503004000041216,29.941876999680492],[-82.503157000202094,29.941824999714296],[-82.503429000188646,29.941871999894538],[-82.503676999885769,29.941894999842084],[-82.503913999712239,29.94190099989525],[-82.504045999956702,29.941966999677593],[-82.504195999744539,29.942057999859919],[-82.504399999959034,29.942180999897083],[-82.504517999959816,29.942487999971895],[-82.504656000052066,29.942725999864646],[-82.504798000342291,29.942835000122599],[-82.504923000015765,29.942881999825609],[-82.505140999575659,29.942965000224028],[-82.505267999797255,29.94301400037984],[-82.505394000193945,29.943062999733083],[-82.506811000028179,29.94361400026672],[-82.506840000340503,29.943626000165306],[-82.507221999931929,29.943785999712127],[-82.507425000321504,29.94393599963734],[-82.50787100038535,29.944168000041412],[-82.508503000222035,29.944417000144785],[-82.508748000444399,29.944482999814458],[-82.509056000415981,29.944516000022013],[-82.509325999854397,29.944517999727651],[-82.509826000344916,29.94452300015902],[-82.509962999713949,29.944558000058116],[-82.510064999821196,29.944621999930792],[-82.510335000157923,29.945001000229965],[-82.510443000112971,29.94514099985809],[-82.510638000106653,29.945216000384054],[-82.510818999856625,29.945233999941394],[-82.510972000017489,29.945206999825743],[-82.511153999592366,29.945136999693563],[-82.511389999593916,29.945018999826221],[-82.511742999771329,29.944779999731971],[-82.511946000160933,29.944710000077624],[-82.512208999926656,29.944608999911328],[-82.512418999988938,29.944521999917075],[-82.512586000393526,29.944421000338277],[-82.512676999731795,29.944389999807346],[-82.513055999848476,29.944324000075959],[-82.513620999738009,29.944293999758965],[-82.513947999976153,29.94423200016503],[-82.514266999818389,29.944121000167645],[-82.514467999659828,29.944010000046461],[-82.514568999942171,29.94394299981516],[-82.514742000194545,29.944121000167645],[-82.514831999707908,29.944200000108367],[-82.514895000355423,29.944255000345308],[-82.515151000448455,29.944248000189443],[-82.515467999742555,29.944033999746551],[-82.515940999570546,29.943757999732192],[-82.516183000318208,29.943540999814818],[-82.516431999840222,29.943362999981183],[-82.516610999940383,29.943305000045299],[-82.516841999919066,29.943324000202484],[-82.517154999913515,29.943442999998265],[-82.517487999999432,29.943556999950424],[-82.517730999673674,29.943723999801534],[-82.518063999759619,29.943838000209997],[-82.518544000158641,29.94375400029039],[-82.518810000297421,29.943720999829942],[-82.519131999614373,29.943826000337047],[-82.519454999654585,29.943919000093096],[-82.519750000105674,29.9439939999837],[-82.520140000093008,29.943936999885171],[-82.520335999911595,29.943664000353401],[-82.520458999935229,29.943460999876546],[-82.520674000020406,29.943414999921782],[-82.520985000365002,29.943419999630233],[-82.521191000229337,29.943466000361052],[-82.521372999804214,29.943568999855891],[-82.5215190002924,29.943580000286836],[-82.521658000209584,29.943500000379888],[-82.521775000385446,29.943389000344094],[-82.52189400021112,29.943309000283513],[-82.522029999755247,29.943359999998727],[-82.522147999756029,29.943537999837755],[-82.522228999946876,29.943913000161672],[-82.522180000441395,29.944319999878505],[-82.522180000441395,29.944620999689853],[-82.52235299979543,29.944819999957097],[-82.522675000010722,29.944851000354063],[-82.522884000248084,29.944747999851625],[-82.523069000196017,29.944707000135843],[-82.523196000417627,29.944796999907478],[-82.523294000326914,29.945001000229965],[-82.52336299992389,29.94510099976203],[-82.523543999673862,29.945103000234237],[-82.523694000359995,29.945083999638495],[-82.523947000079986,29.94521200022248],[-82.524102999715595,29.945253999964663],[-82.524223000264513,29.945199999736889],[-82.52437300005235,29.944844999700447],[-82.524496999900876,29.944734000387225],[-82.524707999788092,29.944783999910875],[-82.524952000185579,29.944965000249198],[-82.525183999989153,29.945076000083013],[-82.525338999799857,29.945047999687826],[-82.525368000112167,29.944959999840059],[-82.525324999556148,29.94477699979225],[-82.525348000020685,29.944662999681626],[-82.525507000029336,29.94456500019216],[-82.525901000214645,29.944360000288661],[-82.526148999911769,29.944220999806131],[-82.526287999828938,29.944083999622084],[-82.526439000339991,29.943838000209997],[-82.526521000355757,29.943601000115564],[-82.526572000409359,29.943308000029372],[-82.526548999944836,29.942998000156869],[-82.526534999701141,29.942704999851255],[-82.526516000332876,29.942416999998255],[-82.526579000082066,29.942297999753364],[-82.526682000014233,29.942174999860878],[-82.526948000153013,29.942141000167489],[-82.52739800041482,29.942092000360049],[-82.527647999761754,29.942005999988297],[-82.527851999976249,29.941876999680492],[-82.527981999672591,29.941726999763905],[-82.528045000320091,29.941582000200402],[-82.528001999764086,29.941377000376267],[-82.52794900006063,29.941215999792952],[-82.528032999726221,29.941076000089247],[-82.528337000398153,29.940941000021553],[-82.528647000019546,29.94087599983709],[-82.529077000189844,29.940793000030826],[-82.529704999828567,29.940880999673173],[-82.529884999753619,29.94085699999075],[-82.530049999610071,29.940763999707098],[-82.530148000417668,29.940586000353001],[-82.530269999718087,29.939629999851487],[-82.530262000220489,29.939138000184951],[-82.530099000013863,29.938742999992339],[-82.529803999562773,29.938245999863089],[-82.529657999972912,29.937885999932426],[-82.529535999774168,29.937357999805545],[-82.529268999810483,29.936760999732286],[-82.529250000442218,29.935927999824486],[-82.52923899967324,29.935211000018665],[-82.529438999689788,29.934276999831837],[-82.529864999662138,29.933317000344982],[-82.530453000016195,29.93237800002202],[-82.531110999792133,29.931705999895268],[-82.5312410003868,29.931460000236395],[-82.531776999964009,29.931057999617995],[-82.532731999840848,29.930568999970756],[-82.533899000328148,29.9299030000826],[-82.535066999742014,29.929282999912076],[-82.536279000435158,29.928978000369643],[-82.537523000017018,29.928952000133151],[-82.537904999608443,29.92900599983826],[-82.538843999591776,29.929158000263655],[-82.539170999829906,29.929081999690702],[-82.539571999687922,29.928868000101126],[-82.539766999681575,29.928635000206601],[-82.540114000011215,29.927951999895527],[-82.540139999950497,29.927651999889175],[-82.540197999676806,29.927438000338885],[-82.540410000287224,29.927035999823421],[-82.54064999958841,29.926597999621237],[-82.540873999894416,29.926152000307226],[-82.541207999805252,29.925685999712996],[-82.541554000309986,29.92549499967447],[-82.54211500000153,29.925406000004209],[-82.543719000331834,29.92518800010814],[-82.544651999569069,29.925088999683449],[-82.545234999900245,29.925099000163385],[-82.54626299957205,29.925238000112216],[-82.54700099971393,29.925351999902993],[-82.548133999866025,29.925570999872296],[-82.548743000136497,29.925924999742325],[-82.549415000156131,29.926441999819609],[-82.549797999572462,29.926927000162966],[-82.550471000315341,29.928349000138372],[-82.550877000196195,29.928600999778809],[-82.55133400013068,29.92871199996479],[-82.552217000037516,29.928641999904031],[-82.553152999647807,29.928513999798923],[-82.554119000293653,29.928536000096354],[-82.554735000236803,29.928540999774004],[-82.555146000140525,29.928313999986472],[-82.555637000410201,29.928014999922098],[-82.556235999736614,29.92773899984395],[-82.557362000216017,29.927340999867347],[-82.558649000353896,29.926636999728082],[-82.558709999554949,29.92660100010907],[-82.55882000005812,29.926511999870623],[-82.559421999757561,29.926042000029536],[-82.559924999722824,29.925649000096975],[-82.560836999941969,29.924916000175561],[-82.561006999821288,29.924693000114225],[-82.561134000042884,29.924259999615835],[-82.561273999784987,29.923839000297445],[-82.561431000143813,29.923592999878991],[-82.561681000389072,29.923345000278609],[-82.562139000148463,29.923082999885271],[-82.562201999897653,29.922873000135983],[-82.56205200010983,29.922665000088468],[-82.561677000191125,29.922633999785887],[-82.561169000202995,29.922663999626803],[-82.560928000178578,29.922631999640465],[-82.560830000269263,29.922388000282481],[-82.56093400002635,29.922154000323641],[-82.561173000400956,29.922022999813727],[-82.56145299988512,29.921972999751965],[-82.561918000215528,29.921793000100173],[-82.562395000241494,29.921496000080044],[-82.562740999847904,29.921422000055109],[-82.56324999966094,29.921427000090087],[-82.563467000294224,29.921623000173533],[-82.563586000119926,29.921755000123444],[-82.563971000084379,29.921984000234858],[-82.564192000017329,29.922050999681627],[-82.564424999645837,29.921944000171735],[-82.564515000057511,29.921732999884409],[-82.564452000308322,29.92154700007578],[-82.564043999879317,29.92109200030546],[-82.563986999977914,29.92090600007776],[-82.564157999682138,29.920712000323931],[-82.564342999630057,29.920592999814346],[-82.564520999905298,29.920381000071959],[-82.564739000363502,29.920227000064187],[-82.564898000372153,29.920173000267908],[-82.565026000418669,29.920195000073068],[-82.565679000171755,29.920466999669284],[-82.565854000073941,29.920534000137053],[-82.56599100034127,29.920670000343513],[-82.566058000288422,29.9207360001936],[-82.566172999916176,29.920833000094344],[-82.566346999993428,29.920836999678876],[-82.566519000420897,29.920747999736932],[-82.566582999994978,29.920566000019154],[-82.566479000237919,29.920322999975649],[-82.566264000152756,29.9198480003854],[-82.566213999924045,29.919614999620279],[-82.566285999894077,29.919334999964327],[-82.566578999797031,29.918777999792358],[-82.566779999638484,29.91841500033345],[-82.566998999921594,29.918265999814228],[-82.567241999595836,29.918035999985907],[-82.567707999751164,29.917342999660736],[-82.567855999889161,29.917196000127834],[-82.568019000095788,29.917130000266908],[-82.568235999830762,29.917127000272227],[-82.568410999732947,29.917207000359934],[-82.568589999833094,29.917294999837093],[-82.5688290002077,29.917432000310594],[-82.569061000011274,29.917482000317115],[-82.569342000218683,29.917480999803349],[-82.569692000023039,29.91745699992768],[-82.570087000033254,29.917404999658181],[-82.570308999791109,29.917406999908678],[-82.570444000408642,29.917432000310594],[-82.570620999960653,29.917533000033153],[-82.570999000252399,29.918015000212037],[-82.571270000414074,29.918214999695021],[-82.571552000446374,29.918276000200894],[-82.571764999983387,29.918262000126415],[-82.571968000372991,29.918193000230907],[-82.5722310001387,29.918003000339301],[-82.572565999874485,29.917836000143357],[-82.572796000028234,29.917757000293459],[-82.572995000219862,29.91774000016968],[-82.573269999681159,29.917717000089286],[-82.573540000017886,29.917644000103461],[-82.574121999625874,29.917450000222424],[-82.575064999807154,29.917037000388714],[-82.575207000097379,29.916961999645032],[-82.575628000046862,29.91673899967477],[-82.575977999851233,29.9165940002955],[-82.576180000415917,29.916510999702062],[-82.57664599967292,29.916378000060838],[-82.577254999943378,29.916230000134167],[-82.577561000265121,29.916098999615766],[-82.578265999896743,29.91584499996797],[-82.578392000293434,29.915756000235458],[-82.578542999906162,29.915649999942861],[-82.578785999580404,29.915361999650447],[-82.578936000266552,29.915109000217623],[-82.579031999627716,29.915049999626543],[-82.579147999978659,29.914979000320653],[-82.579308999637135,29.914856999903556],[-82.579399000048838,29.914788999746612],[-82.57949799978303,29.914627999751001],[-82.579526000270434,29.914444000215855],[-82.579476999866642,29.914311000149823],[-82.579398000223918,29.914180000221378],[-82.579241999689998,29.914066000095854],[-82.579221999598502,29.914052000208049],[-82.578865999946359,29.913886000164759],[-82.578537999883295,29.913776000349472],[-82.578197000299753,29.913769000385408],[-82.577844999947246,29.913726000039322],[-82.577207000262803,29.913579999613006],[-82.576766000221838,29.913412000009544],[-82.576455999702105,29.91329399989613],[-82.576111999745521,29.913138000270653],[-82.57596600015566,29.913094999652106],[-82.57596600015566,29.913065999822038],[-82.57596600015566,29.91302299995105],[-82.575965000330768,29.912979000281105],[-82.575965000330768,29.912951000197893],[-82.575962999782604,29.91280100028553],[-82.575957999759751,29.912350999971366],[-82.575956999934832,29.912201999722111],[-82.575950000262154,29.910939999775756],[-82.575930999995563,29.907156000226582],[-82.575925000147791,29.905895000049462],[-82.575908000429351,29.902215999656239],[-82.5758909998126,29.90061500038248],[-82.575867000421454,29.895103999925247],[-82.575875999743985,29.894864999910101],[-82.576019999684021,29.894865999872245],[-82.57735600022572,29.894860000099147],[-82.580029000235683,29.894850999660054],[-82.580021999664666,29.893512999844582],[-82.580015999816894,29.892176999957385],[-82.580004999946226,29.889616000348251],[-82.579997000448628,29.887639999761756],[-82.585700999770523,29.887581000036754],[-82.588261999627505,29.887554999896057],[-82.588376000328637,29.887553999860522],[-82.588720000285221,29.887550999753934],[-82.588834999912947,29.887550999753934],[-82.588937000020209,29.887549999718413],[-82.589243000341952,29.887547999647325],[-82.589346000274119,29.887547999647325],[-82.590769999781031,29.88753299989148],[-82.592553000211467,29.887515000025783],[-82.592523999899143,29.886114999907768],[-82.592502999982756,29.885022000079687],[-82.592475000393648,29.883597999758916],[-82.592461999974873,29.88297800028273],[-82.592422999616815,29.881121000053245],[-82.592410999921242,29.880502000080504],[-82.59237499993624,29.878713999720215],[-82.592307000164183,29.875237999790475],[-82.592337000301399,29.873350999655791],[-82.592339999776144,29.87322099980581],[-82.590682999742398,29.873207999811495],[-82.590590999680884,29.873206999632057],[-82.590454000311865,29.873206000231637],[-82.590316000219588,29.873203999872786],[-82.590224999983008,29.873203999872786],[-82.590164999708534,29.873164999878153],[-82.589987000331618,29.87304799980258],[-82.589927999882079,29.873008999746894],[-82.589799999835549,29.87292500005459],[-82.589619000085591,29.872605999836697],[-82.589628000306419,29.872218000360171],[-82.589927999882079,29.871779999828291],[-82.589977000285884,29.871443999610644],[-82.589826999599751,29.870990999667924],[-82.589557999986226,29.870452000154884],[-82.589156000303305,29.869841999759789],[-82.588758999744982,29.869445000042752],[-82.588618000177973,29.869364999779023],[-82.588131000106259,29.869090999675002],[-82.587260999719902,29.868211000249989],[-82.586792000089829,29.86766800035738],[-82.586597999921082,29.867081999628066],[-82.586484999943167,29.866702000099284],[-82.586767999800401,29.866624999930245],[-82.587235999605525,29.866619000015763],[-82.587791000347622,29.866779999673714],[-82.588376000328637,29.866859999673267],[-82.589156000303305,29.866683000123789],[-82.590036999662019,29.866525000269519],[-82.590562000266885,29.866478999831095],[-82.590881999934041,29.866314000251496],[-82.591230999913478,29.866042000060961],[-82.591360999609819,29.865579000296655],[-82.591631999771479,29.864752999754767],[-82.591944999765914,29.864132999984371],[-82.592195000011188,29.863702000157215],[-82.592434000385779,29.86323699988283],[-82.592473999670446,29.862848999804871],[-82.59248399971618,29.862520999847252],[-82.592625000181499,29.862251000023239],[-82.592860000358129,29.861975000054017],[-82.592897000168051,29.861933000245827],[-82.593189000246099,29.861736000093412],[-82.593846000197132,29.861494000228049],[-82.594379000299611,29.861220000322458],[-82.594466000338244,29.861098000315781],[-82.594717000408409,29.86074700007136],[-82.595083999931219,29.860174000122694],[-82.595448999804205,29.85970800023366],[-82.596166999854589,29.85949100025999],[-82.596270999611662,29.859302999714657],[-82.596455999559609,29.859168000215202],[-82.596551999819056,29.859098999915791],[-82.597171000135262,29.858897000345628],[-82.597706999712472,29.858829999726808],[-82.5977310000019,29.858829999726808],[-82.598176000240827,29.858837999977478],[-82.598391000325989,29.858841999713064],[-82.598765000419817,29.85891400037918],[-82.599238000247823,29.859005999639912],[-82.599863000411801,29.858977999975515],[-82.600204999820249,29.858759999648594],[-82.600353999783167,29.858525000306638],[-82.600384999745302,29.858477000200651],[-82.600552000149889,29.858271999942481],[-82.600566000393584,29.858254000249321],[-82.600807000418015,29.858178999675086],[-82.601061999787831,29.858100000058478],[-82.601645000119007,29.85806000006108],[-82.602141000411564,29.857892999918313],[-82.602421999720633,29.857656000201679],[-82.602451999857863,29.857596000322239],[-82.602533000048723,29.857439999999407],[-82.602687999859427,29.857064000176933],[-82.602804000210369,29.856606999786997],[-82.603041000036839,29.856276000081774],[-82.603241000053373,29.855879000147986],[-82.603343000160635,29.855482999771422],[-82.603456999963441,29.854966000031837],[-82.603676000246566,29.854735999812995],[-82.603817999638466,29.854712999995684],[-82.604174000188934,29.854656000222374],[-82.604641000169167,29.854564000068553],[-82.604845000383676,29.854386999745881],[-82.604903999934891,29.854011999702362],[-82.605120999669879,29.853613999737888],[-82.605257000112317,29.853491999783383],[-82.605438999687181,29.85333000012427],[-82.605878000078334,29.852990000138675],[-82.606275999563294,29.852864000225797],[-82.606581999885037,29.852827000060351],[-82.606865999567148,29.852817000118577],[-82.607355000187013,29.853062000351436],[-82.607886999566261,29.853107999962404],[-82.608075999712156,29.853123000220549],[-82.60846599969949,29.852927000202115]]]},"properties":{"MTFCC":"G5020","OID":"2079015500882393","GEOID":"12001001815","STATE":"12","COUNTY":"001","TRACT":"001815","BASENAME":"18.15","NAME":"Census Tract 18.15","LSADC":"CT","FUNCSTAT":"S","AREALAND":121258817,"AREAWATER":1656461,"CENTLAT":"+29.8914464","CENTLON":"-082.5109540","INTPTLAT":"+29.8876589","INTPTLON":"-082.5149315","OBJECTID":79460}},{"type":"Feature","id":79535,"geometry":{"type":"Polygon","coordinates":[[[-82.339377000221148,29.65024300020346],[-82.339377000221148,29.649305000055076],[-82.339373000023187,29.648565999887783],[-82.339374999673012,29.648466000218544],[-82.339258000395461,29.648449999668895],[-82.338695999980672,29.648449000366373],[-82.338247000442109,29.648447000199869],[-82.337119000312882,29.648442999866763],[-82.335695999732565,29.648433999897399],[-82.335032999933745,29.648443999950057],[-82.334397999724018,29.648454000001724],[-82.333914999850265,29.648438000230875],[-82.333809000443367,29.648437000147517],[-82.333566999695705,29.648436000064159],[-82.33326700012006,29.648389000038577],[-82.332933000209223,29.648354000221207],[-82.332334999809405,29.648344000159618],[-82.332328999961632,29.648975999913244],[-82.332333000159593,29.649292999938261],[-82.332349000053114,29.650270999689059],[-82.331619000307157,29.650272999819304],[-82.330836999784339,29.650273999884408],[-82.330835999959433,29.651119999880844],[-82.330829000286727,29.652041000263722],[-82.330832999586377,29.652104000116701],[-82.330831999761472,29.652727000096224],[-82.330820000065913,29.653381999661477],[-82.330741000423188,29.65339800020778],[-82.330582000414537,29.653377000270915],[-82.327946000214467,29.653350000122632],[-82.326592000129452,29.653325000036709],[-82.32658799993149,29.654026000123],[-82.326603000000105,29.654687999970065],[-82.326606000373147,29.655065000246978],[-82.326613999870759,29.655336999954844],[-82.326624999741412,29.65570600005363],[-82.326625999566332,29.656026999991095],[-82.326627000289548,29.656660999903938],[-82.326627000289548,29.656821000038725],[-82.326627000289548,29.656916999997492],[-82.326627000289548,29.656962999945272],[-82.326642000358163,29.657851000280473],[-82.326645999657813,29.658028999870723],[-82.326649000030869,29.658167999673847],[-82.326640999634932,29.658736999842695],[-82.32661800006872,29.658963999958779],[-82.326591000304532,29.65923700003216],[-82.327085000048953,29.659273999919332],[-82.327599999709761,29.659367999930186],[-82.327923999574864,29.659406999717955],[-82.328296999843758,29.659439999646615],[-82.328819999900489,29.659433999802296],[-82.329236999652011,29.659431999854121],[-82.329722999898806,29.659429999905893],[-82.330942000264642,29.659425000035217],[-82.331984000180142,29.659426000009397],[-82.332949999927649,29.659426000009397],[-82.333985999995377,29.659426999983484],[-82.335115999774416,29.659426000009397],[-82.336837000280582,29.659407999692299],[-82.337142999704014,29.659395999999507],[-82.337168999643268,29.659389000178049],[-82.337628999950809,29.659332000052675],[-82.337669000133786,29.659325000226826],[-82.338074000189735,29.659258000307371],[-82.338454000131335,29.659202000084182],[-82.338761000278012,29.659185999680137],[-82.339117999755075,29.659185999680137],[-82.339208000166749,29.659185999680137],[-82.339219999862323,29.65867100029401],[-82.339228000258231,29.65754399981752],[-82.339244000151766,29.656946999965779],[-82.33923999995379,29.656549999660974],[-82.339251999649377,29.656334999622707],[-82.339260000045286,29.655723000241348],[-82.339272999565765,29.655250000191376],[-82.339275000113901,29.654829999763916],[-82.339275999938806,29.654564000382081],[-82.339276999763726,29.654403999781326],[-82.339280000136768,29.653917000153996],[-82.339296999855208,29.653360999721315],[-82.339312999748742,29.652810000319942],[-82.339373000023187,29.652056000195135],[-82.33936899982524,29.651162999967614],[-82.339377000221148,29.65024300020346]]]},"properties":{"MTFCC":"G5020","OID":"2079015500882425","GEOID":"12001000201","STATE":"12","COUNTY":"001","TRACT":"000201","BASENAME":"2.01","NAME":"Census Tract 2.01","LSADC":"CT","FUNCSTAT":"S","AREALAND":1238507,"AREAWATER":0,"CENTLAT":"+29.6545414","CENTLON":"-082.3337410","INTPTLAT":"+29.6545414","INTPTLON":"-082.3337410","OBJECTID":79535}},{"type":"Feature","id":79998,"geometry":{"type":"Polygon","coordinates":[[[-82.465767999674512,29.716216999783416],[-82.466092000437925,29.716324999898699],[-82.464697000345012,29.713731999957972],[-82.462113999848413,29.708847999926576],[-82.459270999959131,29.703561999918218],[-82.458906000086145,29.702883000321577],[-82.458485000136662,29.702164000132303],[-82.458048000293672,29.701457999951081],[-82.457832000383604,29.701129000303521],[-82.45754799980314,29.700697000090422],[-82.457044999837905,29.699975999937145],[-82.456237000274143,29.698907999961648],[-82.455550000185866,29.698073000237255],[-82.454499999874457,29.696886000192727],[-82.450037999586272,29.692287000092524],[-82.446818000128445,29.689025999804333],[-82.446460999753057,29.689010000243211],[-82.444960000253261,29.689005999962365],[-82.444088000217064,29.688993000219025],[-82.443858000063301,29.688989999617657],[-82.443227999876441,29.688984999655755],[-82.442795000231413,29.688984999655755],[-82.441923000195217,29.688974000050798],[-82.441344999886908,29.688962999664291],[-82.439103999697082,29.68895299973752],[-82.436913999560858,29.688932999881011],[-82.434869000087915,29.688908999735755],[-82.434659000025633,29.688908999735755],[-82.430569000181436,29.688910999878164],[-82.430258999661731,29.688886999727668],[-82.427008000241756,29.688861000208515],[-82.425610999600707,29.688861000208515],[-82.42330300036204,29.688834000220442],[-82.42228099963971,29.688824999962744],[-82.418297000100736,29.688825999644578],[-82.418095000434363,29.688836000364351],[-82.416240000033909,29.688846000302778],[-82.414228000172926,29.688839000189915],[-82.411824999601407,29.688839999871611],[-82.411412999872738,29.688849000127988],[-82.411032000106246,29.688844000159087],[-82.409883999885537,29.688836000364351],[-82.409776999755408,29.688832999758343],[-82.409714999831124,29.688830999614382],[-82.409488999875308,29.688839999871611],[-82.406321000296032,29.688839999871611],[-82.403865999845948,29.688812999877889],[-82.403644000088093,29.688815999704154],[-82.40245300020969,29.688795000138256],[-82.40042000043232,29.688780000222661],[-82.399319999892171,29.68876399984196],[-82.39889100044509,29.688756999723388],[-82.39860799968956,29.68875500035832],[-82.397385999849007,29.688733000316518],[-82.396143000092053,29.688723000366831],[-82.39465299956457,29.688724999732536],[-82.393432000447248,29.688728000341825],[-82.393289000332118,29.688728000341825],[-82.393271999715367,29.688728000341825],[-82.393099000361332,29.688728000341825],[-82.392870000032474,29.688728000341825],[-82.392316000013594,29.688728000341825],[-82.392130000240755,29.688726999878607],[-82.391606000359118,29.68871900007456],[-82.391033999898582,29.688712999635825],[-82.390765000285072,29.688716999928335],[-82.390520999887599,29.688723000366831],[-82.389936999731503,29.688723000366831],[-82.389221000229227,29.68871900007456],[-82.389139000213461,29.688717999611253],[-82.389047000151962,29.688724000049696],[-82.388929999976099,29.688733000316518],[-82.388966999786007,29.689800000308587],[-82.389000000296306,29.69033299973454],[-82.389001000121212,29.690348000198668],[-82.389002999771023,29.69049399981337],[-82.389006000144079,29.690711999954953],[-82.38901000034204,29.69133399994287],[-82.388994000448506,29.691861999997641],[-82.388986999877517,29.692063999657304],[-82.388959000288423,29.69268500021688],[-82.388938000372008,29.693170999775877],[-82.388926999603044,29.693710999823747],[-82.388925999778138,29.693761000201594],[-82.388909999884604,29.694965999909559],[-82.388909999884604,29.694994999831966],[-82.388912000432754,29.695130000006248],[-82.388909999884604,29.695985000019032],[-82.388909000059712,29.696369999971598],[-82.388909000059712,29.696494000296937],[-82.388909000059712,29.696627000028911],[-82.388909000059712,29.696806999638031],[-82.388904000036817,29.699205000086366],[-82.388890999618042,29.702347000166306],[-82.388888000143311,29.703258999841413],[-82.389052999999748,29.703250000095579],[-82.389834999624256,29.703258999841413],[-82.390709000208574,29.703263000335088],[-82.391224999694302,29.703265000191742],[-82.392343999602687,29.703270000223302],[-82.39243099964132,29.703270000223302],[-82.392976000337683,29.703268000366801],[-82.393773000030791,29.703263999873265],[-82.394903999634764,29.703258999841413],[-82.395379999835825,29.703256999984696],[-82.395892999846794,29.70325599966614],[-82.397057999785943,29.70325300027103],[-82.397275000419256,29.70324699991999],[-82.397344999841124,29.70324800023862],[-82.397357000434994,29.70324800023862],[-82.397647999789825,29.703251999952489],[-82.397923999974353,29.703255000127875],[-82.399005000247911,29.703251999952489],[-82.399544000198162,29.703250999633894],[-82.400273000119213,29.703256999984696],[-82.402829999778234,29.70324899977696],[-82.404040999748133,29.703262000016647],[-82.40488099999726,29.703285999854497],[-82.405028000310352,29.703302000263388],[-82.405318999665198,29.703351999769097],[-82.405452999559486,29.703383999783004],[-82.405562000237751,29.703412000079439],[-82.405778000147819,29.703476000058892],[-82.405947000202204,29.703533999663602],[-82.406267999694265,29.703670000381301],[-82.408648999626166,29.704827999651808],[-82.409124999827256,29.705071999913425],[-82.410381000002999,29.705759000324679],[-82.410663000035285,29.705974000019356],[-82.410868000074714,29.706144999778207],[-82.410880999595193,29.706157999642972],[-82.410989000448524,29.706262000061383],[-82.411664999767822,29.706919000260147],[-82.412217999961769,29.707340999802312],[-82.413336999870168,29.708065999664026],[-82.414006000415085,29.708580000129402],[-82.414738999635787,29.709292000170855],[-82.415521000158606,29.709978000329286],[-82.415703999558389,29.71013900013325],[-82.41591399962067,29.710296000245968],[-82.416139999576487,29.71043500034963],[-82.416331000270503,29.710510000123524],[-82.416474000385648,29.710561000187461],[-82.416614999952643,29.710596999666247],[-82.416778000159255,29.710625000292229],[-82.416944999665517,29.710638999822045],[-82.418068999596798,29.710631999667303],[-82.419106000387728,29.710641999776804],[-82.419691000368744,29.710644999731425],[-82.421089999761307,29.710653000130158],[-82.422386999944933,29.71066600019163],[-82.422946999811586,29.710669000145526],[-82.424073000290974,29.710676000297749],[-82.425721000103877,29.710698999679792],[-82.426751000323819,29.710679999715737],[-82.427013000264637,29.710675000053108],[-82.427277999680186,29.710650000175779],[-82.427606999568169,29.710625999757148],[-82.42833200018957,29.710555000273072],[-82.428733000047572,29.710514999794366],[-82.429518999870027,29.710461999993758],[-82.430139999836044,29.710470999873593],[-82.430347000423595,29.710467999913707],[-82.430527000348647,29.710466000200558],[-82.43197199977196,29.710450000152839],[-82.4335450001401,29.710457000320279],[-82.434341000008317,29.710463000240534],[-82.435726999880401,29.710473999833315],[-82.437983999963777,29.710498000288279],[-82.438831999710487,29.710516000040609],[-82.438861999847731,29.710517000286789],[-82.439866000128404,29.71052199995734],[-82.440253999567602,29.710524999915535],[-82.4418660002938,29.710536999747561],[-82.443585000251829,29.710549000358327],[-82.44443700019653,29.710555000273072],[-82.445243000110466,29.71055999994168],[-82.445926999825687,29.71057100030405],[-82.446483000392689,29.710594999955607],[-82.447038000236475,29.710631999667303],[-82.447591000430435,29.710682000204926],[-82.448142999901165,29.710744999988592],[-82.448459000268656,29.710788999789319],[-82.449050000097444,29.710893000092849],[-82.449496000161275,29.710980000083893],[-82.44963799955319,29.711009000064163],[-82.450223000432501,29.711137999901865],[-82.450804000215555,29.711279000097289],[-82.451380999800648,29.711433000056882],[-82.451953000261184,29.711599000265572],[-82.452519999800529,29.711778000117238],[-82.453082000215332,29.711969000090846],[-82.453567999563816,29.712156999791738],[-82.454581000065303,29.712498000359453],[-82.455421000314445,29.712781000077019],[-82.459736000289524,29.71420999977455],[-82.4637890003238,29.715540999745148],[-82.465374000387513,29.716084999658076],[-82.465767999674512,29.716216999783416]]]},"properties":{"MTFCC":"G5020","OID":"207903717545533","GEOID":"12001001811","STATE":"12","COUNTY":"001","TRACT":"001811","BASENAME":"18.11","NAME":"Census Tract 18.11","LSADC":"CT","FUNCSTAT":"S","AREALAND":14048696,"AREAWATER":252717,"CENTLAT":"+29.6996614","CENTLON":"-082.4264500","INTPTLAT":"+29.6942428","INTPTLON":"-082.4191806","OBJECTID":79998}},{"type":"Feature","id":79999,"geometry":{"type":"Polygon","coordinates":[[[-82.455279999849139,29.745942999971511],[-82.455177999741892,29.729933999743533],[-82.436870000078244,29.717779000309143],[-82.433400000375173,29.715621999997825],[-82.430333000179886,29.713657999684965],[-82.428385999717932,29.71313099972712],[-82.427231999649436,29.712303999926817],[-82.426782000285954,29.712245999925777],[-82.424073000290974,29.710676000297749],[-82.422946999811586,29.710669000145526],[-82.422386999944933,29.71066600019163],[-82.421089999761307,29.710653000130158],[-82.419691000368744,29.710644999731425],[-82.419106000387728,29.710641999776804],[-82.418068999596798,29.710631999667303],[-82.416944999665517,29.710638999822045],[-82.416778000159255,29.710625000292229],[-82.416614999952643,29.710596999666247],[-82.416474000385648,29.710561000187461],[-82.416331000270503,29.710510000123524],[-82.416139999576487,29.71043500034963],[-82.41591399962067,29.710296000245968],[-82.415703999558389,29.71013900013325],[-82.415521000158606,29.709978000329286],[-82.414738999635787,29.709292000170855],[-82.414006000415085,29.708580000129402],[-82.413336999870168,29.708065999664026],[-82.412217999961769,29.707340999802312],[-82.411664999767822,29.706919000260147],[-82.410989000448524,29.706262000061383],[-82.410880999595193,29.706157999642972],[-82.410868000074714,29.706144999778207],[-82.410663000035285,29.705974000019356],[-82.410381000002999,29.705759000324679],[-82.409124999827256,29.705071999913425],[-82.408648999626166,29.704827999651808],[-82.406267999694265,29.703670000381301],[-82.405947000202204,29.703533999663602],[-82.405778000147819,29.703476000058892],[-82.405562000237751,29.703412000079439],[-82.405452999559486,29.703383999783004],[-82.405318999665198,29.703351999769097],[-82.405028000310352,29.703302000263388],[-82.40488099999726,29.703285999854497],[-82.404040999748133,29.703262000016647],[-82.402829999778234,29.70324899977696],[-82.400273000119213,29.703256999984696],[-82.399544000198162,29.703250999633894],[-82.399005000247911,29.703251999952489],[-82.397923999974353,29.703255000127875],[-82.397647999789825,29.703251999952489],[-82.397357000434994,29.70324800023862],[-82.397344999841124,29.70324800023862],[-82.397275000419256,29.70324699991999],[-82.397057999785943,29.70325300027103],[-82.395892999846794,29.70325599966614],[-82.395379999835825,29.703256999984696],[-82.394903999634764,29.703258999841413],[-82.393773000030791,29.703263999873265],[-82.392976000337683,29.703268000366801],[-82.39243099964132,29.703270000223302],[-82.392343999602687,29.703270000223302],[-82.391224999694302,29.703265000191742],[-82.390709000208574,29.703263000335088],[-82.389834999624256,29.703258999841413],[-82.389052999999748,29.703250000095579],[-82.388888000143311,29.703258999841413],[-82.388859999655892,29.7047609996233],[-82.388858000006067,29.705193000303002],[-82.388885999595161,29.707622000240814],[-82.388868999876735,29.708513000263419],[-82.388848999785253,29.709596000246087],[-82.388803999579409,29.709888999745342],[-82.388687000301857,29.710403000241758],[-82.388489999760054,29.71086999997495],[-82.388340999797137,29.711185000249074],[-82.387626999944686,29.712173999797109],[-82.387187999553547,29.712760000059191],[-82.386657999824138,29.713486000020612],[-82.386374000141998,29.713865999701959],[-82.385979000131783,29.714475999734702],[-82.385765999696446,29.714965999992675],[-82.385613000433892,29.715504999698503],[-82.38552899986999,29.716316999951886],[-82.385554999809258,29.716780999711144],[-82.385632999627063,29.717222000223316],[-82.385690000426791,29.717416999911631],[-82.38577800029033,29.717712999734868],[-82.385937000298995,29.7180839998225],[-82.386360999723209,29.718783999933446],[-82.388179000313741,29.721286999679165],[-82.38844600027744,29.721795000305811],[-82.388592999692207,29.722179000258578],[-82.388728000309726,29.722880000017554],[-82.388760999921701,29.726539999747366],[-82.388767999594393,29.727282000380317],[-82.388779000363371,29.728578000210611],[-82.388780000188262,29.728724999699494],[-82.388798999556528,29.730790999926064],[-82.388810000325506,29.731984000300351],[-82.388807999777356,29.732201000052527],[-82.388802999754489,29.733396000076741],[-82.388796000081797,29.735068000218693],[-82.388790000234025,29.736237999886139],[-82.388775999990301,29.739306999886661],[-82.388929999976099,29.739304000008769],[-82.389013999641691,29.739303000049439],[-82.389176000023397,29.739303000049439],[-82.391023000027928,29.739299000212114],[-82.393229999882564,29.73929800025272],[-82.396707999981572,29.739295000374572],[-82.397130999580867,29.739295000374572],[-82.398658999743191,29.73929399963513],[-82.399719999925253,29.739292999675694],[-82.399863000040384,29.739292999675694],[-82.405444000236969,29.739304999968098],[-82.406131000325232,29.739297000293337],[-82.408385000035537,29.739299000212114],[-82.408530999625413,29.739299000212114],[-82.410302000360275,29.739295000374572],[-82.410586999867306,29.73929399963513],[-82.411667000315958,29.739304999968098],[-82.41468400028252,29.739301000130787],[-82.414741000183938,29.739301000130787],[-82.414743999658654,29.73883899990939],[-82.414003999866949,29.738836999981505],[-82.414009999714736,29.737364000115065],[-82.414011000437952,29.737143999889085],[-82.414751000229671,29.737144999869958],[-82.414756000252538,29.736094999670826],[-82.413762999842533,29.736092999688221],[-82.413765000390669,29.735729999838789],[-82.414331000105093,29.735730999833756],[-82.415633000311601,29.735734999813427],[-82.415839000175907,29.735735999808345],[-82.416693999595353,29.73573899979295],[-82.416711000212103,29.732588000045073],[-82.414255999762034,29.732571999623509],[-82.413640999643789,29.732569000324176],[-82.40968800006695,29.732545999712947],[-82.40968700024203,29.732507000224569],[-82.409702000310659,29.728847999790894],[-82.413131999830767,29.72886800027986],[-82.413702999568059,29.728870999689764],[-82.414008000064911,29.728867000216486],[-82.414444999907914,29.728860999836094],[-82.415347000081326,29.728848999854407],[-82.416051999712934,29.728840000062252],[-82.417466000072437,29.728887999984746],[-82.417952000319232,29.72891800031465],[-82.417917999984056,29.730666999831072],[-82.417831999770328,29.732271999826352],[-82.417799999983274,29.732379999825469],[-82.417701000249068,29.732433999781435],[-82.417589999920978,29.732436999864802],[-82.417492000011691,29.732447000142045],[-82.417415999843712,29.73249099979008],[-82.417384000056657,29.732534000172006],[-82.417368999988042,29.732596000254919],[-82.422097000415022,29.732615999996714],[-82.422068000102698,29.739377000132222],[-82.425701999837315,29.739391000331469],[-82.432586000065285,29.739417999985886],[-82.437795999642788,29.743043999626241],[-82.440071000167819,29.744630999812131],[-82.446517999654475,29.749126999838342],[-82.448737000102994,29.750676999918717],[-82.452479999617552,29.752018000334857],[-82.45486899994539,29.752974000227329],[-82.454872000318431,29.751538999861783],[-82.454864999747443,29.750806000234405],[-82.454872000318431,29.750114000086331],[-82.455279999849139,29.745942999971511]]]},"properties":{"MTFCC":"G5020","OID":"207903717545534","GEOID":"12001001813","STATE":"12","COUNTY":"001","TRACT":"001813","BASENAME":"18.13","NAME":"Census Tract 18.13","LSADC":"CT","FUNCSTAT":"S","AREALAND":19561967,"AREAWATER":882619,"CENTLAT":"+29.7259063","CENTLON":"-082.4187108","INTPTLAT":"+29.7211774","INTPTLON":"-082.4202042","OBJECTID":79999}},{"type":"Feature","id":81166,"geometry":{"type":"Polygon","coordinates":[[[-82.388976000006849,29.67418899962291],[-82.38898100002973,29.674086000176544],[-82.388643999745824,29.673955999762367],[-82.386965999795692,29.673199000153875],[-82.386412999601745,29.67291400008466],[-82.38582400032108,29.672652000275221],[-82.385148000103484,29.672319999661195],[-82.383820999782628,29.67172800011604],[-82.383041999632852,29.671396000354157],[-82.382337999826163,29.671089999715857],[-82.381475000010809,29.670730000160411],[-82.380632000286937,29.670372999692908],[-82.379715999869831,29.669951000214823],[-82.378621000250874,29.669447999794514],[-82.378061000384221,29.669176999865986],[-82.377358000402424,29.668842999727239],[-82.37709399991347,29.668721000175839],[-82.376816999904037,29.668594000280905],[-82.375286000266996,29.667858000159896],[-82.374902999952369,29.667679000114823],[-82.374218000412242,29.667373999770845],[-82.373565999585765,29.667064999689728],[-82.373170999575549,29.666905000234586],[-82.372742999953388,29.666804000154851],[-82.372373000057507,29.666769999618246],[-82.371241999555252,29.666743999842993],[-82.370017000239955,29.66675999982559],[-82.369345000220321,29.666758999924312],[-82.368937999616236,29.666757000121752],[-82.368234999634453,29.666753999637251],[-82.367351999727603,29.666760999726844],[-82.366021000107096,29.666755000319142],[-82.365272000094564,29.66677599980563],[-82.364056999926703,29.666763000309849],[-82.36343400031086,29.666757000121752],[-82.362738000001769,29.666753999637251],[-82.362182000333078,29.666751999834577],[-82.361362000175433,29.66675999982559],[-82.361030999739313,29.666743999842993],[-82.358478000278268,29.666745999645833],[-82.357749000357217,29.666742000040131],[-82.357487000416398,29.666744999744413],[-82.357388999608773,29.666744999744413],[-82.356263000027695,29.666745999645833],[-82.35604299991968,29.666750999933235],[-82.3557709999331,29.666741000138686],[-82.355435000372452,29.666741000138686],[-82.352907999952336,29.666736999752231],[-82.351369999744293,29.666734999949277],[-82.349922999772843,29.666732000244689],[-82.34905999995749,29.666731000343155],[-82.348770000427564,29.666729999661012],[-82.347478000266818,29.66672799985788],[-82.346678000200654,29.666726000054698],[-82.345543000398735,29.66672300034984],[-82.344411999896465,29.666716000257654],[-82.343344999866602,29.666710999968458],[-82.343243999584274,29.666710999968458],[-82.341945999575742,29.666704999777245],[-82.340004999859858,29.666704999777245],[-82.339215999664361,29.666678000083145],[-82.339195999572851,29.668398000380304],[-82.339197000296096,29.670260000015503],[-82.33922499988519,29.67093999979754],[-82.339192000273229,29.672043999642355],[-82.339195999572851,29.672231000060282],[-82.339182000227481,29.673303000344994],[-82.339192000273229,29.673968000059809],[-82.339785999576748,29.673977999916318],[-82.343221000018048,29.674003000333794],[-82.344282000200124,29.674019999771129],[-82.344708999997394,29.674073999893185],[-82.345149000213439,29.674114999879759],[-82.34568800016369,29.674215999642151],[-82.346231000311903,29.674447999855875],[-82.34646099956737,29.674583000312523],[-82.346704000139923,29.67474700010893],[-82.346975000301583,29.674969000121067],[-82.347022999982144,29.675022999733496],[-82.347226000371748,29.675252000195783],[-82.34735400041825,29.675444999781703],[-82.347366999938743,29.675466999609885],[-82.347434999710785,29.675586000122529],[-82.347558999559354,29.675804999628841],[-82.347669000062524,29.675950000265452],[-82.34783300009407,29.676200999845172],[-82.348219999708348,29.676791999792016],[-82.348264000089273,29.676850999771702],[-82.348852000443344,29.677641000185002],[-82.349069000178332,29.677948999980273],[-82.349273000392799,29.678262000108059],[-82.349758999741312,29.678936999949499],[-82.350263000429777,29.679618999916826],[-82.35051199995182,29.679940000031642],[-82.350713999618179,29.68023399994506],[-82.350937000099236,29.680536999999386],[-82.351152000184399,29.680781999702692],[-82.351358999873639,29.680946000314059],[-82.35152000043044,29.681093999836605],[-82.351553000042401,29.681337000230684],[-82.352019000197728,29.681292000259894],[-82.352341000412991,29.681244999973966],[-82.352755999616377,29.681257999939021],[-82.353054000440508,29.681263000285327],[-82.353637999698307,29.681270999902356],[-82.353811999775587,29.681273000196768],[-82.354092999982967,29.681277000004933],[-82.354458999680872,29.681277999761839],[-82.354780999896136,29.681287999671795],[-82.355656000305373,29.681273999953714],[-82.356226000217788,29.681277999761839],[-82.356272000248538,29.681277999761839],[-82.35863899993673,29.681300999631301],[-82.35998299997604,29.681314000369532],[-82.361250999847329,29.68132800008209],[-82.362331000295995,29.68134199979264],[-82.36425299974529,29.681367999695951],[-82.36444199989117,29.681370999744424],[-82.36500699978069,29.681379000133322],[-82.365457000042497,29.681385000229447],[-82.366072000160742,29.681394000373004],[-82.366767999571493,29.681405000027056],[-82.367489999819867,29.681417000215848],[-82.36817600008321,29.681427999867406],[-82.368485999704617,29.681433999960593],[-82.368944000362333,29.681440000053502],[-82.369126999762116,29.681475999822709],[-82.369257000356768,29.681501999691356],[-82.369433000083859,29.68156700011399],[-82.369654000016794,29.681661000362723],[-82.369951999942629,29.681857000166929],[-82.37008199963897,29.681979999920554],[-82.370281999655518,29.68221800021567],[-82.370355000348766,29.682341000307972],[-82.37042899996861,29.682495000147963],[-82.3704919997178,29.682708999939326],[-82.370531000075857,29.682808999911732],[-82.370582000129488,29.682938999805227],[-82.371321999921193,29.68515200030129],[-82.371798000122254,29.68660199979616],[-82.371861999696364,29.686690999942716],[-82.371936000214518,29.686751000058432],[-82.372024000078071,29.686793999742164],[-82.372140000429042,29.68681900009425],[-82.372325000376946,29.68681900009425],[-82.372322000003905,29.687087000200624],[-82.372327999851677,29.687619000274545],[-82.372323999653716,29.688536000188606],[-82.37232299982881,29.68856800023957],[-82.37232000035408,29.688692000048388],[-82.374758000187413,29.688717999611253],[-82.37595999993647,29.688707999660142],[-82.376468999749491,29.688704000147617],[-82.377182999601942,29.688716999928335],[-82.377919999918916,29.688714000099171],[-82.378185000232776,29.688712999635825],[-82.378232999913351,29.688712999635825],[-82.379104000124627,29.688731000170559],[-82.379463000149826,29.688731999853335],[-82.379937999627671,29.688736000145159],[-82.380780000424949,29.688743999947846],[-82.381332999720584,29.688731999853335],[-82.382183999840379,29.688726000195782],[-82.383258000441245,29.688744999630494],[-82.383681000040553,29.688734999682005],[-82.385292999868426,29.688728000341825],[-82.386557000440106,29.688717999611253],[-82.387107000261011,29.688729000024626],[-82.388929999976099,29.688733000316518],[-82.388924999953218,29.688563000256671],[-82.388914999907485,29.688093999660985],[-82.388925999778138,29.687785999733123],[-82.388934000174061,29.687537000373389],[-82.38893499999898,29.687384999846671],[-82.388938000372008,29.686386000296398],[-82.388935999823872,29.685404999750858],[-82.388945000044714,29.685033999905286],[-82.388950000067581,29.684820000381244],[-82.388955999915382,29.684573000145431],[-82.388950999892501,29.684065000084235],[-82.388961999763154,29.683804000188189],[-82.388962999588045,29.683338999743629],[-82.388965000136196,29.682268000068316],[-82.388970000159063,29.681421999773836],[-82.388960999938234,29.679728999906271],[-82.388960000113329,29.679564999650925],[-82.388965000136196,29.679074999959205],[-82.388967999610927,29.678765999929166],[-82.388970000159063,29.678546000064042],[-82.388970999983968,29.677985000219095],[-82.388971999808888,29.677510999684124],[-82.388972999633808,29.677344000325007],[-82.388974000357024,29.677053999741347],[-82.388975000181944,29.676688999890143],[-82.388977999656674,29.676037999887836],[-82.38898100002973,29.675749999844001],[-82.388979000379905,29.675476000283233],[-82.388974000357024,29.674940999703516],[-82.388974000357024,29.674826000053368],[-82.388976000006849,29.67418899962291]]]},"properties":{"MTFCC":"G5020","OID":"20790267578141","GEOID":"12001001100","STATE":"12","COUNTY":"001","TRACT":"001100","BASENAME":"11","NAME":"Census Tract 11","LSADC":"CT","FUNCSTAT":"S","AREALAND":7797942,"AREAWATER":0,"CENTLAT":"+29.6760057","CENTLON":"-082.3672974","INTPTLAT":"+29.6760057","INTPTLON":"-082.3672974","OBJECTID":81166}},{"type":"Feature","id":84745,"geometry":{"type":"Polygon","coordinates":[[[-82.496067999934681,29.658779999797396],[-82.496068999759601,29.656381999840967],[-82.496048999668105,29.656031000022764],[-82.496006999835316,29.655033999699761],[-82.496002999637355,29.654412999997486],[-82.496040000345602,29.65402400006732],[-82.495917000321938,29.654013999788436],[-82.495812999666569,29.654016999872223],[-82.495681000320403,29.65401999995586],[-82.492594999858568,29.654007999620582],[-82.490666999663176,29.65402800017862],[-82.490536000141915,29.654034000345266],[-82.490249000086735,29.654038999703193],[-82.490071999636413,29.654044999869193],[-82.489766000212981,29.654067999721462],[-82.489422000256397,29.654111000110007],[-82.489062000406278,29.654160999885185],[-82.48870599985581,29.654226000024089],[-82.488095999760446,29.654361000298596],[-82.487995000376415,29.654386000127161],[-82.487668000138271,29.654480000020321],[-82.487102000423846,29.654691000033765],[-82.486468000039025,29.654933000192667],[-82.485600000200805,29.655276999829905],[-82.485455000435849,29.655329999851016],[-82.484806999807347,29.655572000034628],[-82.483280000368239,29.656162000191536],[-82.481998000253256,29.656673999924358],[-82.480066999684809,29.657353000218876],[-82.478967000042985,29.657729999879233],[-82.47735900041306,29.65829600022693],[-82.476402999812962,29.658641000059013],[-82.47602000039663,29.658772999933078],[-82.475176999774462,29.659074999880659],[-82.474740999756349,29.659235000080063],[-82.473595999908696,29.659606999852954],[-82.473276000241569,29.659698999609866],[-82.473207999571187,29.659712000018427],[-82.473047999737602,29.659741999934031],[-82.47288399970607,29.659787000181023],[-82.472763000230572,29.659819000014792],[-82.47239599980945,29.659892000158663],[-82.472097000058724,29.659942000183797],[-82.471979000057928,29.659962000343043],[-82.471702000048495,29.659999999932062],[-82.471523999773268,29.660022000016269],[-82.471251999786702,29.660047999967595],[-82.47100800028754,29.66004600003167],[-82.470460999941366,29.660052999807366],[-82.468724000440005,29.660038000287365],[-82.467816000418807,29.660019000111507],[-82.465197999762111,29.660043000127633],[-82.464269999649417,29.66001600020666],[-82.464170999915225,29.66001500023836],[-82.463719999828513,29.660013000301721],[-82.463477999979176,29.660022000016269],[-82.463118000129057,29.660020000079758],[-82.460919999596939,29.660011000365056],[-82.459952000199593,29.660000999900504],[-82.458383000029414,29.65999600005815],[-82.456638999957036,29.660003999805809],[-82.455858000157448,29.659987000341349],[-82.45496400037996,29.659974999936978],[-82.453800000265716,29.659974999936978],[-82.453247000071769,29.659970000093324],[-82.446607000241258,29.659944000121836],[-82.44554199986122,29.659947000028833],[-82.444545999976469,29.659929999774118],[-82.443582999703693,29.659951999873567],[-82.443380000212414,29.659949999935744],[-82.442592999666729,29.659964000280688],[-82.442252999908092,29.659992000184097],[-82.441489999651864,29.660020000079758],[-82.440639000430366,29.660098999882749],[-82.439522999996726,29.66021200004646],[-82.438933999817763,29.660261999912578],[-82.438111000185373,29.660322000187527],[-82.436849999986748,29.660400999753389],[-82.436759999575074,29.660401999717845],[-82.436347999846419,29.660395999930905],[-82.434334000335625,29.660404999611195],[-82.433576999927155,29.660399999788904],[-82.431520999685262,29.660399999788904],[-82.43098199973501,29.660407000320593],[-82.430589000272931,29.660359999640594],[-82.430197999562367,29.660289999733113],[-82.429757000419713,29.66017599969031],[-82.428575999688732,29.659889000250022],[-82.428112999906446,29.659836000288259],[-82.427778000170704,29.659812000222825],[-82.426224999894032,29.659789000122149],[-82.425764999586491,29.659794999945298],[-82.424743999587392,29.659771999840743],[-82.424075999765705,29.659771999840743],[-82.422369000401559,29.659749999701869],[-82.422082000346407,29.659755000337086],[-82.42157000016033,29.659743999876053],[-82.420780999964805,29.659721999731048],[-82.420549000161216,29.659716999874902],[-82.420355999817374,29.659720999759884],[-82.420314999809477,29.659721999731048],[-82.420038999624978,29.659705000218953],[-82.419763000338762,29.659705000218953],[-82.419414000359311,29.659698999609866],[-82.419125999580899,29.659693999752498],[-82.419247999779643,29.659838000228422],[-82.419374000176333,29.659986000372768],[-82.423103000345492,29.664367999938939],[-82.423390000400687,29.664705999793245],[-82.426604999835632,29.668200000323889],[-82.430797999611997,29.672509999878706],[-82.431725999724677,29.673462999768546],[-82.432548000430472,29.674307000260761],[-82.438077999675087,29.679988999686696],[-82.440663999646418,29.682645999741755],[-82.441506000443695,29.68351599975859],[-82.44322600022663,29.685291999797826],[-82.443345000052304,29.685415999746446],[-82.444087000392159,29.686216000168578],[-82.445274000072601,29.687461999834177],[-82.44665900011978,29.688864999714742],[-82.446818000128445,29.689025999804333],[-82.450037999586272,29.692287000092524],[-82.454499999874457,29.696886000192727],[-82.455550000185866,29.698073000237255],[-82.456237000274143,29.698907999961648],[-82.457044999837905,29.699975999937145],[-82.45754799980314,29.700697000090422],[-82.457832000383604,29.701129000303521],[-82.458048000293672,29.701457999951081],[-82.458485000136662,29.702164000132303],[-82.458906000086145,29.702883000321577],[-82.459270999959131,29.703561999918218],[-82.462113999848413,29.708847999926576],[-82.464697000345012,29.713731999957972],[-82.466092000437925,29.716324999898699],[-82.468634999853222,29.717176999941394],[-82.469905000272661,29.717601999805915],[-82.470275000168527,29.717721999744814],[-82.470649000262355,29.717828999627798],[-82.471028000379022,29.717923000276699],[-82.471582000397888,29.718046999736519],[-82.471993000301637,29.718118000163553],[-82.472188000295304,29.718145000082036],[-82.472574999909597,29.7181820001319],[-82.473273999693419,29.718220999726903],[-82.473758000290402,29.71822800013269],[-82.474154000125523,29.718229000302081],[-82.476288000185235,29.718237000096444],[-82.478187000068303,29.718248999786805],[-82.478536000047768,29.718247000228629],[-82.479808999941952,29.718246000059406],[-82.480547000083831,29.718252000294335],[-82.481943999826569,29.718262999813859],[-82.482845000175075,29.718266000320977],[-82.483877000044828,29.718267999878776],[-82.485098999885381,29.718276999838952],[-82.487160999975075,29.718285999798326],[-82.48877100015315,29.718290999862099],[-82.49031299966083,29.718299999820214],[-82.490997000274362,29.718303999714646],[-82.492484000428803,29.718312000283223],[-82.493763999995664,29.718313999840152],[-82.495943000261221,29.718320000071021],[-82.495943000261221,29.717305999655412],[-82.495963000352702,29.716190000126542],[-82.49597300039845,29.715699000187129],[-82.49598799956874,29.714090999748979],[-82.49598799956874,29.713455999758644],[-82.495969000200503,29.712501999704862],[-82.495968000375584,29.712367000253202],[-82.495965999827433,29.711672999715528],[-82.495970999850314,29.709829000183742],[-82.49597199967522,29.70951000009229],[-82.495970999850314,29.708449000372948],[-82.495976999698087,29.707907999693603],[-82.49597300039845,29.706947000351231],[-82.49597300039845,29.706680999950677],[-82.49597300039845,29.7063360003235],[-82.495975999873181,29.705019999881824],[-82.495976999698087,29.704653999857808],[-82.495981999720954,29.702393999946423],[-82.495981999720954,29.70162999993077],[-82.495990999941796,29.701195999633708],[-82.49599000011689,29.701115000228178],[-82.495979000246237,29.700309000070988],[-82.495991999766716,29.699564000312844],[-82.495991999766716,29.699288999765272],[-82.495991999766716,29.698794000003751],[-82.495981999720954,29.697798000289893],[-82.495980999896048,29.697377000044305],[-82.495980000071128,29.696796999711591],[-82.495979000246237,29.695854000221637],[-82.495990999941796,29.694959000223033],[-82.495995000139757,29.694724000096333],[-82.495995000139757,29.6941410003874],[-82.49598400026909,29.692439000228056],[-82.495985000094009,29.691208000176001],[-82.495999000337719,29.690106999857523],[-82.495985000094009,29.689227000024381],[-82.495974000223356,29.688442000126109],[-82.495985000094009,29.686892000150387],[-82.495989000291971,29.686397000184613],[-82.495990999941796,29.683117000263152],[-82.495990999941796,29.682968999816769],[-82.495990999941796,29.682937000324426],[-82.495990999941796,29.682702999922217],[-82.495990999941796,29.681040000363005],[-82.495990999941796,29.680944999773374],[-82.496006999835316,29.67948600030812],[-82.496011999858183,29.678968000154832],[-82.49601799970597,29.678488000083252],[-82.496021999903931,29.678130000053301],[-82.496035000322721,29.677005000216813],[-82.49600099998753,29.675489000213705],[-82.496001999812449,29.674785000356707],[-82.496001999812449,29.672567000342276],[-82.496002999637355,29.672237999768615],[-82.4960040003606,29.672088000001537],[-82.496009000383467,29.671946000369744],[-82.496001999812449,29.670658999801073],[-82.496006000010411,29.668786000275137],[-82.496006999835316,29.668078999880702],[-82.496028999576637,29.666409000306349],[-82.496022999728851,29.664945000305014],[-82.496026999926812,29.664733999938147],[-82.496031000124773,29.663623999879459],[-82.496035000322721,29.662849000081046],[-82.496036999972546,29.662467000366817],[-82.496041000170507,29.661970999631979],[-82.496056000239122,29.660153999639768],[-82.496067999934681,29.658779999797396]]]},"properties":{"MTFCC":"G5020","OID":"20790267577969","GEOID":"12001002204","STATE":"12","COUNTY":"001","TRACT":"002204","BASENAME":"22.04","NAME":"Census Tract 22.04","LSADC":"CT","FUNCSTAT":"S","AREALAND":32306357,"AREAWATER":52182,"CENTLAT":"+29.6834334","CENTLON":"-082.4693070","INTPTLAT":"+29.6781632","INTPTLON":"-082.4756488","OBJECTID":84745}}]}