{"type":"FeatureCollection","features":[{"type":"Feature","id":1,"geometry":{"type":"Polygon","coordinates":[[[-82.2148460211243,29.4837428408441],[-82.214887500152,29.483798310241],[-82.2149647598733,29.4839100802687],[-82.2150374442146,29.4840241747324],[-82.2150749929405,29.4840904121795],[-82.2151884335659,29.4840938181479],[-82.2151376563729,29.4842046818601],[-82.2150716568076,29.484348682132],[-82.2150026577735,29.4846626801393],[-82.2149966583561,29.4849216794037],[-82.2150656597425,29.4851906789076],[-82.2151536596324,29.4854876789089],[-82.2152046610248,29.4856856774074],[-82.2152046616785,29.4859336759658],[-82.2151356614581,29.4862356757185],[-82.2150406629111,29.4865656746579],[-82.2149596638221,29.4869676727088],[-82.214990665588,29.4872646730348],[-82.2152676651843,29.487754671518],[-82.215324666493,29.4879136706958],[-82.2154876670966,29.4882276698733],[-82.2155756683982,29.4884256699451],[-82.215745667688,29.4885246685793],[-82.2159406668134,29.4885236690519],[-82.2161666677844,29.4884966695423],[-82.2163686674666,29.4883916707896],[-82.2164186671106,29.4881936716297],[-82.2165316668412,29.4879246718774],[-82.2165246644435,29.4874736733686],[-82.2164936645525,29.4872756740478],[-82.2165506639035,29.4871546737231],[-82.2166316637832,29.4870776749143],[-82.2167446637408,29.4870276752036],[-82.2168896635734,29.4870006753571],[-82.2170346641571,29.4870986757458],[-82.2170906637304,29.4872196736877],[-82.2171156653125,29.4873196734961],[-82.217034664515,29.4875726729132],[-82.2169276654507,29.4878696729742],[-82.2168146663707,29.4881666724993],[-82.2167646685519,29.488512670928],[-82.216827668248,29.4888596685289],[-82.2170606712477,29.4895746679079],[-82.217148670889,29.4897506679123],[-82.2172926716608,29.4898986668381],[-82.2174626704989,29.4899206678617],[-82.2176006713447,29.4898936663621],[-82.2177146702634,29.4898436679134],[-82.2178026719756,29.4898656669803],[-82.217802672363,29.489992666945],[-82.2177206723812,29.4901406663311],[-82.2177206714657,29.4903166666457],[-82.217808672767,29.4905366649379],[-82.2179216733486,29.4906576646426],[-82.2180986724471,29.4907566653993],[-82.218267673586,29.4909766651519],[-82.2183816747404,29.4912246638697],[-82.2185886746232,29.4917196625413],[-82.2187336764107,29.4920386606661],[-82.2189096780107,29.4923846604436],[-82.2191676781105,29.4925056607811],[-82.2199916786911,29.4929456589692],[-82.2203936801828,29.4932646589486],[-82.2206206801806,29.4933856590327],[-82.2208466795306,29.4933576595358],[-82.2212426788467,29.4932806600081],[-82.2215506782755,29.4931816611011],[-82.2217516785752,29.4931546603497],[-82.2219786790553,29.4931986618998],[-82.2222366786834,29.4933686609067],[-82.2225826805339,29.4938146594316],[-82.2227586814216,29.4943316586359],[-82.2228956819176,29.4945336580116],[-82.2229596815963,29.4946286569824],[-82.2230166831884,29.494952656947],[-82.2232496834754,29.4952936550298],[-82.2235956844078,29.4955906546408],[-82.2239416857816,29.4959316538088],[-82.2241676861061,29.4963276532795],[-82.2242306876226,29.4966736525696],[-82.2242056877035,29.4969716511155],[-82.2242626889935,29.4972186507288],[-82.2244076906013,29.497466650165],[-82.2245266901071,29.4976146490384],[-82.224727690249,29.4977636500463],[-82.2248416909515,29.4979556484615],[-82.2248726916291,29.4983026479359],[-82.2248296931374,29.4988306458269],[-82.2248486942081,29.49947364401],[-82.2248166955869,29.4995616430897],[-82.2248796962815,29.4997106445296],[-82.2250436959271,29.4999906422779],[-82.2251286974246,29.5002806428374],[-82.2252606980257,29.5004456432237],[-82.2255186980938,29.5006156435012],[-82.22564469849,29.5006816429873],[-82.225751698074,29.5006926428703],[-82.2259906984226,29.5006766428372],[-82.2261666975318,29.5006156427729],[-82.2263296958755,29.5004066440912],[-82.2264146971277,29.500268643483],[-82.226430696116,29.5002416441658],[-82.2264806968788,29.5000166434678],[-82.2264936957599,29.4999946439691],[-82.2268506965799,29.4999936440544],[-82.2272036951437,29.4999936444299],[-82.227178696563,29.5000436452641],[-82.2271346972677,29.5002396443062],[-82.2271286956354,29.5003076441481],[-82.2272286960489,29.5004066444339],[-82.2276126971779,29.5005386453147],[-82.2277696966415,29.5007196442464],[-82.227883697956,29.5010166453117],[-82.2279586991791,29.5014076454545],[-82.2279716993948,29.5014956447783],[-82.2279966982814,29.5015336447553],[-82.2280846985628,29.5017926453259],[-82.2280976993201,29.5019576452612],[-82.2280726990663,29.5019796459374],[-82.2280217006875,29.5022706454421],[-82.2280347019622,29.5025566446941],[-82.2280917017257,29.5027656442945],[-82.2281547015322,29.5028976449809],[-82.2281927019829,29.5029586446586],[-82.2283177019212,29.5033876444887],[-82.2282867035258,29.5037616455814],[-82.2282177039836,29.5039216446499],[-82.2278717047211,29.504399644203],[-82.2277657055976,29.5046696448171],[-82.2277337044521,29.5048396441356],[-82.2277527048636,29.5050216449372],[-82.2278787076574,29.5054336437927],[-82.2280357084153,29.5058416441774],[-82.2280927078167,29.5061106444405],[-82.228287710143,29.5068316443005],[-82.2282877099421,29.5068696442692],[-82.2283137101936,29.5068916452046],[-82.2285207103417,29.5074806448141],[-82.228778711555,29.5081016453412],[-82.2289237123055,29.5083106441577],[-82.2290247128009,29.508552644126],[-82.2292137128962,29.5088826452263],[-82.229766714983,29.5093996452013],[-82.2298427148686,29.5095756445508],[-82.2298677152374,29.5098346454656],[-82.2296727162237,29.5105166449887],[-82.2296297165044,29.5108296445055],[-82.2296107176464,29.5113086448317],[-82.2296297190053,29.5119356446691],[-82.2296607206659,29.5120616451678],[-82.2296987209782,29.5121286439701],[-82.2297367202186,29.512353644052],[-82.2297997200616,29.5125136441742],[-82.2298507214918,29.5129206439866],[-82.2298507223677,29.5131406437504],[-82.2297997217269,29.5132396446383],[-82.2296927227722,29.5133276451479],[-82.2295487219983,29.513398643492],[-82.228969723195,29.513459643525],[-82.2284917238216,29.5136306434527],[-82.2282537235955,29.5138116433533],[-82.2280767238114,29.51402064265],[-82.2277757242343,29.5144556423518],[-82.2276187255225,29.5146426416558],[-82.2274547259513,29.5149126408215],[-82.2274177268653,29.5150606416911],[-82.2273417256684,29.51522064208],[-82.227215726579,29.5152806410649],[-82.2270837265922,29.5152646408643],[-82.2269457273794,29.515220642049],[-82.2266437257737,29.5152256406579],[-82.2264047269258,29.51526964106],[-82.225976726385,29.5154736399143],[-82.2257507283849,29.515682640329],[-82.2255937286037,29.5158916398066],[-82.2254677285294,29.5160956397599],[-82.2237447296841,29.5165796381477],[-82.2237197297776,29.5165796382696],[-82.2229587299006,29.5167946371823],[-82.2229467304875,29.5168776372549],[-82.2229617310835,29.5169336374431],[-82.2227677310377,29.5169856369931],[-82.2225887312611,29.5170286367948],[-82.2222627310237,29.517107636922],[-82.2207847319569,29.5174546346196],[-82.2188567342342,29.517894631863],[-82.2184527325795,29.5179996324527],[-82.2179687342536,29.5181456328746],[-82.2174927352947,29.5183116320196],[-82.2170257349191,29.5184986310279],[-82.2165707364669,29.5187046307048],[-82.215313736727,29.5192616296595],[-82.2152697364421,29.5192726293666],[-82.2142887379141,29.5196996283819],[-82.2098057418847,29.5216436237441],[-82.2095287432532,29.5217526242061],[-82.2090947431971,29.5219436230989],[-82.2086727440843,29.5221536227166],[-82.2082637437277,29.5223816219839],[-82.2078687448084,29.5226276215139],[-82.2074877461849,29.5228916214162],[-82.2071227457579,29.5231716221893],[-82.2067957457443,29.5234516200958],[-82.2067697461873,29.5234556202268],[-82.2037537525975,29.525728618096],[-82.2022207529813,29.5267516160775],[-82.2021697531338,29.5267816158355],[-82.2018497544771,29.5269176154685],[-82.2015197549908,29.5270336154131],[-82.2011817537523,29.5271286140581],[-82.1996517560025,29.5275016132587],[-82.1992277551139,29.5275926131947],[-82.1987997555195,29.5276616116271],[-82.198333755406,29.5277116120766],[-82.1979327566482,29.5277366117523],[-82.1974967570561,29.5277406117214],[-82.1971307562353,29.5277276097095],[-82.1890347581283,29.5277546030624],[-82.1887417581445,29.5277616024579],[-82.1887697595324,29.5293076019525],[-82.1887737856489,29.5423656003971],[-82.1888908669865,29.5843815900477],[-82.1889458949469,29.5989835874106],[-82.205600902697,29.6023846028886],[-82.2230772049572,29.6059776140641],[-82.2347674782035,29.6083809849855],[-82.234760244158,29.6089108263336],[-82.2347271031483,29.6113343610857],[-82.234733890979,29.6123825995495],[-82.234750889022,29.615010940116],[-82.2342962056458,29.6297150606908],[-82.2336207784602,29.6516308338866],[-82.2334474922927,29.6662337378603],[-82.2224138946897,29.6661318423304],[-82.2058136286298,29.6658779117371],[-82.1977687219479,29.6657651480505],[-82.1959744544194,29.6657399243131],[-82.193483843672,29.6657049052584],[-82.1891298068197,29.6656435184807],[-82.1891543786996,29.6697000579787],[-82.1891768563579,29.6733652943716],[-82.1892096240835,29.6879223138256],[-82.1891818331129,29.6954721329335],[-82.1891805828077,29.6955748642362],[-82.1891810542612,29.6956834298815],[-82.1891692544096,29.6988875121159],[-82.1891560538321,29.7024724413029],[-82.1891829235343,29.705431796487],[-82.1891888578068,29.7060839806526],[-82.1892883400961,29.7170318225102],[-82.186048241039,29.7170324871627],[-82.1798442517508,29.7170333699374],[-82.1725988040608,29.717034401278],[-82.1726123215811,29.7315487889454],[-82.1726319627126,29.7393217242653],[-82.1805011836513,29.739306921642],[-82.180163475479,29.7422419851271],[-82.1797479159963,29.745853515024],[-82.1839152823318,29.7458664362705],[-82.1880881029319,29.7458792371834],[-82.191054873054,29.7458882781619],[-82.1911866471026,29.7458886670975],[-82.1913070558326,29.7458890237845],[-82.1922501774395,29.7458918810052],[-82.1964175458133,29.7459044088738],[-82.1964934284312,29.7537858070235],[-82.2082234671639,29.7596842208622],[-82.2086110445891,29.7598311482653],[-82.2090090502551,29.7600673127956],[-82.212195493712,29.76121028488],[-82.2132018494878,29.7615712401041],[-82.2464355260506,29.7750774701712],[-82.2476190651021,29.7750589568697],[-82.2476342709086,29.7750587190686],[-82.24828719019,29.7969446552106],[-82.2500188765338,29.8038324698694],[-82.2480759477852,29.8074167633608],[-82.2442243712266,29.814629573396],[-82.2377248347383,29.8258807737986],[-82.2331821701896,29.8342996815147],[-82.231610167999,29.8373216837079],[-82.2294166050219,29.8377004460146],[-82.224924530596,29.83803376016],[-82.219870161199,29.8381076789611],[-82.2197194576651,29.8455855744723],[-82.2135231349222,29.8456597486986],[-82.209354851028,29.8456695320655],[-82.2093550681322,29.8455170384211],[-82.2093560608574,29.8448176039283],[-82.209356810641,29.8442902405924],[-82.2093570589263,29.844114703631],[-82.2093570604105,29.8441143697927],[-82.2093428904154,29.844114826301],[-82.2093199236867,29.8441144230868],[-82.2092632155363,29.8441134297036],[-82.2091914632832,29.8440826952435],[-82.2091148329742,29.844053977728],[-82.2090352076896,29.8440504767102],[-82.2089583833291,29.8440301799098],[-82.2088922734411,29.8440690303169],[-82.2088124540601,29.8440739481662],[-82.2087355326776,29.8440578607362],[-82.2086556637056,29.8440648845752],[-82.2085839117378,29.8440341470758],[-82.208515204591,29.8440691890425],[-82.2084378346462,29.8440842286785],[-82.2083647701906,29.8441103233453],[-82.2082870733191,29.8441279125793],[-82.2082073509327,29.8441286205583],[-82.2081273848329,29.8441398517716],[-82.2080496878755,29.8441574417666],[-82.2079788935178,29.8441898923604],[-82.2079103683295,29.8442286990429],[-82.2078303060417,29.8442441404951],[-82.2077525593596,29.8442638354966],[-82.2076840836656,29.8443005350734],[-82.2076273370307,29.8443521816924],[-82.2076143899541,29.8443898582568],[-82.2075482793224,29.8444287070818],[-82.2075208483741,29.8444661288214],[-82.2074616877556,29.8445177330518],[-82.2073955294917,29.8445586852147],[-82.2073199049536,29.8445910507775],[-82.2072422571022,29.8446065351095],[-82.2071623865491,29.8446135580183],[-82.2070804906999,29.8446036987503],[-82.2070086902791,29.8445750646865],[-82.2069345741934,29.8445421814805],[-82.2068549475599,29.8445386791172],[-82.2068477515971,29.844536447778],[-82.2067701037564,29.8445519300258],[-82.2066946732924,29.8445758762278],[-82.2066356103531,29.8446232706028],[-82.2065860589143,29.8446771499239],[-82.2065215378559,29.8447518208938],[-82.2064507436106,29.8447842706775],[-82.2063684104837,29.8447933550639],[-82.2062952964388,29.8448215510682],[-82.2062457457305,29.8448754311798],[-82.2062099621113,29.8449383324932],[-82.2061760642085,29.8450013733507],[-82.2061050394797,29.8450331232077],[-82.2060288293552,29.8450553535515],[-82.2059815810138,29.8451110885539],[-82.2059184481105,29.8451524052669],[-82.205842180322,29.8451769931997],[-82.2057711543056,29.8452087437589],[-82.2056923502842,29.8452262136948],[-82.2056239199598,29.8452627235214],[-82.2055399817603,29.8452683214799],[-82.2054612299136,29.8452834379979],[-82.2053797211381,29.8453008638975],[-82.2053061012345,29.8453278530827],[-82.2052429679127,29.8453691694692],[-82.2051903694349,29.8454224534071],[-82.205178477456,29.8454324104409],[-82.2051324757133,29.8454709323976],[-82.2050718250795,29.845521718079],[-82.2050008027509,29.845553466488],[-82.2049350169526,29.8455923783737],[-82.2049171718275,29.8456627722651],[-82.2049101325983,29.8457333530985],[-82.2049445044497,29.8457669520803],[-82.2050084364622,29.8458081414451],[-82.2050291778175,29.8458322269749],[-82.2050558312464,29.8458631810716],[-82.2050695503214,29.8459274904266],[-82.2050704675579,29.8459317863051],[-82.2051205628724,29.8459868732989],[-82.2051733596948,29.8460420085824],[-82.2052166727076,29.8460896369128],[-82.2052234551427,29.8460970946344],[-82.2052137166512,29.8461676299167],[-82.2051400437274,29.8461969749914],[-82.2050742585507,29.846235888768],[-82.2050627408021,29.8462485954629],[-82.2049856487042,29.8462663413699],[-82.2049062056928,29.8462673347014],[-82.2048267626799,29.8462683279846],[-82.2047472094253,29.8462740944492],[-82.2046677482876,29.8462782473001],[-82.204586672889,29.8462768233007],[-82.2045054917409,29.8462801121028],[-82.2044269011379,29.846288161038],[-82.2043458287969,29.8462867387478],[-82.2042619420563,29.8462899780979],[-82.2041808697162,29.8462885557054],[-82.2040656666867,29.8463060939821],[-82.2039895156729,29.8463305412398],[-82.2039165162433,29.846360775432],[-82.2038498894228,29.8463997135278],[-82.2037832604393,29.8464386533572],[-82.2037230722697,29.8464834342847],[-82.2036500747369,29.8465136674622],[-82.2035677483942,29.8465208156238],[-82.2034917315152,29.8465395351144],[-82.2034167682889,29.8465124343642],[-82.2033486429885,29.8464739939861],[-82.2032905713294,29.8464271371915],[-82.2032138157448,29.8464441408372],[-82.2031067167233,29.8464753944608],[-82.2029712077035,29.8465109566185],[-82.202899294798,29.8465407365111],[-82.2028329568953,29.8465861390013],[-82.2027497761734,29.8465898526877],[-82.2026721684815,29.8466091853211],[-82.20261176313,29.8466546928248],[-82.2025398510057,29.8466844743416],[-82.2024794465826,29.8467299818021],[-82.2024132279315,29.8467702121806],[-82.2023302851949,29.8467635799814],[-82.2022469857621,29.8467724652645],[-82.2021639244659,29.8467710057781],[-82.2020918925576,29.8468059580446],[-82.2020090693825,29.8467941546456],[-82.201926007037,29.8467926949899],[-82.2018482814967,29.8468171990685],[-82.2017762494023,29.846852152965],[-82.2017216576568,29.8469029362373],[-82.2016612496641,29.8469484414609],[-82.2015950295016,29.8469886714065],[-82.2015288102994,29.8470289022386],[-82.2014684062804,29.8470744074456],[-82.2013906803861,29.8470989121538],[-82.2013244590001,29.8471391410418],[-82.2013046888485,29.8471762423112],[-82.2012509346487,29.8472268659648],[-82.2011827324853,29.8472629110191],[-82.2011145602808,29.8472975245564],[-82.2010400156234,29.8473234312716],[-82.2009686587314,29.8473536891118],[-82.2009052488768,29.8473955481157],[-82.2008660152967,29.8474570555303],[-82.2008407286841,29.8475238756678],[-82.2007919481974,29.8475799338337],[-82.2007141010055,29.8476096118215],[-82.200631040046,29.8476081522818],[-82.2005479770614,29.8476066908491],[-82.2004838991484,29.8476055641049],[-82.2004649150721,29.8476052311857],[-82.2003928819619,29.8476401825149],[-82.2003324739473,29.8476856871411],[-82.2003203967534,29.847693953118],[-82.2002661330942,29.8477310874065],[-82.2002107179229,29.8477281196086],[-82.2001285901835,29.8477266743587],[-82.2000500136131,29.8477138336367],[-82.1999885904887,29.8476697777315],[-82.1999305860155,29.8476200547914],[-82.1998516119056,29.8476243946742],[-82.1998107981216,29.8476838410247],[-82.1997538251159,29.847731543445],[-82.1997000035604,29.8477850293123],[-82.1996412303279,29.8478287559032],[-82.199639812694,29.8478298101614],[-82.199640656087,29.8478287458019],[-82.1995344593486,29.8478010067818],[-82.1994159192063,29.8477937474341],[-82.1993328570982,29.8477922861498],[-82.1992553685727,29.8478064448774],[-82.1991891469066,29.847846671799],[-82.1991115395475,29.8478660050606],[-82.1990396234495,29.8478957837124],[-82.1989621368709,29.8479099423026],[-82.1989017279956,29.8479554480713],[-82.1988296950539,29.847990401263],[-82.1987518480519,29.8480200753945],[-82.1986972520504,29.8480708573648],[-82.1986252169464,29.8481058077012],[-82.1985533015222,29.8481355879075],[-82.198475454324,29.8481652618742],[-82.1984035398465,29.8481950420162],[-82.1983316243122,29.8482248211985],[-82.1982538956684,29.8482493258267],[-82.1981764076885,29.8482634830309],[-82.198098559222,29.8482931576569],[-82.1980210701093,29.8483073165547],[-82.1979380075926,29.8483058543847],[-82.1979244049299,29.8483073050067],[-82.1978547054609,29.8483147359494],[-82.1977716439541,29.8483132745938],[-82.1976826476071,29.848311706895],[-82.1975993464614,29.8483205892173],[-82.1975217384857,29.8483399188291],[-82.1974326212324,29.8483435237373],[-82.1973663994427,29.8483837524589],[-82.1972889112107,29.8483979100392],[-82.1972311414429,29.8484415097684],[-82.1972258696311,29.8484454882842],[-82.1972200189361,29.8484460385516],[-82.1970956342523,29.848457707201],[-82.1970802575602,29.8484591508582],[-82.1970128745267,29.8484205722524],[-82.196931113614,29.8484157350653],[-82.1968890084254,29.8484002168532],[-82.1968174654936,29.8483674427093],[-82.1967425721846,29.8483374744382],[-82.1967184169557,29.8483290885746],[-82.1966643264048,29.8483103128996],[-82.1965962035394,29.8482718681244],[-82.1965381993981,29.8482221427612],[-82.1964834814311,29.8481724752563],[-82.1964187091567,29.8481312244829],[-82.1963438150904,29.8481012568668],[-82.1962823943622,29.8480572010442],[-82.1962243262069,29.8480103384285],[-82.1961696738669,29.8479578070208],[-82.1961050356563,29.8479108295063],[-82.1960266576232,29.847889394189],[-82.1959584688778,29.8478538137354],[-82.1958763421101,29.8478523667355],[-82.1957938158959,29.847868103083],[-82.1957145083885,29.8478867583102],[-82.195632382611,29.8478853120773],[-82.1955501230102,29.8478895923775],[-82.1954712149033,29.8478910658628],[-82.1953890870773,29.8478896185388],[-82.1953208964906,29.8478540377162],[-82.1952421222309,29.8478497853809],[-82.1952321331554,29.8478553391759],[-82.1951534916915,29.8478453610867],[-82.1950713649844,29.8478439117775],[-82.1949962713032,29.8478225319216],[-82.1949349187611,29.8477756135356],[-82.1948869048647,29.8477203318624],[-82.194825483983,29.8476762753365],[-82.1947470409956,29.8476577039243],[-82.1946649144285,29.8476562552618],[-82.194582787843,29.8476548074497],[-82.1945006602252,29.8476533595677],[-82.194421685831,29.8476576970738],[-82.1943425120872,29.8476706266896],[-82.1942635366586,29.84767496318],[-82.1941905353735,29.8477051910757],[-82.194111428051,29.8477152549959],[-82.1940194472644,29.8477136330719],[-82.1939370537551,29.8477236416466],[-82.1938736396895,29.8477654963202],[-82.1938070090071,29.8478044302169],[-82.1937277675733,29.8478202231939],[-82.1936803809823,29.8478795499747],[-82.193629843178,29.8479330931201],[-82.1936053169989,29.8479985528999],[-82.1935710030145,29.8480609769293],[-82.1935043730711,29.8480999097875],[-82.19343136816,29.8481301363021],[-82.1933776125383,29.8481807567718],[-82.1933109128432,29.8482225541297],[-82.1932318039432,29.8482326193033],[-82.1931532289405,29.8482197726525],[-82.1930711694028,29.8482154610603],[-82.192989040309,29.8482140122109],[-82.192906913287,29.8482125633464],[-82.1928245203496,29.8482225685323],[-82.1927453469617,29.8482354981012],[-82.1926663045254,29.8482426973779],[-82.1925933002892,29.8482729234426],[-82.1925363245375,29.8483206218336],[-82.1925183022564,29.8483890611069],[-82.1924839905585,29.8484514849045],[-82.1924659661273,29.8485199250356],[-82.1924350855392,29.848586145045],[-82.1924038216063,29.84860441344],[-82.1923956315706,29.8486091974914],[-82.1922960756056,29.848608623664],[-82.192294580588,29.848608504341],[-82.1922119644822,29.8486018931609],[-82.1921342333668,29.8485795330028],[-82.1920563825693,29.8485624168809],[-82.1919849128083,29.848529672941],[-82.1919134431154,29.8484969280601],[-82.191866774064,29.8484898240858],[-82.1918354726499,29.8484850576927],[-82.1917476193198,29.84847509363],[-82.191715025828,29.8484588419966],[-82.1916502543533,29.8484175870402],[-82.1916055945296,29.8483595020274],[-82.1915609348209,29.8483014142932],[-82.1915162710258,29.8482433264705],[-82.1914649092293,29.8481908511428],[-82.1913934357764,29.8481552112015],[-82.1913148579266,29.8481423651954],[-82.1912365483509,29.8481180614719],[-82.1911579726201,29.848105215408],[-82.1910863652767,29.8480753009769],[-82.1910215973332,29.8480340493709],[-82.1909361854148,29.848032541266],[-82.1908507714298,29.8480310330687],[-82.1907653595166,29.8480295248523],[-82.1906799476061,29.84802801658],[-82.1905945346634,29.8480265082337],[-82.1905160921902,29.8480079342843],[-82.1904580257478,29.8479610690902],[-82.1903999583255,29.8479142038519],[-82.1903212497717,29.8479070838827],[-82.1902425412082,29.8478999647682],[-82.1902176357273,29.8479107923759],[-82.1901391751681,29.8479199016292],[-82.1900862439337,29.8478664947809],[-82.1900147763778,29.8478337488795],[-82.1899862793851,29.8477650332023],[-82.1899758311317,29.8476966363425],[-82.1899231429281,29.847632738615],[-82.1898703348981,29.8475740876525],[-82.1898660241983,29.8475005521039],[-82.1898375284595,29.8474318355093],[-82.1898090286005,29.8473631197372],[-82.189743823958,29.847319991021],[-82.1896847547726,29.8472717226633],[-82.1896195461054,29.8472285938119],[-82.1895416988264,29.8472114780323],[-82.1894702308653,29.8471787327159],[-82.1893987629723,29.8471459864584],[-82.1893211566131,29.8471183796992],[-82.1892559513292,29.8470752498189],[-82.189221315553,29.847011672586],[-82.1892170053787,29.8469381361117],[-82.1891885060693,29.8468694211045],[-82.1891780584801,29.8468010232757],[-82.189106836904,29.8467577888072],[-82.1890292320056,29.8467301800884],[-82.1889763030359,29.8466767728057],[-82.1889110971357,29.8466336436362],[-82.1888612031992,29.8465928739617],[-82.1888520287207,29.8465853767046],[-82.1887805635063,29.8465526310468],[-82.1887029557337,29.8465250229813],[-82.1886187246305,29.8465235351119],[-82.1885408780971,29.846506417834],[-82.1884756693937,29.8464632883922],[-82.1884228639157,29.8464046350559],[-82.1883760749319,29.846346090758],[-82.1883746018207,29.8463425392791],[-82.1883475774712,29.8462773728777],[-82.1883492854959,29.8462039427453],[-82.1883509924625,29.8461305134962],[-82.1883103431859,29.8460668297001],[-82.1882451359056,29.8460237001606],[-82.1881607822105,29.8460274560211],[-82.1880828120402,29.8460155842804],[-82.1880113464542,29.8459828381829],[-82.187964555905,29.845924290994],[-82.1879541092574,29.8458558930639],[-82.1879753279014,29.8457998467535],[-82.1879797603317,29.8457881342542],[-82.187999032999,29.8457360039759],[-82.1880161371879,29.8456333738442],[-82.1879653450108,29.8455799524742],[-82.187903384298,29.8455358830705],[-82.1878532430645,29.8455192642394],[-82.1878272890727,29.8455106635326],[-82.1877511928515,29.845485443932],[-82.1877374143193,29.8454778687935],[-82.1877080607195,29.8454560310909],[-82.1876288958162,29.8454450817915],[-82.187566931198,29.8454010121549],[-82.18751619597,29.8453452031185],[-82.1874765769515,29.8452824296779],[-82.1874672398648,29.8452130271659],[-82.1874614890992,29.8451910951744],[-82.1874496311526,29.845145867769],[-82.1874071635331,29.8450878191083],[-82.1873564285547,29.8450320100089],[-82.1872972605844,29.8449856030084],[-82.187221110415,29.8449627688226],[-82.1871882606932,29.8449621887361],[-82.1871417238111,29.8449613647562],[-82.1870625573159,29.8449504141751],[-82.1869831696894,29.8449490099941],[-82.1869069671765,29.8449285622877],[-82.1868506461724,29.8448774293564],[-82.1867858921629,29.8448356975845],[-82.1867096856389,29.8448152496898],[-82.1866306324434,29.8447995274731],[-82.1865601800566,29.8447672442364],[-82.186481126923,29.8447515219293],[-82.186407823811,29.8447239624525],[-82.1863345804604,29.8446940154986],[-82.1862726189537,29.8446499452836],[-82.186224621396,29.8445941859678],[-82.1861738317684,29.8445407630153],[-82.1861203055752,29.844487292522],[-82.1860695150237,29.8444338695105],[-82.1859991741747,29.8443968145607],[-82.185931572085,29.8443598062328],[-82.1858668156946,29.8443180739498],[-82.1858132363031,29.8442669890717],[-82.1857369748399,29.8442489272166],[-82.1856598262799,29.8442690492609],[-82.1855802169429,29.8442771888521],[-82.1855009420718,29.8442710105758],[-82.1854247928626,29.8442481753433],[-82.1853295368611,29.8442226169791],[-82.185259197514,29.8441855598453],[-82.1852079485996,29.8441669514664],[-82.1851831606587,29.8441579503747],[-82.1851059543976,29.8441804586625],[-82.1850289158921,29.8441958080049],[-82.1849308831085,29.8441594470077],[-82.1849044964451,29.8441291449004],[-82.1848814165036,29.8440618873545],[-82.1848830276626,29.8439926793514],[-82.1848461474296,29.8439299535584],[-82.1848064879785,29.8438552378865],[-82.1847860793557,29.8438047425574],[-82.1847757435198,29.8437812755862],[-82.1847574666556,29.8437397755217],[-82.1847426553353,29.843670276753],[-82.184716838001,29.8436029707062],[-82.1846964958736,29.8435357634006],[-82.1846540295573,29.8434777120185],[-82.1846171506944,29.8434149861775],[-82.1845691567941,29.8433592235812],[-82.1845071948119,29.843315153392],[-82.1844278116314,29.8433137477147],[-82.1843484243357,29.843312341014],[-82.1842693160644,29.8432990039569],[-82.1841900976669,29.8432904382793],[-82.1841302253419,29.8432893779493],[-82.1841107134551,29.8432890332931],[-82.1840314940867,29.8432804656972],[-82.1839103975558,29.8432203013654],[-82.18387578734,29.8431585394824],[-82.1838743786546,29.8430890767666],[-82.1838650432545,29.843019673971],[-82.1838591315297,29.8429575658745],[-82.1838584433045,29.8429503232345],[-82.1838361054558,29.8429093123562],[-82.1838310771223,29.8429000789792],[-82.1838243038468,29.8428876420674],[-82.1838012227921,29.8428203869957],[-82.1837504364291,29.8427669622135],[-82.1836857386296,29.8427228431609],[-82.1836156640415,29.8426899071778],[-82.1835734362675,29.8426197096421],[-82.183511477278,29.842575638114],[-82.183435274195,29.8425551883272],[-82.1834259350969,29.8425547422521],[-82.183355945178,29.8425513962584],[-82.1832854965039,29.8425191103702],[-82.1832291220589,29.8424703624606],[-82.1832078434358,29.8424063957532],[-82.1831565234666,29.84235248484],[-82.1831515872522,29.8422822061506],[-82.1831196052788,29.8422209986343],[-82.1830964685881,29.842194117647],[-82.1830716117604,29.8421652354664],[-82.1830040668627,29.8421258398985],[-82.1829247938675,29.84211966006],[-82.1828543445628,29.8420873757245],[-82.1827951773645,29.8420409657229],[-82.1827555636791,29.8419781908593],[-82.1827565523719,29.841935830876],[-82.1827571783328,29.8419089838132],[-82.1827182338822,29.8418753068295],[-82.1827144933479,29.8418604773553],[-82.1827106308011,29.8417911750509],[-82.182695819154,29.8417216751046],[-82.1826782720218,29.8416521275816],[-82.182649661319,29.8415871600772],[-82.1826183162279,29.8415221432047],[-82.1825563583251,29.8414780721236],[-82.182520618581,29.8414439943847],[-82.182519074457,29.8414312494353],[-82.1825122159486,29.8413746296543],[-82.1825056181495,29.8413052761559],[-82.1825072329662,29.8412360691105],[-82.1824868897555,29.8411688595938],[-82.1824692872149,29.8411016986467],[-82.1824599529194,29.8410322984493],[-82.1824147535337,29.840974196949],[-82.1823556417814,29.8409254019255],[-82.1822852512756,29.8408907289081],[-82.1822120655175,29.8408583957026],[-82.1821473706776,29.8408142759029],[-82.1821297653255,29.8407471148538],[-82.1821012129926,29.8406797597552],[-82.1820587504468,29.8406217075399],[-82.1820079650669,29.8405682838605],[-82.1819437544456,29.8404962261543],[-82.1818705760847,29.8404609747124],[-82.1817972415303,29.8404325105709],[-82.1817243028904,29.8403870749695],[-82.1816867933013,29.8403252926351],[-82.1816414245598,29.8402667637492],[-82.1815762713293,29.8402214678985],[-82.1815069864672,29.8401862843767],[-82.181445804618,29.8401376642694],[-82.1814053885904,29.8401117019574],[-82.1813805724215,29.8400957606202],[-82.1813032638619,29.8400706221377],[-82.181221270372,29.8400793538],[-82.1811931283729,29.8400984743473],[-82.1811579506581,29.8401223725378],[-82.1810786289912,29.8401105880538],[-82.1810046330712,29.8401443786415],[-82.1809234358382,29.8401160542852],[-82.1808437190718,29.8401289651263],[-82.1807674778156,29.8401114510834],[-82.1806987787444,29.8400751306416],[-82.1806263459713,29.8400419346129],[-82.18057265547,29.8399899242271],[-82.1805114995901,29.8399441627477],[-82.180491108026,29.8398767878037],[-82.1804186765223,29.8398435907759],[-82.1803724537597,29.8397853305188],[-82.180333620016,29.8397240088426],[-82.180294862787,29.8396594996392],[-82.180244978828,29.8396011734814],[-82.1801838212268,29.8395554136151],[-82.1801188575995,29.8395159657435],[-82.1800796710528,29.839512159241],[-82.1800252152168,29.8394504827017],[-82.1799565189639,29.8394141610036],[-82.1798800563504,29.8393968482363],[-82.1798038171504,29.8393699664549],[-82.1797389271759,29.8393273308239],[-82.1796664953103,29.8392941324584],[-82.1796277366337,29.8392296221171],[-82.1795778542744,29.8391712975258],[-82.1795241668611,29.8391192867439],[-82.179492726938,29.8390549053358],[-82.1794353783001,29.8390028286396],[-82.1793817613616,29.8389476292716],[-82.1793245607708,29.8388891728948],[-82.1792746798369,29.8388308464013],[-82.1792173303658,29.8387787713944],[-82.1791599820526,29.8387266936747],[-82.1790951652036,29.8386808674286],[-82.1790226615291,29.8386508617054],[-82.1789427649613,29.8386239117814],[-82.1788663786094,29.8386034108876],[-82.1787901403343,29.8385765267101],[-82.1787036764345,29.8385527400653],[-82.1786860124879,29.8385389879216],[-82.1786436961667,29.8385060393595],[-82.1785838935519,29.8384517350444],[-82.1785239114164,29.8384050306389],[-82.1784817293331,29.8383434314683],[-82.178403952382,29.8383116263466],[-82.1783258202906,29.8382950265376],[-82.1782476892808,29.8382784257982],[-82.1781693796134,29.8382694294771],[-82.1780916018278,29.8382376223472],[-82.1780362555286,29.838206079955],[-82.1780227251136,29.8381983692044],[-82.1779874817204,29.8381681032566],[-82.1779055193109,29.8381439276961],[-82.1778235579969,29.8381197512006],[-82.1777410639691,29.8381182870448],[-82.177654229972,29.8381167448544],[-82.1775829577761,29.8381038342889],[-82.1775039113619,29.8380881065501],[-82.177424530407,29.8380866956828],[-82.1773451494121,29.8380852865713],[-82.1772680597126,29.8381030170677],[-82.1771881189501,29.8381254702578],[-82.1771157908729,29.8381544625526],[-82.1770730437948,29.8381434715107],[-82.1770235473542,29.8381368722564],[-82.1769441653114,29.8381354619811],[-82.1768748984498,29.8381700425886],[-82.1768189810223,29.8382191850075],[-82.1767550195419,29.8382610225986],[-82.1766975930774,29.8383067958834],[-82.1766964202917,29.8383077315273],[-82.1766324576682,29.8383495690399],[-82.1765552560516,29.8383720723236],[-82.1764933018079,29.8383279965405],[-82.1764536946377,29.8382652188724],[-82.1764029114263,29.838211792071],[-82.1763410131056,29.8381653314156],[-82.1762647621831,29.838147264105],[-82.1762278906129,29.8380845349789],[-82.1762234730512,29.8380699359944],[-82.1762075533274,29.8380173244929],[-82.1761540360292,29.8379638490003],[-82.176083591869,29.8379315610105],[-82.1760328111171,29.8378781331994],[-82.1760042068575,29.8378131651488],[-82.1759902957168,29.8377726139187],[-82.1759811344256,29.8377459051082],[-82.1759675179422,29.8377062091178],[-82.1759580609483,29.8376786468488],[-82.1759183964984,29.8376182555833],[-82.1758396308359,29.8375905929363],[-82.1757624844058,29.8376107091309],[-82.1757593996051,29.8376105108259],[-82.1756721905591,29.8376089597422],[-82.1755849845983,29.8376074095574],[-82.175500710379,29.8375630826931],[-82.175435966934,29.8375213453042],[-82.1753879789185,29.8374655810886],[-82.1753371987785,29.837412153006],[-82.1752864175743,29.8373587284931],[-82.1752439625384,29.837300672288],[-82.1752126215738,29.8372356535893],[-82.1751332402554,29.8372342431168],[-82.175053862085,29.8372328308473],[-82.1749767715402,29.8372505626813],[-82.1749101272743,29.8372899640758],[-82.1748497686786,29.8373357250237],[-82.1748369635017,29.8373471537693],[-82.1747627214576,29.8373740723415],[-82.1746998945287,29.8374165941363],[-82.1746143025227,29.8374253406509],[-82.1745350174249,29.8374162282378],[-82.1744903725259,29.8373603498888],[-82.1744892473594,29.8373589402716],[-82.1744894285179,29.837351242007],[-82.1744614964036,29.8372865697882],[-82.1744668986188,29.8372703975482],[-82.1744836585119,29.8372202195292],[-82.1744138049254,29.8371856049602],[-82.1743377614543,29.8371637160708],[-82.1742579961712,29.8371751340481],[-82.1741811169407,29.8371993552062],[-82.1741808708654,29.8371994329423],[-82.1741750926083,29.8371987671014],[-82.1741262990872,29.8371931609894],[-82.1741015870011,29.8371903211867],[-82.1740945866549,29.8371848692392],[-82.1740408596004,29.8371430329389],[-82.1739679407222,29.8371134988287],[-82.1738884156848,29.837114651302],[-82.1738284707339,29.8371597920163],[-82.1738103820443,29.8371774484764],[-82.1737742342466,29.8372127348453],[-82.173697109828,29.8372370334725],[-82.1736210074463,29.8372177102789],[-82.173551091014,29.8371856603859],[-82.1734761729039,29.8371715024284],[-82.1734164510586,29.837124997865],[-82.1733611599202,29.83707478408],[-82.1732832757112,29.8370620386357],[-82.173223556091,29.8370155340207],[-82.173141064103,29.8370140660796],[-82.1730708005395,29.83704689806],[-82.1730518373266,29.837114722603],[-82.1730155998207,29.8371784525985],[-82.1729436886538,29.8372141029834],[-82.1729051538919,29.8372332091535],[-82.1728256877959,29.8372317948685],[-82.1727458612059,29.8372457761948],[-82.1726662148161,29.8372520609956],[-82.1725837442794,29.8372531602512],[-82.1725152122089,29.8372878788763],[-82.1724357439845,29.8372864652194],[-82.1723564591973,29.8372773514855],[-82.1722924926067,29.8372637568562],[-82.1722773536429,29.8372605412089],[-82.1721978864994,29.8372591265239],[-82.1721237070334,29.837283476658],[-82.1720636420273,29.837333747866],[-82.1720094635758,29.837384123851],[-82.1720166696887,29.8374535628502],[-82.1720150458972,29.8375228437407],[-82.1720370286772,29.8375899795567],[-82.1720768516933,29.8376497314947],[-82.1720546868692,29.837716080424],[-82.1720208078082,29.8377796536303],[-82.1719723944862,29.8378352665705],[-82.1718931092825,29.8378261534578],[-82.1718170679457,29.8378042631402],[-82.171737541296,29.8378054142871],[-82.1716578353351,29.8378142636831],[-82.1715864172805,29.8378463632805],[-82.171510313808,29.8378270388407],[-82.1714615419002,29.8377722616916],[-82.1714157744979,29.8377149717672],[-82.1713751499987,29.8377116197832],[-82.1713364282626,29.8377084252935],[-82.1712678913043,29.8377431431904],[-82.1712253040922,29.8378014267847],[-82.171164101866,29.8378525823875],[-82.1711119778679,29.8379062394254],[-82.1710444458706,29.8379493849375],[-82.1709641404524,29.8379630489632],[-82.1709081275795,29.8380119462796],[-82.1708342045068,29.8380425417654],[-82.1707602824655,29.8380731354238],[-82.1707213114444,29.838102079551],[-82.1706400786668,29.8381006333811],[-82.1705664852253,29.8380746766759],[-82.1705075259751,29.8380274191708],[-82.1704376099771,29.8379953676146],[-82.1704021501268,29.837991657073],[-82.1703705743033,29.8379910945129],[-82.170285737515,29.837992661801],[-82.1702109903176,29.8380159756911],[-82.1701294678851,29.8380268446248],[-82.1700546474456,29.8380532359139],[-82.1699729815989,29.8380702642918],[-82.169888143681,29.8380718322055],[-82.1698064757003,29.8380888613446],[-82.1697282675509,29.8381090299816],[-82.1696775221251,29.8381635763774],[-82.1696027736853,29.8381868871953],[-82.1695278828296,29.838216358432],[-82.1694496755156,29.8382365287246],[-82.1693783134512,29.8382660636741],[-82.1693001803902,29.8382831527999],[-82.1692153412455,29.8382847202586],[-82.1691371338142,29.8383048903643],[-82.1690691591727,29.8383406467253],[-82.1690114927082,29.8383889064952],[-82.1689435200966,29.8384246601218],[-82.1688654569704,29.8384386705428],[-82.1687804732317,29.8384463963394],[-82.1686988790523,29.8384603455134],[-82.1686275187156,29.8384898782857],[-82.168556157323,29.8385194100987],[-82.1684748509435,29.8385210427772],[-82.1683933990905,29.8385288322022],[-82.168315264619,29.838545920721],[-82.1682372002534,29.8385599316504],[-82.1681692261694,29.8385956866597],[-82.1680850445831,29.8386676307024],[-82.1680064988589,29.8386798751484],[-82.1679325645208,29.8386785574665],[-82.1679344194425,29.8386375709509],[-82.1679335245658,29.8386375098738],[-82.1679252242783,29.8386373600348],[-82.1679169961219,29.8386378413169],[-82.1679115913135,29.8386388575109],[-82.1678616096415,29.8386509643263],[-82.1678328845289,29.8386579215935],[-82.1678261767972,29.838660034353],[-82.1677597709998,29.8386860212917],[-82.1676870125132,29.8386877427802],[-82.1676810335882,29.8386882163422],[-82.1676730279343,29.8386899332757],[-82.1676661715507,29.8386925143985],[-82.1675972395206,29.838724311498],[-82.1675335506973,29.8387463647485],[-82.1674609633445,29.8387450699257],[-82.1673810755325,29.8387436682908],[-82.1673788285173,29.8387435812843],[-82.1673012484813,29.8387389723349],[-82.1672990201999,29.83873879272],[-82.1672228008676,29.838731066943],[-82.167152924438,29.8387145048474],[-82.1670835211569,29.8386843122434],[-82.1670794839066,29.8386827567618],[-82.1670715655127,29.8386807557582],[-82.1670678472857,29.8386802481741],[-82.1669905031089,29.8386724281996],[-82.1669171923445,29.8386518217595],[-82.1669118428419,29.8386506137217],[-82.1669081204574,29.8386501069612],[-82.1668261421591,29.8386418216103],[-82.1668216637435,29.838641555818],[-82.1667395243226,29.8386400901523],[-82.1666573869521,29.8386386253739],[-82.1666552392523,29.838638628557],[-82.1665691091493,29.838640501526],[-82.166561961128,29.8386411319356],[-82.1664834141391,29.8386533781542],[-82.1664762968095,29.8386549935631],[-82.1664093975466,29.8386751364663],[-82.1663356949974,29.8386738211156],[-82.1663312058293,29.8386739250751],[-82.1662489072664,29.8386792797792],[-82.1662451662401,29.8386796551585],[-82.1662371605621,29.8386813720041],[-82.1662296155392,29.8386842755308],[-82.1662275435385,29.838685330385],[-82.1661601700262,29.8387216554383],[-82.1661559775764,29.8387241974045],[-82.1660920620707,29.8387676133954],[-82.1660855744958,29.8387730424971],[-82.1660763544049,29.8387825311937],[-82.1660332014079,29.8388269421664],[-82.1660301155482,29.8388304901415],[-82.1659871618851,29.8388858473715],[-82.1659366860665,29.8389377984218],[-82.1659347023111,29.8389399872872],[-82.165886404512,29.8389971205519],[-82.1658853023782,29.8389984805609],[-82.1658432643546,29.8390526557788],[-82.165795425104,29.8390955482978],[-82.1657304672103,29.8391255123293],[-82.1657232734153,29.8391296763544],[-82.1657213690154,29.8391310861067],[-82.1656658947632,29.8391744053443],[-82.1655998140988,29.8392048852605],[-82.1655954548574,29.8392071679663],[-82.1655597423751,29.839228213705],[-82.1655295892872,29.839245982119],[-82.1655279886019,29.8392468874669],[-82.1655181558167,29.8392521846316],[-82.1654793235841,29.8392731069757],[-82.1654622272581,29.8392823196607],[-82.1654566897221,29.8392858112188],[-82.1654506500886,29.8392902331515],[-82.1653988433206,29.8393281486558],[-82.1653309858761,29.839351645065],[-82.1653256370893,29.8393538424184],[-82.165323566121,29.8393548963748],[-82.1652589223558,29.8393898034074],[-82.165256165879,29.8393911798923],[-82.1651877413968,29.8394226852274],[-82.1651354689176,29.8394468018043],[-82.1651161941825,29.8394556913092],[-82.1651086244683,29.8394601265105],[-82.16508219874,29.8394794619771],[-82.1650542090463,29.8394999452644],[-82.1649926936607,29.8395095323368],[-82.1649152411469,29.8395081519395],[-82.1648331010593,29.8395066841746],[-82.1648308518674,29.8395066891248],[-82.1647526559532,29.8395085356697],[-82.1647410266551,29.8395070791386],[-82.1646749297826,29.8394843119361],[-82.1646638681307,29.8394805013968],[-82.1646558018664,29.8394784497822],[-82.1646476020919,29.8394776753053],[-82.1645556263081,29.839476032604],[-82.164477334871,29.8394746333538],[-82.1643992254413,29.8394521441317],[-82.1643925374824,29.8394506792794],[-82.1643095538445,29.8394380278147],[-82.1642332331078,29.8394199368818],[-82.1641589585754,29.8394023318232],[-82.1640945709095,29.8393754161042],[-82.1640943925684,29.8393753416332],[-82.1640534645098,29.8393512406964],[-82.1640456017334,29.83934660927],[-82.1640394100407,29.8393429659847],[-82.1640264101694,29.839335311072],[-82.1640257931732,29.8393349643779],[-82.1640255542928,29.8393349555987],[-82.1640000672163,29.8393693036623],[-82.1639077378143,29.8393622780244],[-82.1638290379107,29.8393551430113],[-82.1637436359128,29.8393536180866],[-82.1636653379354,29.8393292978073],[-82.1636005870721,29.8392880326042],[-82.1635358331801,29.8392467664115],[-82.1634635918163,29.8392172231856],[-82.1633921892391,29.8391864307244],[-82.1633224377817,29.8391479680323],[-82.1632416051172,29.8391426741308],[-82.1631639227965,29.8391284536504],[-82.1630435232886,29.8390704991836],[-82.1629724820198,29.8390406369459],[-82.1629225185234,29.8389861321166],[-82.1628515634335,29.8389526971689],[-82.1627890142736,29.8389104774249],[-82.1627115747703,29.8388912232274],[-82.1626553821595,29.8388401802283],[-82.162599189564,29.8387891390089],[-82.162521708169,29.8387716714903],[-82.162444227857,29.8387542030422],[-82.1623685770331,29.8387344202585],[-82.1623029932103,29.8386933605781],[-82.1622287577739,29.8386666495561],[-82.1621548855215,29.8386409565117],[-82.1621544687551,29.8386408100994],[-82.1621539544263,29.8386406312631],[-82.1620750012639,29.838641607235],[-82.1619960470654,29.8386425831408],[-82.1619170959478,29.8386435599563],[-82.1618381428019,29.8386445348833],[-82.1617550349712,29.8386455617964],[-82.1616760838701,29.8386465375644],[-82.1615324522619,29.8386483128503],[-82.1473484828543,29.8388229979375],[-82.1473403000591,29.838823087125],[-82.1472049400547,29.8388245696019],[-82.1466870815995,29.8388280052309],[-82.1466870720718,29.8388183102521],[-82.1466833075639,29.8351978290108],[-82.1387164339945,29.8350251508668],[-82.1384011011978,29.8350183072094],[-82.1374558839248,29.8350138611114],[-82.1373602760148,29.8350134112976],[-82.1363223608683,29.8350083061458],[-82.1342472037218,29.8349980670602],[-82.1342465300328,29.8349980638945],[-82.1342218209514,29.8329994149464],[-82.13419854947,29.8311169411924],[-82.1325101075506,29.8311348163661],[-82.1300264830262,29.8311610717485],[-82.1299936238854,29.8280271132113],[-82.1299749962961,29.8262504167581],[-82.1299632489643,29.8251298087649],[-82.1299632347791,29.8251284071589],[-82.1299459734544,29.8234723179842],[-82.1298018291818,29.8234737130668],[-82.1262962576181,29.8235076267787],[-82.1256250397396,29.8235141079778],[-82.1249628290834,29.8235205003126],[-82.1237105014396,29.8235325820934],[-82.1236944929001,29.8216878962799],[-82.1236839543708,29.8204734727014],[-82.1236789974878,29.8198587382498],[-82.1236746291778,29.8180341072798],[-82.123673177526,29.8174270685549],[-82.1236702600642,29.8162090403041],[-82.1236658597951,29.8143702189741],[-82.1236615808332,29.8125832099875],[-82.1236528673407,29.808942432812],[-82.1236443313873,29.805375894729],[-82.1214898226061,29.8053955229593],[-82.1214588957669,29.8016703425262],[-82.1193729710414,29.8016836405753],[-82.119346829962,29.7980900752682],[-82.1172999632719,29.798097556042],[-82.117268092425,29.7908317679344],[-82.1172680819972,29.7908295696125],[-82.1130890912304,29.7908358746812],[-82.1089273241525,29.7908425805366],[-82.1089049120016,29.7871903720535],[-82.1088939565239,29.7854051953319],[-82.1088826161104,29.7835567997022],[-82.1088791496209,29.7829917711693],[-82.1088756208755,29.7824165132956],[-82.106603546355,29.7824107151306],[-82.1049548367837,29.7824064830268],[-82.1048811508751,29.7824007101213],[-82.1048811479445,29.7823903952445],[-82.1049189483871,29.7823407275814],[-82.1049719267666,29.7822893050668],[-82.1050208831784,29.7822045552271],[-82.1050972284238,29.7820940135703],[-82.1051093292507,29.7820733042967],[-82.1051186485215,29.7820294428512],[-82.1051521214147,29.7819802173801],[-82.1051661208008,29.7819487092168],[-82.1051751215187,29.7819023099213],[-82.1052235858108,29.7817804208795],[-82.1051591325891,29.7817322080966],[-82.1051619265031,29.7816161920476],[-82.1051545459866,29.7815954000788],[-82.1051222677552,29.7815046506324],[-82.1050896454162,29.7813510494353],[-82.105047873885,29.7810759336204],[-82.1049960850973,29.7809641707586],[-82.1050767798611,29.780843203619],[-82.1051268724909,29.7807675513646],[-82.1051491106296,29.7807382831403],[-82.1051725276577,29.7807387095674],[-82.1051862230766,29.7807185276111],[-82.1051911885645,29.7806943308116],[-82.1051900461357,29.7806815487676],[-82.1051842157646,29.7806801497502],[-82.1050585437351,29.7806329319441],[-82.1050986904882,29.7805081401409],[-82.1052003815042,29.7804382727876],[-82.105261092129,29.7803708198594],[-82.1053717153218,29.7802599993394],[-82.1054594155573,29.7801479041716],[-82.1054641583028,29.7798893751574],[-82.1054465546508,29.7798414425263],[-82.105408053457,29.7797367451029],[-82.1054311749601,29.7795936239082],[-82.1054316908677,29.7795904985794],[-82.1054364355071,29.779469403718],[-82.1054395903167,29.7793462449132],[-82.1054405774881,29.7793078677849],[-82.1053882689812,29.779099832277],[-82.105369567351,29.7790254224539],[-82.1054257707158,29.7789525765098],[-82.1054781460136,29.7788907160557],[-82.1055058485633,29.7788243627474],[-82.1055156869322,29.7788008083689],[-82.1054758897079,29.7787094826723],[-82.1055283339692,29.7785504533352],[-82.1055282677444,29.7785492943999],[-82.1055235678164,29.7784708784282],[-82.1055567044969,29.7782901789611],[-82.105564961901,29.778274544459],[-82.1056261434066,29.7781585551035],[-82.105608719011,29.7780560576403],[-82.1055661001585,29.7779470771176],[-82.105526794482,29.7778614254219],[-82.1054675992463,29.7777940564322],[-82.1054066138291,29.7777264624083],[-82.1053687358061,29.7775411067039],[-82.1053228712399,29.777434760145],[-82.1052509298278,29.7774070379712],[-82.1052081240678,29.7773686036448],[-82.1052068703245,29.777352627928],[-82.1052036471858,29.7773110920957],[-82.1051632547454,29.7772261359302],[-82.1051378330768,29.777188676177],[-82.1050763808063,29.7771508872535],[-82.1050758190252,29.7771505485004],[-82.1050043047902,29.7770816053953],[-82.1049701175556,29.7770061943101],[-82.1050268303333,29.7769460919242],[-82.1050285101388,29.776934023027],[-82.1049325704636,29.776814959358],[-82.1047242308723,29.7768138089667],[-82.1046488123541,29.7767787073189],[-82.1046963865982,29.7766609277396],[-82.1046636923856,29.7766230052216],[-82.1046293395983,29.7765831284703],[-82.1045466643591,29.7764971750432],[-82.1044706781629,29.7764280684407],[-82.1044460274521,29.7764056423843],[-82.1042552333243,29.7762912766898],[-82.104237241364,29.7762804668756],[-82.1039901195216,29.7762389989783],[-82.103883735213,29.7762275844171],[-82.1036744007469,29.7762050986415],[-82.103505680249,29.7761756304928],[-82.1033926581252,29.7760943994509],[-82.1033542996415,29.776066467362],[-82.1032737101597,29.7760078106183],[-82.1031592417923,29.7759867318493],[-82.1031261884499,29.7759806527954],[-82.1030508251551,29.7759667836469],[-82.1029419429973,29.7759244384647],[-82.1029369136498,29.775922476527],[-82.1029061048238,29.7759201770494],[-82.102906139696,29.775913494842],[-82.1027478319439,29.7759033286078],[-82.102679722319,29.7759025203645],[-82.1024468677315,29.7758747879454],[-82.1023221775995,29.775856520325],[-82.1022124988998,29.7758444411718],[-82.1020753296918,29.7758363674461],[-82.1019764559361,29.775839174015],[-82.1018479421119,29.7758434172294],[-82.1017399789034,29.7758700937687],[-82.1015987780007,29.7759559818755],[-82.1015573040412,29.7759906471584],[-82.1015099931257,29.7760398099265],[-82.1014058733818,29.7760915285414],[-82.1012798303476,29.7761633118873],[-82.1011929069206,29.7761841858361],[-82.1010969625028,29.7762106457413],[-82.1010386491346,29.7762493718417],[-82.1009590517175,29.776285564075],[-82.1008411802868,29.7762433525859],[-82.1007735312789,29.7761187828357],[-82.1006668877129,29.7760033174155],[-82.1005474890479,29.7758740318207],[-82.1003661543145,29.7758448450189],[-82.1002124008197,29.7758354207651],[-82.1000378677321,29.7758106247541],[-82.0998472971789,29.7757108612517],[-82.0996943979813,29.7756308237414],[-82.0995880652042,29.7755233390432],[-82.0995971706225,29.7753968768297],[-82.0995992060304,29.7753125050967],[-82.0996681505925,29.7752135206529],[-82.099736359261,29.775146178221],[-82.0998578178361,29.7751272858911],[-82.0999854833946,29.7751032548331],[-82.1000535674348,29.7750411932479],[-82.1000657216832,29.7749934183343],[-82.1000675695392,29.7749861107008],[-82.1000802806596,29.7749361758464],[-82.1001189334017,29.7748434566564],[-82.1001093203072,29.7747362065088],[-82.1000805958861,29.7746723651365],[-82.1000337505451,29.7746081909476],[-82.1000662407426,29.7744245102597],[-82.1000634440302,29.7743768406501],[-82.1000610138621,29.7743354130544],[-82.1000536135269,29.7742867051037],[-82.1000861246837,29.774192333709],[-82.1001175250077,29.7741454076531],[-82.1001235721475,29.7741455205168],[-82.1001545891937,29.7741144336927],[-82.1001743945243,29.7740462030018],[-82.1001762882948,29.7740264897133],[-82.1001788654492,29.773999416724],[-82.1001824497716,29.7739619391136],[-82.1002077087569,29.7739146845883],[-82.1002943112693,29.7737579899812],[-82.1004956555591,29.7735952901642],[-82.1005753541378,29.7735705140082],[-82.1006779280697,29.7734731084819],[-82.1007646492611,29.7734080879352],[-82.1008840302848,29.7732255900457],[-82.1009145043964,29.7732156163385],[-82.101005481465,29.7732067254348],[-82.1010061184307,29.7731803621594],[-82.1010129319739,29.7731488289837],[-82.1010861406297,29.7731237971211],[-82.1012086426267,29.7730627312727],[-82.1012818717148,29.7730513424003],[-82.1013569436748,29.7730274427604],[-82.1014085053049,29.7729915342979],[-82.1014950788678,29.7729782733289],[-82.1015439235502,29.7729622525025],[-82.101586568398,29.7729482925414],[-82.1017197738903,29.7729454838806],[-82.1017857857062,29.7729677915953],[-82.1018098613569,29.7729735140413],[-82.1018945343734,29.7729750689046],[-82.1019496663528,29.7729962952645],[-82.1019665033131,29.7730027664404],[-82.1020968149356,29.7730299816181],[-82.102104962718,29.7730316822846],[-82.1022132041586,29.7730600443954],[-82.102282233071,29.773076355117],[-82.1023209335585,29.7732220106749],[-82.1023350415569,29.7733377323034],[-82.1023752562953,29.773422000376],[-82.1024870531462,29.7734977343993],[-82.1025584822958,29.7735465160695],[-82.1025940499936,29.7735620475713],[-82.1026413795179,29.7735329378353],[-82.1027032074726,29.7735169075238],[-82.1027645646297,29.773510195297],[-82.1027995559849,29.7734592666814],[-82.1028643036224,29.7734360340133],[-82.1029485055552,29.7733826513378],[-82.1030155439985,29.7733520865667],[-82.1031925887025,29.7732974921582],[-82.1032900944384,29.7732414693586],[-82.1033195940349,29.7732183587721],[-82.1033441731948,29.7731991156659],[-82.1034169222358,29.7732062241126],[-82.1034708665838,29.7731696168123],[-82.1035876289125,29.7731399618786],[-82.1036577260934,29.7731210057401],[-82.1037510557055,29.7730995871605],[-82.1037901981035,29.773126321666],[-82.1038376587199,29.7730838482174],[-82.1038553488892,29.7730379115345],[-82.1038601903694,29.772974383332],[-82.1038810491468,29.7729343077989],[-82.1039222119963,29.7728772215925],[-82.1039535539469,29.772814207288],[-82.103997496388,29.7727803291818],[-82.1040450675431,29.7727320546394],[-82.1040558306107,29.7726975410709],[-82.1040994968188,29.7726752116294],[-82.1041860684143,29.7726594709845],[-82.1042190087374,29.7726687384477],[-82.1042503534924,29.7726057259324],[-82.104281725827,29.7725426832359],[-82.1044036499623,29.7724819620813],[-82.1044587428568,29.7725101456285],[-82.1045065866561,29.7724503221608],[-82.1045311058828,29.7723958461664],[-82.1045855994054,29.7723361445747],[-82.1046395429167,29.7722995340851],[-82.1046784043296,29.7723378458125],[-82.1046856421408,29.772331763063],[-82.1047054632858,29.772315210843],[-82.1047594035966,29.772278602051],[-82.1047473202168,29.772229231955],[-82.1047385077932,29.7721828075492],[-82.1047333877571,29.7721191246963],[-82.1047158688507,29.7720205045519],[-82.1047174729347,29.771954030347],[-82.1047749282718,29.7719088495393],[-82.1048251411707,29.7718895274047],[-82.1049151600318,29.7718680455282],[-82.1049676979687,29.7718452467691],[-82.1049855382863,29.7718375409911],[-82.1050527136438,29.771801177372],[-82.105116856693,29.7717532016763],[-82.1051971749059,29.7717248309994],[-82.1051991785385,29.7716991803649],[-82.1052019432251,29.7716642169314],[-82.1051561854009,29.7714985766087],[-82.105158064147,29.7714205545784],[-82.1051793826644,29.7713744090105],[-82.1052070566661,29.7713144890558],[-82.1052848843888,29.7712494126893],[-82.1053526002815,29.7711591764748],[-82.1053705099258,29.7711353540429],[-82.1053854845461,29.7709259390866],[-82.1053981282187,29.7708460244755],[-82.1053986428784,29.7708427773059],[-82.1055045728475,29.7707726040594],[-82.105425667751,29.7707274119081],[-82.1054414781279,29.7706691171104],[-82.1054511851173,29.7705775696526],[-82.1054559910664,29.7705325246065],[-82.1055439293538,29.770357726475],[-82.1055553828585,29.7703024072025],[-82.1055760460008,29.7702023121674],[-82.1056817899023,29.7700592782948],[-82.1057614608977,29.769951520639],[-82.1058472675878,29.7698248401696],[-82.1059707272811,29.7696425262911],[-82.1060400279159,29.7695897223187],[-82.1062734684299,29.769411786356],[-82.1063590529518,29.7693465482937],[-82.1066111283058,29.7692732175693],[-82.1066751957588,29.7692545879699],[-82.1070368820279,29.7691341181703],[-82.1070716046202,29.7691152252848],[-82.1073322633562,29.7689733233921],[-82.1073375837419,29.7689645091545],[-82.1076708995789,29.7689198961839],[-82.1079056425036,29.7688513322395],[-82.1084834314026,29.7686011179484],[-82.1088200474823,29.7684080619129],[-82.1088981566013,29.768363265443],[-82.1089032870138,29.7683608832642],[-82.109087773245,29.7682754493368],[-82.1092453349883,29.7682783007197],[-82.1092499754588,29.7681244492813],[-82.1092532084997,29.768017573957],[-82.1092611444045,29.7676990885918],[-82.1089091685802,29.767686155659],[-82.1079207263194,29.7676498264693],[-82.1075243133525,29.7676352551375],[-82.1074228476521,29.7675378495605],[-82.1072814041772,29.7673592885156],[-82.1072817086967,29.7673466304374],[-82.107287048392,29.7671247587341],[-82.107200454647,29.7669960771558],[-82.106853017893,29.7669897142039],[-82.1066774859775,29.7668300587042],[-82.1066712069498,29.7666246533189],[-82.1065431009078,29.766358326284],[-82.1063115141565,29.7661976687108],[-82.1058772882061,29.766072381647],[-82.1055092733455,29.7659545219333],[-82.1051651315909,29.7659502487183],[-82.1049062390852,29.7660387149128],[-82.1048247070828,29.76606656769],[-82.1044967858277,29.7659255402568],[-82.1043920762422,29.7658097540373],[-82.1041480538946,29.7655399222117],[-82.1039414038322,29.7653113713306],[-82.1039047639997,29.7653549256963],[-82.1035853951242,29.7652698860183],[-82.1033163640286,29.765124954606],[-82.1031474673679,29.7648720391915],[-82.102968472795,29.7646811530369],[-82.102791327828,29.7644907941468],[-82.1025626819537,29.7644020229693],[-82.10231887649,29.7644700237878],[-82.1023186520436,29.7644021949659],[-82.1020643776491,29.7642925178455],[-82.1018100737922,29.7641828414835],[-82.1015188987732,29.7641314567772],[-82.1012408151599,29.764082398008],[-82.1009760098535,29.7640356759107],[-82.1007234820654,29.7639229755327],[-82.1004709190267,29.7638103019815],[-82.1002183927204,29.7636976295084],[-82.1001019913916,29.7636456995082],[-82.0999658359512,29.7635849568792],[-82.0997133097553,29.7634722834103],[-82.0994535585276,29.7633728703808],[-82.0991938115954,29.763273428931],[-82.0989340651825,29.7631739869646],[-82.0986711394424,29.7630887071846],[-82.0984098717746,29.7630039509327],[-82.0981480730468,29.7629190192566],[-82.0978822067847,29.7628327751354],[-82.0976814318091,29.7626579824478],[-82.0974806623495,29.7624831615662],[-82.0971949315348,29.7624285095268],[-82.0969517475102,29.7622960882888],[-82.096886547009,29.7622853538974],[-82.096729291956,29.7622594586011],[-82.0964505688001,29.7622135450064],[-82.0964223731793,29.7621934190002],[-82.0962977351936,29.7621044573826],[-82.0962790503539,29.7620911332261],[-82.0961134156874,29.7619729270697],[-82.0959507873801,29.7618568378987],[-82.0958873875762,29.7618115839678],[-82.0957863940487,29.761739507783],[-82.0955962205572,29.7616037686828],[-82.0954441307721,29.7614952188845],[-82.0953240563183,29.7613702847926],[-82.0952594927997,29.7612960190889],[-82.0952450169208,29.761245502174],[-82.0952173102903,29.7612193309813],[-82.0951950604128,29.7611982394263],[-82.0951128109115,29.7612024735631],[-82.0950761268352,29.7612256440407],[-82.0950836027449,29.7612775444826],[-82.0951105619633,29.7613176460774],[-82.0951143566006,29.7613770973629],[-82.0951136935065,29.7614044798294],[-82.09502969205,29.761485142032],[-82.09497853825,29.7615070273799],[-82.0949779316564,29.7615078626256],[-82.0949477209619,29.7615494511349],[-82.094779591937,29.7616675924464],[-82.0946505322989,29.7616542159171],[-82.0944930741323,29.7616378935891],[-82.0942065240512,29.7616081673378],[-82.0939200061878,29.7615784410483],[-82.0936520404838,29.7614973182271],[-82.0933840400039,29.7614161969149],[-82.0931134026893,29.7613347774193],[-82.0928366849457,29.7613013789058],[-82.0925524524548,29.7612670977943],[-82.0922767811599,29.7612087698786],[-82.0920109232271,29.7611225688273],[-82.0917450357983,29.7610363657804],[-82.0915763173497,29.7609899390406],[-82.0915156100027,29.7609298220063],[-82.0914345224066,29.7608495576753],[-82.0913679927448,29.7607148264275],[-82.0913083466134,29.7605940299282],[-82.0912331029943,29.7604885142281],[-82.091078227147,29.7602713740213],[-82.0910688383594,29.7602581925209],[-82.0908465173497,29.76008480639],[-82.090773846592,29.7599121726162],[-82.0906484134975,29.7598018779968],[-82.0904420876429,29.7596826397523],[-82.0903141129691,29.7595015313748],[-82.0901465576789,29.7593681278072],[-82.0900388335681,29.7592320846616],[-82.0900152032045,29.7591522737307],[-82.090113972379,29.7590516156165],[-82.0912538347316,29.7585950586369],[-82.0918693415794,29.7583485271443],[-82.0926301706125,29.758251432785],[-82.0934727907155,29.7585546195975],[-82.0935760389195,29.7591141892833],[-82.093940887663,29.7591931902748],[-82.0943153501901,29.759237023707],[-82.0946910487435,29.7592194066039],[-82.0950242870832,29.7591195140361],[-82.0953215405008,29.7587987054894],[-82.0953392157037,29.7583870495422],[-82.0951594677271,29.758160575485],[-82.0946474326938,29.7581500497468],[-82.0946643734399,29.7580699949511],[-82.0946819684717,29.7579615134947],[-82.0947137950858,29.7578837666581],[-82.0947154783375,29.7578141572917],[-82.0947425041091,29.7577276061932],[-82.0947294330153,29.7576490075246],[-82.0947256772237,29.7575734669905],[-82.0942038209536,29.7575702382924],[-82.0942098217942,29.757518946884],[-82.0942250465081,29.7574426793185],[-82.094232634018,29.757404674566],[-82.0942211309759,29.7573289913538],[-82.0941625313234,29.7572756549546],[-82.0940905548595,29.7572240258014],[-82.0939909732663,29.7572125087835],[-82.0939390047925,29.7571625961246],[-82.0939235650482,29.7571584343537],[-82.093860809172,29.7571843674005],[-82.0938297897058,29.7571818731992],[-82.0937893011183,29.7571133839092],[-82.093815278002,29.7570480732223],[-82.0938533564922,29.7570433910405],[-82.0939109799188,29.757036303969],[-82.0939397623181,29.7570387605634],[-82.0939935231774,29.7570184603835],[-82.0940318194043,29.7569990890678],[-82.0940451883492,29.7569923212335],[-82.0940861838288,29.7569485745889],[-82.0940604047117,29.7569132796836],[-82.0939688196295,29.7569386575188],[-82.0938868180361,29.7569352226374],[-82.0938683417571,29.7568729715983],[-82.0940750021981,29.7567684114651],[-82.0941106181211,29.7567632633634],[-82.0944155611844,29.7566443955048],[-82.0946178280144,29.7565378018347],[-82.0947120709706,29.7564950344237],[-82.0948420787927,29.7563484386521],[-82.0949174650024,29.7562746049959],[-82.0950896840489,29.7562777743049],[-82.0949426159713,29.7562499571806],[-82.0950152283794,29.7561788200881],[-82.0950810162619,29.7561200459647],[-82.0951328660835,29.7560861522282],[-82.0951849729955,29.7560156581643],[-82.095187904464,29.7560116948267],[-82.0951996507175,29.7559848177477],[-82.0952059637855,29.7559075396383],[-82.0952030652844,29.7558436228281],[-82.0952047953467,29.7557720616183],[-82.0952392202012,29.7557249208352],[-82.0952485126359,29.7557121917698],[-82.0953212898996,29.7556380599197],[-82.0953650365801,29.7555730760124],[-82.0953635452959,29.7555421058199],[-82.0953697053168,29.7555051187643],[-82.0953664695574,29.7554629777618],[-82.0953744260485,29.7554336414738],[-82.0953804834007,29.7554112535765],[-82.0953503055318,29.7553673795609],[-82.0953422399127,29.7553230309254],[-82.0953918317403,29.7552938834443],[-82.0954311008726,29.7552549746498],[-82.0955238410622,29.7552195494791],[-82.0955747322539,29.7551654783642],[-82.0955784836904,29.7551614750652],[-82.0956300740972,29.7550679494824],[-82.0956657031504,29.7549801263079],[-82.0956817482188,29.7549448578708],[-82.0957052530569,29.7548932243983],[-82.0957307020682,29.7548392372572],[-82.0957827489461,29.7547397770923],[-82.0958189607914,29.7546500371689],[-82.0958346554248,29.7546110788425],[-82.0958951011031,29.7544980221641],[-82.0959318879622,29.7544445152299],[-82.0959499892262,29.7544167137088],[-82.0959702200441,29.7543856487427],[-82.0961768453791,29.7540956539101],[-82.0962471291992,29.7540321487822],[-82.0962489975919,29.7540304488274],[-82.0963236090978,29.7538998851805],[-82.0963309852893,29.7537680844945],[-82.0964084306938,29.7535202700796],[-82.0964104551478,29.7534365306515],[-82.0964111738586,29.7534067011074],[-82.0965630502279,29.7532079202796],[-82.0966551626802,29.7530483599214],[-82.09668970504,29.7529213406535],[-82.0967199581477,29.7528101005045],[-82.0968450027564,29.752504521764],[-82.0969545717277,29.7523386815729],[-82.0969933071234,29.7522800126244],[-82.0971006182622,29.7521866866408],[-82.0971361791254,29.7521067267945],[-82.0972929765485,29.7518424388158],[-82.0972941586006,29.7518404239347],[-82.0974259359515,29.7516046097435],[-82.0974466195237,29.7514437343482],[-82.0974472404449,29.7514414889714],[-82.0974788466207,29.7513270503291],[-82.0975450113408,29.751024046324],[-82.0975476376223,29.7509152603974],[-82.0975477520622,29.7509104791056],[-82.0975563674869,29.7507273759791],[-82.0975820701466,29.7505336171175],[-82.0975991573041,29.7504929498763],[-82.0976355761647,29.7504063237309],[-82.0977192134579,29.7502960307568],[-82.0977397559525,29.7502689587873],[-82.0978093127463,29.750147791512],[-82.0978676884612,29.7500314763265],[-82.0979001790926,29.7499037964243],[-82.0979107270508,29.7498260176736],[-82.0979155255484,29.7497904600822],[-82.0979343836227,29.7497065058953],[-82.0979880371902,29.7496538337242],[-82.0980333667175,29.7496093670216],[-82.0980558838713,29.7495474858829],[-82.0981056964564,29.7493981186269],[-82.0981157887884,29.7493286656577],[-82.0980973390866,29.7492220504165],[-82.0981082293467,29.7491196354707],[-82.0981471174276,29.7490650124811],[-82.0981778165376,29.7490219551332],[-82.0982560816875,29.7489134345658],[-82.0983338937283,29.7487074293825],[-82.0983356812196,29.7487026499723],[-82.0983484412603,29.7486688322948],[-82.0983063639735,29.7485670939909],[-82.0983009264228,29.7484293646885],[-82.0983008534115,29.7484271633992],[-82.0983295393247,29.7483461402252],[-82.0983495895644,29.7482532989302],[-82.0983763585651,29.7480543863298],[-82.0983574905643,29.7479142110819],[-82.0983576996177,29.7479133901706],[-82.098382168234,29.7478136990924],[-82.0983854472462,29.7476778345878],[-82.0984089020728,29.7476515298287],[-82.0984833226738,29.7473758525822],[-82.0985312520216,29.7470485273703],[-82.0987230704443,29.7468893700926],[-82.098509214321,29.7467486325804],[-82.0984198373083,29.7466032286789],[-82.0984299451877,29.746593291854],[-82.098459986346,29.7465539364607],[-82.0984608589889,29.7465177030054],[-82.0984707529153,29.7464525912168],[-82.0985265627986,29.7463810595269],[-82.0985356678952,29.7463485796177],[-82.0985615500935,29.7463091766249],[-82.0985593697331,29.7462951075954],[-82.0985513399808,29.7462438044499],[-82.098550768753,29.7462400527759],[-82.0985255681227,29.7461833717555],[-82.0985231486413,29.7461778806497],[-82.0985503741349,29.7460840721614],[-82.0986391591705,29.7460240380503],[-82.0987308764508,29.7460148622982],[-82.0987846397133,29.7459629859303],[-82.0987862196461,29.7459614475764],[-82.0987923904201,29.7458781416821],[-82.0986810520523,29.7458398167593],[-82.0985729282771,29.7458378310101],[-82.0984516064638,29.7458682480282],[-82.098280175631,29.7459050040647],[-82.0981939520622,29.7458733306249],[-82.098195000074,29.745829837319],[-82.0982040196897,29.7458009860435],[-82.0982059469213,29.7457212043587],[-82.0982327345432,29.7456455397025],[-82.0982796166268,29.745599260681],[-82.0982957262034,29.7456213108841],[-82.0982947606725,29.745661175523],[-82.0983185432319,29.7457087816833],[-82.0983427062135,29.7457418731961],[-82.0983461631291,29.7457709520496],[-82.0984118259804,29.7458084375772],[-82.0984373569801,29.7457834929415],[-82.0984380582272,29.7457544878263],[-82.0984353873662,29.7456928041116],[-82.0985041992005,29.7455997583331],[-82.0986175858507,29.7455546728675],[-82.0987193715848,29.745473126371],[-82.0988636732153,29.7453524509085],[-82.0989811282848,29.7453110962663],[-82.0989860595653,29.745242592411],[-82.098949742931,29.7451762748227],[-82.0989191040745,29.7451202898011],[-82.0989149745007,29.7450941402862],[-82.0988938441813,29.7449602481497],[-82.0988949366701,29.7447426322912],[-82.0988555271807,29.7444807576083],[-82.0987624598347,29.7442638274974],[-82.0987231687801,29.7439916707724],[-82.0987573777317,29.7437183051109],[-82.0987733164754,29.7435907602274],[-82.0987677411765,29.7434992056361],[-82.0987643002793,29.7434432007453],[-82.0987563054928,29.7433122724351],[-82.0987513576796,29.7432312643979],[-82.0985660671087,29.7430472117753],[-82.0985398529164,29.7429464527034],[-82.0985128300503,29.7428424862182],[-82.09855898987,29.7426707454145],[-82.0985229319374,29.7426042131641],[-82.0984955978688,29.7425537074308],[-82.098374637921,29.7423303799371],[-82.0983740791367,29.7421746155573],[-82.0983730893541,29.7418996409368],[-82.0983432491101,29.7418680674713],[-82.0983132143104,29.7418589879969],[-82.0982997831215,29.7418173760924],[-82.0982646582511,29.7417358141052],[-82.0982620909496,29.7416710489259],[-82.0982599614435,29.7415882780341],[-82.0982184145399,29.741464655481],[-82.098163609599,29.7412869905914],[-82.0981419695922,29.7412617832874],[-82.0980158530256,29.7411149581154],[-82.0979100023683,29.7406812011628],[-82.0978157584202,29.7403892175904],[-82.0976332892325,29.7399567755942],[-82.0973849706914,29.7394558180184],[-82.0972860901897,29.7392373784033],[-82.097147834433,29.7390896955757],[-82.0970115859244,29.7389399623655],[-82.0968682532368,29.7386606906541],[-82.0967211591826,29.7383910309631],[-82.0964897405445,29.7380739987179],[-82.0962931816883,29.7378783222377],[-82.0961723317204,29.7376730903949],[-82.0960126822614,29.7375110161171],[-82.0958558570541,29.7374916816675],[-82.0957066902629,29.7374175903379],[-82.09563380856,29.7373466932913],[-82.0955666265592,29.7372120331229],[-82.0955699558365,29.7370741906462],[-82.095683621379,29.7367315478363],[-82.0960527732918,29.7361752824831],[-82.0967349856735,29.7352094111766],[-82.0967779654949,29.7345207337968],[-82.096844376793,29.7334073316851],[-82.0974923183495,29.7324109312174],[-82.0974754626348,29.7321210599966],[-82.0974620023073,29.7318901914279],[-82.096814395188,29.731063391015],[-82.0965584555206,29.730610229739],[-82.096241541386,29.7302249536195],[-82.0958781544993,29.7297180794795],[-82.0957874670306,29.7293800932571],[-82.0957453367458,29.7290774618335],[-82.0959078330122,29.7288993658425],[-82.0962273149605,29.7287672600104],[-82.0964842137594,29.728771986756],[-82.0966871462106,29.7289654452816],[-82.0967820028965,29.7291310579233],[-82.0967494150206,29.7292511712514],[-82.0967080418222,29.7293280272112],[-82.0967944634858,29.7294331141806],[-82.09685374345,29.7294342048758],[-82.097093396875,29.7293351162585],[-82.0971471571691,29.7291550219071],[-82.0971803369531,29.72900900727],[-82.0972231988929,29.7288718099141],[-82.0972654019095,29.7287604809498],[-82.0973418596842,29.7284600559541],[-82.0974942214819,29.7282903828323],[-82.0977143298116,29.7281823269307],[-82.097834761315,29.7281069256054],[-82.0979665411379,29.7279713633376],[-82.0980264379171,29.7278933344039],[-82.0984531314254,29.7273194712781],[-82.0991894387841,29.7247636482712],[-82.0983945286384,29.7247797294708],[-82.0986652370971,29.7224896955194],[-82.0986835302801,29.7223349643966],[-82.0986128178198,29.7222971954619],[-82.098549983048,29.722161544607],[-82.0982585168985,29.7219159665707],[-82.097874495662,29.721591151379],[-82.0974069695069,29.7210733988279],[-82.0971507286312,29.7208098731245],[-82.0967025779952,29.7206671054778],[-82.0962706776124,29.7206407841875],[-82.095998648394,29.7206253270176],[-82.0957580690351,29.7205536511058],[-82.0953120103298,29.7203244450465],[-82.0952901598857,29.7203107302352],[-82.0952541521178,29.7202881471495],[-82.0947912035876,29.7199977885675],[-82.0945784976535,29.719863445138],[-82.0943680915069,29.7197305513919],[-82.0937892516951,29.7195277452565],[-82.0933603349661,29.7195006173821],[-82.0931242506225,29.7196980350441],[-82.0930471627155,29.7198352310849],[-82.0929746291336,29.7199643194091],[-82.0926883324659,29.7201700555459],[-82.0925816446685,29.7202428430916],[-82.092087830485,29.7205798212412],[-82.091704373031,29.7208550800331],[-82.0913406029915,29.7211162044291],[-82.0910425777642,29.7216005551165],[-82.0910078816832,29.7219416033097],[-82.0909808808536,29.7222070340824],[-82.0909696808558,29.7223169793611],[-82.0910843106235,29.7228065479972],[-82.0912791903483,29.7232979529867],[-82.0913471353303,29.7239015134835],[-82.0914878205183,29.7241103339287],[-82.0915301310812,29.7241731910434],[-82.0915430454819,29.7244479989479],[-82.0915664287831,29.7245924403014],[-82.0915874576283,29.7247222091911],[-82.0916066783529,29.7250424317849],[-82.0916069358151,29.725271410089],[-82.0915825981291,29.7254867270354],[-82.0915757480662,29.7255470298876],[-82.0915056862433,29.7257440385076],[-82.0915622589557,29.7258557307685],[-82.0915570323739,29.7259596258324],[-82.0915483864449,29.726130679967],[-82.0915289454009,29.7264339101766],[-82.0915334144501,29.7266814735202],[-82.0914708716916,29.7269727972704],[-82.0913298318526,29.7272184740714],[-82.0910256643159,29.7275652996182],[-82.0909343470301,29.7276704970544],[-82.0905621175768,29.7277644858002],[-82.0905330387178,29.7283616114977],[-82.0906362652469,29.7284087879723],[-82.0908878284534,29.7284712405548],[-82.0909116391138,29.7284821868001],[-82.0910185279819,29.728547252105],[-82.0912074511822,29.7287084154958],[-82.0912405242034,29.7288351869283],[-82.0912915555739,29.728967515091],[-82.0913725699208,29.7291056749454],[-82.0913752804968,29.7292423934901],[-82.0913712108998,29.7294105027863],[-82.0913784078243,29.729610372626],[-82.0913776444862,29.7296419050134],[-82.0913600170335,29.7298728599262],[-82.0913492955782,29.7300671403882],[-82.091239095564,29.7301386837896],[-82.0910703229161,29.7301408229552],[-82.0909261561237,29.7301224061162],[-82.0906920348055,29.7300865403803],[-82.0904707067324,29.7300193899264],[-82.0903162877727,29.7299271814681],[-82.0900486768157,29.7297803237715],[-82.0898888941017,29.7296755542487],[-82.0898546758191,29.7296493445743],[-82.0898212463456,29.729598339986],[-82.0897450279225,29.7295264141692],[-82.0897084874144,29.7294854468325],[-82.0896801619311,29.7294644613268],[-82.0896631044326,29.729451851908],[-82.0895639797734,29.7293719396956],[-82.0894810184949,29.7293401814204],[-82.089399276837,29.7292945285155],[-82.0893956381651,29.7292965530289],[-82.0892320900521,29.7290804324423],[-82.0890584390927,29.7288509795836],[-82.088884785834,29.7286215264359],[-82.0887111675003,29.728392072784],[-82.0885375178661,29.7281626210148],[-82.0883638711651,29.7279331663461],[-82.0882481160478,29.7277801987081],[-82.0881902531011,29.7277037146666],[-82.0881323299944,29.727627199709],[-82.0880166059567,29.7274742585942],[-82.0879297981092,29.7273595339143],[-82.0878429616143,29.7272448050341],[-82.0877097433033,29.7270687622799],[-82.0876693463515,29.7270153788353],[-82.0874713990785,29.7267952935521],[-82.087409117912,29.7266852824786],[-82.0873478926009,29.7266176458283],[-82.0873227660688,29.726546607243],[-82.0870533225147,29.7262004692046],[-82.0870307382087,29.7261714778504],[-82.0869310698851,29.7260868774644],[-82.0868851544859,29.7260597352921],[-82.0868808171137,29.7260580038375],[-82.0868037938005,29.7260271782587],[-82.0867419010504,29.725983044469],[-82.0867017311857,29.725946466839],[-82.086679746124,29.7258870210266],[-82.0866786041506,29.7258839346102],[-82.0866771402853,29.7258313757919],[-82.0866757770328,29.7258224939425],[-82.0866748318727,29.7258160670176],[-82.0866699663027,29.7257957904263],[-82.086628575727,29.7257406223612],[-82.0865779751699,29.725696176482],[-82.0865236579919,29.725659445659],[-82.0864867675928,29.7256369792016],[-82.0864640278441,29.7256194800315],[-82.0864576666021,29.7255882825062],[-82.0864974889005,29.7255625882673],[-82.0865653701056,29.725554517632],[-82.0866206618237,29.7255524315928],[-82.0866507787174,29.7255592035402],[-82.0866519029372,29.7255856553302],[-82.0866339180796,29.7255930796943],[-82.086623014171,29.7256022013937],[-82.0866277342779,29.7256271531319],[-82.0866473260877,29.7256275142426],[-82.086668937845,29.7256185903963],[-82.0866810803976,29.7256312456669],[-82.0866860939006,29.7256453375113],[-82.0867196601722,29.7256568221346],[-82.0867428099052,29.7256572489711],[-82.086783788448,29.7256580070261],[-82.0868016595498,29.7256552303986],[-82.0868129380925,29.7256305760712],[-82.0868403653088,29.7256015693488],[-82.0868795467878,29.7256022941712],[-82.0868878579868,29.7256273104428],[-82.086874519007,29.7256627929225],[-82.0868792012057,29.7256893104463],[-82.0868729009331,29.7257295962929],[-82.0868746009653,29.7257439030318],[-82.0868758550876,29.7257545144907],[-82.0869059730713,29.7257612873004],[-82.0869416740935,29.7257588400724],[-82.0869655392544,29.7257297675134],[-82.0870286318962,29.7256982875844],[-82.0870809273751,29.7256728488743],[-82.0870896469862,29.7256588997664],[-82.087106858442,29.725631355578],[-82.0870744958122,29.7255663987075],[-82.0870574502078,29.72554430174],[-82.087048435742,29.7255326382377],[-82.087020970906,29.7254970362619],[-82.0869488639485,29.7254584068457],[-82.0868844831715,29.7254494363207],[-82.0868458863048,29.7254440471749],[-82.0867949070214,29.7254151339166],[-82.0867675287202,29.7253695750429],[-82.0867831575836,29.7253123555311],[-82.0867679926433,29.7252763193307],[-82.0866689523806,29.7252465161922],[-82.0866054985955,29.7252318128194],[-82.086603430104,29.7252313351484],[-82.0865685342079,29.7251265598305],[-82.0865881453665,29.7249792817295],[-82.0865955429669,29.7249601647756],[-82.0866622686867,29.7247879578849],[-82.0867726792746,29.7246296206918],[-82.0867862600635,29.7246101234812],[-82.0868612501075,29.724498770028],[-82.0869612317734,29.7244039971205],[-82.0869603793131,29.7243690221539],[-82.0869664927953,29.7243351973579],[-82.0869679158368,29.7243272476925],[-82.0869622559504,29.7242941113464],[-82.087006636897,29.7242378029127],[-82.0870215579485,29.7242188808803],[-82.0870730258065,29.7241587735802],[-82.0870735167171,29.7241384019553],[-82.0870741337434,29.7241130002008],[-82.0870376046957,29.7240730510317],[-82.0869993302935,29.724105074295],[-82.0869436268327,29.7241345737771],[-82.0869213502146,29.7241254417952],[-82.0868851923014,29.7240702342213],[-82.0868887353039,29.7240267066876],[-82.0869215270666,29.7240142193106],[-82.0869792211428,29.7240065657466],[-82.0870098935051,29.7239787757776],[-82.0870220579481,29.7239241027627],[-82.0870238988511,29.7239158034826],[-82.0869997121006,29.7238826569184],[-82.0869517209468,29.7239035505121],[-82.0869395339691,29.7238902618881],[-82.0869287497872,29.7238567285737],[-82.0869232687543,29.7238397928852],[-82.0869076891429,29.7237610114776],[-82.0869079190887,29.7237163182431],[-82.0869083221438,29.7236375027696],[-82.0869090396749,29.7234987854487],[-82.0869418100049,29.7234078835224],[-82.0869465479468,29.723364488153],[-82.0869470781856,29.7233595476045],[-82.0870120138509,29.7233104958224],[-82.0870656773454,29.7232247127508],[-82.0870958893929,29.7231118713786],[-82.0871054412705,29.723100085265],[-82.0871809375332,29.7230065905808],[-82.0872353661995,29.7229269278481],[-82.0872481913751,29.722913936184],[-82.0872840499837,29.7228776605265],[-82.0873226394429,29.722832577745],[-82.0873403859625,29.7227881025199],[-82.0873456962144,29.7225906695886],[-82.08734743726,29.7225258996986],[-82.0873543518633,29.7222680112398],[-82.0873618126895,29.7219901943326],[-82.0873636985328,29.7219199633297],[-82.0873692734959,29.7217123765218],[-82.0873750174243,29.7214988859888],[-82.087377023283,29.7214240028316],[-82.0873847525613,29.721136345235],[-82.087385030888,29.7211262304134],[-82.0874016327062,29.7210068390937],[-82.0874069947491,29.7209285230953],[-82.0874079368377,29.7209209209737],[-82.087415643328,29.7208578340933],[-82.0874174693276,29.7207824792884],[-82.087428913836,29.7206665696502],[-82.0874298315875,29.7206442802739],[-82.0874331327062,29.7205641106565],[-82.0874039491175,29.7204836441503],[-82.0873760821471,29.7203983364356],[-82.0872488750034,29.7203985437518],[-82.086826375601,29.7204406852013],[-82.0866619590013,29.7204627300177],[-82.0866575037238,29.7204688965318],[-82.0866049001726,29.7205417131462],[-82.086610378839,29.7206081802386],[-82.0866346260638,29.7209024258027],[-82.0866989960558,29.7211988429982],[-82.086777108711,29.7214600071317],[-82.0867754235675,29.7215295334902],[-82.0866918041519,29.7215511745203],[-82.0865486114511,29.7215659377368],[-82.0864721315059,29.7215674128788],[-82.086419811847,29.7215640538559],[-82.0863885058169,29.7213166266732],[-82.0863771412187,29.7212381676189],[-82.0863598062523,29.7211306090162],[-82.0863381079291,29.7210664265165],[-82.0863211248468,29.7209444068756],[-82.0862928445223,29.7207409877188],[-82.0862828803397,29.7206932771787],[-82.0862101029696,29.7201239480587],[-82.0861223838223,29.71977563744],[-82.0861071493429,29.7196788457705],[-82.0858975713542,29.7194613220392],[-82.0858657125126,29.7194282535958],[-82.0858588454207,29.7194211261505],[-82.0858574518044,29.7194196809776],[-82.0858546237679,29.7194154471658],[-82.0857959475896,29.7193272080965],[-82.085771333168,29.7192901912682],[-82.0857332740455,29.719232955771],[-82.0856669033954,29.7191331405974],[-82.0855616518731,29.7190804822024],[-82.0852326794472,29.7189158914398],[-82.0850638567336,29.7188314121523],[-82.0847846251131,29.7186831992169],[-82.0847305812846,29.7186379462157],[-82.0846808562399,29.7185926647798],[-82.0845978379284,29.7185247617228],[-82.0845146152707,29.7184640890526],[-82.0844227114652,29.7184105152479],[-82.0843467558989,29.7183619132997],[-82.0843315691712,29.718372333484],[-82.0843178458376,29.7183794492212],[-82.0842875608468,29.7183966023697],[-82.0842231650465,29.718442994474],[-82.0841787077995,29.7184804294787],[-82.0841241107617,29.7185151205135],[-82.0840594510908,29.7185593880147],[-82.0840214069083,29.7185612406225],[-82.0839723933221,29.718561820092],[-82.0839239182881,29.7185715125163],[-82.0838772847003,29.7185884723096],[-82.0837902258099,29.7186272648516],[-82.0837812984266,29.7186302353887],[-82.0837730091536,29.7186317044727],[-82.0837643090328,29.7186318719705],[-82.0837526043021,29.718632399867],[-82.0837450630238,29.718632865828],[-82.0837367716834,29.7186343348715],[-82.0837191738178,29.7186375293944],[-82.0837104920144,29.7186382196941],[-82.0837043798247,29.7186383276876],[-82.0836895956816,29.7186372303024],[-82.0836796962491,29.7186374035785],[-82.083665779506,29.7186396239752],[-82.0836486055875,29.7186422181417],[-82.0836326228093,29.7186425035479],[-82.0836170084594,29.7186406436396],[-82.0835768622457,29.7186408925337],[-82.0835496647458,29.7186422589991],[-82.0835326584726,29.7186483790669],[-82.083524030644,29.7186508055918],[-82.0835145005614,29.7186539039226],[-82.0835023904066,29.718656950904],[-82.0834517735784,29.7186705910551],[-82.0834196309462,29.7186758562289],[-82.0833841011425,29.7186921685788],[-82.0833727670099,29.7186944629015],[-82.0833567758514,29.7187002434935],[-82.0833392592655,29.7187079223958],[-82.0833148467886,29.7187218001391],[-82.0832975365499,29.7187327304491],[-82.083280887268,29.7187436450145],[-82.0832751845463,29.7187462601033],[-82.0832717848342,29.7187473522134],[-82.083266738038,29.7187502014203],[-82.0832637638441,29.7187519908077],[-82.0832594577321,29.7187541381488],[-82.083250931942,29.7187575555311],[-82.0832339942827,29.7187620832619],[-82.0832140556078,29.71876567385],[-82.0831999974167,29.7187685241347],[-82.0831738102913,29.7187764278713],[-82.0831527829708,29.7187832991382],[-82.0831347843294,29.7187836265866],[-82.0831008970257,29.718784236604],[-82.0830745085871,29.7187874894394],[-82.0830321418535,29.7187882457086],[-82.0830173543393,29.7187885206754],[-82.0830120291638,29.7187886152286],[-82.0829835366448,29.7187928189951],[-82.0829521680282,29.7187986461125],[-82.0829073060217,29.7188036477866],[-82.0828790586683,29.7188041419526],[-82.0828325015703,29.7188035563956],[-82.0827893731752,29.7188072392819],[-82.0827496080749,29.7188123081674],[-82.0826824434465,29.718822120732],[-82.0826230514117,29.718837690716],[-82.082610399529,29.71884226882],[-82.08259786597,29.7188471252353],[-82.0825883091018,29.7188539623853],[-82.0825785910856,29.7188649221437],[-82.0825722948529,29.7188724774681],[-82.0825663720482,29.7188828740186],[-82.0825452448481,29.7189223636706],[-82.0825305569063,29.7189471765089],[-82.0825248997471,29.7189802967041],[-82.0825194333967,29.7190210941045],[-82.0825120233115,29.719047221043],[-82.0824956227646,29.7190764860057],[-82.0824739518701,29.7191176719468],[-82.0824476605896,29.7191441108035],[-82.0824245732722,29.7191553464396],[-82.082419484207,29.7191561040629],[-82.0823965824205,29.7191585117265],[-82.0823590311744,29.719158147759],[-82.082334160144,29.7191585942226],[-82.0823047467894,29.7191591226277],[-82.082296812685,29.7191602670279],[-82.0822731893049,29.7191636539083],[-82.0822589587216,29.7191672137666],[-82.082241666523,29.7191694798086],[-82.0822198664885,29.7191731738495],[-82.0822032793287,29.7191776519913],[-82.0821481624357,29.7191986356653],[-82.0821077114284,29.7192163959942],[-82.0820550389942,29.7192405858544],[-82.082016579041,29.7192660873725],[-82.0819782814818,29.7193080906464],[-82.0819201373983,29.7193369941439],[-82.0818825420395,29.7193566498976],[-82.0818304768574,29.7193765628957],[-82.0818099224187,29.7193873201497],[-82.0817931898419,29.719399055941],[-82.0817816544102,29.7194095434441],[-82.0817633800994,29.7194121485736],[-82.0817491175619,29.7194181270144],[-82.0817445165257,29.7194284938624],[-82.0817352817143,29.719437728171],[-82.0817240640127,29.7194428831872],[-82.0817052447534,29.7194523000642],[-82.0816915389407,29.7194652739809],[-82.0816568440913,29.7194691983856],[-82.0816315807601,29.7194766803772],[-82.0816093684974,29.7194855922548],[-82.0815930768167,29.7194960719783],[-82.0815805836753,29.7195044491555],[-82.0815771853439,29.7195042490675],[-82.081573955133,29.7195049580628],[-82.081572491622,29.7195081776554],[-82.0815648453046,29.7195206609902],[-82.0815516550138,29.7195267143095],[-82.0815405280472,29.7195293687446],[-82.0815311420511,29.7195332104396],[-82.0815045907554,29.7195404736466],[-82.0814648809994,29.7195485669829],[-82.0814373985647,29.7195617297118],[-82.0814010489986,29.7195756323903],[-82.0813688285081,29.719582765316],[-82.0813451515246,29.7196001755274],[-82.0813370880188,29.7196116603315],[-82.0813292746684,29.7196168512905],[-82.0813149331257,29.7196196131108],[-82.0813061852508,29.7196191470073],[-82.0812990482117,29.719623690864],[-82.0812769762319,29.7196424798169],[-82.0812585461102,29.7196514075394],[-82.0812402115307,29.7196641874018],[-82.0811583415746,29.719711216326],[-82.0811366643731,29.7197163147325],[-82.0811075922381,29.719726146213],[-82.0810838771304,29.7197374241315],[-82.081053973526,29.7197503722943],[-82.0810451069273,29.7197496865057],[-82.081036317655,29.7197547501862],[-82.081028450604,29.7197581516542],[-82.0810149974439,29.7197633211524],[-82.0809719033508,29.7197758634602],[-82.0809607294054,29.7197765362947],[-82.0809504236939,29.719778022897],[-82.0809367101344,29.719780848645],[-82.0809107715019,29.7197863364072],[-82.0808674919184,29.7198064650013],[-82.0808488809369,29.7198228716923],[-82.0808308419461,29.7198441554073],[-82.0808113639937,29.7198521270085],[-82.0807963753845,29.7198634302642],[-82.080774574782,29.7198878891824],[-82.0807599951817,29.7199160028699],[-82.0807446099938,29.7199344752488],[-82.0807323318394,29.7199496520083],[-82.0807281263636,29.7199631329783],[-82.0807248647293,29.719978144691],[-82.0807053973792,29.7199934598851],[-82.0806884478628,29.7200024158588],[-82.0806639880855,29.7200027333702],[-82.0806097512361,29.7200043689521],[-82.080555961743,29.7199915172754],[-82.0805230852445,29.7199712430723],[-82.0804832767513,29.7199677831653],[-82.0804562913671,29.7199696771953],[-82.0804229089176,29.7199688936101],[-82.0803718287157,29.719958732358],[-82.080342683048,29.7199573396473],[-82.080315657276,29.7199479281238],[-82.0802661232679,29.7199583151618],[-82.0802316253062,29.7199697775528],[-82.08019549872,29.7199885261011],[-82.0801757988926,29.7199979237399],[-82.0801599220328,29.7200028560415],[-82.0801439102381,29.720001816724],[-82.080107753902,29.7200049962657],[-82.0800629008451,29.7200160194977],[-82.0800428848876,29.7200213695848],[-82.0799522915555,29.7200229358096],[-82.0799108818886,29.7200191717406],[-82.0798574821657,29.720020135826],[-82.0798262766566,29.720011496771],[-82.0798053059713,29.719999144661],[-82.079782925976,29.7199995546899],[-82.0797326714754,29.7199824792588],[-82.0796972326737,29.7199848472261],[-82.0796309469261,29.7199636233872],[-82.0796297882976,29.7199632734556],[-82.0795495575228,29.7199298249293],[-82.0794987827673,29.7199096609092],[-82.0794523630069,29.7199034928925],[-82.079415646277,29.7198830903829],[-82.0793693478647,29.7198821763262],[-82.0793378092861,29.7198678966377],[-82.079307752633,29.7198702541675],[-82.0792748543012,29.7198639775663],[-82.0791876548087,29.7198514436078],[-82.0791263187656,29.7198547896036],[-82.0790728267772,29.7198646904448],[-82.0790245217097,29.7198789492663],[-82.0789808734843,29.7198896100563],[-82.0789397347384,29.7198930271773],[-82.0788453436685,29.7198873159753],[-82.0787489580223,29.7198717229676],[-82.0786793531177,29.71986647116],[-82.0786338024686,29.7198555599117],[-82.0785835828375,29.7198501467949],[-82.0785547991481,29.7198481549112],[-82.0784585053462,29.7198312973777],[-82.078310514513,29.7198192292243],[-82.0782210477668,29.7198209802674],[-82.0781724206209,29.7198238747831],[-82.0781237301414,29.7198306455524],[-82.0780100472519,29.719835658795],[-82.077916408538,29.719790081018],[-82.0778158280322,29.7197447597352],[-82.0776850235287,29.7196829818027],[-82.0776491660095,29.7196791530537],[-82.0775927639926,29.7196751625075],[-82.0775462083388,29.7196694045699],[-82.0774877193567,29.7196605638778],[-82.0774412333333,29.7196596745311],[-82.0773766206086,29.7196448322898],[-82.0773587911461,29.7196421093955],[-82.0773144594364,29.7196303964378],[-82.0772163682559,29.7196122665992],[-82.0771775242689,29.7196003251332],[-82.0771310036094,29.719573771876],[-82.0770956949081,29.719566681193],[-82.0770591279629,29.7195439725481],[-82.0769615731898,29.7195609200353],[-82.0768987284827,29.7195304074641],[-82.0768109811106,29.7194731939509],[-82.0767197156421,29.7194842076163],[-82.0766314750562,29.7195222579539],[-82.0765367784332,29.7195369210431],[-82.0764174113671,29.7194944669755],[-82.0763377320095,29.7194787156742],[-82.0762331791125,29.7194386812664],[-82.0760642117763,29.7194896717092],[-82.0760394839666,29.7186137045924],[-82.0760375292776,29.7184817583939],[-82.0761109330886,29.7179467660903],[-82.0761763008601,29.717286314566],[-82.0772270079148,29.7163498681911],[-82.0773852172904,29.71620886025],[-82.0777669681683,29.7157250766271],[-82.077829753804,29.7153631336553],[-82.0773055233406,29.7153668584167],[-82.0769658407642,29.7150714344478],[-82.0769973822317,29.7147621000123],[-82.0770375311423,29.7143683297863],[-82.0772715559221,29.7141011807637],[-82.0779820134431,29.7141289077661],[-82.0781379704717,29.7141124101462],[-82.0783226441556,29.7138298765188],[-82.0784427471102,29.7109162018031],[-82.0784575539162,29.7105569783553],[-82.0783596201389,29.7101960974208],[-82.0780036371451,29.7097905192118],[-82.0774662394545,29.7084686655325],[-82.077275682262,29.7080975398434],[-82.0769613721513,29.7078015113876],[-82.0765909191801,29.7079881015498],[-82.0762843831062,29.7082822889197],[-82.0762225727372,29.7083696534376],[-82.0760547071102,29.7086069195474],[-82.0759691329655,29.7089341959066],[-82.0757413362367,29.7091814924174],[-82.0755912548494,29.7091678976864],[-82.075507817367,29.709085568278],[-82.0752822424093,29.7089881705725],[-82.0750106616869,29.7087345702436],[-82.0749368800439,29.7085468073302],[-82.0750563795977,29.7077350166557],[-82.075139391163,29.7075439183236],[-82.0754402184144,29.7074749401432],[-82.0755151204133,29.7073477235135],[-82.073634183991,29.7076711383358],[-82.0734300328833,29.7078052231272],[-82.0732420272856,29.708198418655],[-82.0723795960948,29.7092361529541],[-82.072130785398,29.7097284699804],[-82.0715879698966,29.7104665706986],[-82.0716444652454,29.7110371193184],[-82.0715490871537,29.7111806513097],[-82.0710816285426,29.7113803816715],[-82.0709822568376,29.7114938588982],[-82.0707338137075,29.7118839209874],[-82.070620316551,29.7119527705356],[-82.0705143585364,29.7121281722533],[-82.0699559604201,29.7125124662412],[-82.0693471025492,29.7126741073116],[-82.0687269795444,29.7127575076349],[-82.0686943352209,29.7126054373699],[-82.0674076818505,29.712599601446],[-82.0673037780089,29.7124923502361],[-82.0667546948678,29.7124498051592],[-82.0665968203436,29.7124471675593],[-82.0665812164447,29.7126006223484],[-82.066553416847,29.7128741285839],[-82.066524791573,29.7131556495599],[-82.0657993871229,29.7131364074582],[-82.0657897544353,29.7132919857479],[-82.0655680349063,29.7132842496244],[-82.0649233963128,29.7132671426019],[-82.0647584327854,29.7134611607631],[-82.0645504139875,29.7134869963728],[-82.0642039096599,29.7135300303287],[-82.0630119246086,29.71380841375],[-82.0617725824123,29.7138577259708],[-82.0609834642519,29.7137987348686],[-82.0599385259493,29.7141396842037],[-82.0598936521529,29.714070579186],[-82.0598887556389,29.7138692694712],[-82.0597629995063,29.7136964188319],[-82.059591665276,29.7134609215281],[-82.0595580750512,29.7134147469732],[-82.0592438305748,29.7133769142172],[-82.0590931771335,29.7134493763875],[-82.0589874716614,29.7137329249714],[-82.0589501759422,29.713832970523],[-82.0586755833432,29.7142594592536],[-82.0582255624462,29.7149434626106],[-82.0578954319234,29.7150353414621],[-82.0575950893003,29.715118949661],[-82.0572947162965,29.7152025530007],[-82.0569943754392,29.7152861309943],[-82.056694856771,29.7153695044143],[-82.0567138774871,29.7154712689374],[-82.0564360085893,29.7156007849889],[-82.0561581348353,29.7157303003717],[-82.0561794402447,29.7158442896615],[-82.0557464613357,29.7159592403697],[-82.0550966482791,29.7161186470222],[-82.0551060809379,29.7154450023041],[-82.0550676741373,29.7151640429545],[-82.0550490050616,29.7150275472931],[-82.0550218212689,29.7149488980529],[-82.0548484966189,29.7146603539709],[-82.0550478640372,29.7145724704042],[-82.0549360317611,29.714315166127],[-82.0549004647478,29.7142449720719],[-82.0548720820924,29.7141889596394],[-82.0548356110667,29.714038353314],[-82.054752306505,29.7139322030879],[-82.0546622633814,29.7138174669525],[-82.0544217701116,29.7135799222748],[-82.0540448685266,29.713414797144],[-82.0537496529351,29.7132797221313],[-82.0533077994531,29.7131651134539],[-82.053203999033,29.7131336559058],[-82.0528580059686,29.7130224659666],[-82.0526691160033,29.7129943115186],[-82.0525904404798,29.7129802933068],[-82.052259670358,29.7129791553203],[-82.0520517408017,29.7129859562843],[-82.0517363985269,29.7130555448371],[-82.0513712771592,29.7131955430237],[-82.0511648797058,29.7133231701241],[-82.0511050193419,29.7133601680672],[-82.0507893601556,29.7134990041049],[-82.050714959751,29.7135224147712],[-82.0506845289714,29.7135272907134],[-82.0506553881499,29.7135284758022],[-82.0506227852903,29.7135344948955],[-82.0505683618008,29.7135464275862],[-82.0504947521419,29.713560807644],[-82.0503920348807,29.7135940867579],[-82.0503162484112,29.7136317195596],[-82.0503092624754,29.7136351645921],[-82.0502380912111,29.7136810819176],[-82.0501837668349,29.7137310573528],[-82.0501223560028,29.7138105181863],[-82.0500748704442,29.7138964846045],[-82.0500847784781,29.7139373482362],[-82.0500845275486,29.713937001532],[-82.0500840527436,29.7139363429212],[-82.0500837557503,29.7139359357968],[-82.0500816867251,29.7139334804458],[-82.0500793296382,29.7139312209184],[-82.0500768284102,29.7139291057725],[-82.0500741026489,29.7139272092987],[-82.0500712347242,29.713925460853],[-82.0500617820219,29.713920267267],[-82.0500596402585,29.7139191289078],[-82.0500574738866,29.7139180243768],[-82.0500552731185,29.7139169733426],[-82.0500530518084,29.7139159589198],[-82.0500508091227,29.7139149729718],[-82.0500485673815,29.7139139906508],[-82.0500463193076,29.7139130136253],[-82.0500440722226,29.713912038423],[-82.0500376754196,29.7139092717777],[-82.0500322234342,29.7139069253124],[-82.0500267628278,29.7139045931231],[-82.0500212882786,29.7139022814263],[-82.0500158071306,29.7138999858481],[-82.0500068487601,29.7138962534388],[-82.0500051151373,29.7138955423358],[-82.050003377093,29.7138948428807],[-82.0500016304051,29.7138941586036],[-82.0499998761737,29.713893486818],[-82.0499981230643,29.713892811444],[-82.049996377432,29.7138921262843],[-82.0499946437428,29.713891417887],[-82.0499929155085,29.7138906978613],[-82.0499885542978,29.7138888474047],[-82.0499848126179,29.7138872774759],[-82.0499810600725,29.7138857289999],[-82.0499772891628,29.7138842126644],[-82.0499735084875,29.7138827150953],[-82.0499695296614,29.7138811623738],[-82.0499677275339,29.7138804626182],[-82.0499659200848,29.7138797690794],[-82.0499641113582,29.7138790854426],[-82.0499622973323,29.7138784071205],[-82.0499618804423,29.7138782513113],[-82.0499602655013,29.7138776741797],[-82.0499586385505,29.7138771229915],[-82.049956997235,29.7138766094331],[-82.0499553460205,29.7138761200529],[-82.0499536747865,29.7138756880484],[-82.0499519900876,29.7138752991049],[-82.0499502891911,29.713874980242],[-82.0499485736632,29.7138747098324],[-82.0499234405835,29.7138712722314],[-82.0499211202168,29.7138709643054],[-82.0499187974283,29.7138706707716],[-82.0499164741956,29.7138703952769],[-82.0499141455303,29.7138701305085],[-82.0499118178759,29.7138698666615],[-82.0499094926656,29.7138695875201],[-82.0499071720991,29.7138692877113],[-82.0499048550098,29.7138689726275],[-82.0498934728131,29.7138673712429],[-82.0498882082509,29.7138665235084],[-82.0498829821724,29.7138655402384],[-82.0498778054758,29.713864356667],[-82.0498764362405,29.7138640025169],[-82.0498726724516,29.7138630367552],[-82.049870049271,29.7138623062538],[-82.049869430309,29.7138621286057],[-82.0498662700595,29.7138612111643],[-82.0498625149119,29.7138600623841],[-82.0498587938604,29.7138588303236],[-82.0498550938175,29.7138575427103],[-82.0498514079842,29.7138562237808],[-82.0498477188736,29.7138549120086],[-82.0498440242636,29.7138536136686],[-82.0498403242656,29.7138523242511],[-82.0498165992775,29.713844094413],[-82.0498160990725,29.7138439216999],[-82.0498159023768,29.7138438494297],[-82.0498156031115,29.7138437445546],[-82.0498151082504,29.7138435647228],[-82.0498146123338,29.7138433857736],[-82.0498141261162,29.7138431907638],[-82.0498136517307,29.7138429770262],[-82.0498131913548,29.71384274009],[-82.0498127438443,29.7138424844455],[-82.0498121511111,29.7138421232066],[-82.0498114285651,29.7138416602719],[-82.0498107240728,29.7138411778238],[-82.049810045067,29.7138406678806],[-82.0498093830596,29.7138401393066],[-82.0497999687276,29.7138322546631],[-82.0497964744911,29.7138293258962],[-82.0497925719364,29.7138266069385],[-82.049788403766,29.7138243477158],[-82.0497838372052,29.7138227767423],[-82.0497790060175,29.7138216673269],[-82.0497778576115,29.7138214968898],[-82.0497734471925,29.7138206796141],[-82.0497691186305,29.7138196445992],[-82.0497649075877,29.7138182869372],[-82.0497633519214,29.7138176955752],[-82.0497607751689,29.7138167168896],[-82.0497568580609,29.7138147989588],[-82.0497531430663,29.7138126493026],[-82.0497509629726,29.7138110527194],[-82.0497497261755,29.7138101479023],[-82.0497481486902,29.7138088053621],[-82.0497465103872,29.7138074138554],[-82.0497408774896,29.7138020455688],[-82.0497390971051,29.7138002949616],[-82.0497373609166,29.7137985126983],[-82.0497356878999,29.7137966837949],[-82.0497340601124,29.713794823255],[-82.0497324617889,29.713792941611],[-82.049730856144,29.7137910634392],[-82.0497292400333,29.7137891904851],[-82.0497276248005,29.713787323864],[-82.0497267391618,29.7137863056207],[-82.0497246354306,29.713783958799],[-82.0497224789934,29.7137816533995],[-82.0497202416194,29.713779402428],[-82.0497179546614,29.7137771920351],[-82.0497158489912,29.713775217854],[-82.0497123952091,29.7137721156872],[-82.0497088492473,29.7137691047344],[-82.0497051552777,29.7137662272618],[-82.049703763171,29.7137652067345],[-82.0497489260182,29.7134041782479],[-82.0497519568407,29.7133799560524],[-82.0497567134029,29.7133419446953],[-82.0498733568922,29.7124095201649],[-82.0500364031265,29.7112226479627],[-82.0500442322415,29.7111656750723],[-82.0501355749937,29.7103386909249],[-82.0503222752639,29.7086483404187],[-82.050343223139,29.7084586788528],[-82.0503610449542,29.7082973696376],[-82.0504132741427,29.7078245982042],[-82.050443624511,29.7075499125069],[-82.0506178357308,29.7059733097999],[-82.0507011358058,29.7052194349106],[-82.0507295653745,29.704962126999],[-82.05077835562,29.7045205480189],[-82.0508420351825,29.7039442119281],[-82.0508420544187,29.7039440182802],[-82.0509089212747,29.7033364596265],[-82.0509788178834,29.7027013453746],[-82.0510430647003,29.7021175717282],[-82.0511097569795,29.7015115473634],[-82.0512417871133,29.7003118094105],[-82.0513412343836,29.6994081348063],[-82.0516444661897,29.6966525424956],[-82.0516444875113,29.6966523479844],[-82.0522148302293,29.6914821818901],[-82.0524413597634,29.689428549076],[-82.0524413789937,29.6894283554278],[-82.0530371138328,29.6838682680607],[-82.053219396404,29.682166865626],[-82.0532195219645,29.6821657093416],[-82.053219557245,29.6821653671039],[-82.0534017409183,29.6804648334481],[-82.0539975969344,29.6749025936198],[-82.0539976161811,29.6749023990694],[-82.0555150472161,29.6604129460587],[-82.0555150654243,29.6604127514888],[-82.0555158712076,29.6603051522907],[-82.055539460282,29.6571571700449],[-82.0555397303924,29.6571212131372],[-82.0555411842109,29.6569268699655],[-82.0555415246909,29.6568813556196],[-82.0555692304816,29.6531843476939],[-82.055597630753,29.6493944940639],[-82.0555977514116,29.64937817434],[-82.0556114239058,29.6475528524606],[-82.0556251395054,29.645721629948],[-82.0556251435892,29.6457212952469],[-82.0555765461176,29.638474875506],[-82.0555760329148,29.6383981098024],[-82.0555660064041,29.63690067787],[-82.0555654037164,29.6368108938723],[-82.0555590112068,29.6358584747072],[-82.0555520548503,29.6348216386454],[-82.0555514110624,29.6347258711976],[-82.0555273582509,29.6311369894087],[-82.0555271121628,29.6311003469671],[-82.0555266351799,29.631029178415],[-82.0555267874622,29.6309601458191],[-82.0555306757704,29.6293032722597],[-82.0555347782572,29.6275537975238],[-82.0555350765026,29.6274259623334],[-82.0555401049234,29.6252890519617],[-82.0555603579845,29.6166825777423],[-82.0555603589706,29.6166822429833],[-82.0555457612128,29.6067354245547],[-82.0555390714974,29.6021747609334],[-82.0555390704413,29.6021744252338],[-82.0555237689378,29.6001455340732],[-82.0554861159489,29.5951522412681],[-82.0554849872856,29.5950028174048],[-82.0554827924363,29.5947116914823],[-82.0554821106068,29.5946210226399],[-82.0554793449605,29.5942545656457],[-82.0554789809114,29.5942063238235],[-82.0554742611088,29.5935934287186],[-82.055473300853,29.5934658416304],[-82.0554418374953,29.5892927226284],[-82.0554294450953,29.587649077922],[-82.0555131542569,29.5839512034356],[-82.0555622011942,29.5817885552183],[-82.0555626521542,29.581768657513],[-82.0555966079381,29.5802685826507],[-82.0555972248454,29.5802412462582],[-82.0556398280704,29.5783591479907],[-82.0557653503618,29.572813167423],[-82.0557655306723,29.5715840624968],[-82.0557655891304,29.5711740771906],[-82.0557656383807,29.5708326885288],[-82.0557656393656,29.5708323537702],[-82.0557656573901,29.5706796046305],[-82.0557656992187,29.5703325002609],[-82.0557656981622,29.5703321645616],[-82.0557657193841,29.5701851770784],[-82.0557657623443,29.5698745571169],[-82.0557657622975,29.569874222339],[-82.0557657652904,29.5698518789597],[-82.0557658323686,29.5693957947663],[-82.0557658323218,29.5693954599883],[-82.0557658827284,29.5692203896839],[-82.0557659053345,29.5691413565569],[-82.0557659063636,29.5691410199944],[-82.055765940222,29.5688987819175],[-82.0557659718707,29.5686652615394],[-82.0557659728777,29.5686649258788],[-82.0557659843886,29.5685980870921],[-82.0557660758847,29.5680286799947],[-82.05576607586,29.5680283443148],[-82.0557660799222,29.5679903855484],[-82.0557661347913,29.5674784881367],[-82.0557661347666,29.5674781524568],[-82.0557661488482,29.5674129343663],[-82.055766266844,29.5667496052364],[-82.0557662668414,29.5667492686546],[-82.05576627824,29.5666840757815],[-82.0557662834378,29.5666434613808],[-82.0557662904856,29.5665872839443],[-82.0557664011222,29.5657623503416],[-82.0557664195282,29.5656116477939],[-82.0557665067004,29.5650064754754],[-82.0557665277852,29.564860671915],[-82.0557665616578,29.5646296701052],[-82.0557665757416,29.5645720273651],[-82.0557666260793,29.5643647219411],[-82.0557666354798,29.5643239361731],[-82.0557666870938,29.5640869502226],[-82.0557667035558,29.5640029909887],[-82.055766717255,29.5638992798609],[-82.0557668093796,29.5631392818866],[-82.0557668194261,29.5630001150138],[-82.0557668237061,29.5629193039019],[-82.0557668445852,29.5627889542299],[-82.0557671531525,29.5607932002163],[-82.0557671615461,29.5607272881152],[-82.0557672049703,29.5603802867527],[-82.0557672143644,29.5603150072282],[-82.0557672153492,29.5603146724698],[-82.0557672908765,29.5599673721289],[-82.0557672964398,29.5599409257569],[-82.055767296393,29.559940590979],[-82.055767313892,29.5598369773914],[-82.0557673770877,29.5594198122162],[-82.0557673771743,29.5594152634022],[-82.0557674546787,29.5588710465938],[-82.0557674546319,29.5588707118159],[-82.0557675138662,29.5583245464716],[-82.0557675147165,29.5583243434557],[-82.0557627456218,29.5517947159457],[-82.0557598622442,29.5478473173172],[-82.0557569942053,29.54392110342],[-82.0557569663777,29.5438839823823],[-82.0557569683859,29.5438836900543],[-82.0557569323785,29.5438363811824],[-82.0557571981041,29.5437730213164],[-82.055757495148,29.5437010192029],[-82.0557578001049,29.5436274317858],[-82.055778624482,29.5393210802695],[-82.0558269631526,29.5293229712342],[-82.0558094288587,29.5244481545965],[-82.0557988829783,29.5215160061959],[-82.0557988798376,29.5215156713605],[-82.0557753162026,29.514838434588],[-82.0557753127526,29.51483811238],[-82.0557733846125,29.5143288290674],[-82.0557600135024,29.5107995568367],[-82.0557499860391,29.508152887527],[-82.055749696665,29.5080758925882],[-82.055749570607,29.5080428637809],[-82.0557492777912,29.5079650413121],[-82.0557202525146,29.5003100932287],[-82.0557202518127,29.5003097430993],[-82.0557165044548,29.4997054407391],[-82.0556775872924,29.4934253154966],[-82.0556762797307,29.49321441909],[-82.0556305001211,29.4858266022581],[-82.0556304973136,29.4858262538941],[-82.0556408100167,29.4849356755988],[-82.0556445147504,29.4846156245027],[-82.0556476536773,29.4843465615192],[-82.0556476587853,29.4843462268392],[-82.0556725392148,29.4822016929531],[-82.0557155658272,29.4784926768014],[-82.0557179366756,29.478288273482],[-82.0557191064559,29.4781866679899],[-82.0557378940727,29.4765676174956],[-82.0557617649083,29.47451046468],[-82.05576344754,29.4743653678531],[-82.0557652737944,29.4742080124519],[-82.0557652778707,29.4742076777528],[-82.0558025828185,29.470990772701],[-82.0558025879474,29.4709904371194],[-82.0558103595329,29.4689947639419],[-82.0558517597506,29.4583642539681],[-82.0558522480885,29.4582432693834],[-82.0558525569485,29.4581662687398],[-82.0558531130305,29.4580232850063],[-82.0558537326255,29.4578636936412],[-82.0558578441846,29.4568052555838],[-82.0558578441375,29.4568049208076],[-82.0558593890823,29.4543825703166],[-82.0558662429423,29.4436106606356],[-82.0558063908641,29.4427895444894],[-82.0558522965078,29.4427283499036],[-82.0558919786194,29.4426639082292],[-82.0559251449092,29.4425967048694],[-82.0559515439761,29.4425272395298],[-82.0559944790801,29.4424068359568],[-82.0560441658348,29.4422884395836],[-82.0561004786279,29.442172337703],[-82.056163280603,29.442058813786],[-82.0562324205239,29.4419481492287],[-82.0563077269019,29.4418406106086],[-82.0563414796662,29.4417988989527],[-82.0563790819414,29.4417597915332],[-82.0564202724285,29.4417235604683],[-82.0564554882552,29.4416904666854],[-82.0564846878968,29.4416531551909],[-82.0565072190739,29.4416124565532],[-82.0565225822855,29.441569277298],[-82.0565304344299,29.4415245783184],[-82.0565306017213,29.4414793525585],[-82.0565230790334,29.4414346096608],[-82.0565132283385,29.4414059581515],[-82.0564988126968,29.4413788271919],[-82.0564801225703,29.4413537744734],[-82.056449052839,29.4413130844241],[-82.0564238460332,29.4412693984535],[-82.0564048760765,29.4412233597434],[-82.0563924201115,29.4411756484605],[-82.056386664005,29.4411269674219],[-82.0563876932524,29.4410780347052],[-82.0563954902176,29.4410295700612],[-82.0564099414357,29.440982291442],[-82.0564308329472,29.4409368950608],[-82.0564578576443,29.4408940501167],[-82.0565248308945,29.4408106501394],[-82.0565854807288,29.4407236213216],[-82.0566395548347,29.4406333325144],[-82.0566868263762,29.4405401647773],[-82.0567270919765,29.4404445095348],[-82.0567601840611,29.4403467697106],[-82.0567859647852,29.4402473551016],[-82.0568043228313,29.4401466868293],[-82.0568151849644,29.4400451885332],[-82.0568184984806,29.4399426137848],[-82.0568215129955,29.4399106907679],[-82.0568305109547,29.4398796442956],[-82.0568452437411,29.4398503233336],[-82.0568653049828,29.4398235359883],[-82.0568901478135,29.4398000182486],[-82.0569190863667,29.4397804150646],[-82.0569565115317,29.4397625646365],[-82.0569966118851,29.4397499330868],[-82.0570384482343,29.4397428177183],[-82.0570810361828,29.4397413832427],[-82.057123373862,29.4397456659107],[-82.0571533875352,29.4397528034661],[-82.0571818842267,29.4397637114875],[-82.0572082491077,29.4397781546588],[-82.0572319125243,29.4397958209092],[-82.0572681619564,29.4398231754221],[-82.0573083220074,29.4398459633476],[-82.0573516474061,29.4398637610335],[-82.0573973370013,29.4398762376258],[-82.0574445376859,29.4398831632632],[-82.0574893197423,29.439887948248],[-82.0575999318653,29.4398988071381],[-82.0577111267868,29.4399031663509],[-82.0578224038589,29.4399010101808],[-82.0579332681088,29.4398923437842],[-82.0580432215759,29.4398772101625],[-82.0581517729394,29.4398556759044],[-82.0582584384168,29.4398278366172],[-82.0583627376426,29.4397938168489],[-82.0584642050033,29.439753770301],[-82.0585623856704,29.4397078734375],[-82.0586888233168,29.4396485539388],[-82.0588189094643,29.4395956246272],[-82.0589522255168,29.4395492572147],[-82.0590883379326,29.4395096023802],[-82.059226805503,29.4394767871994],[-82.0593671823548,29.43945091881],[-82.0595090118558,29.439432080689],[-82.059651835844,29.4394203346299],[-82.0598302740683,29.439407937368],[-82.0600091082402,29.4394012258161],[-82.0601881021401,29.4394002072774],[-82.0603670196368,29.4394048854485],[-82.0605456269243,29.4394152532425],[-82.0607236821298,29.4394312962041],[-82.0609009569295,29.4394529938163],[-82.0610772118629,29.4394803172339],[-82.0611758715911,29.4394946019962],[-82.0612753256632,29.4395037608286],[-82.0613752212068,29.4395077636609],[-82.0614752132398,29.4395065950091],[-82.061574953204,29.4395002591756],[-82.0616740910478,29.4394887793852],[-82.0617871919338,29.4394593775326],[-82.0619023613099,29.4394369543355],[-82.0620190378749,29.4394216156845],[-82.062136650686,29.4394134402211],[-82.062254629859,29.4394124632953],[-82.0623306351229,29.4394114270212],[-82.0624064156125,29.4394166380252],[-82.0624813033996,29.4394280513217],[-82.0625546349912,29.4394455669653],[-82.0626257678801,29.4394690276545],[-82.0626940710297,29.4394982284785],[-82.0628086991619,29.4395346361502],[-82.0629255948955,29.4395650250211],[-82.0630443432961,29.4395892889643],[-82.0631645278909,29.4396073425799],[-82.063285726525,29.4396191220195],[-82.0634075082485,29.4396245858307],[-82.0634934774681,29.4396213819455],[-82.0635794378956,29.4396247442899],[-82.0636647376282,29.4396346471333],[-82.0637487280343,29.4396510151777],[-82.0638307709444,29.4396737245959],[-82.0639102407326,29.4397026021668],[-82.0639865366154,29.4397374282131],[-82.0640682225841,29.4397693167951],[-82.0641528786193,29.4397945735093],[-82.0642398098115,29.4398129904444],[-82.0642859996554,29.4398191529516],[-82.0643365857755,29.4398275299305],[-82.0643851274793,29.4398425451931],[-82.0644304920993,29.439863850004],[-82.0644716257958,29.4398909491164],[-82.0645075718836,29.4399232101388],[-82.064537492052,29.4399598810757],[-82.064560691641,29.4400001106516],[-82.0645766255161,29.4400429610535],[-82.0645849283205,29.4400874355667],[-82.0645941650925,29.4401508337224],[-82.064609335489,29.4402133520478],[-82.064630336521,29.4402745645069],[-82.0646824762827,29.4404160454564],[-82.0647278016791,29.4405593137638],[-82.0647662322031,29.4407041188812],[-82.0647977019261,29.4408502042155],[-82.0648221551563,29.4409973160711],[-82.0648395487205,29.441145194669],[-82.0648498538481,29.4412935814006],[-82.0648530510863,29.4414422160257],[-82.064849133391,29.4415908367302],[-82.064845765348,29.4416376872839],[-82.0648424892839,29.4417159145024],[-82.0648472763332,29.4417940822343],[-82.0648600842846,29.441871555332],[-82.0648808130675,29.4419477038816],[-82.0649092901713,29.4420219092461],[-82.0649452891046,29.4420935680206],[-82.0649885106922,29.4421620979989],[-82.0650386097346,29.4422269440869],[-82.0650951775337,29.4422875761708],[-82.0651577518666,29.44234350284],[-82.0652258263257,29.4423942688544],[-82.0652988470076,29.4424394641065],[-82.0653521332296,29.4424657226135],[-82.06540851539,29.442486442555],[-82.0654672466107,29.4425013482825],[-82.0655275471179,29.4425102447457],[-82.0655886147454,29.4425130095682],[-82.0656496410038,29.4425096104926],[-82.0657098155993,29.4425000892225],[-82.0657705814948,29.4424909236767],[-82.0658321937017,29.4424888177165],[-82.0658935905673,29.4424938065422],[-82.0659537071603,29.4425058061841],[-82.0660115063809,29.4425246059622],[-82.0660659847908,29.4425498830327],[-82.0661162046655,29.4425811984752],[-82.0661612946506,29.4426180126443],[-82.0662004734171,29.4426596874161],[-82.0662330667613,29.442705503652],[-82.0662585095556,29.4427546657465],[-82.0662763595814,29.4428063262488],[-82.0663046902827,29.4429149904538],[-82.0663397642028,29.4430221356604],[-82.0663814788691,29.4431274414158],[-82.0664297069008,29.4432305940203],[-82.0664843063346,29.4433312858169],[-82.0665451124253,29.4434292132347],[-82.0666119436082,29.4435240859229],[-82.0666845996578,29.4436156176933],[-82.0667440486018,29.4436914263589],[-82.0667851822309,29.4437422503667],[-82.0668316839176,29.4437893964806],[-82.0668831239971,29.4438324325604],[-82.0669390306377,29.4438709644794],[-82.066998891792,29.4439046406734],[-82.0670621593848,29.4439331495117],[-82.0671282511103,29.4439562301593],[-82.0671965627977,29.4439736728081],[-82.0672664685001,29.4439853150694],[-82.067337323322,29.4439910528552],[-82.0674072374755,29.4439952453432],[-82.0674768397032,29.4440023799663],[-82.0676538813882,29.4440214641728],[-82.0678315973711,29.4440349228067],[-82.0680097529416,29.4440427406547],[-82.0681881153621,29.4440449061511],[-82.0684079762648,29.4440402781213],[-82.0686275963007,29.4440301336321],[-82.0688467917044,29.4440144818882],[-82.0689487272023,29.4440030730756],[-82.0690496409429,29.4439860820865],[-82.069149136531,29.4439635719091],[-82.0693136502955,29.4439180459418],[-82.0694757336621,29.4438662707158],[-82.0696971546726,29.4437926583419],[-82.0699209483856,29.4437247665907],[-82.0701469236939,29.4436626550488],[-82.0703748814678,29.4436063741308],[-82.0704520816087,29.4435909366041],[-82.070530341979,29.4435803491207],[-82.0706092643725,29.4435746656107],[-82.0706955973684,29.443567697264],[-82.0707808503409,29.4435538950266],[-82.0708643164657,29.4435333693407],[-82.0709453090885,29.4435062914841],[-82.0710231557183,29.4434728862394],[-82.0710972135291,29.4434334303781],[-82.0711668705225,29.4433882472677],[-82.0712315494958,29.4433377132621],[-82.0712907176459,29.4432822443454],[-82.0713438833682,29.4432223005826],[-82.0713906077671,29.4431583791162],[-82.0714305038668,29.4430910042249],[-82.0714632446572,29.4430207355939],[-82.0714885561874,29.442948155554],[-82.0714927608787,29.442885439924],[-82.0715018722295,29.4428231252938],[-82.0715158491138,29.442761503259],[-82.0715299148582,29.4426955939836],[-82.0715370601037,29.4426288364892],[-82.071537226989,29.4425617873536],[-82.0715304123107,29.4424950023681],[-82.0715166715564,29.4424290402216],[-82.071496120286,29.4423644480895],[-82.0714689309956,29.4423017633792],[-82.0714353301357,29.4422415091636],[-82.0714103338164,29.4422066461575],[-82.0713806966979,29.4421746924282],[-82.0713468558047,29.442146117226],[-82.0713093060852,29.4421213394466],[-82.0712724800577,29.4420959272604],[-82.0712409081737,29.442065576096],[-82.0712154498789,29.4420311041792],[-82.0711967907089,29.4419934437987],[-82.0711854356477,29.4419536177203],[-82.0711816956021,29.4419127019382],[-82.0711856653044,29.441871801801],[-82.071197243594,29.4418320235142],[-82.0712161134914,29.4417944457964],[-82.0712233208823,29.441749748467],[-82.0712227350617,29.4417046107337],[-82.071214365872,29.4416600686841],[-82.0711984080634,29.4416171429032],[-82.0711752262537,29.4415768210486],[-82.071145353657,29.441540025342],[-82.0711094738201,29.4415076004984],[-82.0710684118972,29.4414802910055],[-82.0710231072456,29.4414587234678],[-82.0709232906437,29.4414275893969],[-82.0708748804203,29.4414058754534],[-82.0708302558301,29.441378650128],[-82.0707902306144,29.4413464068509],[-82.0707555357221,29.4413097367683],[-82.0707268033285,29.4412693076887],[-82.0707045618364,29.4412258576734],[-82.0706832485806,29.4411652838187],[-82.0706696471181,29.4411030310507],[-82.0706639237218,29.441039848722],[-82.0706661443608,29.4409764987503],[-82.070676281213,29.4409137422047],[-82.0706942168539,29.440852336677],[-82.0707197291743,29.4407930206598],[-82.0707525172515,29.4407365095183],[-82.0707921799527,29.4406834851647],[-82.0708223689834,29.4406365058398],[-82.07084575217,29.4405866419681],[-82.0708619782507,29.4405346449803],[-82.0708708013308,29.4404812998539],[-82.0708720884465,29.440427410816],[-82.0708658208792,29.4403737896377],[-82.0708520923577,29.4403212447718],[-82.0708311114258,29.4402705687644],[-82.0708031935045,29.4402225254739],[-82.0707687601037,29.4401778401306],[-82.0706695123977,29.4400789332991],[-82.0706164373759,29.4400166011236],[-82.0705694747751,29.4399506174169],[-82.0705289484492,29.4398814412099],[-82.0704951404838,29.4398095533122],[-82.070468285102,29.4397354525899],[-82.0704485687737,29.4396596514547],[-82.0704234317895,29.439560068672],[-82.0703903432071,29.4394622839241],[-82.0703494664688,29.4393667830141],[-82.0702956369098,29.439245707705],[-82.0702481075459,29.4391226266705],[-82.0702069783609,29.4389977935403],[-82.0701723328946,29.4388714598324],[-82.0701529168084,29.4387851229321],[-82.0701371887481,29.4386982123615],[-82.0701251704689,29.4386108503461],[-82.0700900423704,29.4382759136571],[-82.0700623197431,29.4379404464908],[-82.0700420118685,29.4376045726491],[-82.070029129014,29.437268417756],[-82.0700256495993,29.437205141921],[-82.0700232456429,29.4371337270534],[-82.070027843316,29.437062394101],[-82.0700394071085,29.4369916693764],[-82.0700578521622,29.4369220737586],[-82.0700830423644,29.4368541163408],[-82.0701147933292,29.4367882989983],[-82.0701528726845,29.4367251046627],[-82.0701969979447,29.4366649999901],[-82.0702587876223,29.4365703551469],[-82.0703136804327,29.4364725081816],[-82.0703614639853,29.4363718422509],[-82.0704019461704,29.436268754424],[-82.0704349728734,29.4361636478925],[-82.070460409273,29.4360569379369],[-82.0704781597041,29.4359490405672],[-82.0704881509078,29.4358403830383],[-82.0704903478156,29.4357313906092],[-82.0704847369311,29.4356224916466],[-82.0704713438904,29.4355141161487],[-82.0704502203077,29.435406685573],[-82.0704214475669,29.4353006264432],[-82.0703851403521,29.4351963523672],[-82.0703588196082,29.4351195689674],[-82.0703388128924,29.4350413404819],[-82.0703252229037,29.4349620631594],[-82.0703181212535,29.4348821398862],[-82.0703100660689,29.4347980263313],[-82.0702940428942,29.4347147891919],[-82.0702701623238,29.4346330098402],[-82.0702385941639,29.4345532509002],[-82.0701995526561,29.4344760704093],[-82.070153309368,29.4344020004032],[-82.0701001889172,29.4343315531522],[-82.0700510834386,29.4342436714898],[-82.0700083312719,29.4341532816009],[-82.0699721001377,29.4340607340284],[-82.0699425296717,29.4339663896189],[-82.0699197356556,29.4338706150894],[-82.069917477579,29.4338506164606],[-82.0699186960934,29.4338305482549],[-82.0699233583138,29.4338108718646],[-82.0699313605027,29.4337920374335],[-82.0699425180086,29.4337744737438],[-82.0699565746046,29.4337585856828],[-82.0699732090667,29.4337447381237],[-82.0700062543508,29.4337247449416],[-82.0700425090166,29.4337096013385],[-82.0700810483432,29.4336996916056],[-82.0701208992781,29.4336952682915],[-82.0701610458744,29.4336964405734],[-82.0702004703276,29.4337031822417],[-82.0702381697026,29.4337153220863],[-82.0702731888159,29.4337325481195],[-82.0703046362595,29.433754426824],[-82.0703317143684,29.4337804001024],[-82.0703631401721,29.4338125255359],[-82.0704259240125,29.4338751589964],[-82.0704833881694,29.433941590455],[-82.0705352328191,29.4340114750398],[-82.0705811874023,29.43408445128],[-82.0706210118085,29.4341601348113],[-82.0706545010666,29.4342381374125],[-82.0706814806546,29.4343180479687],[-82.0706976498954,29.4343621824053],[-82.0707196543683,29.4344043385423],[-82.0707471836343,29.4344439303713],[-82.0707798532626,29.4344804047928],[-82.0708235269211,29.4345186608807],[-82.0708721924733,29.4345519803377],[-82.0709251300414,29.4345798696778],[-82.0709815519569,29.4346019099492],[-82.0710406187641,29.4346177768847],[-82.0711014497214,29.4346272329774],[-82.0711631462158,29.4346301396472],[-82.0712247877731,29.4346264517534],[-82.0712854576428,29.43461622529],[-82.0713577649878,29.4346033111453],[-82.0714311849514,29.4345967775089],[-82.0715049830297,29.4345966900891],[-82.0717790197488,29.4346051901592],[-82.0720532169023,29.4346073517935],[-82.0723273827031,29.4346031750264],[-82.0726013283893,29.434592662657],[-82.0728748609463,29.4345758228209],[-82.073147790385,29.434552666419],[-82.0734199276594,29.4345232079807],[-82.0734960543543,29.4345173101498],[-82.0735724756636,29.4345178217761],[-82.0736484897511,29.4345247370016],[-82.0737233992972,29.4345379914008],[-82.073796514501,29.4345574656463],[-82.0738867147502,29.4345892323872],[-82.0739738015359,29.4346270797838],[-82.0740572361895,29.4346707776332],[-82.0741365099202,29.4347200538793],[-82.0742111341466,29.4347746106754],[-82.0742806552289,29.4348341120249],[-82.0743424801832,29.4348965407008],[-82.0743979112268,29.4349634116591],[-82.074446534805,29.4350342236175],[-82.0744879874531,29.4351084500579],[-82.0745219590186,29.4351855338724],[-82.0745658406668,29.4352898629617],[-82.0746162901095,29.4353918915308],[-82.0746731490584,29.435491304409],[-82.0747362436797,29.4355877897449],[-82.0748053770744,29.4356810514995],[-82.0748803336624,29.4357707986998],[-82.0749608830851,29.4358567545347],[-82.0750467761926,29.4359386517692],[-82.0751090380536,29.4359909114438],[-82.0751754131916,29.436039134742],[-82.0752455643626,29.4360830735473],[-82.075319130052,29.4361225027532],[-82.0753721958805,29.4361524942222],[-82.075420798721,29.4361878094884],[-82.0754642488543,29.4362279430305],[-82.0755019220627,29.4362723237727],[-82.0755332853022,29.436320319172],[-82.0755578892485,29.4363712450046],[-82.0755753835567,29.4364243737712],[-82.0755855195795,29.4364789500868],[-82.0755881502594,29.4365341951907],[-82.0755832411563,29.4365893197846],[-82.0755708618111,29.4366435401139],[-82.0755283662478,29.4367871131095],[-82.0754928092998,29.4369321254893],[-82.0754642570474,29.4370783195127],[-82.0754427570915,29.4372254343874],[-82.0754283507852,29.4373732119102],[-82.0754210599931,29.4375213899048],[-82.0754209014716,29.4376697042939],[-82.0754193271695,29.4378112472249],[-82.0754179850747,29.4379240986968],[-82.0754241547858,29.4380368265308],[-82.0754378199043,29.438149046017],[-82.0754589329215,29.438260379986],[-82.0754874196036,29.4383704480628],[-82.0755231849759,29.4384788748991],[-82.0755661091131,29.4385852937047],[-82.075616042075,29.4386893425435],[-82.0756728172134,29.4387906681914],[-82.0757362418982,29.4388889259632],[-82.0758060985259,29.4389837806342],[-82.0758821516003,29.4390749119862],[-82.0759641416597,29.4391620101829],[-82.0761133213098,29.4392940048475],[-82.0762678538815,29.4394211946575],[-82.0764275340766,29.4395434160567],[-82.076592155563,29.4396605054698],[-82.0767615034329,29.439772312698],[-82.0769353564833,29.4398786919376],[-82.0771134861851,29.4399795017615],[-82.0772956616387,29.4400746133321],[-82.0774816436099,29.4401639012671],[-82.0776711905821,29.4402472491665],[-82.0777650099311,29.4402899492891],[-82.0778555143432,29.4403378177381],[-82.0779423333298,29.440390659038],[-82.0780093533885,29.4404298160371],[-82.0780805842388,29.4404627898685],[-82.0781552837142,29.4404892373648],[-82.0782326729906,29.4405088814529],[-82.0783119487333,29.4405215204031],[-82.0783922822424,29.4405270205952],[-82.0784728378479,29.4405253231765],[-82.0785527758707,29.4405164495317],[-82.0786312642427,29.4405004897679],[-82.0787074876064,29.4404776101024],[-82.0787806484112,29.4404480501763],[-82.0788021853832,29.4404368896031],[-82.078849985638,29.4404121161831],[-82.0789311401516,29.4403690323078],[-82.0790160043957,29.4403318267012],[-82.079104024092,29.4403007408093],[-82.0791946262623,29.4402759796379],[-82.0792872163339,29.440257703577],[-82.0794098848752,29.4402406443134],[-82.0795333412898,29.4402287141216],[-82.0796573065737,29.4402219412007],[-82.0797814990257,29.4402203374591],[-82.079905639093,29.4402239112361],[-82.080029444591,29.440232651874],[-82.0801122780055,29.4402421407469],[-82.0801944383904,29.4402553654407],[-82.0802757112059,29.4402722885836],[-82.0803623117084,29.4402887421743],[-82.0804502691276,29.4402982132344],[-82.0805388441035,29.4403006248611],[-82.0806273021021,29.4402959561895],[-82.0807149050852,29.4402842458468],[-82.0808009238985,29.4402655912801],[-82.0808846403325,29.4402401487951],[-82.0809653565287,29.4402081283157],[-82.0810423999792,29.4401697997936],[-82.0811151300595,29.4401254788917],[-82.0811643069481,29.440094066321],[-82.0812151083417,29.4400647006641],[-82.0812975538062,29.4400164886797],[-82.081376698969,29.4399642089032],[-82.0814522778588,29.4399080314584],[-82.0815240425725,29.4398481466566],[-82.0815917574868,29.4397847486462],[-82.0816549472722,29.4397175010531],[-82.0817126510937,29.4396465764392],[-82.0817645926119,29.4395723179889],[-82.0818105229832,29.4394950829328],[-82.081850217747,29.4394152433906],[-82.0818834861204,29.4393331856425],[-82.0819101670518,29.4392493028362],[-82.081938892562,29.4391590648112],[-82.0819747461085,29.4390707999269],[-82.082017551201,29.4389849416402],[-82.0820670966668,29.4389019083254],[-82.0821231448299,29.4388221061333],[-82.0821854203507,29.4387459215654],[-82.0822536172868,29.4386737279219],[-82.0823274064807,29.4386058782195],[-82.0824064273598,29.4385427032355],[-82.0824902910721,29.4384845097613],[-82.0825785917548,29.4384315835186],[-82.0826496402329,29.4383889793485],[-82.0827170972032,29.4383421161441],[-82.0827748559322,29.4383029901506],[-82.0828365858592,29.4382688285949],[-82.0829017352911,29.4382399370556],[-82.0829697175661,29.4382165753454],[-82.0830399193833,29.4381989540568],[-82.0831117153376,29.4381872303196],[-82.083184454458,29.4381815102589],[-82.083261116191,29.4381751013631],[-82.0833365718982,29.4381616226626],[-82.0834099745909,29.4381412280857],[-82.0834804971733,29.4381141441199],[-82.083596998649,29.4380599249394],[-82.0837106373858,29.4380012319143],[-82.0837763352351,29.4379687461218],[-82.0838448521511,29.4379410833399],[-82.083915730115,29.4379184272681],[-82.0839884901266,29.4379009341469],[-82.0840626448744,29.4378887203599],[-82.0841515121818,29.4378738603394],[-82.0842385542387,29.4378522546976],[-82.0843231031084,29.4378240706176],[-82.0844045134856,29.4377895199187],[-82.0844821603743,29.437748869842],[-82.08455544858,29.4377024342025],[-82.0846238150111,29.4376505635057],[-82.0846867386337,29.4375936595693],[-82.0847437367867,29.4375321574078],[-82.0847943723947,29.4374665253656],[-82.084838256928,29.4373972705862],[-82.084875456158,29.4373515334687],[-82.0849182063114,29.4373096801395],[-82.0849659877299,29.437272226126],[-82.0850182069363,29.4372396278363],[-82.0850742284686,29.4372122876616],[-82.0851333607585,29.4371905410816],[-82.0851948777922,29.437174656164],[-82.0852580265184,29.4371648255813],[-82.085322029808,29.4371611720795],[-82.0853861010972,29.4371637397265],[-82.085449455634,29.4371724977301],[-82.0855113125814,29.4371873386723],[-82.0855709166771,29.4372080780082],[-82.0856148483469,29.4372228690122],[-82.0856606355459,29.4372324201471],[-82.0857074659736,29.4372365602452],[-82.0857545115326,29.4372352171061],[-82.0858009346001,29.4372284140032],[-82.0858814593332,29.4372084424448],[-82.0859596876774,29.4371824041621],[-82.0860350302837,29.4371504993863],[-82.0861069071058,29.43711297003],[-82.0861747782681,29.4370701020644],[-82.0862381236113,29.4370222188235],[-82.0862964621175,29.4369696876799],[-82.0863493480717,29.4369129082432],[-82.0863963835141,29.4368523089812],[-82.0864372067313,29.4367883542247],[-82.0864715091346,29.4367215282381],[-82.0864990299772,29.4366523405353],[-82.086519559641,29.436581317819],[-82.0865331755738,29.4365455789078],[-82.0865532378503,29.4365122496304],[-82.0865792168689,29.4364822144011],[-82.086610424342,29.4364562698717],[-82.086646028179,29.4364351062587],[-82.086685086091,29.4364192817979],[-82.0867265601037,29.4364092194048],[-82.086769350052,29.4364051856384],[-82.0868169146292,29.4364022699164],[-82.0869156861581,29.4363889613395],[-82.0870129854243,29.4363690102617],[-82.0871082353026,29.4363425377376],[-82.0872008608886,29.436309700958],[-82.0872903121453,29.4362706945729],[-82.0873760514087,29.4362257558732],[-82.087457567088,29.4361751524113],[-82.0875343725919,29.4361191837862],[-82.0876060061766,29.4360581879564],[-82.087672040524,29.4359925287843],[-82.0877320806159,29.4359225987039],[-82.0877857689294,29.4358488170115],[-82.0878327814679,29.4357716234757],[-82.0878728400814,29.4356914803706],[-82.0879076928431,29.4355924051272],[-82.0879356358457,29.4354916669957],[-82.0879565675023,29.4353896313562],[-82.0879704086119,29.4352866757328],[-82.0879771098989,29.4351831763981],[-82.0879766457431,29.4350795118663],[-82.0879690204052,29.4349760612038],[-82.0879542587966,29.4348732020538],[-82.0879433363636,29.4348253005003],[-82.0879278848368,29.4347783653976],[-82.0879080097356,29.4347327226428],[-82.0878817709853,29.4346731930208],[-82.0878607324001,29.4346121011882],[-82.087845013386,29.4345497949607],[-82.0878347032719,29.4344866297168],[-82.0878298624701,29.4344229630065],[-82.0878321852406,29.4343756135774],[-82.0878422162669,29.4343290412782],[-82.0878597448594,29.4342842005034],[-82.0878844126778,29.4342420131334],[-82.0879157122597,29.4342033441445],[-82.0879585691948,29.434153935554],[-82.0879969312804,29.4341017727368],[-82.088030567259,29.4340471690417],[-82.0880592775107,29.4339904510362],[-82.0880828899313,29.4339319584298],[-82.0881263484047,29.4338399103429],[-82.0881761815149,29.4337503724382],[-82.0882322017927,29.4336636796187],[-82.0882941960993,29.4335801627022],[-82.0883619320927,29.4335001368105],[-82.088393140576,29.4334635991905],[-82.0884221127008,29.433425674743],[-82.0884578606015,29.433381682017],[-82.0884989263766,29.4333414025794],[-82.0885448105502,29.4333053288842],[-82.0885949541883,29.4332738972409],[-82.0886487470756,29.4332474906734],[-82.0887055340941,29.4332264309172],[-82.0887646266869,29.4332109732177],[-82.0888253028365,29.4332013072327],[-82.0888552252748,29.4331958858707],[-82.0888837945639,29.4331863987155],[-82.0889102947539,29.4331730824644],[-82.0889340611204,29.4331562722174],[-82.0889545000684,29.4331363883104],[-82.0889710975063,29.433113931056],[-82.0889834358319,29.4330894603038],[-82.0889912074146,29.4330635920802],[-82.0889942193263,29.43303697341],[-82.0889922381653,29.432991788443],[-82.0889843177156,29.4329471062136],[-82.0889705632539,29.4329035188081],[-82.0889477930521,29.4328498756044],[-82.0889176264831,29.4327991057036],[-82.0888805282856,29.4327519838018],[-82.0888370653892,29.432709235955],[-82.0887879023718,29.4326715142295],[-82.0887337942262,29.4326393974705],[-82.0886755691923,29.4326133765478],[-82.0886141185415,29.4325938505566],[-82.0885503833792,29.4325811184532],[-82.0884853382251,29.4325753760439],[-82.0884199829462,29.4325767086169],[-82.0883729327511,29.4325781662876],[-82.0883259508216,29.4325755195027],[-82.0882795024644,29.4325687940243],[-82.0882340489355,29.4325580552433],[-82.0881155990588,29.4325273986256],[-82.0880549546251,29.4325146549415],[-82.0879954957667,29.4325021614829],[-82.087874057008,29.4324824092553],[-82.08775161123,29.4324681994575],[-82.0876284884764,29.4324595661739],[-82.0875050210256,29.4324565363125],[-82.0873815395965,29.4324591159999],[-82.087331192676,29.4324587932358],[-82.0872812145444,29.4324534493772],[-82.0872322591105,29.4324431542902],[-82.0871849642657,29.4324280434169],[-82.0871399448677,29.4324083095242],[-82.0870868514958,29.4323849402287],[-82.0870311348261,29.4323668543045],[-82.0869734729072,29.4323542736581],[-82.0869145742708,29.4323473530855],[-82.0868593844071,29.4323467012749],[-82.0868045594152,29.4323522743132],[-82.0867510075497,29.4323639816524],[-82.0866996262454,29.4323816260673],[-82.0866517190607,29.4323988304295],[-82.0866021165977,29.4324118408048],[-82.0865512949948,29.4324205333695],[-82.0864997460045,29.4324248206839],[-82.0864513540942,29.4324199128644],[-82.0864284561407,29.4324124420121],[-82.0864072221001,29.4324018518816],[-82.0863882029091,29.4323884206835],[-82.0863718891382,29.4323724931863],[-82.0863587016526,29.4323544832499],[-82.0863458123263,29.4323288341075],[-82.0863374470302,29.4323017853464],[-82.0863358699161,29.4322883173788],[-82.0863369881819,29.4322748136451],[-82.0863407671507,29.4322616849751],[-82.0863470909889,29.4322493307687],[-82.0863557702678,29.4322381246979],[-82.0863665400991,29.4322284065515],[-82.0863790726958,29.4322204743465],[-82.0864125840743,29.4321996311853],[-82.0864419392446,29.432174441054],[-82.0864664108635,29.4321455266339],[-82.0864853898931,29.4321136057411],[-82.0864984046485,29.4320794709251],[-82.086505135658,29.4320439716971],[-82.086519197749,29.4319756517157],[-82.0865412296238,29.4319089647092],[-82.0865709965692,29.4318446218894],[-82.0866081810499,29.4317833067639],[-82.0866523858438,29.4317256733894],[-82.0867031425689,29.4316723347999],[-82.0867599096443,29.4316238620664],[-82.0868220819568,29.4315807682346],[-82.0868724052882,29.4315521234491],[-82.0869181137298,29.4315180647396],[-82.086958456656,29.4314791548052],[-82.0869927649605,29.4314360381653],[-82.087020472099,29.4313894235019],[-82.0870411182324,29.4313400828334],[-82.0870543681994,29.4312888328982],[-82.0870599964534,29.4312365186327],[-82.0870579141124,29.4311840028445],[-82.0870487519622,29.4311387488468],[-82.0870318207761,29.4310952422244],[-82.0870075185499,29.431054501886],[-82.0869764140164,29.4310174768122],[-82.0869392295005,29.4309850303984],[-82.0868968352598,29.4309579186948],[-82.0868455250539,29.4309335644772],[-82.0867913565577,29.4309145361942],[-82.0867350483031,29.4309010862812],[-82.0866773463884,29.4308933927905],[-82.0866190162803,29.4308915574345],[-82.0865608324896,29.4308956062973],[-82.0865035673688,29.4309054842122],[-82.0864729542293,29.4309101640232],[-82.0864418800845,29.4309105491087],[-82.0864111253964,29.4309066331793],[-82.0863814650272,29.4308985136132],[-82.0863536444759,29.4308863937226],[-82.086328357298,29.4308705787256],[-82.0862970813966,29.4308440609096],[-82.0862703154708,29.4308139947104],[-82.08624858343,29.4307809655426],[-82.0862323058051,29.4307456137526],[-82.0862217969416,29.4307086228359],[-82.0862188228584,29.4306805496652],[-82.0862210946795,29.4306524239399],[-82.0862285540455,29.4306249962379],[-82.0862410009364,29.4305989928538],[-82.0863124787058,29.4304716449546],[-82.0863775838018,29.4303417055589],[-82.0864361938629,29.4302094187503],[-82.0864882008455,29.4300750333887],[-82.0865093720071,29.4300269134969],[-82.0865372460563,29.4299814886309],[-82.0865713893544,29.4299394699246],[-82.0866112643294,29.4299015187607],[-82.0866933061343,29.4298369752719],[-82.0867799580788,29.4297772229337],[-82.0868708512157,29.4297225147775],[-82.0869656047823,29.4296730810572],[-82.0870638200183,29.4296291291353],[-82.087165083235,29.4295908444421],[-82.0872689700446,29.4295583860421],[-82.0873750400786,29.4295318919515],[-82.0874828504678,29.4295114757771],[-82.0875303494023,29.4295057658611],[-82.08757823746,29.4295037438311],[-82.0876261421153,29.4295054271489],[-82.0876860568763,29.4295065749557],[-82.0877456677516,29.4295011903926],[-82.0878040533378,29.4294893538466],[-82.0878602999848,29.429471251425],[-82.0879135401797,29.4294471648382],[-82.0879629423321,29.4294174676008],[-82.0880077408055,29.4293826192709],[-82.0880472390527,29.4293431637032],[-82.0880808234021,29.4292997130617],[-82.0881079714308,29.4292529425603],[-82.0881282625729,29.4292035780256],[-82.0881562067743,29.4291304726792],[-82.0881828301662,29.4290589174697],[-82.0882015141374,29.4289854601379],[-82.0882120887971,29.4289107761091],[-82.0882144541862,29.4288355475165],[-82.0882085904701,29.4287604679016],[-82.0881945501967,29.4286862213166],[-82.08817246426,29.4286134914586],[-82.0881425351006,29.428542944399],[-82.0881050346665,29.4284752276435],[-82.0880603077652,29.4284109593666],[-82.088008765859,29.4283507291989],[-82.0879508789753,29.4282950917612],[-82.0879124539645,29.428264656543],[-82.0878708273206,29.4282376378681],[-82.0878263958713,29.4282142921334],[-82.087696053374,29.428149216509],[-82.0875698231576,29.4280781964413],[-82.0874480611731,29.4280014316399],[-82.0873311086387,29.4279191341755],[-82.0872192918214,29.427831537499],[-82.087112923285,29.4277388874409],[-82.0870123008823,29.4276414412901],[-82.0869177076453,29.4275394723034],[-82.0868294077518,29.4274332660214],[-82.0867476475555,29.427323120287],[-82.0867103601819,29.427275550266],[-82.0866676698126,29.4272315968898],[-82.0866457964867,29.427207974895],[-82.0866282017587,29.4271817549132],[-82.086615284725,29.4271535254575],[-82.0866073361311,29.4271239226622],[-82.0866045502909,29.4270903242846],[-82.0866076749485,29.4270637934856],[-82.0866160043277,29.427038137877],[-82.0866292856834,29.4270141333082],[-82.0866471180142,29.4269925059583],[-82.0866689597766,29.4269739117252],[-82.0866941521843,29.4269589104888],[-82.0867219307591,29.4269479573028],[-82.0867514577496,29.4269413831433],[-82.086836425203,29.4269323903041],[-82.0869219504246,29.4269296150258],[-82.0870074454267,29.4269330770916],[-82.0870923129221,29.4269427546053],[-82.0871380334722,29.4269473266896],[-82.0871840502702,29.4269472769854],[-82.087229758162,29.42694260962],[-82.0872745537761,29.4269333828956],[-82.0873178445134,29.4269197211864],[-82.0874098372187,29.4268814459727],[-82.0874980200346,29.4268368251558],[-82.0875818222333,29.4267861441419],[-82.0876606998182,29.4267297339511],[-82.087734147228,29.4266679560937],[-82.0878016857636,29.4266012122817],[-82.0878628813651,29.4265299339292],[-82.0879173363689,29.4264545819998],[-82.0879363940059,29.4264305606797],[-82.0879597337051,29.4264096370409],[-82.0879867107225,29.4263923874722],[-82.0880165806942,29.4263792881607],[-82.0880485164262,29.4263707027705],[-82.0880816340214,29.4263668675871],[-82.0881150207837,29.4263678884245],[-82.0881477528197,29.4263737373422],[-82.0882045688305,29.4263916690462],[-82.0882584455583,29.4264155568531],[-82.0883085742377,29.4264450446989],[-82.0883541967036,29.4264796872224],[-82.0883946277509,29.4265189628123],[-82.0884292581387,29.4265622772712],[-82.0884575644793,29.4266089811439],[-82.0884791226312,29.4266583699643],[-82.0884936052913,29.4267096986483],[-82.0885108088426,29.4267834767978],[-82.0885357214005,29.426855546981],[-82.0885681330674,29.4269252971209],[-82.0886077625267,29.4269921273525],[-82.0886542720391,29.4270554692496],[-82.0887072655338,29.4271147794736],[-82.0887662913942,29.427169552458],[-82.088830839432,29.4272193176462],[-82.0889003652875,29.4272636534783],[-82.0889742679807,29.4273021779526],[-82.0890519215463,29.4273345618445],[-82.089132658505,29.4273605302054],[-82.0891860046391,29.4273783367705],[-82.0892366196953,29.4274014608435],[-82.0892838113897,29.4274295882261],[-82.0893470003967,29.4274762338281],[-82.0894052122765,29.4275276031148],[-82.0894579898717,29.4275832914977],[-82.0895049150356,29.4276428581145],[-82.0895456187174,29.4277058350385],[-82.0895654697866,29.4277441238233],[-82.0895797799973,29.4277717245539],[-82.0895935707102,29.4278061536881],[-82.0896071299905,29.4278400082506],[-82.0896233819869,29.4278989411836],[-82.0896320150211,29.4279590965419],[-82.0896329246426,29.4280197198326],[-82.0896260951366,29.4280800527899],[-82.089605531879,29.4281748224482],[-82.0895778765834,29.4282681993417],[-82.089543250372,29.4283597769428],[-82.0895017999304,29.4284491573174],[-82.089453709893,29.4285359504516],[-82.0893991851975,29.4286197793396],[-82.0893384686442,29.4287002785037],[-82.0892718191724,29.4287770972026],[-82.0891995293323,29.4288499015588],[-82.0891219138863,29.4289183770555],[-82.0890928884291,29.4289488463009],[-82.0890698693511,29.4289830226149],[-82.0890534669466,29.4290200068266],[-82.0890441087657,29.4290588269001],[-82.0890420421595,29.4290984605396],[-82.0890473222048,29.4291378656465],[-82.0890598090538,29.4291760046328],[-82.0890791754568,29.4292118743388],[-82.0891049092419,29.4292445313448],[-82.0891363374531,29.4292731167822],[-82.0891726319874,29.429296878997],[-82.0892128348946,29.4293151929677],[-82.0892558920075,29.429327576269],[-82.0893006691226,29.4293337020043],[-82.0893459888305,29.4293334103162],[-82.0894716903507,29.4293426230682],[-82.0895966393742,29.4293577700729],[-82.089720471056,29.4293788075829],[-82.089842822016,29.4294056738322],[-82.0899633344169,29.4294382909162],[-82.0900816590977,29.4294765630453],[-82.0901974452277,29.4295203781577],[-82.0903103578202,29.4295696082439],[-82.0903442964287,29.4295882887009],[-82.0903748164519,29.4296110476861],[-82.0904012789139,29.4296374113745],[-82.0904275772663,29.4296731339196],[-82.0904473680966,29.4297119412018],[-82.0904601928323,29.4297529314112],[-82.0904657507912,29.4297951524193],[-82.0904639131714,29.4298376200853],[-82.0904547232986,29.4298793507451],[-82.0904383962787,29.4299193756423],[-82.0904153081947,29.4299567614827],[-82.0903914604592,29.4299917546639],[-82.0903703831483,29.4300280831512],[-82.0903201196648,29.4301159670451],[-82.0902642758834,29.4302012291967],[-82.0902030273877,29.4302835985335],[-82.0901365731995,29.4303628152441],[-82.0900651194461,29.4304386241601],[-82.0900438129304,29.4304635624827],[-82.0900270579569,29.43049103492],[-82.0900152449646,29.4305204107365],[-82.0900086397621,29.4305510126748],[-82.0900073985244,29.430582136182],[-82.0900115488542,29.4306130653017],[-82.0900248652414,29.4306570848281],[-82.0900446837623,29.4306991862703],[-82.0900706613224,29.430738637785],[-82.0901023455085,29.4307747524276],[-82.09013334743,29.4308009601487],[-82.0901688167741,29.4308223877589],[-82.0902078045654,29.4308384645524],[-82.0902492677821,29.4308487579481],[-82.0902920915652,29.4308529928509],[-82.0903796131428,29.4308574484375],[-82.0904667218906,29.4308661094071],[-82.0905171833379,29.4308736085941],[-82.0905531534182,29.4308789546261],[-82.0906047658785,29.4308906538662],[-82.090654495005,29.4309074805956],[-82.090709326447,29.4309261044418],[-82.0907662033849,29.4309392040114],[-82.0908244062661,29.4309466107857],[-82.0908831910187,29.4309482324932],[-82.0909418119377,29.4309440445101],[-82.0909995171933,29.430934105117],[-82.0910555791469,29.4309185380127],[-82.0911092796881,29.4308975419684],[-82.0911599382056,29.4308713850289],[-82.0912071876526,29.4308475012003],[-82.0912576049685,29.4308292425579],[-82.0913307785957,29.4308107406755],[-82.0914055646371,29.4307981203256],[-82.0914813524488,29.4307914848098],[-82.0915575119353,29.4307908892468],[-82.0916334224411,29.4307963393019],[-82.0917084563304,29.4308077881766],[-82.0917404960839,29.4308116381862],[-82.0917728263173,29.4308108834457],[-82.0918045878729,29.4308055450631],[-82.0918349372659,29.4307957635478],[-82.091863069331,29.4307818001309],[-82.091900686837,29.4307552709091],[-82.0919329349367,29.4307237877364],[-82.0919589743911,29.430688169773],[-82.091978127153,29.4306493483443],[-82.091989891574,29.4306083347367],[-82.0919939614508,29.4305661997953],[-82.0919902320456,29.4305240379411],[-82.091978798351,29.4304829536031],[-82.0919599603634,29.430444013492],[-82.091943122176,29.4304024646632],[-82.0919337586023,29.4303591473823],[-82.0919320912859,29.430315085407],[-82.0919381620718,29.4302713208253],[-82.0919518253958,29.4302288877462],[-82.0919727570941,29.4301887890023],[-82.0920004662384,29.4301519756143],[-82.0920342938162,29.430119316087],[-82.0920699626095,29.430094377729],[-82.0921098642783,29.4300749714417],[-82.0921528942714,29.4300616344509],[-82.0922064403394,29.4300459436456],[-82.0922571573233,29.4300242116043],[-82.0923041599588,29.4299968153881],[-82.0923466264875,29.4299642342965],[-82.0923838144166,29.4299270375255],[-82.0924150772873,29.4298858727467],[-82.0924398689696,29.4298414589674],[-82.0924577553441,29.4297945723087],[-82.0924684249742,29.4297460308622],[-82.0924716904401,29.4296966820819],[-82.0924729297642,29.4296620592136],[-82.0924772856554,29.4296276275117],[-82.09248082048,29.4295853148334],[-82.0924769176599,29.4295430279757],[-82.0924656707467,29.4295017603515],[-82.0924473458755,29.4294624869067],[-82.0924223713006,29.429426127833],[-82.0923913375472,29.4293935422547],[-82.0923596473691,29.4293693670798],[-82.0923238672525,29.4293500566521],[-82.0922849576432,29.4293361331406],[-82.0922439711816,29.4293279715318],[-82.092202011709,29.4293257898488],[-82.0920912520611,29.4293248219817],[-82.0919808047767,29.4293174873908],[-82.0918711443274,29.429303816507],[-82.0917627496608,29.4292838678187],[-82.091727069948,29.429278086232],[-82.0916908705975,29.4292758981148],[-82.0916546241037,29.4292773293497],[-82.0916170597194,29.4292778870883],[-82.0915799321278,29.4292728601198],[-82.0915443150043,29.4292623928267],[-82.0915112430528,29.4292467921973],[-82.0914816723453,29.4292265054359],[-82.0914564585981,29.4292021231696],[-82.0914363320883,29.4291743510118],[-82.0914218794783,29.4291439938851],[-82.0914056392519,29.4290956252414],[-82.0913951943392,29.4290460472558],[-82.0913906577163,29.4289957889929],[-82.0913920782185,29.428945389158],[-82.0913994397066,29.4288953879612],[-82.0914126622497,29.4288463208225],[-82.091424158322,29.4288167684879],[-82.0914407831601,29.4287891509081],[-82.091462128832,29.4287641409091],[-82.0914876732978,29.4287423559677],[-82.0915167862793,29.4287243285421],[-82.0915487603221,29.4287105003305],[-82.0915828048743,29.4287012113339],[-82.0916527029416,29.4286846411146],[-82.0917455520666,29.4286624278954],[-82.0918400736094,29.4286465132713],[-82.0919357098382,29.4286369870857],[-82.0920318996407,29.4286339084413],[-82.0921280756509,29.428637296623],[-82.0922236725776,29.4286471276432],[-82.0923181258687,29.4286633468495],[-82.092410881267,29.4286858573711],[-82.0925013915223,29.4287145281787],[-82.0925891258162,29.4287491879428],[-82.0926735643491,29.4287896357611],[-82.0927542140553,29.4288356306208],[-82.0928056928635,29.4288654430373],[-82.0928618564609,29.4289000017727],[-82.0929129269638,29.4289401637858],[-82.092958179111,29.4289853571213],[-82.0929969717365,29.4290349418976],[-82.0930287507961,29.4290882130694],[-82.0930530696685,29.4291444134356],[-82.093069580566,29.4292027479172],[-82.0930780499242,29.4292623865492],[-82.0930783558641,29.4293224842846],[-82.0930704962831,29.4293821874605],[-82.0930574105153,29.4294592491219],[-82.0930490500362,29.4295368132036],[-82.0930411069671,29.4296882289165],[-82.0930405743893,29.4298398041608],[-82.0930474569762,29.4299912610982],[-82.093061737808,29.4301423196852],[-82.0930833967428,29.4302927052317],[-82.0931123889106,29.4304421425892],[-82.0931260940101,29.4304858711816],[-82.0931474064398,29.4305272002556],[-82.0931758072862,29.4305651222161],[-82.0932106034801,29.4305987128743],[-82.0932507785307,29.4306275934004],[-82.0932950879157,29.4306513942862],[-82.0933426992453,29.4306696679181],[-82.093392718875,29.4306820702238],[-82.0934442040536,29.4306883699216],[-82.0934961897332,29.4306884481124],[-82.0935476998174,29.4306823020985],[-82.0935977655987,29.4306700502349],[-82.0940592164807,29.4305305331942],[-82.0945192135398,29.4303873864059],[-82.0945596842853,29.4303651384568],[-82.0945955024725,29.4303374427868],[-82.0946257186022,29.4303050326175],[-82.0946495379047,29.4302687649437],[-82.0946663260998,29.4302295953736],[-82.0946756427145,29.430188564306],[-82.0946772421691,29.4301467518319],[-82.0946710781794,29.4301052660862],[-82.0946609085747,29.4300022409086],[-82.094658356874,29.4298988547334],[-82.0946634332249,29.4297955408773],[-82.094669713748,29.4297533727161],[-82.0946811885398,29.4297120512532],[-82.0946977190829,29.429672063003],[-82.0947191114631,29.4296338835304],[-82.094756524519,29.4295821714324],[-82.0948001067551,29.4295343062948],[-82.0948493488493,29.4294908489904],[-82.0949036715868,29.4294523094715],[-82.0949624383981,29.4294191397836],[-82.0950249575715,29.4293917277895],[-82.0950904976856,29.4293703983577],[-82.0951582879348,29.4293553998329],[-82.0952061252319,29.4293494407175],[-82.095254411508,29.429347862668],[-82.0953026247802,29.4293506831154],[-82.0953356445681,29.4293518757757],[-82.0953684814302,29.4293485966085],[-82.0954003480921,29.4293409213115],[-82.0954304793995,29.4293290342743],[-82.0954581541289,29.4293132217612],[-82.0954807132617,29.4292953936795],[-82.0954998070167,29.4292746961987],[-82.0955149634239,29.4292516376527],[-82.0955258121985,29.4292267841983],[-82.0955320807929,29.4292007525241],[-82.0955424865083,29.4291550140994],[-82.0955598104618,29.4291109121443],[-82.0955837416837,29.4290692458114],[-82.0956044225185,29.429042611277],[-82.0956288059533,29.4290184967902],[-82.0956564980343,29.428997295719],[-82.0956870452381,29.4289793497998],[-82.0957106477367,29.4289648444509],[-82.0957311132455,29.428947059788],[-82.0957478532632,29.4289265065057],[-82.0957603918504,29.4289037722724],[-82.0957683627778,29.4288795117508],[-82.0957715410645,29.4288544210121],[-82.0957698351272,29.4288292211488],[-82.0957632935257,29.4288046349377],[-82.0957521033368,29.4287813687632],[-82.0957365876059,29.4287600900115],[-82.0957171892314,29.4287414114333],[-82.0956944674079,29.428725867617],[-82.095669073138,29.4287139046115],[-82.0956417371297,29.4287058688741],[-82.0955932134313,29.4286930140886],[-82.0955465807004,29.428675602137],[-82.0954812406082,29.4286435623333],[-82.0954201213442,29.4286056692832],[-82.0953639063547,29.4285623488896],[-82.0953132199942,29.4285140837156],[-82.0952686297164,29.4284614076098],[-82.0952306273772,29.4284049116781],[-82.0951996410676,29.428345223747],[-82.0951760134344,29.4282830097678],[-82.0951600669991,29.4282348275221],[-82.0951384021968,29.4281603281835],[-82.0951247460856,29.4280843877035],[-82.0951192168068,29.4280076633734],[-82.0951218621799,29.4279308220127],[-82.0951326589337,29.4278545291263],[-82.0951515138028,29.4277794462179],[-82.0951782616415,29.4277062235366],[-82.0952126747842,29.42763549664],[-82.0952544519302,29.4275678771663],[-82.0953032305294,29.4275039521603],[-82.0953585900693,29.4274442760134],[-82.0954248950266,29.4273739493856],[-82.0954848069685,29.4272993538656],[-82.0955379646946,29.4272209357728],[-82.0955946905298,29.4271364529723],[-82.095657917662,29.4270555867969],[-82.0957273503192,29.4269787197868],[-82.0958026602199,29.4269062149329],[-82.0958834854779,29.4268384183627],[-82.0959694483779,29.4267756488414],[-82.0960601387386,29.4267182037808],[-82.0961551284025,29.4266663568005],[-82.0962539672441,29.42662035224],[-82.0962986023676,29.4265984017392],[-82.0963400632644,29.4265721091739],[-82.0963778004529,29.4265418208331],[-82.096411313634,29.4265079380549],[-82.0964494068254,29.4264593565976],[-82.0964812331675,29.4264074335563],[-82.09650641399,29.4263527845683],[-82.0965246521786,29.4262960628692],[-82.0965357285528,29.4262379384721],[-82.0965395119948,29.426179105573],[-82.096535957909,29.4261202608661],[-82.0965251082,29.4260621044458],[-82.0965154881438,29.4260119953232],[-82.0965116203702,29.4259612975625],[-82.096513540186,29.4259105135228],[-82.0965212292147,29.4258601490834],[-82.0965341038472,29.4258104695909],[-82.0965515054676,29.4257618590196],[-82.096573319319,29.4257146310722],[-82.0965994049971,29.4256690944662],[-82.0966252787552,29.4256345824709],[-82.0966567957906,29.4256038778714],[-82.0966932383142,29.4255776820774],[-82.0967337755825,29.4255565933513],[-82.0967699263264,29.4255377616472],[-82.0968023892967,29.4255143420015],[-82.0968304165075,29.4254868773633],[-82.0968533525017,29.4254560062336],[-82.0968659617694,29.4254319774416],[-82.0968746228024,29.4254066440768],[-82.096879168044,29.4253805011451],[-82.0968795099516,29.4253540595664],[-82.0968756391964,29.4253278353128],[-82.0968668925795,29.4252717119326],[-82.0968664784599,29.4252352321918],[-82.0968662475262,29.4252150730328],[-82.0968737134945,29.4251588094083],[-82.0968891722551,29.4251038067885],[-82.096912379226,29.4250509332301],[-82.0969311705692,29.4250123562305],[-82.0969431214893,29.4249717463275],[-82.0969479624914,29.4249300225563],[-82.0969455809956,29.424888136624],[-82.096936032399,29.4248470415322],[-82.096919535466,29.4248076689323],[-82.0968964633593,29.4247709163279],[-82.0968673391611,29.4247376190193],[-82.096829175954,29.4247037488299],[-82.096796884484,29.4246654824618],[-82.0967711212614,29.4246235927172],[-82.0967524039001,29.4245789274366],[-82.0967411105663,29.4245323896363],[-82.0967374741885,29.4244849211595],[-82.0967415623745,29.4244374806484],[-82.0967532953613,29.4243910258288],[-82.0967724370917,29.4243464989076],[-82.0967933504076,29.4243006105484],[-82.0968087682247,29.4242530831598],[-82.0968231600669,29.4241821154313],[-82.0968294627786,29.4241102512688],[-82.0968276130968,29.4240381924366],[-82.0968176290405,29.4239666467089],[-82.0967996112006,29.4238963170664],[-82.0967737336841,29.4238278925047],[-82.0967402493077,29.4237620463264],[-82.096699488915,29.4236994216911],[-82.0966518530244,29.4236406359724],[-82.0965978071126,29.4235862626254],[-82.096463015626,29.4234605831157],[-82.0963337839013,29.423330504265],[-82.0962102980546,29.4231962154099],[-82.0960927389387,29.4230579103017],[-82.0959812748662,29.422915789679],[-82.0958760678349,29.4227700595774],[-82.095814973806,29.4226863791678],[-82.0957328156643,29.4225732974336],[-82.0956575600244,29.4224565902221],[-82.0955894124373,29.4223365807733],[-82.0955285658493,29.4222136020196],[-82.0954751862212,29.4220879945154],[-82.0954294198067,29.4219601038641],[-82.0953913951475,29.4218302834627],[-82.0953612179439,29.4216988935033],[-82.0953389691037,29.4215662964263],[-82.0953247108591,29.42143285974],[-82.095318483828,29.4212989496495],[-82.0953203037284,29.4211649391175],[-82.095330166791,29.421031197136],[-82.0953480434475,29.4208980940237],[-82.0953556169029,29.4208435514567],[-82.0953603937387,29.4207887677503],[-82.0953672563321,29.420738960223],[-82.0953815802306,29.4206903841326],[-82.0954031098894,29.4206438919908],[-82.0954314721593,29.4206002980418],[-82.0954661641862,29.4205603672119],[-82.0955065805006,29.4205248029768],[-82.0955520104281,29.4204942265603],[-82.0956016587579,29.420469174609],[-82.0956812991197,29.4204542467661],[-82.0957591856261,29.4204333986564],[-82.0958347445989,29.4204067839188],[-82.0959074188549,29.4203745989085],[-82.0959766770858,29.4203370783581],[-82.0960420085994,29.4202944997923],[-82.0961029306837,29.4202471773467],[-82.0961589979651,29.4201954583314],[-82.0962097951977,29.4201397230975],[-82.0962461207499,29.4200829582052],[-82.0962884704906,29.4200294907099],[-82.0963364616118,29.4199798089294],[-82.0963896513295,29.4199343666871],[-82.0964475565665,29.4198935791639],[-82.0965096436938,29.4198578209047],[-82.0965753493516,29.419827417179],[-82.0966440711342,29.4198026456142],[-82.0967132513357,29.4197786097689],[-82.0967803409586,29.4197503935165],[-82.097031613959,29.4196381585269],[-82.0972856684782,29.4195308335445],[-82.0975423826208,29.4194284740535],[-82.0978016295591,29.4193311264246],[-82.0978539702429,29.4193149654339],[-82.0979080210438,29.4193039324421],[-82.0979631273402,29.4192981624536],[-82.098018626802,29.4192977253629],[-82.098073844305,29.4193026231531],[-82.0981377604742,29.4193088977443],[-82.0982020604572,29.4193101875852],[-82.0982662393773,29.4193064860696],[-82.0983297905466,29.4192978190441],[-82.098392214434,29.4192842576054],[-82.0984269543033,29.4192726381244],[-82.0984564563769,29.4192627727493],[-82.0985177848766,29.4192355366931],[-82.0985755321621,29.4192028448267],[-82.0986290671069,29.4191650545766],[-82.0986778056835,29.4191225792817],[-82.0987212142062,29.4190758819366],[-82.0987588175938,29.4190254744412],[-82.0987898308812,29.4189860343807],[-82.0988266111907,29.4189506006177],[-82.0988684959514,29.4189198097184],[-82.098914723371,29.4188942242314],[-82.0989644567822,29.418874306067],[-82.0990167960175,29.4188604149021],[-82.0990707908667,29.418852805722],[-82.0991254641743,29.4188516111995],[-82.0991798248405,29.4188568581768],[-82.0992328899323,29.4188684482219],[-82.0993057657207,29.4188789092106],[-82.0993793736104,29.4188841292747],[-82.0994532216949,29.4188840767855],[-82.0995268204421,29.418878749937],[-82.0995996773272,29.4188681856697],[-82.099671306256,29.4188524535289],[-82.099705784537,29.4188432986209],[-82.0997414971977,29.4188391293802],[-82.09977751102,29.4188400513225],[-82.0998128844902,29.4188460434829],[-82.0998466917973,29.4188569462251],[-82.0998780512868,29.418872478008],[-82.0999061431265,29.4188922293952],[-82.0999302324359,29.4189156869414],[-82.0999496888169,29.4189422353574],[-82.0999640042906,29.4189711831061],[-82.0999728044123,29.4190017716305],[-82.0999755395371,29.4190312702172],[-82.0999725456904,29.4190607489302],[-82.0999639091447,29.4190893629558],[-82.0999498785118,29.4191162885186],[-82.0999308557644,29.4191407533963],[-82.0998690013908,29.4192032054309],[-82.099802737095,29.4192620849581],[-82.0997323272936,29.4193171541136],[-82.0996580587011,29.4193681907838],[-82.0996408264073,29.4193773865854],[-82.0996220466717,29.4193838567355],[-82.0996022796588,29.4193874085313],[-82.0995821081546,29.4193879372154],[-82.0995621324149,29.4193854258805],[-82.0995429442581,29.4193799513085],[-82.0995218541034,29.4193736800864],[-82.099499940377,29.4193701972777],[-82.0994776773847,29.4193695802047],[-82.0994555555041,29.419371837908],[-82.0994340540515,29.4193769250833],[-82.0994227675341,29.419381326204],[-82.0994124406946,29.4193872645732],[-82.0994033451836,29.4193945872884],[-82.099395718666,29.4194030975075],[-82.099389764344,29.4194125742921],[-82.0993856345168,29.4194227704995],[-82.0993834408399,29.4194334147764],[-82.0993832404757,29.4194442302531],[-82.0993825709136,29.419474766952],[-82.0993760743124,29.4195047748231],[-82.0993639369454,29.419533408189],[-82.0993464966904,29.4195598602605],[-82.0993242496992,29.4195833858192],[-82.0992978200662,29.4196033196067],[-82.0992823889059,29.4196115036494],[-82.0992656337007,29.4196173586776],[-82.0992480075939,29.4196207279156],[-82.0992299879657,29.4196215181993],[-82.099212066966,29.4196197079229],[-82.0991886980186,29.4196173767],[-82.0991652111648,29.4196184902742],[-82.0991422667786,29.419623017509],[-82.0991205038612,29.4196308303228],[-82.0991005367984,29.4196417099456],[-82.0990829191299,29.4196553534695],[-82.099068147562,29.4196713784344],[-82.0990566358869,29.4196893358825],[-82.0990487044197,29.4197087209909],[-82.0990445774177,29.419728994681],[-82.0990443696435,29.4197495851748],[-82.0990480866792,29.4197699177785],[-82.0990531478762,29.4197833027118],[-82.0990604988235,29.4197958473676],[-82.0990699663514,29.4198072525818],[-82.0990813230025,29.4198172479668],[-82.0990943023985,29.4198255958041],[-82.0991085929068,29.4198320972444],[-82.0991339440475,29.4198437619372],[-82.0991567815725,29.4198588895161],[-82.0991764988749,29.4198770753731],[-82.0991925645091,29.4198978323681],[-82.0992045496601,29.4199206057721],[-82.0992121320037,29.4199447841669],[-82.099215110618,29.4199697222781],[-82.0992134057228,29.4199947517989],[-82.0992070623027,29.4200192022104],[-82.0991962496296,29.4200424206248],[-82.0991812568606,29.420063783435],[-82.0991624872796,29.4200827214738],[-82.0991137018788,29.4201176208696],[-82.0990700354038,29.4201573781387],[-82.0990321097209,29.4202014209325],[-82.0990004728828,29.4202491177914],[-82.09897557835,29.4202997849791],[-82.0989577817265,29.4203526936417],[-82.0989473393384,29.4204070860231],[-82.0989444008479,29.4204621825474],[-82.0989483591734,29.4205090730481],[-82.0989587486924,29.4205552023466],[-82.0989754227821,29.4205998963895],[-82.0989981343017,29.4206425036323],[-82.0990265509136,29.4206824007367],[-82.0990602599752,29.4207190034887],[-82.0990987672255,29.4207517785054],[-82.0992281002295,29.4208535750071],[-82.0993523282766,29.4209601382162],[-82.0994712159898,29.4210712698031],[-82.0995845498188,29.4211867637194],[-82.0996921173047,29.42130641123],[-82.0997937197692,29.4214299876115],[-82.0998891739622,29.4215572693273],[-82.0999783011202,29.421688017583],[-82.100006642634,29.4217563542361],[-82.100028037752,29.4218266021628],[-82.1000423232172,29.4218982205575],[-82.1000493916859,29.4219706579134],[-82.1000491853516,29.4220433600262],[-82.1000417053044,29.4221157665573],[-82.100027013332,29.4221873218948],[-82.1000052205875,29.4222574749448],[-82.0999764925028,29.4223256891482],[-82.0999410499493,29.4223914370876],[-82.0998991678609,29.4224542149001],[-82.0998511670365,29.4225135403215],[-82.0998218439405,29.4225515445917],[-82.0997984945597,29.4225925997257],[-82.0997867979035,29.422612326051],[-82.0997715440375,29.4226300918712],[-82.0997531517502,29.4226454122216],[-82.0997321248749,29.4226578659674],[-82.0997090364452,29.4226671117539],[-82.099684524401,29.4226728951464],[-82.0996592583162,29.4226750606497],[-82.0996339292698,29.4226735443031],[-82.0996092339363,29.422668392336],[-82.0995858492632,29.4226597426546],[-82.0995644136655,29.4226478353228],[-82.0995281671618,29.4226259763483],[-82.0994898202546,29.4226070681269],[-82.099404894298,29.4225659091749],[-82.0993237584911,29.4225192570571],[-82.0992468785521,29.4224673757319],[-82.0991746874341,29.4224105628437],[-82.0991359737265,29.4223795300978],[-82.0990952961386,29.4223504860024],[-82.0990184424715,29.4222946951412],[-82.0989464731721,29.4222341134882],[-82.0988797813009,29.4221690686337],[-82.0988187263616,29.4220999119128],[-82.0987636364267,29.4220270157376],[-82.098714811185,29.4219507754576],[-82.0986725128651,29.421871601071],[-82.0986369702695,29.4217899209084],[-82.0986083747845,29.421706176145],[-82.0985868793935,29.4216208189771],[-82.0985763163841,29.4215848153211],[-82.0985600256623,29.4215504899766],[-82.0985383327977,29.4215185338293],[-82.0985116807939,29.4214895975197],[-82.0984806101352,29.421464264005],[-82.0984178549098,29.421423905805],[-82.0983512065746,29.4213886552569],[-82.0982812044816,29.4213587993247],[-82.098208419972,29.4213345804453],[-82.0981334389286,29.4213161935006],[-82.098056872056,29.4213037869097],[-82.0979793434622,29.4212974660271],[-82.0979014776352,29.4212972775634],[-82.0978239073162,29.4213032250701],[-82.0977472644887,29.4213152579451],[-82.097693517707,29.4213237627026],[-82.0976391264389,29.4213281263943],[-82.097584508954,29.4213283143258],[-82.0975300805932,29.4213243278435],[-82.0974691183143,29.4213205293855],[-82.0974080546597,29.4213227404839],[-82.097347659211,29.4213309320262],[-82.0972886930286,29.4213450007514],[-82.0972319014407,29.4213647691168],[-82.0971780005856,29.4213899877564],[-82.0971276690838,29.4214203389368],[-82.0970815407398,29.4214554400316],[-82.0970401993042,29.4214948470334],[-82.0970041669244,29.4215380633643],[-82.0969694840038,29.4215817801284],[-82.096931613677,29.4216234195032],[-82.0969049048205,29.4216547786449],[-82.0968830174147,29.4216888814769],[-82.0968663165195,29.4217251635517],[-82.0968550763522,29.4217630235525],[-82.0968494852437,29.4218018315068],[-82.0968504687259,29.4218352537563],[-82.0968580344414,29.4218680241703],[-82.0968719546264,29.4218991576896],[-82.0968918076458,29.4219277162077],[-82.096916999854,29.4219528423618],[-82.0969467733368,29.4219737804295],[-82.0970300785609,29.4220257284743],[-82.0971098003921,29.4220818188991],[-82.0971856702081,29.4221418644787],[-82.097257434155,29.4222056638234],[-82.09732484907,29.4222729994987],[-82.0973876874372,29.4223436462376],[-82.0974334529731,29.4223937174699],[-82.0974838815466,29.4224402301294],[-82.0975774402508,29.4225238012616],[-82.0976658655546,29.4226115538542],[-82.0977489129032,29.4227032424786],[-82.0978263532356,29.4227986201875],[-82.0978979765538,29.4228974187286],[-82.0979635831374,29.4229993709413],[-82.0980229932288,29.4231041937908],[-82.0980760426301,29.4232116000167],[-82.0981225869112,29.4233212946018],[-82.0981395507704,29.4233563931002],[-82.0981620043486,29.4233890437168],[-82.0981895006523,29.4234185903163],[-82.0982214869807,29.4234444433925],[-82.0982573213447,29.4234660830778],[-82.0982957292076,29.4234900865515],[-82.0983288130466,29.4235195475867],[-82.0983555696939,29.4235535787223],[-82.0983751952416,29.4235911499918],[-82.0983870964502,29.4236311288361],[-82.0983909127641,29.4236723075798],[-82.0983865308337,29.4237134424998],[-82.0983803988736,29.4237554718566],[-82.098379381585,29.4237978319614],[-82.0983834862263,29.4238400501167],[-82.098394672435,29.4238914963723],[-82.0984116976022,29.4239417022052],[-82.0984343874355,29.4239901581801],[-82.0984625144907,29.4240363791467],[-82.098495792163,29.4240798969099],[-82.0985338887848,29.4241202740258],[-82.098568081354,29.42415704192],[-82.0985972447986,29.4241969916873],[-82.0986209948581,29.424239601003],[-82.0986390203641,29.4242843082843],[-82.0986510869938,29.4243305280991],[-82.0986579314016,29.4243842701495],[-82.0986578320586,29.4244383470543],[-82.0986507942012,29.4244920695148],[-82.098636902114,29.4245447614196],[-82.0986163368618,29.4245957511479],[-82.0985917490603,29.4246392719327],[-82.0985610581855,29.4246797150391],[-82.0985247613177,29.4247164264028],[-82.098483441637,29.424748814907],[-82.0984377652671,29.4247763550314],[-82.098395631456,29.4248024391141],[-82.0983584881279,29.4248338019335],[-82.0983271906422,29.4248697211475],[-82.0983024577068,29.4249093708306],[-82.098284858603,29.424951838382],[-82.0982747992046,29.4249961486314],[-82.0982725112625,29.4250412807848],[-82.0982780444967,29.4250861971548],[-82.0982895345083,29.4251242518342],[-82.098307396556,29.4251603757023],[-82.0983312297656,29.4251937519548],[-82.0983604976328,29.4252236316686],[-82.0983945411776,29.4252493439708],[-82.0984325961545,29.4252703089894],[-82.0984738029218,29.4252860560827],[-82.0985361610876,29.4253085349543],[-82.0985953801172,29.4253367787699],[-82.0986507690905,29.4253704589702],[-82.0987016768758,29.4254091782489],[-82.098747511379,29.425452484444],[-82.0987877322879,29.4254998722071],[-82.0988144503785,29.4255416176226],[-82.098833828694,29.425586360649],[-82.0988454352604,29.4256331196887],[-82.0988490216318,29.4256808678002],[-82.0988445047909,29.4257285567275],[-82.098831985261,29.4257751352811],[-82.0988117380619,29.4258195825582],[-82.0987789780504,29.425872499556],[-82.0987411448489,29.4259227558095],[-82.0986985205041,29.4259699811378],[-82.0986514174956,29.4260138257726],[-82.0986001858395,29.4260539650015],[-82.0985611223051,29.4260776414512],[-82.0985181892133,29.4260954561466],[-82.0984725234402,29.4261069391721],[-82.0984556737133,29.4261112349203],[-82.09843990011,29.426117970616],[-82.098425658818,29.4261269498393],[-82.0984133642516,29.426137913138],[-82.0984033713847,29.4261505440182],[-82.0983959684526,29.4261644724185],[-82.0983913701618,29.4261792998511],[-82.0983897116171,29.4261945947775],[-82.0983892358316,29.4262112821874],[-82.0983909789319,29.4262491408535],[-82.0983996529571,29.4262862610897],[-82.098415031724,29.4263216768178],[-82.0984367168495,29.4263544675096],[-82.0984550559755,29.4263808430421],[-82.0984697394187,29.4264089179543],[-82.0984805599982,29.4264383067326],[-82.0984998205814,29.426516428279],[-82.0985117908605,29.4265956597162],[-82.0985163947374,29.4266754789872],[-82.0985136015106,29.4267553621637],[-82.0985034268634,29.4268347852694],[-82.0984859410625,29.4269132262357],[-82.0984612585266,29.4269901701234],[-82.0984295397777,29.4270651136706],[-82.0983909926031,29.4271375599001],[-82.0983669786821,29.4271819602112],[-82.0983464887642,29.4272276924116],[-82.0983100303937,29.4273072651053],[-82.0982661039437,29.4273838928402],[-82.0982150099631,29.4274570361326],[-82.0981571111575,29.4275261855198],[-82.098116449334,29.4275664338122],[-82.0980714173159,29.4276029469651],[-82.0980224659781,29.4276353642294],[-82.0979700772904,29.4276633606214],[-82.0978739472355,29.4277132117458],[-82.0977822213541,29.4277690634647],[-82.0976953851411,29.4278306152379],[-82.0976139050626,29.4278975436163],[-82.0975382113233,29.4279694901924],[-82.097468705848,29.4280460725764],[-82.0974198385558,29.4281002423307],[-82.0973669325381,29.4281514220574],[-82.0973102304083,29.4281993816168],[-82.0972478611278,29.4282531632243],[-82.0971910245311,29.4283114548733],[-82.097140146516,29.4283738204735],[-82.0970956061981,29.4284397978051],[-82.0970577339584,29.4285088939712],[-82.0970268123212,29.4285805917297],[-82.0970030736542,29.4286543593774],[-82.0969838320428,29.4287102387938],[-82.0969569164329,29.4287636331917],[-82.0969227346995,29.4288137415876],[-82.0968818008081,29.4288598091694],[-82.0968347314428,29.4289011389662],[-82.0967473976586,29.4289713020166],[-82.0966628409219,29.4290440211889],[-82.096623812186,29.4290756862452],[-82.0965816206952,29.429104069721],[-82.0965366206039,29.4291289327106],[-82.0964891994379,29.4291500630922],[-82.0964563576063,29.4291659645294],[-82.0964268524434,29.4291862705589],[-82.0964014460381,29.4292104529366],[-82.0963807986364,29.429237889499],[-82.0963654417657,29.4292678672765],[-82.0963593579127,29.4292878638661],[-82.0963570302467,29.42930845676],[-82.0963585149689,29.429329110097],[-82.0963637766261,29.4293492845193],[-82.0963726763429,29.4293684550019],[-82.0963849839026,29.4293861228066],[-82.0964145962708,29.4294276613681],[-82.0964372577307,29.429472428372],[-82.0964525134289,29.4295195365372],[-82.0964600652382,29.4295680536498],[-82.0964597621378,29.4296170168228],[-82.0964516088579,29.4296654588237],[-82.0964357697189,29.4297124198759],[-82.096412557787,29.4297569700175],[-82.0963824293538,29.4297982243397],[-82.096345986398,29.4298353692004],[-82.0963039445381,29.4298676661453],[-82.0962571426829,29.4298944791567],[-82.0962065039239,29.4299152721278],[-82.0961530317264,29.4299296385703],[-82.096097785462,29.4299372903346],[-82.0960418582494,29.429938078858],[-82.0959863596774,29.4299319849197],[-82.0959605083452,29.429930594504],[-82.0959347482223,29.4299329487181],[-82.09590978179,29.4299389829286],[-82.0958862902228,29.4299485328509],[-82.0958649147345,29.4299613387161],[-82.0958462410145,29.4299770494952],[-82.095830775184,29.4299952368935],[-82.0958189414953,29.4300154052328],[-82.0957974052203,29.4300543519296],[-82.0957707791264,29.4300908098141],[-82.095754974738,29.4301134648091],[-82.0957434691348,29.4301380264293],[-82.0957365535687,29.430163872017],[-82.0957344055355,29.4301903515479],[-82.0957370752066,29.4302167945993],[-82.0957426895644,29.4302360172646],[-82.095751835336,29.4302541717756],[-82.0957642636729,29.4302707626583],[-82.0957796400879,29.4302853406821],[-82.0957975423073,29.4302975064297],[-82.0958692210556,29.4303346278126],[-82.0959443069708,29.4303661705574],[-82.0960222336902,29.4303918968107],[-82.0961024141647,29.4304116143582],[-82.0961842448236,29.4304251748975],[-82.0962671097186,29.4304324732115],[-82.096318025027,29.4304382541321],[-82.0963674641004,29.430450375674],[-82.0964144011562,29.4304685879039],[-82.0964419084396,29.4304790359079],[-82.0964709655958,29.4304855214145],[-82.0965008314563,29.4304878746365],[-82.0965307445561,29.4304860409137],[-82.0965599431881,29.4304800612313],[-82.0965876824196,29.4304700932881],[-82.0966132573246,29.4304563884637],[-82.0966526001478,29.4304468440055],[-82.096693199526,29.4304430761135],[-82.0967339551969,29.4304451881034],[-82.096773762544,29.430453121691],[-82.0968115454571,29.4304666621104],[-82.0968462830546,29.4304854413142],[-82.0968770288899,29.4305089536676],[-82.0969029571855,29.4305365622153],[-82.0969233623976,29.43056751672],[-82.096937694605,29.4306009822881],[-82.0969536506752,29.4306384562839],[-82.096976263177,29.4306732061925],[-82.0970049466246,29.4307043332933],[-82.097038960696,29.4307310334622],[-82.0970694935169,29.4307548784145],[-82.0970954247574,29.4307825835281],[-82.0971161283771,29.4308134785381],[-82.097126071983,29.4308359690266],[-82.0971316168112,29.4308595902062],[-82.0971326135994,29.4308836914355],[-82.0971290290246,29.4309076016534],[-82.0971209686408,29.430930661384],[-82.0971079308858,29.4309679216047],[-82.0971021116191,29.4310065557519],[-82.0971036735525,29.4310455002502],[-82.0971125683115,29.4310836822142],[-82.0971285552714,29.4311200504754],[-82.0971511946794,29.4311536043311],[-82.0971798584013,29.4311834181067],[-82.0972137621527,29.4312086724304],[-82.0972519692511,29.4312286696433],[-82.0972957323948,29.4312500335494],[-82.0973366724837,29.4312753256237],[-82.0973743325164,29.4313042613179],[-82.0974423223643,29.4313582932861],[-82.0975145929108,29.431407882512],[-82.0975907699963,29.4314527712326],[-82.0976428059027,29.4314777968775],[-82.0976976154927,29.4314977780942],[-82.0977545632549,29.4315124802755],[-82.0978129874068,29.4315217323976],[-82.0978722091466,29.4315254280931],[-82.0979198413508,29.4315293097278],[-82.0979662628523,29.4315394241075],[-82.0980104164867,29.4315555396817],[-82.0980512947091,29.4315772904639],[-82.098087968356,29.4316041801712],[-82.0981195997139,29.4316355960004],[-82.0981454669207,29.4316708226126],[-82.098164985278,29.431709056061],[-82.0981777046477,29.431749426302],[-82.0981833369465,29.4317910112361],[-82.0981817523606,29.4318328655138],[-82.0981729913854,29.4318740342928],[-82.0981572507811,29.4319135800491],[-82.0981348872606,29.4319506006925],[-82.0981064149084,29.4319842511753],[-82.0980700152154,29.4320228474025],[-82.098010133769,29.4320845338841],[-82.0979451867993,29.4321421565623],[-82.0978755303546,29.4321953980532],[-82.0978015518842,29.4322439641111],[-82.0977236557046,29.4322875878723],[-82.0976422743983,29.4323260273586],[-82.097557856341,29.4323590697589],[-82.0975184401352,29.4323757453304],[-82.097481916334,29.4323968741137],[-82.0974489372489,29.4324220783301],[-82.0974200919978,29.4324509077501],[-82.0973958990961,29.4324828476769],[-82.0973722917288,29.4325262167486],[-82.0973562493581,29.4325721563217],[-82.0973481187042,29.4326196666746],[-82.0973480794766,29.432667706202],[-82.0973561321921,29.4327152263817],[-82.0973721008959,29.4327611871647],[-82.0973956355776,29.4328045849929],[-82.0974262220178,29.4328444719303],[-82.0974631937393,29.4328799730287],[-82.0975057415926,29.4329103162829],[-82.0975529343419,29.4329348339128],[-82.0976037405509,29.4329529952531],[-82.0977117095959,29.4329912190808],[-82.0978169619183,29.4330348645592],[-82.0979191434088,29.4330837834942],[-82.09801790962,29.4331378116281],[-82.0981129278698,29.4331967668743],[-82.0982038761897,29.4332604502],[-82.0982214948696,29.4332703400581],[-82.0982406911231,29.4332776421919],[-82.0982609736476,29.4332821688742],[-82.0982818195019,29.4332838048852],[-82.098302698856,29.4332825070665],[-82.0983209948238,29.43327864675],[-82.0983382737475,29.4332721156661],[-82.0983540310648,29.4332631057344],[-82.0983678048038,29.4332518809457],[-82.0983791964732,29.4332387660168],[-82.0983878700747,29.4332241445675],[-82.0984157186958,29.4331735896073],[-82.0984498327384,29.4331260674834],[-82.0984897825532,29.4330821694286],[-82.0985350725412,29.4330424430487],[-82.098585138345,29.4330073805407],[-82.0986393560136,29.4329774233732],[-82.098697051796,29.4329529408118],[-82.0987575039414,29.4329342407803],[-82.0987910619907,29.4329296926897],[-82.0988250161425,29.4329299740552],[-82.0988584709202,29.4329350728772],[-82.0988905357942,29.4329448572356],[-82.0989203614602,29.4329590669354],[-82.0989471591334,29.4329773255924],[-82.0989702168379,29.4329991490544],[-82.0989889218149,29.4330239566429],[-82.0990027816162,29.4330510941],[-82.0990114259926,29.4330798408418],[-82.0990146269366,29.4331094337888],[-82.0990122991709,29.4331390899339],[-82.0990045038797,29.433168022653],[-82.0989914502278,29.4331954642916],[-82.0989546475152,29.4332490504062],[-82.0989126498025,29.4332996243311],[-82.0988657725407,29.4333467993551],[-82.098814377885,29.4333902185033],[-82.0987588521572,29.4334295487074],[-82.0986996210622,29.4334644910124],[-82.0986371342544,29.4334947793903],[-82.098612464538,29.4335033606245],[-82.0985865041621,29.4335082184169],[-82.0985599821235,29.4335092155169],[-82.0985421705667,29.4335099076239],[-82.0985247511554,29.4335132373119],[-82.0985082313017,29.4335191083629],[-82.0984930893304,29.4335273482258],[-82.0984797649238,29.4335377195697],[-82.0984686457062,29.4335499209393],[-82.098460056679,29.4335635973886],[-82.0984542434533,29.4335783519011],[-82.0984513761106,29.4335937562903],[-82.0984515375651,29.433609363617],[-82.0984547232808,29.4336247199151],[-82.0984608429635,29.4336393795628],[-82.0984672060998,29.4336515902085],[-82.0984882770431,29.4336848685532],[-82.0985155318019,29.4337145080516],[-82.0985481687737,29.4337396366846],[-82.0985852295524,29.4337595157972],[-82.0986256241874,29.4337735613179],[-82.098668165826,29.4337813606412],[-82.0987039693739,29.4337877751223],[-82.0987381139971,29.433799173367],[-82.0987706200405,29.4338100405849],[-82.0988046960345,29.4338161948896],[-82.0988394613785,29.4338174765696],[-82.0988740097433,29.4338138526715],[-82.0989074420434,29.4338054176076],[-82.0989388944092,29.4337923873556],[-82.0989675452917,29.4337751041008],[-82.098992652024,29.433754016156],[-82.0990153907714,29.4337347785826],[-82.0990412367409,29.4337188250973],[-82.0990695746444,29.4337065368772],[-82.0991229836458,29.4336904923739],[-82.0991780142279,29.4336794126986],[-82.0992340645716,29.4336734194001],[-82.099290522935,29.4336725751924],[-82.0993182087747,29.4336801058549],[-82.0993440132358,29.433691670528],[-82.0993671796725,29.4337069277116],[-82.0993870251576,29.4337254280802],[-82.0994029628899,29.4337466257247],[-82.0994145243848,29.4337698984125],[-82.0994213695393,29.4337945576983],[-82.0994232982592,29.4338198798188],[-82.099420251229,29.4338451165347],[-82.0994123163664,29.4338695268321],[-82.0993997337135,29.4338923878404],[-82.0993828678022,29.4339130295152],[-82.0993622187929,29.4339308429647],[-82.0993383931042,29.4339453015652],[-82.0992678456368,29.4339707304844],[-82.0991953059019,29.4339914322199],[-82.0991211922681,29.4340072845429],[-82.0990459222809,29.4340181994994],[-82.0989879965877,29.4340271097339],[-82.0989348574089,29.4340347591793],[-82.0988810615984,29.4340369246425],[-82.0988273427709,29.4340335772385],[-82.0987744399957,29.4340247612746],[-82.0987527697528,29.4340216510438],[-82.0987308097322,29.4340217586624],[-82.0987091815427,29.4340250829596],[-82.0986884925427,29.4340315295594],[-82.0986693295068,29.4340409170817],[-82.0986522297107,29.4340529793147],[-82.0986376795971,29.4340673778243],[-82.0986116131819,29.4341039657312],[-82.0985927799994,29.4341438091471],[-82.0985816875848,29.4341858219801],[-82.0985802559118,29.4342068916355],[-82.0985829209378,29.4342278662899],[-82.0985896043663,29.4342481444358],[-82.0986001151788,29.434267139632],[-82.0986141470745,29.4342843012093],[-82.0986312944344,29.4342991362226],[-82.098679797828,29.4343308693317],[-82.0987318328563,29.4343579753182],[-82.0987868294781,29.4343801540128],[-82.098844181207,29.4343971632277],[-82.0988675915803,29.4344012150954],[-82.0988914393875,29.434401995882],[-82.0989151313323,29.4343994865273],[-82.0989380772951,29.4343937501441],[-82.0989597110278,29.43438492879],[-82.0989983529355,29.4343688818701],[-82.0990392224269,29.4343578479595],[-82.0990814760063,29.434352053335],[-82.0991242438247,29.4343516200184],[-82.0991666402426,29.4343565551431],[-82.0992299778991,29.4343660271196],[-82.0992939162872,29.4343716101802],[-82.0993548916239,29.4343777702338],[-82.099414852103,29.4343892660991],[-82.0994731861105,29.4344059836356],[-82.0995293040702,29.4344277495548],[-82.0995826370447,29.4344543467342],[-82.0996326442292,29.4344855026253],[-82.0996814068477,29.4345174891811],[-82.0997319914397,29.4345472272547],[-82.0997616320401,29.434566712994],[-82.0997874255065,29.4345900178541],[-82.099808736202,29.4346165688601],[-82.0998250386937,29.4346457111497],[-82.0998359317227,29.4346767271798],[-82.099841148117,29.4347088531512],[-82.0998405574501,29.4347412971041],[-82.0998341758024,29.4347732616571],[-82.0998221602632,29.4348039583432],[-82.0998048062849,29.4348326319251],[-82.0997735409623,29.4348790627321],[-82.0997458516706,29.4349272026221],[-82.099704885801,29.4349980355536],[-82.0996583082344,29.4350661608579],[-82.0996063549412,29.4351312390827],[-82.0995492832717,29.4351929419981],[-82.0994873767825,29.4352509662201],[-82.0994209476007,29.4353050206221],[-82.0993503228129,29.4353548351073],[-82.0992758588464,29.4354001626787],[-82.0992345702386,29.4354253874323],[-82.0991955268833,29.435453220752],[-82.0991664912477,29.4354720815019],[-82.0991343237881,29.4354865351787],[-82.0990998894623,29.4354961925709],[-82.0990641151049,29.4355007919373],[-82.0990279633208,29.435500212964],[-82.098992406898,29.4354944690738],[-82.0989583998051,29.4354837132079],[-82.0989268596519,29.4354682384048],[-82.0989054806747,29.4354604214998],[-82.098882890094,29.4354559191452],[-82.0988597537343,29.4354548636291],[-82.0988367512065,29.435457285529],[-82.0988145604739,29.4354631125241],[-82.0987938319419,29.4354721752349],[-82.0987751802361,29.4354842061682],[-82.0987591530537,29.4354988490692],[-82.0987462183855,29.4355156758303],[-82.0987367623693,29.4355341900605],[-82.0987310599396,29.4355538472985],[-82.0987292796754,29.4355740677343],[-82.0987314739842,29.4355942585878],[-82.0987436274884,29.4356702124633],[-82.0987560699534,29.4357519367844],[-82.0987749967865,29.4358327023556],[-82.0988003123236,29.4359121157898],[-82.0988318970486,29.4359897895755],[-82.0988695972244,29.4360653445932],[-82.0989132258575,29.4361384128401],[-82.0989625719502,29.436208638503],[-82.0989787532869,29.4362269648972],[-82.0989977566436,29.436243081124],[-82.0990191941006,29.4362566578913],[-82.0990426280726,29.4362674164253],[-82.0990675752563,29.4362751357624],[-82.0991072404167,29.4362817990721],[-82.0991476082765,29.4362829493285],[-82.099187684748,29.4362785582793],[-82.0992264838229,29.4362687331749],[-82.0992717646439,29.4362569440182],[-82.0993184951513,29.4362508826208],[-82.0993657353069,29.4362506742242],[-82.0994331574232,29.4362576144809],[-82.0994994201409,29.4362705420845],[-82.0995638278441,29.4362893205931],[-82.0996257110549,29.4363137553948],[-82.0996548732387,29.4363356235627],[-82.0996793501564,29.4363615245993],[-82.0996984230676,29.4363906972119],[-82.0997115341219,29.4364222910325],[-82.0997183005023,29.4364553786099],[-82.0997185249141,29.4364889907938],[-82.0997121979825,29.4365221456541],[-82.0996995059766,29.4365538702797],[-82.0996808217203,29.4365832358028],[-82.0996566936173,29.4366093851699],[-82.0996278236224,29.4366315489779],[-82.0995950602139,29.4366490805373],[-82.0995818305976,29.4366560988093],[-82.0995700835577,29.4366649075998],[-82.0995601328857,29.4366752753751],[-82.0995522430131,29.4366869227689],[-82.0995466265379,29.4366995396823],[-82.0995434317297,29.436712790467],[-82.099542745556,29.4367263166883],[-82.0995445869136,29.4367397613637],[-82.0995530893501,29.4367695431552],[-82.0995645471995,29.4367985546719],[-82.0995715879725,29.4368110637954],[-82.0995808430584,29.4368224136061],[-82.0995920722587,29.4368323046075],[-82.0996049776622,29.4368404795522],[-82.0996192222128,29.4368467228821],[-82.0996344315322,29.4368508706872],[-82.0996502062196,29.4368528136402],[-82.0996661330554,29.4368525026167],[-82.0996886242299,29.4368521095499],[-82.0997108756277,29.4368549993232],[-82.0997322665447,29.436861091918],[-82.0997522032621,29.4368702139693],[-82.0997701258898,29.4368821142309],[-82.0997855373696,29.4368964577942],[-82.0997980060666,29.4369128468895],[-82.0998071852604,29.4369308248548],[-82.0998151575071,29.4369463099393],[-82.0998260589095,29.4369603592266],[-82.099839566588,29.4369725534887],[-82.0998552718691,29.4369825260578],[-82.0998727077362,29.4369899786713],[-82.0998913496874,29.4369946887077],[-82.0999106403343,29.4369965150532],[-82.0999560158034,29.4369940874804],[-82.1000003271822,29.4369851984013],[-82.1000232196847,29.4369770777229],[-82.1000444030364,29.4369659568106],[-82.1000633708156,29.4369521042568],[-82.1000796625024,29.4369358517621],[-82.1002183887375,29.4367736488524],[-82.1002386156825,29.4367469988807],[-82.1002552959417,29.4367185293831],[-82.1002786029225,29.4366792382841],[-82.1003072177092,29.4366427330868],[-82.1003407127221,29.4366095617572],[-82.1003785843195,29.4365802203276],[-82.1004202683835,29.4365551477707],[-82.1004651384326,29.4365347187459],[-82.1005150491926,29.4365133502907],[-82.1005488476213,29.4365006092028],[-82.1005846192585,29.4364930478587],[-82.1006213352544,29.4364908837169],[-82.1006579417045,29.4364941758643],[-82.1006933883691,29.4365028309593],[-82.100726655528,29.4365166010194],[-82.1007520588972,29.4365315508476],[-82.1007621566019,29.4365416870943],[-82.1007700882847,29.436553204638],[-82.1007756170404,29.4365657526122],[-82.1007785716368,29.4365789497778],[-82.1007788626976,29.4365923974541],[-82.1007764815849,29.4366056831081],[-82.1007715018537,29.4366184056463],[-82.1007191374184,29.436691234256],[-82.100673207475,29.4367673197671],[-82.1006608802937,29.4367852118543],[-82.100652079943,29.4368046343346],[-82.1006470468922,29.4368250610569],[-82.1006459203619,29.4368459324223],[-82.100648729408,29.4368666831925],[-82.1006553990387,29.4368867453093],[-82.1006657433378,29.4369055766437],[-82.1006794871028,29.4369226613942],[-82.1006962518205,29.4369375359972],[-82.1007303685872,29.4369648524515],[-82.1007624666012,29.4369939851336],[-82.1007964965233,29.4370236289367],[-82.1008338474447,29.4370500313081],[-82.1008741189737,29.437072909652],[-82.1009190626038,29.4370926463429],[-82.1009663452831,29.4371076219924],[-82.101014726927,29.4371236239889],[-82.1010599380558,29.4371456142151],[-82.1011010136698,29.4371731264307],[-82.1011370834202,29.4372055734199],[-82.1011673783226,29.4372422678695],[-82.1012022691535,29.4372884666013],[-82.1012221984583,29.437317803643],[-82.1012366080898,29.4373495204783],[-82.1012451376995,29.4373828263293],[-82.1012475783729,29.4374168916986],[-82.1012438649399,29.4374508680792],[-82.1012340929287,29.4374839117281],[-82.1012185058552,29.4375151978692],[-82.1011974893993,29.4375439485597],[-82.101171568976,29.4375694479851],[-82.1011409637844,29.4375982295877],[-82.1011142734431,29.437629854413],[-82.101091833425,29.4376639180734],[-82.1010739356779,29.4376999828946],[-82.1010572091628,29.4377451731018],[-82.1010446525373,29.4377913884888],[-82.1010392271862,29.4378333660556],[-82.1010415970891,29.4378755612073],[-82.1010517021993,29.4379168701649],[-82.1010692777563,29.4379562142525],[-82.1010938639592,29.4379925662436],[-82.101126261397,29.4380283438401],[-82.1011629310502,29.4380608063802],[-82.1012034369355,29.4380895650378],[-82.1012472925673,29.4381142733699],[-82.1013229582565,29.4381500546921],[-82.1014019346783,29.438179850295],[-82.1014836066997,29.4382034331823],[-82.1015673376456,29.4382206147631],[-82.1016524729648,29.4382312638695],[-82.1017383507734,29.4382352970247],[-82.1018242996864,29.4382326829151],[-82.1019096481567,29.4382234398551],[-82.1019572255946,29.4382169554514],[-82.1020053689241,29.4382175937754],[-82.1020526983146,29.4382253348341],[-82.1020978552333,29.438239958707],[-82.1021395468375,29.4382610427536],[-82.1021765742612,29.4382879855952],[-82.1022078737442,29.4383200114809],[-82.1022325509283,29.4383562015984],[-82.102249895707,29.4383955196126],[-82.1022560704789,29.4384071066804],[-82.1022641678698,29.4384177473881],[-82.1022740029766,29.4384272001105],[-82.1022853531944,29.4384352477943],[-82.1022979589652,29.4384417097021],[-82.1023090300238,29.4384455445849],[-82.1023206410023,29.4384478454855],[-82.1023325200778,29.4384485559656],[-82.1023443820874,29.4384476599469],[-82.1023559461749,29.4384451766223],[-82.1024038226947,29.4384342706297],[-82.1024528857757,29.4384287256701],[-82.1025023570162,29.4384286320851],[-82.1025514488907,29.4384339880096],[-82.1025993789584,29.4384447086571],[-82.1026453853184,29.4384606266042],[-82.1026939742858,29.4384771334846],[-82.1027447019678,29.4384876041904],[-82.1027965968942,29.4384918403676],[-82.1028649637145,29.4384899937796],[-82.1029326948972,29.4384816502655],[-82.1029989871166,29.4384669069326],[-82.1030630536893,29.4384459406029],[-82.1031047325472,29.4384269678753],[-82.1031431291081,29.4384032749905],[-82.1031775506684,29.43837528955],[-82.1032073727528,29.4383435171109],[-82.1032308595895,29.4383191942803],[-82.103258533759,29.4382985200085],[-82.1032896647772,29.4382820357948],[-82.1033234318954,29.4382701786101],[-82.1033589472666,29.438263260569],[-82.1033952725837,29.4382614629199],[-82.1035050196868,29.4382615180545],[-82.1036146434084,29.4382569237237],[-82.1037238836595,29.4382476922868],[-82.1038324852873,29.438233845219],[-82.1038951910183,29.4382267361032],[-82.1039583433282,29.4382240395437],[-82.1040153093802,29.4382206588568],[-82.104071425217,29.438211428811],[-82.1041259062963,29.4381964802529],[-82.104178000283,29.438176019518],[-82.1042269776892,29.4381503318675],[-82.1042721609,29.4381197748035],[-82.1046118875662,29.437782660751],[-82.1046431015387,29.4377494346458],[-82.1046801766927,29.4377211998528],[-82.1047220872123,29.4376987342751],[-82.1047676698009,29.437682659888],[-82.1048156674561,29.4376734227914],[-82.1048647493919,29.4376712791386],[-82.1048869201303,29.4376703270399],[-82.1049086123484,29.4376662052057],[-82.1049292378553,29.4376590246363],[-82.1049482384113,29.4376489798994],[-82.104965101314,29.4376363440025],[-82.1049793648099,29.4376214576639],[-82.1050358903845,29.4375554074641],[-82.1050964555036,29.4374921611341],[-82.1051608783692,29.437431905721],[-82.105228966989,29.4373748235729],[-82.1052429466862,29.4373699986021],[-82.1052557970736,29.4373631767181],[-82.1052671474467,29.437354555938],[-82.105276672387,29.4373443802292],[-82.1052840999187,29.4373329432689],[-82.1052892129067,29.4373205731295],[-82.1052918698593,29.4373076245399],[-82.105291991728,29.4372944705219],[-82.1052895746398,29.4372814872842],[-82.1052846870008,29.4372690460478],[-82.1052774727604,29.4372575058873],[-82.105268136345,29.4372471972122],[-82.1052569468875,29.437238417332],[-82.1052401858548,29.437225635946],[-82.1052256443004,29.4372109192247],[-82.1052136110423,29.4371945603291],[-82.1052043237159,29.4371768803546],[-82.1051875664149,29.437131900485],[-82.1051755155197,29.4370857799628],[-82.1051682681496,29.4370388959529],[-82.1051623090627,29.4370022466222],[-82.1051520211423,29.4369663406312],[-82.1051417335952,29.4369276274363],[-82.1051376551499,29.4368880421525],[-82.1051398603949,29.4368483423213],[-82.105148308363,29.4368092896746],[-82.1051628377918,29.4367716329032],[-82.1051831715491,29.4367360951052],[-82.1052006802612,29.4367139377332],[-82.1052216225053,29.4366941941175],[-82.1052455679687,29.4366772696201],[-82.1052720280064,29.4366635089749],[-82.1053004618874,29.4366531936966],[-82.1053356043685,29.4366399193414],[-82.1053676297675,29.4366215678907],[-82.1053955859357,29.4365986831009],[-82.1054186504868,29.436571942858],[-82.1054361374558,29.4365421394477],[-82.1054475298897,29.4365101530837],[-82.1054524927313,29.4364769304883],[-82.1054569768622,29.4364365073642],[-82.1054663204371,29.4363967258275],[-82.1054970442552,29.4363074284421],[-82.1055352005842,29.436220355744],[-82.1055805801684,29.4361359794178],[-82.105632934903,29.4360547578],[-82.1056919820647,29.4359771314452],[-82.1057574011988,29.4359035239713],[-82.1058288363537,29.4358343348823],[-82.1059058991935,29.4357699387231],[-82.1059530437817,29.4357401435586],[-82.1060039836989,29.4357155976321],[-82.106057960734,29.4356966677931],[-82.1061141702633,29.43568363612],[-82.1061717747086,29.4356766974613],[-82.106229916032,29.4356759542512],[-82.1062808763259,29.4356766824987],[-82.10633131176,29.4356702409365],[-82.1063799091567,29.4356567967273],[-82.1064254118706,29.435636695838],[-82.1064537899955,29.4356190179249],[-82.1064790499773,29.4355980252159],[-82.1065006911449,29.4355741344199],[-82.1065182795138,29.4355478185149],[-82.1065497644984,29.4354986813247],[-82.1065869343986,29.4354526850125],[-82.1066293802282,29.4354103345914],[-82.1066766425234,29.4353720908343],[-82.1067282050953,29.4353383728656],[-82.1067835046065,29.4353095457051],[-82.1068118038861,29.4352953637744],[-82.1068388997718,29.4352794795492],[-82.106850538554,29.4352733453998],[-82.1068631748682,29.4352689864543],[-82.1068764636241,29.4352665217977],[-82.1068900351618,29.4352660204342],[-82.1069035150022,29.4352674944315],[-82.1069165268078,29.4352709043898],[-82.106928714107,29.4352761562308],[-82.1069397371384,29.4352831038472],[-82.1069492943585,29.4352915549121],[-82.106957115099,29.4353012761577],[-82.1069629883315,29.4353119975135],[-82.1069667510299,29.4353234245254],[-82.1069682954268,29.435335236684],[-82.1069675818458,29.4353471111215],[-82.1069646285062,29.4353587179129],[-82.1069493281612,29.4354228419449],[-82.1069271411061,29.4354854064972],[-82.1069233282904,29.4355054281444],[-82.1069231404727,29.4355257257484],[-82.1069265803862,29.4355457985555],[-82.1069335691698,29.4355651524337],[-82.1069439295785,29.4355833121966],[-82.1069574064183,29.4355998291982],[-82.1069736713293,29.4356142967608],[-82.1069923225921,29.4356263582923],[-82.1070128982836,29.4356357174547],[-82.1070331231857,29.4356416935768],[-82.1070947236097,29.4356581166703],[-82.107156108837,29.4356686407322],[-82.1072184036296,29.4356736040559],[-82.1072809505388,29.4356729539551],[-82.1073430937575,29.4356666982327],[-82.1074041760949,29.4356549024175],[-82.1074635564503,29.4356376918903],[-82.1075206110167,29.435615244687],[-82.1075710637924,29.4355950466514],[-82.1076233755115,29.4355788747388],[-82.1076771286378,29.4355668602388],[-82.1077318920107,29.435559100804],[-82.1078366351628,29.4355513435333],[-82.1079417257102,29.4355493477426],[-82.1080467532133,29.435553121232],[-82.1081513047252,29.4355626473935],[-82.1082549687829,29.4355778906986],[-82.1083573366105,29.4355987895011],[-82.1084580081062,29.4356252642683],[-82.1085565858981,29.4356572075462],[-82.1086526843142,29.4356944967569],[-82.1087005494007,29.4357110395416],[-82.1087506440642,29.4357213501166],[-82.1088019148731,29.435725209718],[-82.1088532864542,29.4357225408494],[-82.1089096244972,29.4357128201521],[-82.108964131361,29.4356970074391],[-82.1090159506853,29.4356753495739],[-82.1090642671618,29.4356481871171],[-82.1091083211331,29.4356159473747],[-82.1091474232346,29.4355791356439],[-82.1091739983219,29.4355550733141],[-82.1092047132612,29.4355351394284],[-82.1092387397143,29.4355198746244],[-82.1092751597879,29.4355096852505],[-82.1093129947105,29.4355048511123],[-82.1094140459771,29.43550261305],[-82.1095150032598,29.4355070090581],[-82.1096153022343,29.4355180161453],[-82.1097143764356,29.4355355715797],[-82.1098116706084,29.4355595749377],[-82.1099066354472,29.4355898925202],[-82.1099987369341,29.4356263548159],[-82.1101889656785,29.4357053335564],[-82.110381714311,29.4357794810566],[-82.1105768256205,29.4358487321589],[-82.1106133344834,29.4358587701871],[-82.1106510426991,29.4358644826932],[-82.1106892816012,29.4358657689782],[-82.1107403370751,29.4358675628987],[-82.1107906393137,29.4358754148848],[-82.1108392559143,29.4358891751866],[-82.1108852857419,29.4359085935661],[-82.110927871574,29.4359333077984],[-82.1109438750889,29.4359452425799],[-82.1109521674447,29.4359510849115],[-82.1109614158921,29.4359557004428],[-82.1109713830728,29.4359589711234],[-82.1109818194949,29.4359608120675],[-82.1109924572217,29.4359611768517],[-82.1110030253485,29.4359600568969],[-82.111013255155,29.4359574815632],[-82.111022886417,29.4359535128507],[-82.111031675412,29.4359482554729],[-82.1110393983561,29.435941842482],[-82.1110458586163,29.4359344354008],[-82.111053442189,29.4359257919537],[-82.1110625502163,29.4359183603518],[-82.111072932501,29.4359123435457],[-82.1112315593016,29.4358394388273],[-82.111393148438,29.4357717036678],[-82.111557482227,29.4357092324193],[-82.1117243360552,29.4356521075774],[-82.1118127181007,29.4356249019406],[-82.111898775643,29.4355924813575],[-82.1119821071245,29.4355549981856],[-82.1120623238666,29.4355126266753],[-82.1121390531172,29.4354655648311],[-82.1122119350258,29.4354140316486],[-82.1122740540792,29.4353705936766],[-82.1123399016471,29.4353315904992],[-82.1124090657666,29.4352972654107],[-82.1125502867067,29.4352315737186],[-82.112689624991,29.4351628732252],[-82.1128269982622,29.4350912021303],[-82.1128777027858,29.43506658427],[-82.1129306521245,29.4350459002676],[-82.1129662640379,29.4350306446153],[-82.1129987030153,29.4350106936287],[-82.1130271687374,29.4349865379561],[-82.1130509572573,29.4349587764898],[-82.1130694831988,29.4349280933115],[-82.1130822841157,29.434895247846],[-82.1130975522024,29.4348646258673],[-82.1131182921772,29.4348365775138],[-82.1131439523559,29.4348118434254],[-82.1131738532148,29.4347910788825],[-82.1132072073989,29.4347748361268],[-82.1132431274957,29.4347635410423],[-82.1132621068177,29.4347576004155],[-82.1132797641497,29.4347490936428],[-82.1132956490425,29.4347382353496],[-82.1133122335294,29.4347226498406],[-82.1133258512547,29.4347049977223],[-82.1133361682856,29.4346857078076],[-82.1133429373655,29.4346652483965],[-82.1133459909167,29.4346441181238],[-82.1133452580012,29.4346228264188],[-82.1133407539512,29.4346018960222],[-82.1133325904411,29.4345818297832],[-82.1133209629281,29.4345631185512],[-82.1133019265743,29.4345324399478],[-82.1132886099905,29.4344995308906],[-82.1132813411419,29.4344652031889],[-82.1132803008174,29.4344303020481],[-82.113284861391,29.4343991743077],[-82.1132862510352,29.4343896881234],[-82.1132990699666,29.4343503081648],[-82.1133184684173,29.4343130474881],[-82.113344013958,29.4342787463727],[-82.1133751305845,29.434248171181],[-82.1134111193684,29.4342220129317],[-82.1134511694515,29.4342008586274],[-82.1134943840203,29.4341851827072],[-82.1135860710476,29.434153884764],[-82.1136744750086,29.4341160287893],[-82.1136894906318,29.4341084959178],[-82.1137028826092,29.434098898498],[-82.1137142859037,29.4340875005462],[-82.1137233889662,29.4340746139806],[-82.1137299390819,29.4340605905987],[-82.1137330079126,29.4340488612622],[-82.1137338898245,29.4340368536335],[-82.1137325671386,29.4340248759917],[-82.1137290685206,29.4340132383674],[-82.1137234898469,29.4340022420967],[-82.1137159697345,29.4339921685449],[-82.11369065475,29.4339587283643],[-82.1136712497421,29.433922387143],[-82.1136581748535,29.4338839385278],[-82.1136517171528,29.4338442233553],[-82.1136520177362,29.4338041086617],[-82.1136590679952,29.4337644713718],[-82.1136691470897,29.4337198635037],[-82.1136718822383,29.4336744551307],[-82.1136672173846,29.4336291683279],[-82.1136552491809,29.433584918944],[-82.1136362178866,29.4335426092159],[-82.1136229593295,29.4335136111323],[-82.113614150231,29.4334833428648],[-82.1136099409598,29.4334523269222],[-82.1136104054008,29.4334210943374],[-82.1136118436367,29.4333699602632],[-82.1136069745403,29.4333189912392],[-82.1135958510315,29.4332687765655],[-82.113578607449,29.4332199061304],[-82.1135554425515,29.4331729484437],[-82.1135266266867,29.433128452572],[-82.1134924958677,29.433086937203],[-82.1134690978499,29.4330567561953],[-82.1134516155363,29.4330236480956],[-82.1134405113206,29.4329884930484],[-82.1134360803059,29.4329522267844],[-82.1134384417444,29.432915810686],[-82.1134518539809,29.4328548872055],[-82.1134724292867,29.4327955134851],[-82.1134999440109,29.4327383342113],[-82.1135340988195,29.4326839692216],[-82.1135745250292,29.4326330073044],[-82.1136207837283,29.4325859998669],[-82.1136576058396,29.4325571227208],[-82.1136990574184,29.4325335405535],[-82.1137441561601,29.4325158119612],[-82.1137918282279,29.4325043576095],[-82.1138541218991,29.4324906292388],[-82.1139142786968,29.432470908896],[-82.1139715505513,29.4324454427545],[-82.114025224784,29.4324145489222],[-82.1140746304405,29.4323786112419],[-82.1141191527812,29.4323380768485],[-82.1141588023706,29.4322968585213],[-82.1142029441843,29.4322593029986],[-82.1142511404997,29.4322257830474],[-82.114302912236,29.4321966336813],[-82.1143327420548,29.4321832388735],[-82.1143647351187,29.4321744739316],[-82.114397964823,29.4321705943885],[-82.1144314647396,29.432171710673],[-82.1144642625308,29.4321777923402],[-82.1144954027676,29.4321886621735],[-82.1145239807575,29.4322040040222],[-82.1145491670354,29.4322233731766],[-82.1145702298794,29.4322462030962],[-82.1145936822311,29.4322735993492],[-82.1146200906268,29.4322988516247],[-82.1146491980424,29.4323217160908],[-82.1147248695741,29.4323712351768],[-82.1148048439398,29.4324152682481],[-82.1148886053642,29.4324535288297],[-82.114975611405,29.4324857678576],[-82.1150010964159,29.4324924283128],[-82.1150273955528,29.4324959057522],[-82.1150539919929,29.4324961302533],[-82.1150803621665,29.4324930985436],[-82.1151059902465,29.4324868715601],[-82.1151754872804,29.432462042956],[-82.1152420421704,29.4324316588238],[-82.1153050785314,29.4323959847317],[-82.1153406244314,29.432370624563],[-82.1153722258382,29.4323415385502],[-82.1153874564249,29.432328055737],[-82.1154050174664,29.432316952676],[-82.115424427461,29.4323085363711],[-82.1154451573478,29.4323030335492],[-82.1154666396503,29.4323005962411],[-82.1154882862074,29.4323012930836],[-82.1155095059048,29.4323051006202],[-82.1155297197849,29.4323119180155],[-82.1155483725956,29.4323215582433],[-82.1155649562516,29.4323337584412],[-82.1155790170029,29.4323481818478],[-82.1155901704166,29.4323644379269],[-82.1156030655129,29.4323835998719],[-82.1156190577384,29.4324008811819],[-82.1156377964677,29.4324159000594],[-82.1156588690561,29.4324283250051],[-82.1156818099398,29.4324378822038],[-82.1157227603027,29.4324486732814],[-82.1157651253105,29.4324537964319],[-82.115807884343,29.4324531273939],[-82.115850013375,29.432446684416],[-82.1158904985655,29.4324346203841],[-82.1159283681131,29.4324172270142],[-82.1159627142603,29.4323949199153],[-82.1160037956281,29.4323668735537],[-82.1160480684354,29.4323428351782],[-82.1161095922392,29.4323144546626],[-82.1161721602972,29.4322878825892],[-82.1162193592915,29.4322658792768],[-82.1162635553585,29.432239525806],[-82.1163042256531,29.4322091338456],[-82.1163249129455,29.4321945362466],[-82.1163480581895,29.4321831093664],[-82.1163730313246,29.4321751656141],[-82.11639915617,29.4321709200037],[-82.1164257238838,29.4321704876936],[-82.1164520106072,29.4321738788957],[-82.1164773051764,29.4321810038942],[-82.1165009205414,29.4321916696453],[-82.1165222132782,29.4322055828411],[-82.1165406068337,29.4322223692843],[-82.1165540237631,29.4322347947327],[-82.1165694146138,29.4322453234783],[-82.1165864315565,29.4322537154466],[-82.1166046914461,29.4322597849597],[-82.1166237832279,29.4322633927513],[-82.1166526346713,29.4322646661196],[-82.1166679871043,29.4322629926073],[-82.1166813015357,29.4322615398664],[-82.116708914648,29.4322541090738],[-82.1167346357131,29.4322426002302],[-82.116757690545,29.4322273610097],[-82.116808612678,29.4321963335697],[-82.1168632760006,29.4321706388692],[-82.1169209528307,29.4321506200144],[-82.1169808761921,29.4321365390844],[-82.1170422519838,29.4321285854757],[-82.1171042644111,29.4321268642706],[-82.1171452849588,29.432125564729],[-82.1171858054067,29.4321198254981],[-82.117225201053,29.4321097344065],[-82.1172713649744,29.4320923002166],[-82.1173147859321,29.4320701173011],[-82.1173548315447,29.4320435088637],[-82.1173909183474,29.4320128648747],[-82.1174225140686,29.4319786330894],[-82.1174491615213,29.4319413113634],[-82.1174704672263,29.4319014492492],[-82.1175131805919,29.4318305346893],[-82.1175629162415,29.4317632217221],[-82.1176192862892,29.4317000410426],[-82.1176818397476,29.4316414897065],[-82.1177500872121,29.4315880333867],[-82.1178234867382,29.4315400934826],[-82.117865146123,29.4315136614985],[-82.1179048795092,29.4314850466845],[-82.1179808105816,29.4314230249515],[-82.1180520904739,29.4313569080705],[-82.1181184303947,29.4312869623739],[-82.1181477792212,29.4312487280222],[-82.1181707947491,29.4312073035312],[-82.1181870312021,29.4311634865469],[-82.1181961777125,29.4311181232018],[-82.1181980546726,29.431072088196],[-82.1181928960149,29.4310207630836],[-82.1181814473176,29.430970224371],[-82.1181638471508,29.4309210584095],[-82.1181402961834,29.4308738409548],[-82.118111068968,29.4308291184336],[-82.1180765096903,29.43078741328],[-82.1180370159846,29.4307492110068],[-82.1179900307609,29.430705733725],[-82.1179463086841,29.4306597227689],[-82.1178587974097,29.4305589016981],[-82.1177741341009,29.430456234126],[-82.1177466933964,29.4304170864168],[-82.1177250564211,29.4303752430849],[-82.1177095641379,29.4303313609634],[-82.1177004578218,29.4302861275451],[-82.1176978792538,29.4302402528655],[-82.1177019707223,29.430175513017],[-82.1177122115951,29.43011129894],[-82.1177285366384,29.4300480542969],[-82.1177508280732,29.4299862217882],[-82.1177789313097,29.4299262317098],[-82.117797131859,29.4298869272529],[-82.117811148437,29.4298463298923],[-82.1178208667224,29.4298047813321],[-82.117833949809,29.4297492691417],[-82.1178529651538,29.4296950872463],[-82.117877741401,29.4296427206786],[-82.1179080571413,29.4295926355082],[-82.117943642887,29.4295452824872],[-82.1179597985738,29.4295226340279],[-82.1179721301813,29.4294982119858],[-82.1179803888983,29.4294725081015],[-82.1179844097972,29.4294460409157],[-82.1179834578773,29.4294045191459],[-82.1179748403327,29.4293636810003],[-82.1179587891969,29.4293246018077],[-82.1179531259189,29.4293108799921],[-82.1179500294821,29.4292965437088],[-82.1179495746432,29.4292819588738],[-82.1179517751982,29.4292674975063],[-82.1179565760412,29.4292535249513],[-82.1179638541732,29.4292404007997],[-82.1179734244353,29.4292284546303],[-82.1179850413974,29.429217993263],[-82.1179984121736,29.4292092820439],[-82.1180852099384,29.4291581383411],[-82.1181680286798,29.4291021655327],[-82.1182465205385,29.4290415999956],[-82.1183203505353,29.4289766999988],[-82.1183892111462,29.4289077396536],[-82.1184528068911,29.4288350068269],[-82.1184726449458,29.4288001041057],[-82.118485452565,29.4287627664098],[-82.1184908597825,29.4287240706939],[-82.1184887142411,29.4286851321803],[-82.1184790736806,29.4286470735418],[-82.11846221914,29.4286109899514],[-82.1184386339655,29.4285779216286],[-82.1184089993681,29.4285488239804],[-82.1183782439606,29.4285200884219],[-82.1183516601884,29.4284883232734],[-82.1183215530929,29.4284436099695],[-82.1182955544168,29.4283969613708],[-82.1182880022504,29.428377820719],[-82.1182841185693,29.4283578583507],[-82.1182840091779,29.4283376076836],[-82.1182876765269,29.4283176137802],[-82.1182950202522,29.4282984107988],[-82.1183057349164,29.4282805309512],[-82.1183194986738,29.4282643301914],[-82.118335973386,29.4282501993667],[-82.1183508208308,29.4282409367178],[-82.1183671275365,29.428233802322],[-82.1183845018262,29.4282289685824],[-82.1184025234362,29.4282265532385],[-82.1184207539907,29.4282266123395],[-82.1184387533146,29.4282291477608],[-82.1185107362684,29.4282407978827],[-82.118583739087,29.4282455185439],[-82.118656896238,29.4282432533094],[-82.1187139606394,29.428235614445],[-82.1187695132702,29.4282218697028],[-82.1188227008223,29.4282022281661],[-82.1188727152102,29.4281769908831],[-82.1189010221318,29.428163409309],[-82.1189315125557,29.4281541321451],[-82.1189633372201,29.4281494154677],[-82.1189956158121,29.4281493911649],[-82.1190274525726,29.428154060905],[-82.1190579601215,29.4281632911586],[-82.11908629307,29.4281768300549],[-82.1191116636895,29.4281942986448],[-82.1191333702222,29.4282152139768],[-82.1191508060458,29.4282389937765],[-82.1191634910749,29.4282649795784],[-82.1191710705164,29.4282924457269],[-82.1191733336274,29.4283206340079],[-82.1191760349058,29.4283718040505],[-82.1191856431015,29.4284223333763],[-82.1192020247128,29.428471510298],[-82.1192262303727,29.428521008023],[-82.1192571778796,29.4285675393638],[-82.11929439952,29.4286104027622],[-82.1193373354688,29.4286489554332],[-82.1193853419881,29.4286826153196],[-82.1194376941525,29.4287108764822],[-82.1194936052958,29.4287333148698],[-82.119559749574,29.4287576655808],[-82.1196235942765,29.4287863370695],[-82.1196847732718,29.4288191656386],[-82.1197429324268,29.4288559598376],[-82.1197977376776,29.4288965078295],[-82.1198488863832,29.4289339642985],[-82.1199035277051,29.4289674294356],[-82.1199612520818,29.4289966584339],[-82.120021633807,29.4290214350669],[-82.1200842258352,29.4290415733987],[-82.120148562679,29.4290569259578],[-82.1202681605033,29.4290771729579],[-82.120388991202,29.4290906747759],[-82.1205105633367,29.4290973773119],[-82.1206323735758,29.4290972497111],[-82.1207539260557,29.4290902937417],[-82.1208747221643,29.4290765399988],[-82.1209942627096,29.4290560434319],[-82.1211120581157,29.429028888043],[-82.121227626406,29.4289951850453],[-82.1213404911214,29.4289550737266],[-82.1214346493531,29.4289157043496],[-82.1215319693769,29.428882756905],[-82.121631884917,29.4288564213637],[-82.1217338077858,29.4288368557161],[-82.1218371415348,29.428824175393],[-82.1219412814975,29.4288184514622],[-82.1220456176644,29.4288197197038],[-82.1221495348761,29.4288279724939],[-82.1222524271823,29.4288431617727],[-82.1223536906939,29.4288651962072],[-82.122452731652,29.4288939485577],[-82.1225193192972,29.4289183699121],[-82.1225835823547,29.4289471720946],[-82.1226451434617,29.4289801866992],[-82.122766646672,29.4290475921194],[-82.1228915637547,29.4291100282584],[-82.123019633966,29.4291673631162],[-82.1231505839385,29.4292194752914],[-82.1232841348935,29.4292662541132],[-82.1234200046797,29.4293076005804],[-82.1234576223201,29.4293153948817],[-82.1234961719037,29.429317903091],[-82.1235346922048,29.4293150616463],[-82.1235722187544,29.4293069431819],[-82.1236078159957,29.4292937480914],[-82.1236608443496,29.4292660996734],[-82.1237098938355,29.4292333038338],[-82.1237543182007,29.4291957918366],[-82.1237935283342,29.4291540627625],[-82.1238270049958,29.429108668401],[-82.1238543040743,29.429060208834],[-82.1238750660328,29.4290093253896],[-82.1238851540627,29.4289848230774],[-82.1238985408551,29.4289615621264],[-82.1239150317185,29.4289398836796],[-82.123939947684,29.4289151448002],[-82.123968791492,29.4288939281551],[-82.1240009231,29.4288767075258],[-82.1240356252377,29.428863866855],[-82.1240721231765,29.428855692487],[-82.124109605506,29.4288523663275],[-82.1241805542826,29.4288483567705],[-82.1242509485677,29.428839625008],[-82.1243505522731,29.4288270045842],[-82.1244509236074,29.4288205439666],[-82.1245515650343,29.4288202737804],[-82.1246519776229,29.4288261966544],[-82.124751669397,29.4288382828611],[-82.1248501429491,29.4288564709936],[-82.1248954595065,29.4288688457466],[-82.1249387895234,29.4288858232124],[-82.1249795243693,29.4289071639993],[-82.1250317761706,29.4289400582078],[-82.1250832606794,29.4289703288171],[-82.1251383349734,29.4289952877932],[-82.1251962902765,29.4290146154083],[-82.1252649776528,29.4290370280191],[-82.1253307890654,29.429065295807],[-82.1253930736002,29.4290991371056],[-82.125451214512,29.4291382203407],[-82.1255046427047,29.4291821606675],[-82.1255528274149,29.4292305216046],[-82.1255952944358,29.4292828289008],[-82.1256316272978,29.4293385642405],[-82.1256614648432,29.4293971805391],[-82.1256845146852,29.4294580994806],[-82.1257129695652,29.4295750515788],[-82.1257289452665,29.4296514836981],[-82.1257373187798,29.4297288383695],[-82.1257380276203,29.4298065351496],[-82.1257310679668,29.4298839973702],[-82.1257164886946,29.429960643006],[-82.1256944023885,29.4300358984108],[-82.1256649708112,29.4301092025642],[-82.1256517578204,29.4301491710899],[-82.125646182585,29.4301904934303],[-82.1256483952771,29.4302320570248],[-82.125657377703,29.4302696510094],[-82.1256757407913,29.4303114648535],[-82.1257001358806,29.4303471742167],[-82.1257308698536,29.4303789142269],[-82.1257671167487,29.4304058315415],[-82.1258280223621,29.4304083342704],[-82.1258882177702,29.430416816502],[-82.1259469438242,29.430431169651],[-82.126003453437,29.4304512113612],[-82.1260570290767,29.4304766867264],[-82.1261069960313,29.4305072739459],[-82.1261527172356,29.4305425851327],[-82.126193611688,29.4305821720626],[-82.1262291656123,29.4306255335966],[-82.1262589220688,29.4306721191002],[-82.1262895985694,29.4307250946355],[-82.126324547344,29.4307760040626],[-82.1263366637399,29.4307891086074],[-82.1263443775549,29.430794201284],[-82.1263529322774,29.4307981326288],[-82.1263620994941,29.4308007983176],[-82.126371640725,29.4308021272301],[-82.1263813021214,29.430802087669],[-82.1263908291694,29.4308006758973],[-82.126399967313,29.4307979332952],[-82.1264198270122,29.430753307923],[-82.126434410521,29.4307071498463],[-82.1264447375665,29.4305929224325],[-82.1264627162234,29.4304794237135],[-82.1264704179926,29.430389502763],[-82.1264861509172,29.4303003878068],[-82.126509819443,29.4302126284339],[-82.1265208425761,29.430172926712],[-82.1265391727305,29.4301353532539],[-82.1265643104222,29.4301009294318],[-82.1265955725996,29.4300705938653],[-82.1266321088707,29.4300451702328],[-82.1266729224321,29.4300253541186],[-82.12671690175,29.4300116811061],[-82.1267859949513,29.4300067113949],[-82.126855300511,29.4300081990934],[-82.1269240313183,29.4300161280527],[-82.1269914103273,29.4300304056098],[-82.1270566733903,29.4300508734668],[-82.1271190818568,29.4300772979952],[-82.1271567468933,29.4301082228096],[-82.1271892918884,29.4301433188061],[-82.1272161219212,29.4301819426043],[-82.1272367435966,29.4302233859],[-82.1272507791697,29.4302668883551],[-82.127257970325,29.4303116521033],[-82.1272581881369,29.4303568563694],[-82.1272514244851,29.4304016717501],[-82.127224932095,29.4305099000377],[-82.1271920429025,29.4306167737483],[-82.1271528461776,29.4307220057534],[-82.1271074476771,29.4308253092239],[-82.1270091772358,29.4309868765124],[-82.1269171820862,29.431151252493],[-82.1268315698106,29.4313182487443],[-82.1267524345999,29.4314876766],[-82.1266798697023,29.4316593437667],[-82.1266139571204,29.4318330541356],[-82.1265547685551,29.4320086114094],[-82.1265401687382,29.4321160827084],[-82.126532370578,29.4322240957581],[-82.1265313994423,29.4323323216656],[-82.1265372591047,29.4324404293384],[-82.1265499317015,29.4325480872886],[-82.1265693776239,29.4326549681429],[-82.1265955376215,29.4327607468758],[-82.1266283348837,29.4328650999453],[-82.1266676647149,29.4329677060077],[-82.1267134087661,29.4330682542975],[-82.1267654290235,29.4331664372997],[-82.1268257891145,29.4332290980139],[-82.1268921553787,29.4332869205855],[-82.1269640187257,29.4333394662118],[-82.1270408351586,29.4333863333531],[-82.1271220223823,29.433427170304],[-82.1272069621653,29.4334616626039],[-82.1272950112661,29.4334895503811],[-82.127385498493,29.4335106219825],[-82.1274777390651,29.4335247169433],[-82.1275710293974,29.4335317285987],[-82.1276646636293,29.4335316025801],[-82.1277595241927,29.4334622834995],[-82.1278496117425,29.433388248377],[-82.1279346214697,29.4333097443274],[-82.1280142675664,29.4332270431751],[-82.1280882764634,29.4331404223814],[-82.1281677453108,29.4330814748693],[-82.1282517244526,29.433027531749],[-82.128339801568,29.4329788534995],[-82.1284315463072,29.4329356786154],[-82.128526512481,29.4328982182336],[-82.128624235999,29.4328666560953],[-82.1287242370378,29.4328411440747],[-82.1288260312242,29.4328218086987],[-82.1289291184727,29.4328087437249],[-82.1290329973024,29.4328020149143],[-82.1291371588688,29.4328016508996],[-82.1292410948851,29.4328076568638],[-82.1294125493942,29.432814915292],[-82.1295835532866,29.4328279962478],[-82.1297538482732,29.4328468823988],[-82.129923177416,29.432871542903],[-82.1300912849784,29.4329019397229],[-82.1302579163595,29.4329380303313],[-82.1304228204344,29.4329797560234],[-82.1307431818149,29.433075011736],[-82.13106544058,29.4331652254732],[-82.1313894942924,29.4332503682881],[-82.1314831337619,29.4332848824589],[-82.1315784226158,29.4333157467947],[-82.131675173702,29.4333428983337],[-82.1317223292234,29.4333582150715],[-82.1317662422521,29.4333796827653],[-82.1318058744158,29.4334067952693],[-82.1318402865232,29.4334389065739],[-82.1318686625855,29.4334752610198],[-82.131890329372,29.4335149945549],[-82.1319047792957,29.4335571694396],[-82.1320055514132,29.4337564511999],[-82.1321126641185,29.4339531835406],[-82.1322260366746,29.4341472079694],[-82.132345577803,29.4343383757277],[-82.132471193217,29.434526534392],[-82.1324944694562,29.4345888665347],[-82.1325350518733,29.4346653299925],[-82.1325773711491,29.4347304148578],[-82.1326261808687,29.4347919216894],[-82.1326810877413,29.4348493524549],[-82.1327416511645,29.4349022479649],[-82.132807384447,29.4349501797744],[-82.1328777585449,29.4349927664934],[-82.1329522075131,29.4350296612531],[-82.1330301321565,29.4350605716245],[-82.1331109075428,29.4350852471222],[-82.1332096181862,29.4350984070502],[-82.1333089912173,29.4351069354734],[-82.1334087427731,29.4351108046736],[-82.1335085863947,29.4351100094447],[-82.1336082407536,29.4351045455771],[-82.1336803027411,29.4351202239207],[-82.133718298665,29.4351284903978],[-82.1338299040412,29.4351461251702],[-82.1339425824521,29.4351573726931],[-82.1340558566365,29.4351621881996],[-82.134169247746,29.4351605503568],[-82.1342822803481,29.4351524676727],[-82.1343944723151,29.4351379701918],[-82.13450535202,29.4351171233424],[-82.1346144494279,29.4350900124348],[-82.1347213030301,29.4350567545178],[-82.1348254621623,29.4350174875922],[-82.1349264857611,29.4349723796123],[-82.1350239486952,29.4349216222832],[-82.1351174377526,29.4348654264771],[-82.135241839036,29.434767812145],[-82.1353611763839,29.4346654695048],[-82.1354752152133,29.4345585973389],[-82.1355837298973,29.4344474081277],[-82.1356865122647,29.4343321173752],[-82.1357833559516,29.4342129514465],[-82.1358740697754,29.4340901487124],[-82.1359584801368,29.4339639451555],[-82.1360088672825,29.4338473646509],[-82.1360522624048,29.4337286494928],[-82.1360885507191,29.4336081206433],[-82.1361176358826,29.4334861039104],[-82.1361394338539,29.433362928031],[-82.1361538903666,29.433238926793],[-82.1361609655376,29.4331144360489],[-82.1361606370643,29.432989789262],[-82.1361529113021,29.4328653285356],[-82.1361378041142,29.4327413862186],[-82.136128113429,29.4327011408126],[-82.1361254587749,29.4326600765642],[-82.1361298962732,29.4326191311261],[-82.1361413254954,29.432579236601],[-82.1361594867156,29.4325413050549],[-82.1361839657801,29.4325061970225],[-82.1362142034671,29.4324747180691],[-82.1362495117967,29.4324475829928],[-82.136289084463,29.4324254105999],[-82.1363320209164,29.4324087079009],[-82.1363773391121,29.4323978540998],[-82.1364240085448,29.4323930984868],[-82.13647096495,29.4323945489752],[-82.1366470600059,29.4324205967248],[-82.136821631166,29.4324535853855],[-82.1369359500701,29.4324801485526],[-82.137051605067,29.4325018307185],[-82.1371683241439,29.4325185827298],[-82.1372858330984,29.4325303608082],[-82.1374038572149,29.4325371428235],[-82.1374963487931,29.4325289807201],[-82.1375878437815,29.4325145833219],[-82.1376777937923,29.4324940372341],[-82.1377656589227,29.4324674626046],[-82.1378010355876,29.4324455655596],[-82.1378321522004,29.4324191733567],[-82.1378582672904,29.4323889096046],[-82.1378787648902,29.4323554958367],[-82.137893154252,29.4323197199243],[-82.1379010987184,29.4322824356965],[-82.1379024073239,29.4322445257926],[-82.1378970474571,29.432206889258],[-82.1378851494722,29.4321704208744],[-82.1378669960162,29.4321359829937],[-82.1378142441455,29.4320857798099],[-82.1377676530007,29.4320311062531],[-82.1377277140607,29.4319725370151],[-82.1376948466176,29.4319106914971],[-82.1376693991288,29.4318462202996],[-82.1376516399218,29.4317798059552],[-82.1376145186004,29.4317304547059],[-82.1375839234187,29.4316777857094],[-82.1375602315135,29.4316224573048],[-82.1375437429626,29.4315651607211],[-82.1375346624949,29.4315066089178],[-82.1375331025612,29.4314475375424],[-82.1375390849204,29.4313886814981],[-82.1375525302728,29.4313307774629],[-82.1375732761185,29.4312745497761],[-82.1376010615162,29.4312207011385],[-82.1376355376656,29.4311699010738],[-82.1376762729945,29.4311227887286],[-82.1377227619794,29.4310799486693],[-82.1377744228712,29.4310419198644],[-82.1378306064712,29.4310091732861],[-82.1378906154734,29.4309821221862],[-82.1379536997602,29.4309611030631],[-82.1380190666626,29.4309463776523],[-82.1380859047218,29.4309381306506],[-82.138182573364,29.4309176059407],[-82.1382770751513,29.4308904222679],[-82.1383688102003,29.4308567519342],[-82.1384571972459,29.4308168081861],[-82.138541681927,29.4307708435602],[-82.1386217285871,29.4307191479293],[-82.1386968295263,29.4306620495725],[-82.1387665113541,29.4305999080712],[-82.1388303318343,29.4305331169588],[-82.1388878913898,29.4304620967101],[-82.1391895788227,29.4300849806844],[-82.1394940953561,29.4297096126017],[-82.1395645318506,29.4296336442328],[-82.139640419981,29.4295618144336],[-82.1397214455634,29.4294944197854],[-82.1398072720267,29.4294317447329],[-82.1398975386732,29.4293740480184],[-82.1399918697159,29.4293215727713],[-82.1400898745983,29.4292745329791],[-82.1401911424381,29.4292331305311],[-82.1403454983495,29.4291889407418],[-82.1404979084741,29.4291398500811],[-82.1406481713543,29.4290859207773],[-82.1407960842263,29.4290272267663],[-82.1409414524852,29.4289638457422],[-82.1410840803268,29.4288958625963],[-82.1411578912765,29.4288891660612],[-82.1412304222643,29.4288754378002],[-82.1413008013804,29.4288548470031],[-82.1413681858359,29.4288276391861],[-82.1414317629085,29.4287941398175],[-82.1414907747344,29.4287547520598],[-82.1415445081764,29.4287099493665],[-82.1415923186704,29.428660269598],[-82.1416336355479,29.4286063078979],[-82.1416679590294,29.4285487130295],[-82.1416948779961,29.428488176869],[-82.1417140691712,29.4284254253664],[-82.1417253034299,29.4283612132463],[-82.1417284461602,29.4282963086737],[-82.1417234572411,29.4282314941562],[-82.1417103966617,29.4281675467939],[-82.1416378655955,29.4277146366882],[-82.1415621314232,29.4272621287284],[-82.1416123240038,29.4271841531263],[-82.1416681539977,29.4271091707093],[-82.141729390278,29.4270374967141],[-82.1417957764108,29.4269694269695],[-82.1418670376749,29.4269052461449],[-82.1419428771115,29.42684522046],[-82.1420229796031,29.4267895995638],[-82.1421070108638,29.4267386156139],[-82.142194621625,29.4266924806457],[-82.1423458945854,29.4266870046304],[-82.1424972995418,29.4266873283824],[-82.142648541793,29.4266934492729],[-82.1427993330752,29.4267053539628],[-82.1429493852946,29.4267230218988],[-82.1430984116853,29.4267464199201],[-82.1432461258216,29.4267755004358],[-82.1432918361975,29.4267959969741],[-82.1433402228263,29.4268110620019],[-82.1433904506679,29.4268204394792],[-82.1434416485092,29.4268239647513],[-82.1434929323622,29.4268215776054],[-82.1435434148022,29.4268133197326],[-82.1435922235774,29.4267993323579],[-82.1436385129215,29.4267798573465],[-82.1436814821637,29.4267552348339],[-82.1436591840546,29.4266878856418],[-82.1436443099006,29.4266189834032],[-82.1436369922818,29.4265491549412],[-82.1436372996862,29.4264790349413],[-82.1436452305417,29.4264092568198],[-82.1436607089679,29.4263404580612],[-82.1436835986391,29.4262732606174],[-82.143713689306,29.4262082742731],[-82.1437507072268,29.4261460914214],[-82.143794317527,29.4260872744729],[-82.1438441230836,29.426032359446],[-82.1439082737203,29.4260007362475],[-82.1439683688788,29.4259635046735],[-82.1440237704983,29.4259210592398],[-82.144073892776,29.4258738513537],[-82.1441182023803,29.4258223802935],[-82.144156230814,29.4257671934323],[-82.1441875736393,29.4257088753956],[-82.1442118977746,29.4256480445834],[-82.1442289468587,29.4255853442434],[-82.1442385422798,29.4255214424899],[-82.1442405773556,29.4254570168584],[-82.1442350329356,29.425392748271],[-82.1442219670762,29.4253293217524],[-82.1442286591544,29.4252518747492],[-82.1442434383914,29.4251752941196],[-82.1442661834069,29.4251002237429],[-82.1442966988976,29.4250272953309],[-82.1443347311351,29.4249571269048],[-82.1443799569311,29.4248903099625],[-82.1444319939834,29.4248274078613],[-82.1444904061343,29.4247689514019],[-82.1445546993345,29.4247154351462],[-82.1447475765275,29.4245974667886],[-82.1449437202845,29.4244837053004],[-82.1451430166384,29.4243742198904],[-82.145345338316,29.4242690759181],[-82.1454080716202,29.4242080740938],[-82.1454651668806,29.4241429657009],[-82.1455162755684,29.4240741504989],[-82.1455610857794,29.4240020487607],[-82.145599320173,29.4239271012353],[-82.145630748378,29.423849767567],[-82.1456551758081,29.4237705197766],[-82.1456724539216,29.4236898442516],[-82.1456554941141,29.4236135414539],[-82.1456306418836,29.4235389150768],[-82.1455981093071,29.4234665879566],[-82.1455581645187,29.4233971658955],[-82.1455111422674,29.423331227024],[-82.1454574376489,29.4232693252977],[-82.1453974981836,29.423211976819],[-82.1453318258335,29.4231596616788],[-82.1452609689093,29.4231128174939],[-82.1451855211467,29.4230718348792],[-82.1451061113826,29.4230370581631],[-82.1449415969261,29.4229980577606],[-82.1447754522414,29.422964770168],[-82.1446079378365,29.4229372488181],[-82.1444393135075,29.4229155335974],[-82.144269840165,29.4228996608039],[-82.14409978625,29.4228896533385],[-82.1440041192928,29.4228859445231],[-82.1439091261747,29.4228753476173],[-82.1438154545054,29.4228579366021],[-82.1437237395383,29.4228338285491],[-82.1436346030547,29.42280318721],[-82.1435486554237,29.4227662230531],[-82.1434664751673,29.4227231856748],[-82.143388625358,29.422674367706],[-82.1433156351816,29.4226200999657],[-82.1432479978542,29.4225607523257],[-82.14318617485,29.4224967292753],[-82.1431305887749,29.4224284661823],[-82.1430816121398,29.4223564245782],[-82.1430645620017,29.4222953874109],[-82.1430397149736,29.4222364351915],[-82.143007390044,29.4221803325594],[-82.1429680051159,29.4221278017286],[-82.1429220677973,29.4220795196145],[-82.1428701745413,29.4220361106],[-82.142812991327,29.421998135358],[-82.1427512559113,29.4219660827717],[-82.1426857675699,29.4219403679443],[-82.1426173698175,29.4219213219613],[-82.1423514395922,29.421855326664],[-82.1420871878977,29.4217843477969],[-82.1418247397986,29.4217084156072],[-82.1415642150367,29.4216275674655],[-82.1413057333738,29.4215418398411],[-82.14122689798,29.4215127396385],[-82.1411454679865,29.4214897626053],[-82.1411030511949,29.4214700170323],[-82.1410637340941,29.421445849272],[-82.1410589213683,29.421439808427],[-82.1410552656732,29.4214331749495],[-82.1410528578467,29.4214261174188],[-82.1410517585725,29.421418815598],[-82.1410519985507,29.4214114532191],[-82.1410535712864,29.4214042178516],[-82.1410564343115,29.421397292804],[-82.1410605165247,29.4213908518427],[-82.1410766310656,29.4213660442066],[-82.1410966970474,29.4213435549857],[-82.1411202919356,29.421323861984],[-82.1411469079787,29.4213073855166],[-82.1411759803019,29.4212944771882],[-82.1412105554519,29.4212770313975],[-82.141241253009,29.4212547085768],[-82.1412671878061,29.4212281550142],[-82.1412876068261,29.4211981385011],[-82.1413019216717,29.421165526361],[-82.1413097194434,29.4211312612835],[-82.1413107715552,29.4210963371201],[-82.1412811339746,29.4210494766889],[-82.1412448521071,29.4210063479928],[-82.1412025305179,29.4209676676098],[-82.1411548723797,29.4209340790097],[-82.1411026714654,29.4209061424837],[-82.1410467970568,29.4208843195321],[-82.1409881793943,29.4208689780143],[-82.1409423438182,29.4208451478035],[-82.1409004214136,29.4208163164038],[-82.1408631241487,29.4207829731555],[-82.1408310757651,29.4207456770852],[-82.1408048189468,29.4207050588412],[-82.14078479716,29.4206618041215],[-82.1407713476552,29.4206166445229],[-82.1407646957769,29.4205703366845],[-82.1407649579692,29.4205236659509],[-82.1407721249029,29.4204774189959],[-82.1407860791818,29.4204323760229],[-82.1408065833644,29.420389294305],[-82.1408281195504,29.4203316792008],[-82.1408561539955,29.4202762472905],[-82.1408904013435,29.420223559169],[-82.1409305160547,29.4201741490747],[-82.1409760947646,29.4201285122992],[-82.1410266761562,29.4200871105999],[-82.1410816579396,29.4200408897815],[-82.1411411265945,29.4199991419255],[-82.1412046062806,29.4199622021981],[-82.1412715974582,29.4199303620246],[-82.1413415612426,29.4199038769266],[-82.1414139423247,29.4198829561098],[-82.1414881678339,29.4198677669551],[-82.1415636412414,29.4198584312987],[-82.1415870592107,29.4198485182165],[-82.1416086376415,29.4198358052299],[-82.1416279448706,29.419820546201],[-82.141644590196,29.4198030498744],[-82.1416582417313,29.4197836657629],[-82.1416720453593,29.419757277715],[-82.1416906912497,29.4197332792421],[-82.1417136522354,29.4197123456728],[-82.1417402847645,29.4196950617977],[-82.1417698403601,29.4196819166637],[-82.1418014889038,29.419673277828],[-82.1418343403332,29.4196693890444],[-82.1418674727346,29.4196703590413],[-82.1418999550285,29.4196761610311],[-82.1419021663465,29.4196798456392],[-82.1419050618564,29.4196831447049],[-82.141908559254,29.4196859646985],[-82.1419125544085,29.4196882198166],[-82.1419169303148,29.4196898456783],[-82.1419215593038,29.4196907930498],[-82.1419263049098,29.419691035999],[-82.1419310282026,29.4196905656932],[-82.1419355907061,29.4196893976717],[-82.1419398586483,29.419687566508],[-82.1419437071666,29.4196851222767],[-82.1419470221133,29.4196821414146],[-82.1419497087865,29.4196787061245],[-82.1419516853023,29.4196749232047],[-82.1419528955748,29.419670898116],[-82.1419533058419,29.4196667511608],[-82.1419528998127,29.4196626047627],[-82.1419516942271,29.4196585792364],[-82.1419497202912,29.419654793354],[-82.1419470372182,29.4196513582734],[-82.1419512326968,29.4196333125069],[-82.1419584979612,29.4196160315737],[-82.1419686639283,29.4195999103443],[-82.1419814960931,29.4195853208482],[-82.1420580969313,29.4195363230116],[-82.1421387873149,29.419492649014],[-82.1422230880534,29.4194545581662],[-82.1423104980612,29.4194222768994],[-82.142400491203,29.4193960014147],[-82.142492533054,29.4193758862571],[-82.1425860734743,29.4193620532036],[-82.1426805561155,29.4193545815105],[-82.1427754150522,29.4193535195827],[-82.1428700843726,29.419358871612],[-82.1429161242218,29.4193552763436],[-82.1429610040692,29.4193455927111],[-82.1430036806001,29.4193300508769],[-82.1430431631938,29.4193090064814],[-82.1430785321913,29.4192829527046],[-82.1431089653114,29.4192524927704],[-82.1431337552283,29.4192183375579],[-82.1431594097225,29.4191164492296],[-82.1431896483023,29.4190155299707],[-82.1432244198591,29.4189157358605],[-82.1432292087425,29.4188985625359],[-82.1432370031793,29.4188822548167],[-82.1432476081887,29.4188672134227],[-82.1432607697834,29.4188538064233],[-82.1432761596658,29.4188423626448],[-82.1432934021627,29.4188331658411],[-82.1433324808447,29.4188181732809],[-82.1433736287061,29.4188083028572],[-82.1434159781842,29.4188037626471],[-82.14345863034,29.4188046491733],[-82.1435006848612,29.4188109425321],[-82.1435809837743,29.418802830007],[-82.1436617519094,29.4187999874812],[-82.1437425354113,29.4188024311038],[-82.1439801705262,29.4188092892452],[-82.1442179355062,29.4188090307252],[-82.1444555509005,29.4188016595123],[-82.1445138365231,29.4187944872578],[-82.1445726058781,29.4187916667],[-82.1446314379657,29.4187932190976],[-82.1446848664998,29.4187958133836],[-82.144738367991,29.418794835693],[-82.144791625818,29.4187902947363],[-82.1449455543915,29.4187901273188],[-82.145099452075,29.4187927104012],[-82.1455454808043,29.4187922238781],[-82.145585447323,29.4187731771404],[-82.1456216011488,29.4187489875836],[-82.1456530857584,29.4187202253437],[-82.1456791563463,29.4186875744676],[-82.1456991938777,29.4186518051937],[-82.1457254303241,29.4185852500094],[-82.1457441131753,29.4185167698063],[-82.1457550611366,29.4184470164095],[-82.1457581697333,29.4183766619813],[-82.1457534117996,29.4183063782754],[-82.1457408292149,29.41823683739],[-82.1457205454142,29.418168705678],[-82.145692754204,29.4181026372282],[-82.1456688797548,29.4180334110131],[-82.1456522629086,29.4179625772082],[-82.145643040401,29.4178907175927],[-82.1456412858901,29.4178184227293],[-82.1456470152784,29.4177462848423],[-82.1457529571809,29.4177830163366],[-82.1458567497006,29.4178241854003],[-82.145958150882,29.4178696947229],[-82.1460260450329,29.4178987702362],[-82.1460968711941,29.4179218674661],[-82.1461699472083,29.4179387620263],[-82.1462445647454,29.4179492904177],[-82.1463200026734,29.417953351173],[-82.1463955311808,29.4179509049314],[-82.146470420985,29.4179419773117],[-82.1465439455847,29.4179266508325],[-82.1466153964372,29.4179050769163],[-82.146684082248,29.4178774623416],[-82.1467493360339,29.417844075687],[-82.1468417950632,29.417770756663],[-82.1469315828164,29.4176949340308],[-82.1470247620644,29.4175384608834],[-82.1471125708975,29.4175554433895],[-82.1471718745077,29.4176647138743],[-82.1472209685041,29.4177325023857],[-82.1472615779805,29.4177568026198],[-82.1473320588492,29.4177587898746],[-82.1475576324484,29.4176876652208],[-82.1475909724443,29.4177014020451],[-82.1476770553403,29.4175386489812],[-82.1477424123298,29.4173490693086],[-82.1477510750879,29.4172585783923],[-82.1478072083501,29.417267903915],[-82.147908155331,29.4173197974973],[-82.1480685531958,29.4173786625725],[-82.1481995374594,29.4175199520336],[-82.1482733026778,29.41741526105],[-82.1483653204946,29.4173103862511],[-82.1485844520587,29.417323990654],[-82.1486119237761,29.417283606191],[-82.1486453521194,29.4172468267652],[-82.1486841318137,29.417214320905],[-82.1487275573189,29.4171866822382],[-82.1487748355959,29.417164412579],[-82.1488251088343,29.4171479196315],[-82.1488774600067,29.4171374999459],[-82.1489309364348,29.4171333447586],[-82.148984565454,29.4171355312514],[-82.1490373689631,29.4171440174007],[-82.1490883879773,29.4171586496392],[-82.1491437034076,29.4171889600043],[-82.1491944562657,29.4172248709161],[-82.1492399074384,29.4172658637249],[-82.1492794009789,29.4173113454864],[-82.1493123650516,29.4173606525876],[-82.1493383176255,29.4174130716029],[-82.149356883945,29.4174678414142],[-82.1493677940668,29.41752417031],[-82.1493708900511,29.4175812370179],[-82.1493661294668,29.4176382169351],[-82.1493363582729,29.4177117860484],[-82.1493143363362,29.4177874152377],[-82.1493002442357,29.4178644833468],[-82.1492941979679,29.4179423545168],[-82.1492962498915,29.4180203818127],[-82.1493063810688,29.4180979260344],[-82.1493245097403,29.4181743459438],[-82.1493504828276,29.4182490089393],[-82.1493840901427,29.4183213003367],[-82.1494646097101,29.4184461824471],[-82.1495397034393,29.4185736329797],[-82.1496092612736,29.4187034667824],[-82.1496731906045,29.4188355017244],[-82.1497110714576,29.4189298945152],[-82.149741191155,29.4190264057676],[-82.1497633941867,29.4191245481232],[-82.1497775705826,29.4192238260211],[-82.149783647714,29.4193237337446],[-82.1497815951477,29.4194237681419],[-82.1497714248597,29.4195234196065],[-82.1497531836621,29.4196221872801],[-82.1496355125656,29.4196279109765],[-82.149518544705,29.419640534832],[-82.1494028060106,29.4196600015701],[-82.1492888231578,29.4196862223474],[-82.1491771049588,29.4197190791249],[-82.1490681557573,29.4197584249096],[-82.1489624682798,29.4198040809182],[-82.1488605183158,29.4198558437],[-82.14881998197,29.4198916944791],[-82.1487853389959,29.4199320045575],[-82.1487572190279,29.4199760345614],[-82.148736135703,29.4200229816625],[-82.1487224740428,29.4200719901782],[-82.1487164850679,29.4201221613997],[-82.1487182768535,29.4201725832076],[-82.1487278165045,29.4202223337167],[-82.1487449296652,29.4202705020212],[-82.1487693051384,29.4203162108369],[-82.1488004987715,29.4203586264971],[-82.1488379372795,29.4203969716551],[-82.1488809403785,29.4204305482426],[-82.1489287206787,29.42045874198],[-82.1489804069979,29.4204810390404],[-82.1490350545365,29.4204970316469],[-82.1490916663003,29.4205064274841],[-82.1491492084491,29.4205090544863],[-82.1492066276835,29.4205048665666],[-82.1495328632506,29.4204405618523],[-82.149804121803,29.4203923995187],[-82.1500765265238,29.4203494755492],[-82.1501450995076,29.4203360500197],[-82.1502148709484,29.4203287612481],[-82.1502851279203,29.4203276847965],[-82.1503551466641,29.4203328310647],[-82.1504242151668,29.4203441493069],[-82.1504916230494,29.4203615193278],[-82.1505566786983,29.4203847680341],[-82.1506187168795,29.4204136524272],[-82.1506771044313,29.4204478804594],[-82.1507312394885,29.420487100192],[-82.1507805687412,29.420530910934],[-82.1508245885285,29.4205788605546],[-82.1508628444565,29.4206304617187],[-82.1509469704259,29.4207106554201],[-82.1510259027841,29.4207947987651],[-82.1510994002574,29.420882632951],[-82.151167240347,29.4209738895876],[-82.151229213105,29.4210682923898],[-82.1512851306406,29.4211655474236],[-82.1513348215231,29.4212653619532],[-82.1513781332247,29.4213674282439],[-82.151394525858,29.4214275319825],[-82.1514018052312,29.4214542182735],[-82.1514181787614,29.4215422906288],[-82.1514271639333,29.4216311717675],[-82.1514287140708,29.4217203916321],[-82.1514228228675,29.4218094727712],[-82.1514095200336,29.4218979401861],[-82.1513888744076,29.4219853204851],[-82.1513609989601,29.42207114829],[-82.1513260425519,29.4221549660874],[-82.1512841909226,29.4222363260515],[-82.1512356655541,29.4223147945354],[-82.1511807267624,29.4223899521272],[-82.1511196704579,29.4224613999076],[-82.150983120064,29.4225569850612],[-82.1508429744647,29.4226484934079],[-82.1506993886924,29.4227358194521],[-82.150552526863,29.4228188659834],[-82.1504025541242,29.4228975358105],[-82.1503316409135,29.4229383612864],[-82.1502651530469,29.4229845443751],[-82.1501766828404,29.423062493803],[-82.1501475222761,29.4230914804573],[-82.1500973104424,29.4231513867262],[-82.1500533817815,29.4232149652019],[-82.1500160842491,29.4232817087379],[-82.1499857105946,29.4233510911439],[-82.1499625035973,29.4234225636708],[-82.1499466456563,29.4234955593341],[-82.149938261733,29.4235694992837],[-82.1499374202102,29.4236438000376],[-82.1499441277829,29.4237178715852],[-82.1499583291814,29.4237911291124],[-82.1499799155189,29.4238629886413],[-82.1500628002591,29.4239954584035],[-82.1501388121146,29.4241310516107],[-82.1502077977863,29.4242694930021],[-82.1502696195111,29.4244105039868],[-82.1503241509412,29.42455380257],[-82.1503712834323,29.4246990989541],[-82.1504399195011,29.4249113499515],[-82.1505035493839,29.4251247955195],[-82.1505621423114,29.4253393403649],[-82.1506156765525,29.4255548992831],[-82.1506264367647,29.4259087002973],[-82.1506393380997,29.4262624479089],[-82.150646217375,29.4263124417312],[-82.150660739484,29.4263611666903],[-82.150682635776,29.4264077318372],[-82.150711507856,29.4264512844866],[-82.1507468261081,29.4264910291396],[-82.1507879479433,29.4265262404461],[-82.1508341196467,29.4265562722622],[-82.1508844954867,29.4265805778467],[-82.1509381572693,29.4265987111167],[-82.1509941222201,29.4266103421301],[-82.1510513697939,29.426615256667],[-82.1511088496849,29.4266133663003],[-82.1511810128739,29.4265996719398],[-82.1512513703248,29.4265800598988],[-82.151319293275,29.4265547056249],[-82.151384168196,29.4265238380792],[-82.1514454165606,29.4264877319727],[-82.1515024833827,29.4264467129722],[-82.151554862114,29.4264011509316],[-82.1516020793602,29.4263514523963],[-82.1516437092193,29.4262980644712],[-82.1516793827035,29.4262414686744],[-82.1517740851862,29.4261514760258],[-82.1518744378564,29.4260663053445],[-82.1519801189741,29.4259862260299],[-82.152090790658,29.4259114927534],[-82.1522061019766,29.4258423455142],[-82.1523256871203,29.4257789996804],[-82.1524491608989,29.4257216621507],[-82.1525444244556,29.4256919437424],[-82.1526419490511,29.4256685048105],[-82.152741192491,29.4256514790485],[-82.1527972767248,29.4256122266205],[-82.1528482773772,29.4255679792176],[-82.1528936167954,29.4255192380613],[-82.1529327831737,29.4254665533842],[-82.1529653326571,29.4254105226628],[-82.1529908926438,29.425351781653],[-82.1530091785024,29.4252909947659],[-82.1530199823228,29.4252288512551],[-82.1530231783436,29.4251660535839],[-82.1529991076539,29.4251118979665],[-82.1529821709912,29.4250557080153],[-82.1529725863633,29.424998205926],[-82.1529704736458,29.4249401229528],[-82.152975860722,29.4248822013231],[-82.1529886785661,29.4248251842236],[-82.1530087627613,29.4247697950733],[-82.1530336135952,29.424720426529],[-82.1530642147876,29.4246735979415],[-82.1531002326917,29.4246298221397],[-82.1531412737254,29.4245895747781],[-82.1531868883437,29.4245533007252],[-82.1532365798119,29.4245213916637],[-82.1532898039502,29.4244941969134],[-82.1533418668636,29.4244511162563],[-82.1533966268591,29.4244106757061],[-82.153453905611,29.4243730073967],[-82.1535051109675,29.4243443441671],[-82.1535595069306,29.4243206092474],[-82.1536164769491,29.4243020739565],[-82.1536753759955,29.4242889495467],[-82.1537355347925,29.4242813827679],[-82.1538070682423,29.4242806206271],[-82.1538783349332,29.4242860761834],[-82.153948630119,29.4242976952325],[-82.1540172638879,29.4243153624793],[-82.1540835549169,29.4243389041328],[-82.1541468521066,29.424368088296],[-82.1542460593064,29.4243912149304],[-82.1543433625102,29.4244198809501],[-82.1544383584766,29.4244539654008],[-82.154530654689,29.4244933294754],[-82.154619866498,29.4245378065373],[-82.1547056260542,29.424587216718],[-82.1547875805867,29.4246413524489],[-82.1548653848734,29.4246999918604],[-82.1549387230879,29.4247628901521],[-82.1550143899239,29.4247999006724],[-82.1550859001571,29.4248427809178],[-82.1551526570755,29.4248911772606],[-82.155214112458,29.4249446900251],[-82.1552697532023,29.4250028723448],[-82.1553191206029,29.4250652431412],[-82.1553618031607,29.4251312860922],[-82.1553974478107,29.4252004543455],[-82.1554257598793,29.4252721723224],[-82.1554025268424,29.4253392851875],[-82.1553862476424,29.4254079498559],[-82.1553770517887,29.4254776119175],[-82.1553767853133,29.4255718313414],[-82.1553801501143,29.4256177001545],[-82.1553924192543,29.4256869997567],[-82.1554117243702,29.425755059897],[-82.1554379061741,29.4258213344948],[-82.1554800045309,29.4258576816801],[-82.1555263281317,29.4258898485821],[-82.155576342595,29.4259174601271],[-82.1556294618238,29.4259401926474],[-82.1556850694087,29.4259577841911],[-82.1557425177259,29.4259700290933],[-82.1558064758153,29.4259771521686],[-82.1558709441302,29.4259776485838],[-82.1559350333292,29.4259715104506],[-82.1559978539284,29.4259588237231],[-82.1560585391169,29.4259397622924],[-82.1561162436218,29.4259145924772],[-82.1561676218119,29.4259073167804],[-82.1562175394258,29.4258944247749],[-82.1562651990179,29.4258761213784],[-82.1563098402621,29.4258526988027],[-82.1563507482998,29.4258245321916],[-82.1563872693857,29.4257920717812],[-82.1564188192781,29.4257558367345],[-82.1564450741003,29.4257160125223],[-82.1564653027101,29.425673580369],[-82.1564791786049,29.4256292328127],[-82.1564864713469,29.4255836975064],[-82.1564870593071,29.4255377212048],[-82.1564809372789,29.4254920527567],[-82.1564682051019,29.4254474447052],[-82.1564490683178,29.4254046253268],[-82.1564438744595,29.425356214224],[-82.1564321198173,29.4253086929595],[-82.1564139719683,29.4252627385959],[-82.15638968861,29.4252190090627],[-82.1563596179193,29.4251781278237],[-82.1563241914042,29.4251406810413],[-82.1562839129301,29.4251072020399],[-82.1562393576898,29.4250781712869],[-82.1561924698726,29.4250405425409],[-82.1561501511663,29.4249989670686],[-82.1561128337515,29.4249538704372],[-82.1560808995477,29.4249057115983],[-82.156054673108,29.424854978248],[-82.1560344205255,29.4248021895135],[-82.1560203476692,29.4247478832895],[-82.1560126003123,29.424692610825],[-82.15590919462,29.4246282226347],[-82.1558023852157,29.4245682414764],[-82.1556924214573,29.4245128017682],[-82.1555795528064,29.4244620334188],[-82.155464038313,29.4244160529751],[-82.1553472541522,29.4243482652583],[-82.1552347736354,29.4242751129118],[-82.1551269165377,29.4241968047319],[-82.1550239930197,29.4241135637795],[-82.154926294312,29.4240256290174],[-82.1549182782052,29.4240029649383],[-82.1549148340766,29.4239794330314],[-82.1549160650724,29.4239557317616],[-82.1549219349561,29.4239325697161],[-82.1549322697961,29.4239106376621],[-82.1549467584748,29.4238905868995],[-82.1549649704579,29.4238730187536],[-82.1549863636844,29.423858455842],[-82.1550103002967,29.423847330628],[-82.1550360664477,29.4238399758515],[-82.1550628921946,29.4238366113523],[-82.1550899805145,29.4238373373745],[-82.1551308204228,29.4237993723179],[-82.1551660859511,29.4237573410831],[-82.155195256324,29.4237118695446],[-82.1552178972397,29.4236636320556],[-82.155233671405,29.4236133417114],[-82.1552423458315,29.4235617468709],[-82.155243795413,29.4235096104676],[-82.1552379926859,29.4234577071174],[-82.1552250288568,29.4234068054512],[-82.1552151337476,29.4233178983157],[-82.155211740773,29.4232286191951],[-82.1552148609293,29.4231393328339],[-82.1552244856592,29.423050402721],[-82.1552746259159,29.423023416041],[-82.1553210172797,29.42299170125],[-82.1553630793443,29.4229556584663],[-82.1554002893928,29.4229157330621],[-82.1554321831941,29.4228724256029],[-82.1554583636688,29.4228262739567],[-82.1554785028864,29.4227778560369],[-82.1554602266639,29.4227331047484],[-82.1554488096908,29.4226866425016],[-82.1554444495805,29.4226392705258],[-82.1554472209215,29.4225918058806],[-82.1554570765632,29.4225450706512],[-82.1554738471367,29.4224998684792],[-82.1554972411197,29.4224569818564],[-82.1555268566571,29.4224171515844],[-82.1555621818583,29.4223810641471],[-82.1556026063422,29.422349342896],[-82.1556474328453,29.4223225365284],[-82.1558146962645,29.4223003463329],[-82.155982730743,29.4222831949376],[-82.1561513400076,29.4222711022671],[-82.1563203237494,29.4222640845647],[-82.1564894818506,29.4222621499576],[-82.1565965520644,29.4222542215325],[-82.1567039815491,29.4222522810987],[-82.1568113321715,29.4222563334036],[-82.1569181713522,29.4222663661516],[-82.1570240620376,29.4222823380927],[-82.157128578111,29.4223041811056],[-82.1572312897785,29.4223318080546],[-82.1573317843002,29.4223651077488],[-82.1574019544145,29.4223842085133],[-82.1574695320165,29.4224094725058],[-82.157533817301,29.4224406353882],[-82.1575941396528,29.4224773746968],[-82.157649868055,29.4225193055173],[-82.1577004241851,29.4225659933527],[-82.1577452805033,29.4226169477728],[-82.1577839690796,29.422671641521],[-82.1578160889543,29.4227295043307],[-82.1578413018478,29.4227899300663],[-82.1579512517797,29.4230466924309],[-82.1580679524945,29.4233011623508],[-82.1581599568901,29.4234426716174],[-82.1582455709942,29.4235872213789],[-82.1583246649438,29.4237345909466],[-82.1583971171997,29.4238845561715],[-82.1584628166714,29.4240368867758],[-82.1585216616228,29.4241913490394],[-82.1585986366116,29.4243305773153],[-82.1586825617771,29.4244666902051],[-82.1587732773807,29.4245994240465],[-82.1588037644027,29.4246189889984],[-82.1588375319374,29.4246338630046],[-82.1588736475993,29.4246436331724],[-82.1589111127267,29.4246480315977],[-82.1589488922607,29.4246469359017],[-82.158985942415,29.4246403760458],[-82.159021240576,29.4246285339663],[-82.1590538091693,29.4246117367845],[-82.1590898864122,29.4246045575484],[-82.1591268074052,29.4246024925937],[-82.1591636360241,29.4246055963765],[-82.1591994310335,29.4246137897155],[-82.1592332799796,29.4246268649132],[-82.1592643218127,29.4246444879672],[-82.159267091045,29.4246434892267],[-82.1592700150516,29.4246429227821],[-82.1592730079602,29.4246428024297],[-82.1592759809556,29.4246431355962],[-82.1592788416095,29.4246439079876],[-82.1592815109926,29.4246451010405],[-82.1592839044383,29.4246466771395],[-82.1592859550063,29.4246485899643],[-82.1592875991221,29.4246507815247],[-82.1592887877617,29.424653188678],[-82.1592894875883,29.4246557386378],[-82.1594110684991,29.4246921922138],[-82.1595347121634,29.4247228788989],[-82.1596600568415,29.4247477082686],[-82.1597867444056,29.4247666116209],[-82.1599144091977,29.4247795336546],[-82.1600426820664,29.4247864361518],[-82.1601711923853,29.4247872998189],[-82.1602995701563,29.4247821225192],[-82.1604158038948,29.4247332494645],[-82.1605331265946,29.4246864153089],[-82.1605810228495,29.4246735214313],[-82.1606305429811,29.4246668052528],[-82.160680648839,29.424666408738],[-82.1607302992633,29.4246723384475],[-82.1607784530258,29.4246844719082],[-82.1607847406479,29.4246850748292],[-82.1607910498391,29.4246847135361],[-82.1607971936757,29.4246834036202],[-82.1608029857776,29.4246811814365],[-82.1608082523765,29.4246781169529],[-82.1608128316023,29.4246743002026],[-82.1608165887891,29.4246698478756],[-82.1608194095386,29.4246648914632],[-82.1608212077715,29.424659585524],[-82.1608219293685,29.4246540842882],[-82.1608215538286,29.4246485588321],[-82.1608200896888,29.4246431726325],[-82.1608175856669,29.4246380898882],[-82.1608141124125,29.4246334625589],[-82.1608097789697,29.4246294315635],[-82.1607995541595,29.4246048134287],[-82.1607850333889,29.4245819092652],[-82.160766575397,29.4245612885759],[-82.1607446442479,29.4245434686154],[-82.1607197820413,29.4245288913413],[-82.1607081919214,29.4245090076118],[-82.1607005256742,29.4244877181442],[-82.1606969973301,29.4244656096957],[-82.1606977058617,29.4244432967335],[-82.1607026296567,29.4244213933626],[-82.1607116307671,29.4244005079884],[-82.1607244657827,29.4243812191489],[-82.160740773849,29.4243640590574],[-82.1607601047379,29.4243495032786],[-82.16078192745,29.424337955544],[-82.1608056315612,29.4243297342407],[-82.1608305675306,29.4243250677219],[-82.1608560407508,29.4243240842744],[-82.1608813476493,29.4243268109622],[-82.160905789082,29.4243331738675],[-82.16092868688,29.4243429956809],[-82.1609494073347,29.4243560051461],[-82.160967377597,29.424371840964],[-82.1610329634372,29.424414545614],[-82.161102996952,29.4244514396434],[-82.1611768133768,29.4244821691187],[-82.1612537052532,29.4245064425044],[-82.1613329359711,29.4245240245905],[-82.161355044012,29.4245026743547],[-82.1613810202426,29.4244849767765],[-82.1614100905896,29.424471460258],[-82.1614413860016,29.4244625278755],[-82.1614739715067,29.424458448878],[-82.1615068723498,29.4244593429151],[-82.1615391048367,29.4244651832978],[-82.1615697082714,29.424475797572],[-82.1615977656247,29.4244908651824],[-82.1616224401372,29.4245099388841],[-82.1616429937796,29.4245324486822],[-82.1617692427417,29.4246164000113],[-82.1618999855882,29.424694905074],[-82.1620349132665,29.4247677805472],[-82.1621737102862,29.4248348538211],[-82.1622412494762,29.4248435286977],[-82.1623094467406,29.4248461110259],[-82.1623775883173,29.4248425780661],[-82.1624196939696,29.4248080289892],[-82.1624579553334,29.4247702111945],[-82.1624920473314,29.4247294500086],[-82.1625216741532,29.4246860974511],[-82.1625465797487,29.4246405243022],[-82.1625557609039,29.4246130360113],[-82.1625696601499,29.4245871086382],[-82.1625879475591,29.4245633624827],[-82.1626101863789,29.4245423581773],[-82.162635850546,29.4245245970013],[-82.1626643292509,29.4245105020143],[-82.1626949446854,29.4245004084489],[-82.1628128596201,29.4244788402778],[-82.1628998588466,29.4244688319475],[-82.1629874724827,29.4244645842929],[-82.1630752041371,29.4244661244976],[-82.1631625521875,29.4244734390475],[-82.1632490248543,29.4244864902433],[-82.16330589407,29.4245212239533],[-82.163366497386,29.4245507270088],[-82.1634302060644,29.4245746912529],[-82.1634963651599,29.4245928712238],[-82.1635642895049,29.4246050795703],[-82.1636332791433,29.4246111882317],[-82.1637026212011,29.4246111365926],[-82.1637715983197,29.424604923513],[-82.1638369288685,29.4245958008024],[-82.1639030402915,29.4245936960255],[-82.1639689527229,29.4245986394266],[-82.1640336918151,29.4246105575818],[-82.164096295908,29.4246292753327],[-82.164155839724,29.4246545162108],[-82.1642114364489,29.4246859015725],[-82.1642622650847,29.4247229709407],[-82.1643075737715,29.4247651721386],[-82.1643466865352,29.4248118812613],[-82.1643790269209,29.4248624058067],[-82.1644041146695,29.4249159945408],[-82.164405363617,29.4249044670001],[-82.1644088450004,29.4248932953193],[-82.1644144583474,29.4248828088546],[-82.1644220366399,29.4248733177217],[-82.1644313589733,29.4248651003903],[-82.1644421475493,29.424858400021],[-82.1644540864754,29.4248534139738],[-82.1644668229207,29.4248502884155],[-82.1644799816248,29.4248491149703],[-82.1644931773028,29.4248499291378],[-82.1645060198814,29.4248527067775],[-82.1645181288804,29.4248573661713],[-82.1645291498755,29.4248637692212],[-82.1645387595025,29.4248717278555],[-82.1645466704814,29.4248810095326],[-82.1645526532951,29.4248913358253],[-82.1645617042491,29.4248977982855],[-82.164569372668,29.42490550915],[-82.1645754390798,29.4249142452147],[-82.1645797258992,29.4249237551514],[-82.1645821117243,29.4249337651791],[-82.1645825261221,29.4249439816767],[-82.1645809573434,29.4249541138802],[-82.1645774504729,29.4249638648264],[-82.1645721088994,29.4249729566441],[-82.1645650841395,29.4249811249583],[-82.164556580672,29.4249881325112],[-82.1643677190411,29.4251382402819],[-82.1643562862288,29.4251405807178],[-82.164345473052,29.425144587157],[-82.1643355935467,29.4251501416119],[-82.1643269359329,29.4251570841242],[-82.1643197482118,29.4251652116045],[-82.1643142419913,29.4251742905335],[-82.1643105750136,29.4251840548436],[-82.1643088548536,29.4251942240323],[-82.1643091307618,29.4252044994064],[-82.1643113952384,29.4252145848641],[-82.164315580901,29.4252241886436],[-82.1643215696087,29.4252330298026],[-82.1643291848912,29.425240853423],[-82.1643382073824,29.4252474317898],[-82.1643483746088,29.4252525734105],[-82.1643593890631,29.4252561303791],[-82.1643709357189,29.4252579986901],[-82.1643826767528,29.4252581235577],[-82.1644226996682,29.4252492585671],[-82.1644638709333,29.4252465536766],[-82.1645049579509,29.4252500914495],[-82.1645447356051,29.4252597668982],[-82.1645820191447,29.4252752916832],[-82.164615695973,29.4252962009997],[-82.1646447592244,29.4253218722258],[-82.1646682537421,29.4253689860218],[-82.1646985341764,29.4254130308388],[-82.1647350881053,29.4254532647832],[-82.1647772955277,29.4254890062929],[-82.1648244429078,29.4255196506322],[-82.1648698789352,29.425507273218],[-82.1649166229163,29.4254994778598],[-82.1649640767994,29.4254963630152],[-82.1650116263691,29.4254979691028],[-82.1650696631493,29.4255136429988],[-82.1651295180966,29.4255226658431],[-82.1651902011704,29.4255248845313],[-82.1652507092202,29.4255202657366],[-82.1653100376144,29.4255088834862],[-82.1653672058096,29.4254909277399],[-82.165413804366,29.4254881132157],[-82.1654603546078,29.4254915059014],[-82.1655057812467,29.4255010287701],[-82.1655490370752,29.4255164618278],[-82.1655891264509,29.4255374515576],[-82.165625122832,29.4255635103318],[-82.1656561991574,29.425594039514],[-82.1656816400631,29.4256283359949],[-82.1657008549166,29.4256656077646],[-82.1657134030264,29.4257049978251],[-82.1657124152903,29.4258699998848],[-82.1657195748469,29.4259101821542],[-82.1657332764357,29.4259490406582],[-82.1657532391305,29.4259857627656],[-82.1657790407872,29.4260195802343],[-82.1658101433359,29.4260497895172],[-82.1658458968598,29.4260757536398],[-82.165885553302,29.4260969331261],[-82.1660580351321,29.4261764112668],[-82.1662277981012,29.4262602564949],[-82.1663946975259,29.42634839765],[-82.1665585898148,29.4264407608852],[-82.1667193365894,29.4265372697406],[-82.1667683606978,29.4265605189321],[-82.1668139948948,29.4265885682667],[-82.166855624437,29.4266210394817],[-82.1668926935616,29.4266575003288],[-82.1669247085766,29.4266974646296],[-82.1669512398381,29.4267403959196],[-82.1669719348482,29.4267857203159],[-82.1669865139446,29.42683283456],[-82.1670462352749,29.4268472609279],[-82.1671041163406,29.4268666000194],[-82.1671596315391,29.4268906727809],[-82.1672122756855,29.4269192644325],[-82.1672615725075,29.4269521137907],[-82.1672877309737,29.42699601015],[-82.1673204162609,29.4270364140652],[-82.1673590303181,29.4270725857288],[-82.1674028649698,29.4271038663754],[-82.1674511213858,29.4271296831431],[-82.167502916978,29.4271495627325],[-82.1675573016322,29.4271631425258],[-82.1676132834032,29.4271701737544],[-82.1676698365896,29.4271705288624],[-82.1677259265461,29.4271641983421],[-82.1677805279982,29.4271513009873],[-82.1678326418234,29.4271320715615],[-82.1679220692943,29.4271290693855],[-82.168010832682,29.4271190657397],[-82.1680982136747,29.4271021434108],[-82.1681835123994,29.4270784342435],[-82.1682660430065,29.4270481316948],[-82.1683451390751,29.4270114801019],[-82.1684201670911,29.4269687713139],[-82.1684905242399,29.4269203509691],[-82.1685556437901,29.4268666086644],[-82.168552707106,29.4268532456889],[-82.1685523322431,29.4268396425384],[-82.168554528013,29.4268261720367],[-82.168559235291,29.426813203084],[-82.1685663240514,29.4268010951898],[-82.1685756021375,29.4267901760718],[-82.1685868099404,29.4267807487791],[-82.1685996435305,29.4267730722548],[-82.1686137486012,29.4267673558142],[-82.1686287390567,29.4267637576725],[-82.1686442023531,29.4267623769194],[-82.1686597139852,29.4267632510718],[-82.1686748468021,29.4267663544355],[-82.1686867125461,29.4267724437982],[-82.1686996015949,29.4267766448382],[-82.1687131261618,29.4267788351135],[-82.1687268796387,29.4267789477903],[-82.1687404477605,29.4267769790614],[-82.1687534230298,29.4267729884048],[-82.1687654181951,29.4267670952156],[-82.1687760683747,29.4267594761365],[-82.1687850548376,29.4267503618747],[-82.1687921083689,29.4267400255312],[-82.1687970176169,29.426728778239],[-82.1687996324583,29.4267169574924],[-82.1687998775812,29.4267049192695],[-82.1687977414472,29.4266930252014],[-82.1687932930493,29.4266816311422],[-82.1687866624206,29.4266710832105],[-82.1687780493828,29.4266616962902],[-82.1687677143359,29.4266537511579],[-82.1687559670514,29.4266474888695],[-82.1687431607651,29.4266430989231],[-82.1687296810748,29.4266407091348],[-82.168715930276,29.4266403943822],[-82.1687023276563,29.426642163976],[-82.1686892754543,29.4266459628564],[-82.1686771710539,29.426651679029],[-82.1685978268202,29.4265298955589],[-82.1685224213356,29.4264062082411],[-82.1684510151829,29.4262807147179],[-82.1684562220637,29.4262303888718],[-82.16845462643,29.4261798753582],[-82.1684462510281,29.4261298775054],[-82.1684312084713,29.4260810903245],[-82.1684153019649,29.4260661515393],[-82.1684024377052,29.4260491142439],[-82.1683929695621,29.42603044948],[-82.1683871586971,29.426010669941],[-82.1683851675934,29.4259903208425],[-82.1683870480496,29.4259699643665],[-82.1683927488149,29.4259501617524],[-82.1684021160097,29.425931455257],[-82.1684148859778,29.4259143653198],[-82.1684307117812,29.4258993594557],[-82.1684491549367,29.4258868530093],[-82.1684697074945,29.4258771906017],[-82.168491802552,29.425870637295],[-82.1685009193173,29.4258776943928],[-82.1685112879385,29.4258832715098],[-82.1685225989581,29.4258872024889],[-82.1685345128484,29.4258893729702],[-82.1685466766643,29.4258897134708],[-82.1685587246527,29.425888217442],[-82.1685702991529,29.4258849290115],[-82.1685810546762,29.4258799448603],[-82.1685906702479,29.4258734153467],[-82.1685988588913,29.4258655356521],[-82.16860537608,29.4258565369092],[-82.1686100268028,29.4258466926448],[-82.1686126733657,29.4258362936539],[-82.1686132353076,29.4258256516077],[-82.1686116969489,29.4258150847509],[-82.1686081045749,29.4258049061213],[-82.1686025654686,29.4257954208251],[-82.1686026129174,29.4257529296485],[-82.168609825239,29.4257109087356],[-82.1686240437573,29.4256702819465],[-82.1686449580317,29.425631939743],[-82.1686721094538,29.4255967175983],[-82.1687049047056,29.4255653935301],[-82.1687211015091,29.4255634908165],[-82.1687367010473,29.425559225914],[-82.1687512562321,29.4255527207556],[-82.168764351428,29.4255441628059],[-82.1687756129868,29.4255337953238],[-82.1687847175528,29.4255219148044],[-82.1687914057098,29.4255088603951],[-82.1687954852399,29.425495006735],[-82.1687968407338,29.4254807496894],[-82.1687954328124,29.4254664955082],[-82.1687913024167,29.4254526536835],[-82.1687845660988,29.4254396179164],[-82.1687754181451,29.4254277634484],[-82.1687641186558,29.4254174278982],[-82.16875099161,29.4254089058135],[-82.1687364126503,29.4254024421364],[-82.1687207980024,29.4253982211762],[-82.1687045942143,29.4253963646219],[-82.1686882638803,29.4253969249696],[-82.1686722763893,29.425399884455],[-82.168512663341,29.4253209821896],[-82.1683553718468,29.4252385886379],[-82.1683033427329,29.4252034168714],[-82.1682477248417,29.4251727394356],[-82.168189024948,29.4251468352003],[-82.1681277745534,29.4251259392636],[-82.1680645330201,29.4251102412046],[-82.1679998690465,29.4250998838488],[-82.1679932910107,29.4251049138883],[-82.1679858374811,29.425108903192],[-82.1679777244871,29.4251117374222],[-82.1679691827321,29.4251133358905],[-82.1679604554919,29.4251136533248],[-82.1679517924106,29.4251126806611],[-82.1679434381898,29.4251104439375],[-82.1679356345217,29.4251070097442],[-82.1679286017973,29.4251024740665],[-82.1679225410615,29.4250969668328],[-82.1679176238582,29.4250906454151],[-82.1679139943955,29.4250836901568],[-82.1679117531672,29.4250762995678],[-82.1679109643331,29.4250686832374],[-82.1679116516402,29.4250610599568],[-82.167913792494,29.425053646785],[-82.1679173304484,29.4250466538583],[-82.1679221608027,29.42504028323],[-82.1679281474445,29.4250347138324],[-82.1679351185813,29.4250301077167],[-82.1679428764341,29.4250265921798],[-82.1679511990245,29.4250242715269],[-82.1679598498681,29.425023209198],[-82.1680120411971,29.4250083773058],[-82.1680659012592,29.4249991905296],[-82.1681206364246,29.4249957808343],[-82.1681449860113,29.4249887193411],[-82.1681703370233,29.4249852932514],[-82.1681959863021,29.4249856000587],[-82.1682212218431,29.4249896306223],[-82.168245342265,29.4249972740281],[-82.1682653853728,29.4249532062894],[-82.1682920548881,29.4249119181984],[-82.1683248600169,29.4248741670487],[-82.1683631969762,29.4248406494578],[-82.1683990828148,29.4248298557742],[-82.1684331918779,29.4248153045116],[-82.168465017044,29.4247972166878],[-82.1684940789871,29.4247758589357],[-82.1685849040252,29.4247223810888],[-82.1686795367199,29.4246742283741],[-82.1687775682615,29.4246316055141],[-82.1688785800038,29.4245946972043],[-82.1689327037457,29.4245896529198],[-82.168987113467,29.4245909427341],[-82.1690408470059,29.4245985449117],[-82.1690929510151,29.4246123250843],[-82.1691425046149,29.4246320384785],[-82.1691399842774,29.4246389783668],[-82.1691388766685,29.4246461989044],[-82.1691392179628,29.4246534751541],[-82.1691409977624,29.4246605903687],[-82.169144161346,29.4246673279096],[-82.1691486125286,29.4246734812243],[-82.1691542154479,29.4246788656084],[-82.1691608018395,29.4246833156289],[-82.1691666165887,29.4246859850585],[-82.1691681707208,29.4246866986539],[-82.1691760988414,29.4246889087229],[-82.1691843444672,29.4246898810522],[-82.1691926578305,29.4246895859056],[-82.1692007851879,29.424688031374],[-82.1692084821722,29.4246852654191],[-82.169215512846,29.4246813722472],[-82.1692216662496,29.4246764698979],[-82.1692267534154,29.4246707056796],[-82.1692682036124,29.4246697214197],[-82.1693093247456,29.424674397942],[-82.1693491113811,29.4246846243105],[-82.1693865943597,29.4247001485724],[-82.1694208600345,29.42472059254],[-82.1694510696561,29.424745460258],[-82.1694764881569,29.4247741412257],[-82.1694964948521,29.4248059376579],[-82.1695238208275,29.4248133602754],[-82.1695521555212,29.4248168252368],[-82.169580757932,29.424816240777],[-82.1696088793374,29.4248116250782],[-82.1696357810407,29.424803096663],[-82.1696607569535,29.4247908784061],[-82.1697176395162,29.4247723011686],[-82.1697768213684,29.4247604423557],[-82.1698372691029,29.4247555063494],[-82.1698979355248,29.4247575817876],[-82.1699577608914,29.4247666325629],[-82.1700157048285,29.4247824992961],[-82.170070756464,29.4248049067361],[-82.1701219601416,29.4248334660241],[-82.170294103439,29.4249123910659],[-82.1704630494517,29.4249964507323],[-82.1706285934058,29.4250855430172],[-82.1707005076905,29.4251095881907],[-82.1707699264869,29.4251387193816],[-82.170836379243,29.4251727395887],[-82.1708994177774,29.4252114206298],[-82.1709573045391,29.4252369977803],[-82.1710181078072,29.425256719459],[-82.1710810572632,29.4252703363749],[-82.1711453550614,29.4252776745421],[-82.1712101880041,29.4252786436196],[-82.1712747339341,29.4252732280017],[-82.1713381779463,29.4252614988382],[-82.1713997136509,29.4252436041319],[-82.1714585637791,29.4252197691063],[-82.1715139811722,29.4251902980278],[-82.1715652676008,29.4251555628122],[-82.1716137729044,29.4250994546982],[-82.1716678838389,29.4250474261084],[-82.1717271565752,29.4249999013201],[-82.1719463742984,29.4248491789242],[-82.1721054038804,29.4247453566124],[-82.172268037534,29.4246459081045],[-82.1724500251785,29.4245635743883],[-82.172634983372,29.4244864846656],[-82.1727861382387,29.4244348139874],[-82.1729392000887,29.4243876374713],[-82.1730446399017,29.4243814096852],[-82.1731496330602,29.4243708642677],[-82.1732269194933,29.4243460107079],[-82.1733010700196,29.4243146782312],[-82.1733713767875,29.4242771655023],[-82.1734371717721,29.424233831453],[-82.1734978269643,29.424185087164],[-82.1735527645901,29.4241313996569],[-82.1736014605585,29.4240732766152],[-82.1736075157697,29.4240047908908],[-82.1736090002649,29.4239281060789],[-82.1736033165947,29.4238555630658],[-82.1735913618599,29.4237836082299],[-82.173573205838,29.4237126533795],[-82.1735078599011,29.4236781120417],[-82.1734398024303,29.4236478516398],[-82.1733693944538,29.4236220365295],[-82.1732970172045,29.4236008043578],[-82.1732230596933,29.4235842685484],[-82.1731561872518,29.423544167522],[-82.1730940335834,29.4234986203551],[-82.1730371711386,29.4234480514572],[-82.1729861280838,29.4233929277592],[-82.1729413768839,29.4233337621179],[-82.1729033366367,29.4232711016279],[-82.1728723565679,29.4232055282276],[-82.1728487234326,29.4231376507112],[-82.1728326575419,29.4230680983402],[-82.1728243098205,29.4229975144748],[-82.1728237546365,29.4229265546407],[-82.1728309972258,29.4228558776385],[-82.1728459738388,29.4227861392296],[-82.1728685405773,29.4227179847184],[-82.172898493075,29.4226520447924],[-82.172935550014,29.4225889352275],[-82.172979369021,29.4225292382235],[-82.1730295434719,29.4224735068589],[-82.1730856077692,29.4224222597714],[-82.1731470448067,29.4223759704638],[-82.1732132797036,29.4223350708011],[-82.173283703816,29.4222999379058],[-82.1733582317715,29.4222666297371],[-82.1734355321886,29.422238583867],[-82.1735151268723,29.4222159758234],[-82.1735965126088,29.4221989491066],[-82.1736791809082,29.4221876083231],[-82.1737626137571,29.4221820245241],[-82.173846290872,29.4221822335304],[-82.1739296866499,29.4221882340733],[-82.1740122804704,29.4221999879786],[-82.1740713083483,29.4222007942227],[-82.1741299693509,29.4221949644137],[-82.1741872893118,29.4221825939445],[-82.1742423244906,29.422163887936],[-82.1742941627089,29.4221391567453],[-82.1743419493177,29.4221088074062],[-82.1744094922496,29.4221071966239],[-82.1744768953967,29.4221113636835],[-82.1745435092704,29.4221212717205],[-82.1746087032833,29.4221368246551],[-82.1746718501051,29.4221578750336],[-82.1747571544015,29.4221377882663],[-82.1748440251907,29.4221237669548],[-82.1749319027685,29.4221159021635],[-82.175020218096,29.4221142432841],[-82.1751084019656,29.4221188027109],[-82.1751432023339,29.4221456387468],[-82.1751827492242,29.4221668459168],[-82.175225868997,29.4221817914784],[-82.175271278428,29.4221900338344],[-82.1753176320374,29.4221913260845],[-82.1753635495932,29.4221856300526],[-82.175407667646,29.4221731163038],[-82.1754486757991,29.4221541557686],[-82.1754853571,29.4221293114402],[-82.1755444304714,29.4220795716054],[-82.175598403178,29.4220255737021],[-82.1756468804762,29.4219677158398],[-82.1756895009304,29.4219064264993],[-82.1757259509622,29.4218421593789],[-82.1757559577648,29.4217753878529],[-82.1757793057865,29.4217066052658],[-82.1757958161881,29.4216363218588],[-82.1758053696974,29.4215650570561],[-82.1758078973778,29.421493337496],[-82.1758033786732,29.4214216924835],[-82.1757918445601,29.4213506513399],[-82.1757649444993,29.4213003982758],[-82.1757450521575,29.4212477040443],[-82.1757324449294,29.421193314419],[-82.175727303786,29.4211379996191],[-82.1757297001766,29.4210825414426],[-82.1757396013702,29.4210277252408],[-82.1757568687105,29.4209743263517],[-82.1757812527388,29.4209230982832],[-82.1758124149352,29.4208747685891],[-82.1758499096154,29.4208300195975],[-82.1758932077107,29.4207894852262],[-82.175941697063,29.4207537383557],[-82.1759946897827,29.4207232846441],[-82.1760514399313,29.4206985556251],[-82.1761026118648,29.4206752086653],[-82.1761566928098,29.4206575947154],[-82.1762128508974,29.4206459849671],[-82.1762702214169,29.4206405561839],[-82.1763279149515,29.4206413953585],[-82.1763850475485,29.4206484876186],[-82.1764407343476,29.4206617242345],[-82.1764941184695,29.4206809013292],[-82.1765443761235,29.4207057217746],[-82.1765907328605,29.4207358054068],[-82.1766324718768,29.4207706864669],[-82.176668953274,29.4208098274796],[-82.1766996139534,29.4208526237622],[-82.176723977562,29.4208984189419],[-82.1767821974152,29.4209261560415],[-82.1768370827473,29.4209586899999],[-82.176888120136,29.4209957174994],[-82.176934830258,29.4210368871052],[-82.1769767777714,29.421081817488],[-82.1770135705372,29.4211300865816],[-82.1770448624584,29.421181242462],[-82.177101372246,29.4211912405463],[-82.1771557135976,29.4212080991915],[-82.1772068048202,29.4212314868961],[-82.1772536261536,29.421260935207],[-82.1772952512659,29.4212958582308],[-82.1773308480529,29.4213355625724],[-82.1773597093356,29.421379256906],[-82.1773812596096,29.4214260719465],[-82.1773950711527,29.4214750769776],[-82.1774008687986,29.4215252961795],[-82.1773985367091,29.421575727698],[-82.1773881218454,29.421625371679],[-82.1773698327506,29.4216732383675],[-82.1773440296272,29.4217183759037],[-82.1773112301635,29.4217598857666],[-82.1772720843669,29.4217969412746],[-82.1772908849516,29.4218721841329],[-82.1773174942359,29.4219456000836],[-82.1773516886472,29.4220165661303],[-82.1773931801051,29.4220844851954],[-82.177441617114,29.4221487834324],[-82.1774965918066,29.4222089175704],[-82.1775576387873,29.4222643803082],[-82.1776242432903,29.4223147040692],[-82.1776958421885,29.4223594619222],[-82.1777718330564,29.4223982767665],[-82.1778515721096,29.422430821296],[-82.1779343865052,29.4224568209254],[-82.1780195774123,29.4224760547477],[-82.1781064250169,29.4224883619401],[-82.1781941957973,29.4224936391867],[-82.1782821497787,29.4224918390037],[-82.1783695444239,29.4224829797339],[-82.178670276933,29.4224022014434],[-82.1789723703499,29.4223254170068],[-82.1791967047452,29.4222160504267],[-82.1794180209589,29.4221020674683],[-82.1794994307527,29.4220911364039],[-82.1795816119313,29.422086347705],[-82.1796639586616,29.4220877374958],[-82.1797458662012,29.4220952949999],[-82.1798267359859,29.4221089653381],[-82.1799059684385,29.422128648498],[-82.1799829877157,29.4221541988719],[-82.1800572230785,29.4221854285349],[-82.1801281314951,29.4222221103541],[-82.1801932527656,29.4222522707151],[-82.1802614929877,29.4222765744977],[-82.1803321703809,29.4222947767489],[-82.1804045749295,29.4223066942755],[-82.1804779776344,29.422312206711],[-82.1805516417838,29.4223112594239],[-82.1806248260659,29.4223038626704],[-82.1806967990555,29.422290089146],[-82.1807656826825,29.4222625829431],[-82.1808371531459,29.4222407154577],[-82.1809106105054,29.4222246681983],[-82.1809854383563,29.4222145772643],[-82.1810610049633,29.4222105288552],[-82.1811366798495,29.4222125550541],[-82.1812118253856,29.4222206408965],[-82.1813082920419,29.4220942395647],[-82.1814113005204,29.4219718599618],[-82.1815206344996,29.4218537626054],[-82.1816360604824,29.4217401932693],[-82.1817573346943,29.4216313966423],[-82.1817946882958,29.4215869818434],[-82.1818382820012,29.4215471627365],[-82.1818873860316,29.4215126075872],[-82.1819411758013,29.4214838954472],[-82.181998750692,29.4214615065628],[-82.1820591486437,29.4214458154174],[-82.1821213534912,29.4214370854471],[-82.1821843270263,29.4214354641987],[-82.1822470122135,29.421440977973],[-82.1823062801349,29.4214482039829],[-82.1823661015749,29.4214494807901],[-82.1824257007899,29.4214447927826],[-82.1824843064165,29.4214342020286],[-82.182541154647,29.4214178447234],[-82.1825955097928,29.4213959333608],[-82.1826466653995,29.4213687531422],[-82.182693957807,29.4213366550002],[-82.1827367743513,29.4213000575479],[-82.1827630984572,29.4212838201575],[-82.1827921518366,29.4212716638702],[-82.1828231164278,29.4212639314516],[-82.1828551255899,29.4212608384764],[-82.1828872712722,29.421262475261],[-82.1829186528323,29.4212687905874],[-82.1829483889177,29.4212796126691],[-82.1829756374578,29.4212946314594],[-82.1829996361828,29.4213134291497],[-82.1830197079627,29.4213354721428],[-82.1830352899309,29.4213601440556],[-82.1831009665887,29.4213534722652],[-82.183167072281,29.4213524269214],[-82.1832329831556,29.4213570212868],[-82.1832980684582,29.4213672107528],[-82.1833617110528,29.4213828968146],[-82.1834233083263,29.4214039325004],[-82.1834822754041,29.4214301170152],[-82.1835380491242,29.4214612021272],[-82.1836631314132,29.4214702164194],[-82.1837877970427,29.4214828848584],[-82.183911912429,29.4214991906318],[-82.1839536687834,29.4215348230551],[-82.1839992684629,29.4215666392668],[-82.1840482633175,29.4215943199864],[-82.1841001639063,29.4216175930231],[-82.1841544531418,29.421636222691],[-82.1842105900139,29.4216500270193],[-82.1842561358254,29.4216870134673],[-82.1843063600486,29.421719018288],[-82.184360559793,29.4217455958551],[-82.1844179687182,29.421766369797],[-82.1844777844944,29.421781048825],[-82.1845391646411,29.4217894284645],[-82.1846012461858,29.4217913877954],[-82.1846631536553,29.421786900422],[-82.1847386404343,29.421789514022],[-82.1848140379152,29.4217854026872],[-82.1848885670099,29.4217746058041],[-82.1849614612763,29.4217572396846],[-82.1850319621442,29.4217334812385],[-82.1850993413933,29.421703576494],[-82.1851629044117,29.4216678334374],[-82.1852219911432,29.4216266256379],[-82.1853042592077,29.4215687297266],[-82.1853913366785,29.4215165056145],[-82.185482716614,29.4214702582936],[-82.1855778640875,29.4214302552639],[-82.1856762242605,29.4213967338955],[-82.1857772216663,29.4213698878811],[-82.185880267233,29.4213498754821],[-82.18598475742,29.4213368122947],[-82.1861919450044,29.4213177705329],[-82.1863998291242,29.421305891827],[-82.1866080857836,29.4213011938773],[-82.1868163922681,29.421303683581],[-82.1870244251048,29.4213133560937],[-82.1870819006479,29.4213031149694],[-82.1871403238388,29.4212985907041],[-82.1871989606155,29.4212998379335],[-82.1872570661212,29.4213068434275],[-82.1873139044657,29.4213195183206],[-82.187368757956,29.4213377000803],[-82.1874209320371,29.4213611616178],[-82.1874697647528,29.4213896033355],[-82.1875146418637,29.4214226678318],[-82.1876015131187,29.4214520196332],[-82.1876907558737,29.4214752821207],[-82.1877818179037,29.4214923119381],[-82.1878741317643,29.4215029997492],[-82.1879671176533,29.4215072802145],[-82.1880631243881,29.4215332314916],[-82.1881611016095,29.4215527398174],[-82.1882604849404,29.4215656968137],[-82.1883607020596,29.4215720255445],[-82.1884611807144,29.4215716905843],[-82.1885613405626,29.4215646942638],[-82.1886606076176,29.4215510760242],[-82.1887584111164,29.4215309141658],[-82.18886550088,29.4215167181668],[-82.1889712283755,29.4214961436596],[-82.1890751028865,29.4214692839029],[-82.189176633872,29.421436269156],[-82.189473141932,29.4214099679943],[-82.1897698975464,29.4213859218779],[-82.1901231935304,29.4213903289075],[-82.1904763617694,29.4213997668381],[-82.1906050620545,29.4214044180853],[-82.1907338730695,29.421404194952],[-82.1908625505853,29.4213990949118],[-82.1909908562206,29.4213891299805],[-82.191243850392,29.4213575884304],[-82.1914962476024,29.4213225726484],[-82.1917479847513,29.4212840914454],[-82.1919190390733,29.4212337955862],[-82.192088231389,29.4211788835463],[-82.1922553986992,29.4211194056824],[-82.1924203808674,29.4210554223282],[-82.192591292186,29.42099955476],[-82.1927641747435,29.4209485566069],[-82.1929388532006,29.4209024788941],[-82.193115141979,29.4208613697592],[-82.1931789859953,29.4208561709446],[-82.1932430673818,29.4208580930143],[-82.1933063530491,29.4208671077413],[-82.1933678270405,29.4208830699003],[-82.1934264935384,29.4209057209307],[-82.1934814117246,29.4209346967725],[-82.1935316926265,29.4209695305166],[-82.1935765298776,29.4210096592665],[-82.1936151973238,29.4210544385317],[-82.1936470747164,29.4211031453904],[-82.1937267463622,29.4211501947798],[-82.1938018944881,29.4212026411725],[-82.1938720371519,29.4212601548098],[-82.1939367355441,29.4213223678974],[-82.1939955792307,29.4213888887804],[-82.19404819143,29.4214592966232],[-82.1940942433736,29.4215331443702],[-82.1941710903148,29.4215947450296],[-82.1942515875659,29.4216526610814],[-82.1943355039363,29.4217067278094],[-82.1944226028529,29.4217567903286],[-82.194503375571,29.4217974837343],[-82.1945870840025,29.4218333456327],[-82.1946733495607,29.4218642114072],[-82.1947617847277,29.4218899460611],[-82.1948303061983,29.4218918999232],[-82.1948984055394,29.4218988325747],[-82.1949656097404,29.4219106968427],[-82.195031455896,29.4219274096404],[-82.1950954869594,29.4219488573066],[-82.1953672112222,29.4221217093382],[-82.1954259864368,29.4221717508203],[-82.1954790646672,29.4222264557743],[-82.1955259626134,29.4222853292962],[-82.1955662576226,29.4223478387546],[-82.1955995865753,29.4224134173804],[-82.1956410407224,29.422453314986],[-82.1956879087063,29.422488317573],[-82.1957394426891,29.4225178705016],[-82.1957948218883,29.4225414981494],[-82.1958531613703,29.4225588248216],[-82.1959135306166,29.4225695741773],[-82.1959749678022,29.4225735757985],[-82.1960364890694,29.4225707653545],[-82.1960971152524,29.4225611877823],[-82.1962483171921,29.4225298828252],[-82.1964010440862,29.4225048894275],[-82.1965549514918,29.4224862619465],[-82.1966053807484,29.4224822353849],[-82.196655966498,29.4224842896927],[-82.1967057551671,29.4224923890536],[-82.1967538072622,29.4225063787935],[-82.1967992187545,29.4225259965868],[-82.1968411344519,29.4225508735954],[-82.1968787664596,29.4225805384037],[-82.1969114050967,29.4226144352586],[-82.1969816649726,29.4226460847547],[-82.1970493315214,29.4226818065989],[-82.1971140962838,29.4227214347245],[-82.1971756644215,29.4227647933806],[-82.1972337580989,29.4228116845591],[-82.1973152573436,29.4228530928571],[-82.1974004223269,29.42288840118],[-82.1974886558679,29.4229173589405],[-82.1975793441638,29.4229397657894],[-82.1976718528567,29.4229554634254],[-82.1977655360771,29.4229643456809],[-82.1978095466565,29.4229784494512],[-82.1978555382871,29.4229863395694],[-82.1979023744735,29.4229878217912],[-82.197948896534,29.4229828593895],[-82.1979939544884,29.422971574604],[-82.1980364359902,29.4229542455423],[-82.1980752911575,29.4229313021071],[-82.1981095576956,29.4229033092962],[-82.1981383888601,29.4228709613793],[-82.1981610715329,29.4228350578544],[-82.1981488901493,29.4223849001789],[-82.198139823576,29.422324468533],[-82.1981387225466,29.4222635253096],[-82.1981456015212,29.4222028729396],[-82.1981603689062,29.4221433092704],[-82.1981828313634,29.4220856195213],[-82.1982126931759,29.4220305591283],[-82.1982495602868,29.4219788574253],[-82.1983547636384,29.4219495666623],[-82.1984617279611,29.4219256559737],[-82.1985700927877,29.4219072038033],[-82.1986794969547,29.4218942741464],[-82.1987895705678,29.4218869073843],[-82.1988999491756,29.4218851313633],[-82.1990102585652,29.4218889502976],[-82.1991201290813,29.4218983495343],[-82.1992153298967,29.4218966226758],[-82.199310451239,29.4219004445962],[-82.1994050709903,29.4219097961073],[-82.1994987705807,29.4219246382333],[-82.1995911351333,29.4219449058973],[-82.1996817555864,29.4219705052516],[-82.1997702294124,29.4220013272254],[-82.1998225663891,29.4220053801329],[-82.1998735499781,29.4220165041597],[-82.1999219372164,29.4220344301125],[-82.1999665570226,29.4220587213331],[-82.2000063211751,29.4220887892317],[-82.2000402664069,29.4221239003461],[-82.2000675661652,29.4221632027165],[-82.2000875570039,29.4222057434954],[-82.2000997546937,29.422250485474],[-82.2001038626432,29.4222963442255],[-82.2000997797268,29.4223422062901],[-82.200087605927,29.4223869527352],[-82.2001030341204,29.4224793137602],[-82.2001125569743,29.4225722824234],[-82.200116143951,29.4226655730497],[-82.2001137853257,29.4227588913074],[-82.2001054845796,29.4228519512185],[-82.2001046869925,29.4229205992834],[-82.2000981539059,29.4229890125018],[-82.2000859174637,29.423056824191],[-82.2000680468582,29.4231236701269],[-82.2000446348541,29.4231891919145],[-82.2000158080909,29.423253037171],[-82.199978855674,29.423472820917],[-82.1999488179571,29.4236934116662],[-82.1999408925283,29.4237424028288],[-82.1999392342323,29.4237918629161],[-82.199943865497,29.4238411769328],[-82.1999547262039,29.4238897338389],[-82.1999716827723,29.4239369348309],[-82.1999945260779,29.4239821942073],[-82.200022971182,29.4240249510948],[-82.2001099055007,29.4241441760952],[-82.2002006255077,29.4242612210848],[-82.2002950612105,29.4243759927811],[-82.2003671564098,29.4244161655885],[-82.2004348454472,29.4244618396724],[-82.2004975843894,29.4245126454033],[-82.2005548621735,29.4245681731277],[-82.2006062222426,29.4246279735501],[-82.2006950025502,29.4246919998179],[-82.2007783258237,29.4247614212711],[-82.200855763287,29.4248358802445],[-82.2009269217088,29.4249149971422],[-82.2009914352024,29.4249983684884],[-82.2012972703973,29.4252553038844],[-82.2013357279298,29.4253042702185],[-82.2013675010609,29.4253567847277],[-82.2013921688323,29.4254121497011],[-82.2014094008535,29.4254696284214],[-82.2014189682604,29.4255284615988],[-82.2014207478594,29.4255878665423],[-82.201488949472,29.4256956549032],[-82.2015632103055,29.4258003315521],[-82.201643344761,29.4259016315259],[-82.2017291524181,29.4259993067439],[-82.2018204214576,29.4260931116312],[-82.2019169222936,29.426182811127],[-82.2020184167826,29.426268183555],[-82.2021246521054,29.4263490178076],[-82.2022353618997,29.4264251088553],[-82.2023405979986,29.4265150659305],[-82.2024514137661,29.4265997317269],[-82.2025674638244,29.4266788411672],[-82.2026883817081,29.4267521495563],[-82.202813794517,29.4268194229146],[-82.2029433070875,29.4268804539407],[-82.2030765135552,29.4269350522901],[-82.2032129994155,29.4269830446117],[-82.2033523361645,29.4270242834764],[-82.203620723112,29.4270530177685],[-82.2038883289639,29.427086901784],[-82.2041550191434,29.4271259178149],[-82.2044206662848,29.4271700482811],[-82.2045578709802,29.4271741461344],[-82.2046945570129,29.4271853342561],[-82.2048302490519,29.4272035762972],[-82.2049644703272,29.4272288088153],[-82.2050967560231,29.4272609415108],[-82.2052266397382,29.4272998633043],[-82.2053536669832,29.4273454380627],[-82.2054102544306,29.4273818192607],[-82.2054712971112,29.4274121764589],[-82.2055359675087,29.4274360989466],[-82.2056033815266,29.4274532607391],[-82.2056726199601,29.4274634281748],[-82.2057427408607,29.427466460134],[-82.2058127885813,29.4274623181234],[-82.205881805319,29.4274510574563],[-82.2059488536989,29.4274328312598],[-82.2060130199292,29.4274078878235],[-82.2060734262272,29.4273765681105],[-82.2061292515719,29.427339299807],[-82.2061797350233,29.427296587454],[-82.2062078721122,29.4272805649774],[-82.206238439082,29.4272684238188],[-82.2062707431359,29.4272604396174],[-82.2063040492896,29.4272567952321],[-82.2063913696876,29.4272468257997],[-82.2064780986309,29.4272334838009],[-82.2065640675696,29.427216792436],[-82.2066285266297,29.4272155590383],[-82.2066926519483,29.4272096961792],[-82.2067560086783,29.4271992431228],[-82.2068181726023,29.4271842700006],[-82.2068787218687,29.4271648785682],[-82.2069758267979,29.4271328827637],[-82.2070753170802,29.4271071089644],[-82.207176674304,29.4270876906052],[-82.2072107562986,29.4270812732474],[-82.2072454698627,29.4270784564791],[-82.2072803183235,29.4270792793787],[-82.2073102357487,29.4270860267916],[-82.2073388765433,29.427096165245],[-82.2073657406808,29.4271095208096],[-82.2073903583915,29.4271258587305],[-82.20740963968,29.4271498401979],[-82.207418736823,29.4271780646995],[-82.207431387039,29.4272492224698],[-82.2074514796378,29.4273190567023],[-82.2074788459027,29.4273869706882],[-82.2075136386032,29.4274236097259],[-82.2075537380619,29.427455827806],[-82.2075984135489,29.4274830390789],[-82.2077046750362,29.4275421608317],[-82.207809124646,29.4276037049471],[-82.2080404586034,29.4277020424862],[-82.2082744287952,29.4277954785128],[-82.2084589633626,29.4278685808872],[-82.2086453950779,29.4279378977071],[-82.2087471067568,29.4279731440325],[-82.2088497203505,29.4280063271721],[-82.2089284164987,29.4280309946174],[-82.2090050323957,29.4280602534789],[-82.209079217591,29.4280939694637],[-82.2091358298034,29.4281268781771],[-82.2093389715054,29.428190096729],[-82.2095444493474,29.4282472418467],[-82.2096628097855,29.4282589677305],[-82.2097801096395,29.4282771157007],[-82.209905813585,29.4283016672274],[-82.2100038218394,29.4283410351529],[-82.2100992907572,29.4283849259557],[-82.2101919458607,29.4284332184141],[-82.2103186102694,29.4285214955818],[-82.210443619635,29.4286115653327],[-82.2105066607831,29.4286624237703],[-82.2105726178915,29.4287103647689],[-82.2106182361039,29.4287416069353],[-82.2106613051471,29.4287755076576],[-82.2107016235043,29.4288119099991],[-82.2108999977828,29.42903984599],[-82.2109535270235,29.4291002614336],[-82.2109723489742,29.4291326386015],[-82.2109882183926,29.4291662054773],[-82.2110295563411,29.4292190598081],[-82.2110770108807,29.4292678203777],[-82.211113523389,29.4292966121967],[-82.2111468763785,29.4293282034511],[-82.2111909575509,29.4293776310638],[-82.2112193106605,29.4294160886942],[-82.2112499101914,29.4294524165938],[-82.2112835527991,29.4294866197392],[-82.2113200470649,29.429518505274],[-82.2113713836584,29.4295615590343],[-82.2114207510092,29.4296063449321],[-82.2114430713052,29.4296370257662],[-82.2114617195018,29.4296695297424],[-82.2114968800733,29.4297295544708],[-82.2115261864533,29.4297919423855],[-82.2115494374035,29.4298562541278],[-82.2115989542413,29.4299193436788],[-82.2116527300148,29.4299796999922],[-82.2117541632864,29.4300795947201],[-82.211851059865,29.4301828845338],[-82.2119144611912,29.430245306564],[-82.2119743279359,29.4303103445818],[-82.2120305243714,29.4303778491274],[-82.2120500699354,29.4304077781863],[-82.2120651547264,29.4304396257315],[-82.2120755389374,29.4304728813432],[-82.2120810552985,29.4305070178289],[-82.2120983327289,29.4305480291749],[-82.2121215821441,29.4305867136532],[-82.2121504054341,29.4306224073686],[-82.2122568133093,29.4307321026877],[-82.2122742850061,29.4307529087964],[-82.2122876894244,29.430775913719],[-82.2123128675799,29.4308158547038],[-82.2123318399709,29.4308583395236],[-82.212355933643,29.4308912277715],[-82.2123830791034,29.4309222413407],[-82.212413084457,29.4309511630056],[-82.21248482409,29.4310082504553],[-82.2125112683586,29.4310475982498],[-82.2125303594306,29.4310900824168],[-82.2125416306472,29.4311346561787],[-82.2125417168787,29.4311759086982],[-82.2125513021322,29.4312101238518],[-82.2125672238754,29.4312424796125],[-82.2125890418065,29.4312720839586],[-82.2127181431107,29.4314176274016],[-82.212754024503,29.4314615523965],[-82.2127866253401,29.4315073958706],[-82.2128158128405,29.4315549696142],[-82.2128499808841,29.431628816494],[-82.2128820920037,29.4317033635425],[-82.2129041826111,29.43174118294],[-82.2129230955573,29.4317802982201],[-82.2129956768516,29.4319396812794],[-82.2130581671548,29.4320144992067],[-82.2131243309627,29.4320868550824],[-82.2131940425836,29.4321566113441],[-82.2132524105215,29.4322332534871],[-82.2133050074935,29.4323130327386],[-82.2133516143336,29.4323956168088],[-82.213349856933,29.4324437479132],[-82.2133423122796,29.4324914489518],[-82.2133290667659,29.4325381881624],[-82.2133102694102,29.4325834448076],[-82.2132861275911,29.4326267154161],[-82.2132850483551,29.4326329685743],[-82.2132850600884,29.4326392941267],[-82.2132861610494,29.432645543158],[-82.2132883244994,29.4326515780441],[-82.213291505256,29.4326572563255],[-82.2132956268747,29.4326624503335],[-82.2133428845064,29.4327311246574],[-82.2133546436543,29.4327912261179],[-82.2133588513476,29.4328520900974],[-82.2133431695178,29.4329248991153],[-82.2133317937125,29.4329983179212],[-82.2133247520831,29.4330721530093],[-82.2133494331382,29.4331754431905],[-82.2133810985297,29.433277263385],[-82.2134196380514,29.4333772507196],[-82.2134702913483,29.4334344609342],[-82.2135235421344,29.4334898335663],[-82.2135386407536,29.4335055519917],[-82.213553033439,29.4335264825229],[-82.2135609107905,29.4335415968279],[-82.2135676716228,29.433561262743],[-82.2135632381099,29.43360036235],[-82.213554919357,29.4336389750619],[-82.2135427819824,29.4336768024734],[-82.2134912573872,29.4338203350126],[-82.2134365691015,29.4339629692097],[-82.2134248915718,29.4340294898189],[-82.2134176951304,29.4340964951558],[-82.2134150025727,29.4341637555267],[-82.213421465938,29.434415490592],[-82.2134256370272,29.4346672621119],[-82.2134252160829,29.4346915265489],[-82.2134288674779,29.434715581862],[-82.2134365093124,29.4347389086743],[-82.2134479779346,29.4347610015128],[-82.2135065974241,29.4348591315646],[-82.2135677648738,29.4349560602019],[-82.2135806215658,29.4350122314066],[-82.2135870443412,29.4350692416134],[-82.2135869708038,29.4351265293798],[-82.2135343674934,29.4352390109245],[-82.2134837652744,29.4353521944081],[-82.2134413179517,29.4354959125001],[-82.2134058357027,29.4356410702783],[-82.2134064226423,29.4357222083556],[-82.2134093173737,29.4358033102547],[-82.213404307758,29.435895616588],[-82.2133939940551,29.4359875861642],[-82.2133947316713,29.4360637676721],[-82.2134008616324,29.4361397632327],[-82.2134123617542,29.4362152819045],[-82.2134291852054,29.4362900287033],[-82.2134738415545,29.4364807671873],[-82.2135148056222,29.4366721374315],[-82.2134958121671,29.4367616879736],[-82.2134697733494,29.4368498732091],[-82.2134368185376,29.4369362649932],[-82.2133756505275,29.4370520971832],[-82.2133213940789,29.4371705384324],[-82.2132741955727,29.4372912746005],[-82.2132424523137,29.4374106561276],[-82.213206033978,29.4375290108178],[-82.2131649829514,29.4376461977457],[-82.2131183465883,29.4377623129705],[-82.2130775066204,29.4378800873913],[-82.2130545423254,29.4379455940944],[-82.2130274209662,29.4380098719075],[-82.2129962255406,29.4380727174562],[-82.2129617425096,29.4381711952139],[-82.2129346843304,29.4382714365735],[-82.2129151701716,29.4383730105125],[-82.2129203061303,29.4384515269168],[-82.212921781985,29.4385301604151],[-82.212913312315,29.4385937695774],[-82.2128976816108,29.438656333507],[-82.2128750453133,29.4387172314197],[-82.2128586143373,29.4387647412168],[-82.2128482028706,29.4388135369749],[-82.2128439346364,29.4388630334496],[-82.2128276368251,29.438959781347],[-82.2128037109098,29.4390553061651],[-82.2127722725591,29.4391491479375],[-82.212688070165,29.439357397358],[-82.2126097782199,29.4395674054176],[-82.2125818742437,29.439746199761],[-82.2125502873941,29.4397891644782],[-82.2125126757307,29.4398282371821],[-82.212469659152,29.4398627727599],[-82.2124219475116,29.4398922043772],[-82.2123517166024,29.4399232174358],[-82.2122846220425,29.4399591536332],[-82.2122211094695,29.4399997744658],[-82.2121965359368,29.4400414528552],[-82.2121789870494,29.4400857667325],[-82.2121688215839,29.4401318155586],[-82.2121662465988,29.4401786618393],[-82.2121713107546,29.4402253526646],[-82.2121860505931,29.4402745604234],[-82.212205911899,29.4403223683942],[-82.212230722564,29.4403683702086],[-82.2122602740818,29.4404121732959],[-82.2122943121089,29.4404534059356],[-82.2124465452437,29.4405290623535],[-82.2126025017032,29.440598664364],[-82.2127426471213,29.4406625934658],[-82.2128796797617,29.4407315036681],[-82.2130133620652,29.4408052807243],[-82.2131434721961,29.4408837989348],[-82.2131948497239,29.4409231061291],[-82.2132417233544,29.440966510217],[-82.2132836721937,29.4410136194198],[-82.2133203122382,29.4410640065134],[-82.2133513137682,29.441117214547],[-82.2133352698874,29.4411517836438],[-82.2133132288956,29.4411837218162],[-82.2132857357477,29.4412122355535],[-82.2132534724662,29.4412366230822],[-82.2132172385212,29.4412562758266],[-82.2131779294777,29.4412707105185],[-82.213136520528,29.4412795680056],[-82.2130940372665,29.4412826289809],[-82.2129737030309,29.4412339483782],[-82.2128554014824,29.4411815929675],[-82.2127392733657,29.4411256292914],[-82.2126254665963,29.4410661258238],[-82.2125373619685,29.4410350252319],[-82.2124512343353,29.4409999339983],[-82.2123673206608,29.4409609483271],[-82.2122858535585,29.4409181742721],[-82.212255372462,29.4409002969242],[-82.2122219654589,29.440887019697],[-82.212186526374,29.4408786993712],[-82.2121500118368,29.4408755611886],[-82.2121134023318,29.4408776891451],[-82.2120776825999,29.4408850265484],[-82.2120438128072,29.4408973746094],[-82.2120127025364,29.4409144028131],[-82.2119851921563,29.4409356522004],[-82.2119620184243,29.4409605519076],[-82.2119438059741,29.4409884307473],[-82.2119310420264,29.4410185411264],[-82.211924074017,29.4410500725392],[-82.2119230873781,29.4410821764424],[-82.2119281080907,29.44111398976],[-82.2119618188492,29.4412117605087],[-82.2120007949585,29.4413080203028],[-82.2120449465935,29.4414025509995],[-82.2120797372723,29.4414663597429],[-82.2121088139672,29.4415323221276],[-82.2121320083223,29.4416000471971],[-82.2121491779693,29.4416691345251],[-82.2121662486592,29.4417236997759],[-82.2121901327757,29.4417762714466],[-82.2122205339353,29.4418261982568],[-82.2122570787121,29.4418728618609],[-82.2122993132775,29.4419156885195],[-82.212346716816,29.441954148433],[-82.2123987054613,29.4419877639321],[-82.2124546330578,29.4420161212222],[-82.2125138138105,29.4420388716829],[-82.2125086902499,29.4421455871945],[-82.2125011369429,29.4422338632748],[-82.2124869930438,29.4423215164896],[-82.2124663197529,29.4424081698346],[-82.2124392059499,29.4424934531069],[-82.2124057672658,29.4425769983775],[-82.2123811587386,29.4426410883426],[-82.2123633059272,29.4427068715356],[-82.21235236154,29.4427738029258],[-82.2123484114919,29.4428413281866],[-82.2123555947402,29.4429376890387],[-82.212369044197,29.4430335355394],[-82.2123887103382,29.4431285555118],[-82.2124145353122,29.443222440241],[-82.2124298170363,29.4432926881579],[-82.2124380918917,29.443363831739],[-82.2124392948193,29.4434353356623],[-82.212433416467,29.4435066628759],[-82.212420503191,29.4435772745985],[-82.2124006495739,29.4436466419178],[-82.2123740067104,29.4437142441319],[-82.2123407759424,29.4437795722481],[-82.2123012025108,29.4438421360909],[-82.2122555879426,29.4439014636171],[-82.2122042743873,29.4439571096639],[-82.2121963692596,29.4439688536256],[-82.2121906928303,29.4439815462871],[-82.2121873885066,29.4439948680345],[-82.2121788814958,29.4440154623305],[-82.2121671506434,29.4440348071128],[-82.2121524295481,29.4440525157736],[-82.2121478184534,29.4440590750422],[-82.2121444870947,29.4440662017994],[-82.2121425242734,29.44407370992],[-82.2121419831377,29.444081394606],[-82.212142874462,29.4440890557286],[-82.2121441874014,29.4440959085485],[-82.2121441445844,29.444102856661],[-82.2121427465627,29.4441096961488],[-82.2121400350453,29.4441162265241],[-82.2121360917232,29.4441222570251],[-82.2121310300052,29.4441276073725],[-82.212124016326,29.4441333827188],[-82.2121181011584,29.444140030968],[-82.2121134210749,29.4441473957091],[-82.2121100883509,29.4441553011548],[-82.2121081814624,29.4441635619008],[-82.2121074826372,29.4441717843141],[-82.2121053275224,29.4441798106048],[-82.2121017711199,29.4441874450306],[-82.2120968991394,29.4441945014118],[-82.212090828905,29.4442008085613],[-82.2120837114368,29.4442062094188],[-82.2120757208768,29.4442105725957],[-82.2120650236827,29.4442187799872],[-82.2120559748261,29.4442283842702],[-82.2120488057746,29.4442391368579],[-82.2120437074175,29.4442507604784],[-82.212037901944,29.4442607619154],[-82.2120302453395,29.4442697581188],[-82.2120209549754,29.4442774858164],[-82.2120103028975,29.444283725106],[-82.2119959087684,29.4442937804935],[-82.211983268126,29.4443055026128],[-82.2119726295426,29.4443186612245],[-82.2119642072161,29.4443329966108],[-82.2119581633694,29.4443482228756],[-82.2119568464616,29.4443557053454],[-82.2119541291636,29.4443628916117],[-82.211950087108,29.4443695853923],[-82.21194483286,29.4443755982723],[-82.2119385114431,29.4443807649654],[-82.2119274867824,29.444389854489],[-82.211908757893,29.4444052955365],[-82.2118999212989,29.4444127000415],[-82.2118925513068,29.444421244692],[-82.2118868364317,29.4444307108264],[-82.2118829234768,29.4444408555892],[-82.2118735017044,29.4444601569963],[-82.2118604151499,29.4444777463597],[-82.2118440563279,29.4444930954908],[-82.2118390643678,29.4444968409007],[-82.2118347484221,29.4445011819962],[-82.2118311982544,29.4445060256094],[-82.2118284893871,29.4445112702012],[-82.2118266811036,29.4445168031193],[-82.211823333156,29.444522179052],[-82.2118029156824,29.4445549693502],[-82.2117772925613,29.4445823011132],[-82.2117658129543,29.4445967524138],[-82.2117523606426,29.4446098354073],[-82.2117474106771,29.4446138170605],[-82.2117433191156,29.4446184878376],[-82.2117402118961,29.4446237055777],[-82.2117381771385,29.4446293139211],[-82.211737281571,29.4446351453039],[-82.2117337089383,29.4446478460346],[-82.211728178848,29.4446599971424],[-82.2117207945328,29.4446713676389],[-82.2117116969812,29.444681743441],[-82.2116815026047,29.444714701226],[-82.2116247791913,29.4447804140854],[-82.211615885997,29.4447950939903],[-82.2116094553936,29.4448107285186],[-82.2116056162615,29.4448270023139],[-82.2115969620933,29.4448585898197],[-82.2115825265942,29.444888513808],[-82.2115626982624,29.4449159717102],[-82.2115537983385,29.444926628893],[-82.2115470657345,29.4449384394395],[-82.2115426874314,29.4449510718699],[-82.2115407892015,29.4449641665588],[-82.2115381545296,29.4449810083293],[-82.2115331151695,29.4449974270636],[-82.2115257555607,29.4450131571546],[-82.2115038201687,29.445047710066],[-82.21149402399,29.445066519415],[-82.2114880622867,29.445086519543],[-82.2114861135519,29.4451071198516],[-82.2114882351567,29.4451277068604],[-82.2114903812768,29.4451365720928],[-82.211490915952,29.4451456228635],[-82.2114898278243,29.4451546351947],[-82.211487143643,29.4451633866798],[-82.2114850328214,29.4451681301507],[-82.2114837509128,29.445173095723],[-82.2114833262034,29.4451781738089],[-82.2114837716463,29.4451832491376],[-82.2114850732982,29.445188210477],[-82.2114872048497,29.4451929463778],[-82.2115000061303,29.4452192667754],[-82.211508279541,29.4452469405186],[-82.2115109770695,29.4452547777564],[-82.2115148452358,29.4452622313177],[-82.211519820161,29.4452691647303],[-82.2115258067405,29.4452754545079],[-82.2115380915933,29.4452894119873],[-82.2115479004112,29.445304798568],[-82.2115550171259,29.4453212811027],[-82.2115569322571,29.4453287111752],[-82.2115602147071,29.4453357673432],[-82.2115647771678,29.4453422558753],[-82.2115704937891,29.4453480004101],[-82.2115772114315,29.4453528457625],[-82.2115897083961,29.4453638933305],[-82.2116002438284,29.4453764115247],[-82.2116085970379,29.445390133889],[-82.2116145870309,29.4454047712043],[-82.2116191104743,29.4454189848236],[-82.2116257675628,29.4454325393292],[-82.2116344422214,29.4454451917588],[-82.2116449727432,29.4454567109803],[-82.2116543004935,29.4454642162455],[-82.2116620287602,29.4454730035955],[-82.2116679314936,29.4454828155033],[-82.2116718359021,29.4454933646984],[-82.2116768957043,29.4455059482],[-82.2116792207743,29.4455117314968],[-82.2116898249975,29.4455288482782],[-82.2117033863254,29.4455442827287],[-82.2117151916806,29.4455562700945],[-82.2117249019163,29.4455696192661],[-82.2117323140873,29.4455840541741],[-82.2117372743022,29.4455992725404],[-82.2117404894456,29.4456152434727],[-82.2117461133491,29.4456306963752],[-82.2117540452332,29.4456453506561],[-82.2117641457137,29.4456589457989],[-82.2117793770346,29.4456824773393],[-82.2117901929014,29.4457078090601],[-82.2117963262151,29.4457343154649],[-82.2117976261401,29.4457613361037],[-82.2117940585974,29.4457881990424],[-82.2117857130855,29.4458142381266],[-82.2117727951368,29.4458388072866],[-82.2117478915088,29.445879074905],[-82.2117302105605,29.4459221709984],[-82.211708521079,29.445965460145],[-82.2116848724881,29.4460079551042],[-82.2116781257047,29.4460294618803],[-82.211668467913,29.4460501009004],[-82.2116560369775,29.4460695695975],[-82.2116351592856,29.4460990808366],[-82.2116197035748,29.4461310478383],[-82.2116100367115,29.4461647127741],[-82.2116063863046,29.446199276568],[-82.2116088422687,29.4462339205795],[-82.2116173429926,29.4462678253094],[-82.2116316883838,29.4463001859695],[-82.2116570718974,29.4463357823256],[-82.2116774731493,29.446373753609],[-82.21169260949,29.4464135678938],[-82.2117000029984,29.4464335391907],[-82.2117102116365,29.446452535798],[-82.211723071167,29.4464702570597],[-82.2117333039709,29.4464939543422],[-82.2117395801287,29.4465186838594],[-82.2117417678355,29.4465439443061],[-82.2117398283629,29.4465692215748],[-82.2117127366253,29.4466364738182],[-82.2116932168972,29.4467057088725],[-82.2116917762621,29.4467240234803],[-82.2116875863876,29.4467420127704],[-82.2116807184245,29.4467593612737],[-82.2116712958939,29.4467757625621],[-82.2116650781082,29.4467860680482],[-82.2116604747133,29.4467970046562],[-82.2116575705783,29.446808378071],[-82.2116315563577,29.4469013738441],[-82.2116222721981,29.4469306204666],[-82.2116165083826,29.4469605533539],[-82.2116182941489,29.4469712882035],[-82.2116180608987,29.4469821328554],[-82.2116158172706,29.4469928005196],[-82.2116116203164,29.4470030061589],[-82.2116055803651,29.4470124792068],[-82.2115950505015,29.4470323900597],[-82.2115878089618,29.4470533945652],[-82.2115839961599,29.4470750792155],[-82.211583686805,29.4470970185198],[-82.2115848374083,29.4471154896418],[-82.2115824262211,29.4471338675046],[-82.2115765198778,29.4471516290233],[-82.211567287692,29.4471682691587],[-82.2115571019287,29.4471821656888],[-82.2115496958765,29.4471973517658],[-82.2115452772218,29.4472134024309],[-82.2115439675017,29.447229873165],[-82.2115448540103,29.4472367545933],[-82.2115445252249,29.4472436733204],[-82.2115429889706,29.4472504679662],[-82.2115402809579,29.4472569749336],[-82.2115364665346,29.4472630419739],[-82.2115316335541,29.4472685244528],[-82.2115238385533,29.4472790927727],[-82.2115179148361,29.4472905538945],[-82.2115139908685,29.4473026556178],[-82.2115121552571,29.4473151306042],[-82.211512445166,29.4473277070023],[-82.2115127166946,29.4473438716561],[-82.2115104939626,29.4473599202984],[-82.2115058218421,29.4473755595569],[-82.2114987831067,29.4473905066508],[-82.2114934184875,29.4473987165636],[-82.2114896778081,29.4474075911544],[-82.2114876636265,29.4474168840837],[-82.2114874312418,29.4474263418652],[-82.2114889856442,29.4474357020078],[-82.2114922883555,29.4474447093774],[-82.2114972451048,29.4474531141758],[-82.2115037188732,29.4474606875098],[-82.2115115350672,29.4474672205796],[-82.2115204771895,29.4474725336261],[-82.2115302980923,29.4474764797379],[-82.2115407301167,29.4474789522485],[-82.2115514841244,29.447479882012],[-82.2115622679233,29.4474792431408],[-82.2115693181978,29.4474789411118],[-82.2115763331027,29.4474796418555],[-82.2115831275375,29.4474813249752],[-82.2115895200108,29.4474839475796],[-82.2115953440374,29.4474874417758],[-82.2116004461396,29.4474917119268],[-82.2116046916992,29.4474966491923],[-82.2116079682561,29.447502122563],[-82.2116101915051,29.4475079870867],[-82.2116113041,29.4475140910663],[-82.2116112727066,29.4475202696915],[-82.2116170259071,29.4475295493042],[-82.2116243783281,29.4475379194899],[-82.2116331450911,29.4475451703659],[-82.2116431065656,29.4475511239228],[-82.2116540146348,29.4475556305257],[-82.2116655976829,29.4475585762198],[-82.2116775666334,29.4475598891536],[-82.2116896222661,29.4475595351955],[-82.2117358978203,29.4475535139269],[-82.2117814407987,29.447544147456],[-82.2118259353164,29.4475314988116],[-82.2118536107313,29.4475265556683],[-82.2118818326827,29.4475255174921],[-82.2119098830011,29.4475284122713],[-82.2119370541396,29.4475351644132],[-82.21195657096,29.4475431590476],[-82.2119743473478,29.4475538156671],[-82.2119899155521,29.4475668517462],[-82.2120028638035,29.4475819261894],[-82.2120128518556,29.447598635994],[-82.2120261825648,29.4476309760766],[-82.2120354339744,29.4476643904629],[-82.2120404924037,29.4476984864466],[-82.2120422973091,29.4477281715216],[-82.2120494641029,29.4477572280154],[-82.2120618085696,29.4477849227037],[-82.2120790201072,29.4478105490162],[-82.2121006588796,29.4478334612754],[-82.2121387453948,29.4478747569268],[-82.2121935503241,29.4479413823572],[-82.2122431397379,29.4480110680046],[-82.2122600297875,29.4480410523277],[-82.2122723040683,29.4480727115156],[-82.2122936049515,29.448130059857],[-82.2123216767302,29.4481851305221],[-82.2123562107553,29.4482373117173],[-82.2123732513029,29.4482582618032],[-82.2123921937365,29.4482779170562],[-82.2124399955089,29.4483274248394],[-82.2124831138016,29.4483801231117],[-82.2125212707436,29.4484356758418],[-82.21255422513,29.4484937214743],[-82.2125817626924,29.44855389261],[-82.2126037078077,29.4486157999697],[-82.2126318056195,29.4486996094243],[-82.212655500196,29.4487558555815],[-82.2126827034692,29.448810872112],[-82.2127405768228,29.4489195719299],[-82.2127870154871,29.4490067975234],[-82.2127996746628,29.4490317076506],[-82.2128962598315,29.4492310651096],[-82.2129097925382,29.4492654091155],[-82.2129177983346,29.4493010564931],[-82.2129201267836,29.4493373287543],[-82.2129167328314,29.4493735375308],[-82.2129111851013,29.4494054783517],[-82.2129042255693,29.4494579919373],[-82.2129014924227,29.4495221774208],[-82.2129050611685,29.4495863327971],[-82.2129149004625,29.4496499819854],[-82.2129365658741,29.4497557305389],[-82.212941987385,29.4497866431134],[-82.2129473486622,29.4498448763708],[-82.2129535523518,29.4500065985541],[-82.2129577384715,29.450076250955],[-82.2129637812662,29.4501155923024],[-82.2129973147296,29.450289732222],[-82.2130100121062,29.4503388029643],[-82.2130288635394,29.4503863350012],[-82.2131942542438,29.450738626693],[-82.213213535746,29.4507840448674],[-82.2132292323448,29.4508305081653],[-82.2132391212182,29.4508681222824],[-82.2132466582791,29.450906148983],[-82.2132556033022,29.4509434262],[-82.2132697796088,29.4509794381488],[-82.2132889659808,29.4510136260092],[-82.2133128653068,29.4510454585027],[-82.2133411043958,29.4510744400104],[-82.2133687267164,29.4511070768632],[-82.2133922929285,29.4511420652684],[-82.2134115437661,29.4511790216968],[-82.2134262638033,29.4512175390259],[-82.2134631534447,29.4512778506775],[-82.2135068630199,29.451334563523],[-82.2135569379518,29.4513870893757],[-82.2136013001177,29.4514183877049],[-82.2136413057951,29.4514538983368],[-82.2136764356098,29.4514931609925],[-82.2137062383294,29.4515356660585],[-82.2137303224527,29.4515808616576],[-82.213748376636,29.4516281621282],[-82.2137490377675,29.4516425930135],[-82.2137524813391,29.4516567163157],[-82.2137586084018,29.4516701260525],[-82.2137672412085,29.4516824356122],[-82.213778130241,29.4516932859978],[-82.2137909630519,29.4517023649314],[-82.213810482768,29.4517097800263],[-82.2138282806732,29.4517199882974],[-82.2138438387836,29.451732693712],[-82.2138567046831,29.4517475282993],[-82.2138665068175,29.4517640596379],[-82.2138729561619,29.4517818080284],[-82.2138977827356,29.4518152141108],[-82.2139283193917,29.4518447736014],[-82.2139638047323,29.4518697449504],[-82.2140033500125,29.4518894998718],[-82.2140459592355,29.4519035462552],[-82.2141808858095,29.4519503423176],[-82.2143174020197,29.4519934593494],[-82.2144553777564,29.4520328607741],[-82.2144882919084,29.4520454149746],[-82.2145183748243,29.4520625674054],[-82.2145447950697,29.4520838432901],[-82.2145668279195,29.4521086551289],[-82.2145838591288,29.452136318104],[-82.2145954205897,29.4521660687515],[-82.2146011940407,29.4521970830728],[-82.2146032339165,29.4522370263398],[-82.2146111427394,29.4522764039528],[-82.214624790143,29.4523145612363],[-82.2146439474836,29.4523508580325],[-82.2146555096903,29.4524006079931],[-82.2146614833208,29.4524511062884],[-82.2146618123089,29.4525018746013],[-82.2146564943426,29.4525524283388],[-82.2146549655688,29.4525948210873],[-82.2146585929899,29.4526371139104],[-82.214667335992,29.452678829663],[-82.2146810929709,29.4527194982507],[-82.2147025196223,29.4527754651044],[-82.2147168406916,29.4528331435366],[-82.2147238884462,29.4528918439316],[-82.2147243475166,29.4529275717358],[-82.2147318000787,29.4529627021765],[-82.214746024641,29.4529961927813],[-82.2147666005586,29.4530270535273],[-82.2147861677918,29.4530509540242],[-82.2148019912472,29.4530768912727],[-82.2148137955339,29.4531044201045],[-82.2148213760833,29.4531330641093],[-82.2148419304991,29.4531741839905],[-82.2148677637885,29.4532129556678],[-82.2148985341591,29.4532488624216],[-82.2149338268293,29.4532814232467],[-82.2150075326088,29.4533425129418],[-82.215086620074,29.4533982090098],[-82.2151705747094,29.453448153213],[-82.2152099831782,29.4534694176651],[-82.2152457817734,29.4534951105987],[-82.2152773243014,29.4535247713208],[-82.2153040415961,29.4535578619865],[-82.2153254523591,29.4535937894452],[-82.2153478810673,29.4536297022707],[-82.2153754225318,29.4536627775998],[-82.2154076130381,29.4536924649939],[-82.2154439134689,29.4537182650273],[-82.2154810771931,29.4537578741533],[-82.2155137928469,29.4538003811498],[-82.2155261407486,29.4538171483006],[-82.2155410971254,29.4538322025515],[-82.2155583535782,29.4538452344068],[-82.2155775563591,29.4538559786921],[-82.2156229294983,29.4538988538234],[-82.2156636012104,29.4539452007773],[-82.2156992247582,29.4539946281813],[-82.2157294973889,29.454046714755],[-82.2157553644279,29.4540997085078],[-82.2157879263715,29.4541497950393],[-82.2158267597635,29.4541963316764],[-82.2158713700939,29.4542387169093],[-82.2159211780295,29.4542764063922],[-82.2159755440859,29.4543089160836],[-82.2160833625462,29.45437800153],[-82.2161866714568,29.4544521799897],[-82.2162851553878,29.4545312239693],[-82.2163389888309,29.4545781407371],[-82.2163880514584,29.4546289035012],[-82.2164319887156,29.4546831469228],[-82.2164704767171,29.454740471912],[-82.2164933660481,29.45478173983],[-82.2165216409777,29.4548203680881],[-82.2165549076136,29.4548558183037],[-82.216592705009,29.4548875987421],[-82.2166345090989,29.4549152725069],[-82.2166804670715,29.4549556093208],[-82.2167209318286,29.4550002270438],[-82.2167553875096,29.4550485553875],[-82.2167833935481,29.4550999775601],[-82.216964671995,29.4553239720125],[-82.2171404842782,29.4555512785143],[-82.2175830947539,29.456083502087],[-82.2176472948142,29.4561361294327],[-82.2177060653081,29.45619341059],[-82.2177589696357,29.4562549156251],[-82.2178056089146,29.456320188195],[-82.2178456355019,29.4563887403704],[-82.2178787528292,29.4564600598506],[-82.217904713177,29.456533617144],[-82.2179233219831,29.456608857521],[-82.2179344403988,29.4566852245203],[-82.2179379876597,29.4567621464551],[-82.2179339335426,29.456839050718],[-82.2179223087954,29.4569153585497],[-82.2179032036334,29.4569905057663],[-82.2178767567119,29.4570639290315],[-82.2178431692256,29.4571350805408],[-82.2178026873887,29.4572034277147],[-82.2177556176678,29.4572684633914],[-82.2176453804769,29.457553936615],[-82.2175404218459,29.4578409306463],[-82.2174407642029,29.4581293682897],[-82.2173464391699,29.4584191761195],[-82.2171319473216,29.458890597491],[-82.2169250271775,29.4593646047089],[-82.216725723233,29.4598411047451],[-82.2167016685301,29.4599203970109],[-82.2166705348913,29.459997780376],[-82.2166325158539,29.4600727718705],[-82.2165878520991,29.4601449010803],[-82.2165368209185,29.4602137198882],[-82.2164797393894,29.4602787989208],[-82.2164169673842,29.4603397312102],[-82.2163488931,29.4603961337458],[-82.2162759431175,29.4604476584786],[-82.2161985712705,29.460493983103],[-82.2160744288001,29.4605580630938],[-82.2159545547665,29.4606280892934],[-82.2158393170489,29.4607038452882],[-82.2157290757606,29.4607850937756],[-82.215624170653,29.4608715862685],[-82.2155249275066,29.4609630541839],[-82.2154316529157,29.4610592114581],[-82.2153446382252,29.4611597627368],[-82.2152905247038,29.4612382659088],[-82.2152416258736,29.4612997234079],[-82.2151817551321,29.4613644741603],[-82.2151167149768,29.4614252866655],[-82.2150468395432,29.4614818428387],[-82.21497249329,29.4615338512953],[-82.2148940598488,29.4615810390338],[-82.2148119510098,29.4616231642265],[-82.2147265883767,29.4616600068745],[-82.2146384155899,29.4616913753385],[-82.2141134320626,29.461686976231],[-82.2135885259319,29.4616779401759],[-82.2135528093645,29.4617311140174],[-82.2135242776316,29.4617875143788],[-82.2135033095825,29.4618464025871],[-82.2134901756243,29.4619070028732],[-82.2134850507273,29.4619685197455],[-82.213488000798,29.4620301476751],[-82.2134989898307,29.462091073929],[-82.2135178691246,29.4621504991342],[-82.2135800347064,29.4622361443418],[-82.2136369020154,29.462324562338],[-82.2136883159209,29.462415503168],[-82.2137341255986,29.462508708831],[-82.2137742030013,29.4626039172138],[-82.213808437849,29.4627008556865],[-82.2138268487444,29.4627507223247],[-82.2138377150436,29.4628022585149],[-82.213840854606,29.4628545930178],[-82.2138362124153,29.4629068414841],[-82.2138238663919,29.4629581227983],[-82.2138040271671,29.4630075690007],[-82.2137770283113,29.463054346772],[-82.2137433261082,29.4630976673553],[-82.2137034910815,29.4631367963331],[-82.213658192061,29.4631710741024],[-82.2136081970881,29.4631999213044],[-82.21355434938,29.4632228528406],[-82.2134975580117,29.4632394795148],[-82.2134387831755,29.4632495213091],[-82.2133743819959,29.4632985949203],[-82.2133058389167,29.463343166239],[-82.2132335653685,29.4633829645622],[-82.2131579894582,29.4634177564758],[-82.2130795676581,29.4634473307202],[-82.2129987700449,29.4634715123691],[-82.2129160763634,29.4634901546392],[-82.2127769169084,29.4635435893096],[-82.2126407577579,29.463602647525],[-82.2125078957626,29.4636671982555],[-82.2123786176349,29.4637371030752],[-82.2122532083383,29.4638122099935],[-82.2121319366378,29.4638923541032],[-82.2120558987655,29.4639507170696],[-82.2119854226457,29.4640142027766],[-82.2119209619601,29.4640824068351],[-82.2118629236651,29.4641548942586],[-82.2118116792259,29.4642312041714],[-82.2117675543509,29.4643108478233],[-82.2117308328867,29.4643933185842],[-82.2117017486128,29.4644780899942],[-82.2116804840458,29.4645646229613],[-82.2116671787459,29.4646523632005],[-82.2116824829228,29.4647081318946],[-82.2117051258397,29.4647619550314],[-82.2117347986264,29.4648130935841],[-82.2117710924905,29.4648608491791],[-82.2118135119712,29.4649045706463],[-82.2118614790413,29.4649436549934],[-82.2119143316004,29.4649775681335],[-82.2119713502108,29.4650058480625],[-82.2120317539344,29.4650281065906],[-82.2120947124937,29.4650440385798],[-82.2121593698758,29.4650534268701],[-82.212224835098,29.4650561403133],[-82.2122902170249,29.46505214431],[-82.2123546162894,29.4650414934491],[-82.212424035661,29.4650492959137],[-82.2124919913422,29.4650639574473],[-82.2125575988316,29.4650852901749],[-82.2126200097278,29.4651130157218],[-82.2126784094807,29.4651467732939],[-82.2127320409321,29.4651861273105],[-82.212780209572,29.4652305629835],[-82.2128222882164,29.4652795071535],[-82.2128577336228,29.4653323231669],[-82.2128860810676,29.4653883225104],[-82.2129069635584,29.4654467813904],[-82.2128954703431,29.4655025676243],[-82.2128766892948,29.4655568182672],[-82.2128508731842,29.4656088068635],[-82.2128183627426,29.4656578382777],[-82.2127795999583,29.4657032534406],[-82.2127350988655,29.4657444441752],[-82.2126854577273,29.4657808615331],[-82.2126313415132,29.4658120154863],[-82.212573475405,29.4658374883495],[-82.2125126322829,29.465856940876],[-82.2124496275715,29.4658701121686],[-82.2123853087872,29.4658768258115],[-82.2123205318107,29.4658769903574],[-82.2122922479893,29.465929242309],[-82.2122573883958,29.4659783577617],[-82.2122164056999,29.46602370671],[-82.2121698215876,29.466064707281],[-82.2121182369025,29.4661008331321],[-82.2120623108663,29.4661316203052],[-82.2120027661081,29.4661566727287],[-82.2119403637408,29.4661756699021],[-82.2118759074833,29.4661883669677],[-82.2118102228802,29.4661946015653],[-82.2116361105948,29.4661174679011],[-82.2114647474484,29.4660357542233],[-82.2112962914799,29.465949539115],[-82.2111308956553,29.4658588974615],[-82.2109687136799,29.4657639167947],[-82.2109376273672,29.4656823084681],[-82.2109000854015,29.4656028055361],[-82.2108562747303,29.4655257992819],[-82.2108064104593,29.465451667045],[-82.210750735831,29.4653807731242],[-82.2106895223079,29.4653134651695],[-82.2106230747875,29.465250071567],[-82.2105517170274,29.4651909074989],[-82.2104758002019,29.4651362615597],[-82.210395696572,29.4650864019613],[-82.2102853338566,29.4650474150667],[-82.210177968209,29.4650024739185],[-82.210074020545,29.4649517492455],[-82.2099738955726,29.4648954439764],[-82.2098779853171,29.4648337743534],[-82.2097866636789,29.4647669824682],[-82.2097002886386,29.4646953299847],[-82.2096191960944,29.4646190971285],[-82.2095437050977,29.4645385791682],[-82.2094741063501,29.4644540934329],[-82.2094106727795,29.4643659677669],[-82.2093536563241,29.4642745458873],[-82.2093032745336,29.4641801871479],[-82.2092597262366,29.4640832577915],[-82.2092231800586,29.4639841370641],[-82.2091841292747,29.4638895570427],[-82.2091379468896,29.4637974710721],[-82.2090848400637,29.4637082879356],[-82.2090250460316,29.4636224088236],[-82.2089588344516,29.4635402147428],[-82.2088864969346,29.4634620735503],[-82.2088083585046,29.4633883347419],[-82.2087247673332,29.4633193274665],[-82.208636097874,29.4632553587775],[-82.2085427446981,29.4631967126219],[-82.2084451233804,29.4631436561725],[-82.2083436730172,29.4630964200208],[-82.2082388433396,29.4630552205094],[-82.208131105539,29.4630202373638],[-82.2080209364344,29.4629916296561],[-82.2079088321614,29.4629695234138],[-82.2077616189347,29.4628861254098],[-82.207618831409,29.4627970283706],[-82.2074807593808,29.4627024097569],[-82.2073476798811,29.4626024639492],[-82.2072198615674,29.4624973905958],[-82.2070975635477,29.4623874009074],[-82.2069810312583,29.4622727175851],[-82.2068704975767,29.4621535712299],[-82.206879550866,29.4621144844535],[-82.206880939349,29.4620746220935],[-82.2068746223171,29.4620351275939],[-82.206860781091,29.4619971293565],[-82.2068398112296,29.4619617207531],[-82.2068123173611,29.46192991582],[-82.206779084821,29.4619026271034],[-82.2067410679681,29.4618806356772],[-82.2066993565867,29.4618645725057],[-82.2066551454031,29.4618548989579],[-82.2066097034978,29.4618518918323],[-82.2065643332044,29.4618556372199],[-82.2065203361404,29.4618660281012],[-82.2064789729503,29.4618827663441],[-82.2064414290665,29.4619053720272],[-82.206408782407,29.4619331982097],[-82.2063819670122,29.4619654429234],[-82.2063617546528,29.4620011867465],[-82.2062436424061,29.4621059615416],[-82.2061295492152,29.4622140942119],[-82.2060195984909,29.4623254642241],[-82.2059139125736,29.4624399528299],[-82.2058441296822,29.4624696234449],[-82.2057711864122,29.4624927496735],[-82.2056958794839,29.4625090766465],[-82.2056190348186,29.4625184249045],[-82.2055414950864,29.4625206937877],[-82.205464107462,29.4625158558074],[-82.2053877244263,29.4625039665846],[-82.2053131771545,29.462485156261],[-82.2052180900241,29.4623869828363],[-82.2051289748555,29.4622846086035],[-82.205046074777,29.4621783112657],[-82.2049696151222,29.4620683799428],[-82.2048998004216,29.4619551115089],[-82.2048368246258,29.4618388143814],[-82.2047808567599,29.4617198046591],[-82.2047320471284,29.4615984053286],[-82.2046905314379,29.4614749463372],[-82.2046777345741,29.4613936559806],[-82.20465755334,29.4613135222364],[-82.2046301203409,29.4612350563547],[-82.2045956065226,29.4611587612361],[-82.2045542368585,29.4610851217837],[-82.2045062726213,29.4610146136136],[-82.2044520231133,29.4609476861178],[-82.2043918342258,29.4608847667742],[-82.2043260915927,29.4608262584955],[-82.2042552165302,29.4607725368511],[-82.2041796610289,29.4607239436627],[-82.204099909732,29.4606807906483],[-82.2040164717938,29.460643354768],[-82.2039298830251,29.4606118746524],[-82.2038406955444,29.4605865522247],[-82.2037494799444,29.460567548228],[-82.2036568221167,29.4605549857786],[-82.2035633130709,29.4605489447722],[-82.2034695488935,29.4605494636887],[-82.20337613485,29.4605565405662],[-82.2030670393239,29.4605349037136],[-82.2027574959999,29.4605189276006],[-82.2024476397577,29.4605086182134],[-82.2021376034157,29.4605039815026],[-82.2018275240602,29.4605050171797],[-82.2015175366539,29.4605117276264],[-82.2012077784075,29.4605241071449],[-82.200898383378,29.4605421526897],[-82.2008197739818,29.4605458869073],[-82.2007420035536,29.4605565694324],[-82.2006658665087,29.4605740888646],[-82.200592149609,29.4605982632881],[-82.2005216070417,29.4606288479522],[-82.200454967842,29.4606655263796],[-82.20039291398,29.4607079217088],[-82.2003360833901,29.4607555994546],[-82.2002850627574,29.4608080673803],[-82.2002403759303,29.4608647861211],[-82.2002024827862,29.4609251736748],[-82.2002035409322,29.4609751240028],[-82.2001969827639,29.4610247503763],[-82.2001829275899,29.4610731706117],[-82.2001616242496,29.4611195192484],[-82.2001334536667,29.4611629710549],[-82.2000989162732,29.4612027498301],[-82.2000586295539,29.4612381455048],[-82.2000133133053,29.4612685274173],[-82.1999637749781,29.4612933539802],[-82.1999108971424,29.4613121796785],[-82.1998556247031,29.4613246728908],[-82.1997989434637,29.4613306064882],[-82.199741862126,29.4613298782697],[-82.1996854022728,29.4613224981534],[-82.1996390014305,29.4612529252936],[-82.1995863678939,29.4611868354518],[-82.1995278413711,29.4611246551079],[-82.1994638012521,29.4610667888842],[-82.199394659664,29.4610136076923],[-82.1993208623567,29.4609654550655],[-82.1992428867659,29.4609226417112],[-82.1991612368603,29.4608854454194],[-82.1990764371241,29.4608541037385],[-82.1989890365139,29.4608288212638],[-82.1988870249122,29.4608372752308],[-82.1987859795507,29.4608521599911],[-82.198686426928,29.4608734018336],[-82.1985888903371,29.4609008872895],[-82.1984938813913,29.4609344729081],[-82.1984018949339,29.4609739824595],[-82.1983134130991,29.4610192097134],[-82.1982289001794,29.4610699174456],[-82.19814879842,29.4611258409734],[-82.1980735270096,29.4611866872346],[-82.1980034799772,29.4612521365552],[-82.1977787730673,29.4614436673734],[-82.1975594994479,29.4616399634442],[-82.1973457918149,29.4618409044231],[-82.1971377807437,29.4620463726352],[-82.1969355877042,29.4622562430259],[-82.196739336252,29.4624703896752],[-82.1965491438453,29.4626886829458],[-82.1965058340274,29.4627284148709],[-82.1964571954137,29.4627631032373],[-82.1964039880748,29.4627922056404],[-82.1963470442732,29.4628152684799],[-82.1962872561156,29.4628319258388],[-82.1962255595719,29.4628419217599],[-82.1961629192841,29.4628450982472],[-82.1961003148967,29.4628414067545],[-82.1960387298427,29.4628309025731],[-82.1959791223382,29.4628137506352],[-82.1959224296081,29.4627902210769],[-82.195869539214,29.4627606806098],[-82.1958212756546,29.4627255922833],[-82.1957783954413,29.462685505472],[-82.1957415708155,29.4626410465635],[-82.1957113775261,29.4625929124255],[-82.1956882858668,29.4625418567117],[-82.1956726620398,29.4624886754483],[-82.1955850878667,29.4623707997823],[-82.1954915429496,29.4622564909376],[-82.1953922188645,29.462145981484],[-82.1952873136388,29.4620394923745],[-82.1951770418921,29.4619372403444],[-82.1950616246118,29.4618394341204],[-82.194941296473,29.4617462700389],[-82.1948163036721,29.4616579365199],[-82.1946868936207,29.4615746138838],[-82.1945533346533,29.4614964692872],[-82.1942011621902,29.4615293000084],[-82.1938498701115,29.4615686836993],[-82.1934996123136,29.4616146059492],[-82.1934466762679,29.4615614089097],[-82.1934000885522,29.4615038459597],[-82.1933603121887,29.4614424937773],[-82.1933277505934,29.4613779649801],[-82.1933027289827,29.4613109096014],[-82.1932854977791,29.4612420016138],[-82.1932762308005,29.4611719280701],[-82.1932750199202,29.4611013971289],[-82.1932818777337,29.4610311119341],[-82.193296737351,29.4609617796346],[-82.1933194475364,29.4608940986656],[-82.1933705608285,29.4608611543913],[-82.1934169452656,29.4608232284806],[-82.1934579682769,29.4607808339956],[-82.1934930751958,29.4607345485414],[-82.1935217864174,29.4606850033876],[-82.1935437122036,29.4606328674878],[-82.1935585535664,29.4605788538116],[-82.1935661100453,29.4605236951187],[-82.1935662797274,29.4604681430567],[-82.1935590565716,29.4604129500674],[-82.193544542838,29.4603588668993],[-82.1935229338781,29.460306631511],[-82.1934945236617,29.4602569529263],[-82.1934949966164,29.4601591173227],[-82.1935026755335,29.4600615121777],[-82.1935175314051,29.4599645439305],[-82.1935394981835,29.4598686156566],[-82.1935684851697,29.459774126384],[-82.1936043739641,29.4596814692357],[-82.1936470153953,29.4595910304721],[-82.1936962286154,29.4595031840616],[-82.193751811281,29.459418297275],[-82.1938135304453,29.4593367233053],[-82.1938811328639,29.459258801451],[-82.193954332649,29.4591848559946],[-82.1940328278005,29.4591151946914],[-82.1941120892376,29.4589896227964],[-82.194197248006,29.4588670445295],[-82.1942881558515,29.4587476729134],[-82.1943846596198,29.4586317100559],[-82.1944865864938,29.4585193613255],[-82.1945937660744,29.458410816794],[-82.1947060072906,29.4583062688737],[-82.1948231214895,29.4582058946804],[-82.1949449015117,29.4581098691978],[-82.1950711404089,29.4580183583897],[-82.195157696263,29.4579649584112],[-82.195248367464,29.4579170695719],[-82.1953426916622,29.4578749345326],[-82.1954401989537,29.4578387660439],[-82.1955403902364,29.457808746564],[-82.1956427671192,29.4577850278855],[-82.1957468072276,29.4577677288942],[-82.195851988939,29.4577569360064],[-82.1959577810126,29.457752705693],[-82.1960636468373,29.4577550591405],[-82.1961690567979,29.4577639824698],[-82.1962734778436,29.4577794319656],[-82.1963763807853,29.4578013305961],[-82.1964772495914,29.4578295672753],[-82.1966815749364,29.457858232844],[-82.1968845513474,29.4578934829493],[-82.1970859036968,29.4579352676158],[-82.1972853549604,29.4579835296177],[-82.1974826334948,29.4580382019005],[-82.1976774739424,29.4580992130105],[-82.1981536841571,29.4581026336551],[-82.1986298924531,29.4580988960996],[-82.1987250227438,29.4580108503019],[-82.1988155852264,29.4579191883922],[-82.1989013983924,29.4578240912503],[-82.1989822929575,29.4577257462879],[-82.1990581076765,29.4576243500822],[-82.1991286935701,29.4575201039382],[-82.1991646256997,29.4574139959276],[-82.19919284826,29.4573061176043],[-82.1992132523927,29.4571968983666],[-82.1992257518522,29.4570867707178],[-82.1992303015354,29.4569761714959],[-82.1992268789091,29.4568655424477],[-82.1992155006662,29.4567553233045],[-82.1991962114713,29.4566459479735],[-82.1991690868231,29.4565378545149],[-82.1991342375301,29.4564314698806],[-82.1990918002269,29.4563272187706],[-82.1990885238447,29.4562642617898],[-82.1990770543849,29.4562020434715],[-82.1990575421608,29.4561413785705],[-82.1990302431883,29.4560830584418],[-82.198995516135,29.4560278491828],[-82.1989538104303,29.4559764706694],[-82.1989056765506,29.4559295976405],[-82.198851740711,29.4558878394003],[-82.1987927099146,29.4558517444189],[-82.1987293558162,29.4558217847089],[-82.1986625065822,29.4557983511696],[-82.1985930387087,29.4557817507362],[-82.1985218606154,29.4557722024807],[-82.1984498994572,29.4557698283558],[-82.1983780998861,29.4557746621966],[-82.1983074016498,29.4557866375942],[-82.1979707498144,29.4556722917599],[-82.1976365641187,29.4555525304037],[-82.1973049612431,29.4554273926026],[-82.1969760546701,29.4552969218893],[-82.1967977671156,29.4552384473364],[-82.1966222691686,29.4551738327433],[-82.1964498347857,29.4551031813204],[-82.1962807346418,29.4550266043424],[-82.1961152361092,29.4549442220499],[-82.1959536002067,29.4548561617911],[-82.1957960783419,29.4547625651826],[-82.195642919795,29.4546635765113],[-82.1954943642555,29.45455935343],[-82.1951318009435,29.4543373649331],[-82.1947719319675,29.4541120402271],[-82.1944148021698,29.4538834026862],[-82.1940604511136,29.4536514810057],[-82.1935074200997,29.4534649930103],[-82.1929568502885,29.453273009489],[-82.1924088133547,29.4530755552024],[-82.1923788283571,29.4530263654912],[-82.1923424253367,29.4529806127619],[-82.1923001122164,29.4529389367408],[-82.19225248078,29.4529019172815],[-82.1922001943683,29.4528700714391],[-82.1921439829344,29.4528438443607],[-82.1920846288459,29.4528235991079],[-82.1920229626793,29.4528096201922],[-82.1919598428598,29.4528021023862],[-82.191896151519,29.4528011515532],[-82.1918327750188,29.4528067797897],[-82.1917705977068,29.4528189080227],[-82.1917104905178,29.452837368514],[-82.1916532893746,29.4528619026727],[-82.1915997908993,29.4528921681978],[-82.1915507440652,29.4529277434415],[-82.1915198984986,29.453029708528],[-82.1914815249055,29.4531296967155],[-82.1914357857039,29.4532272822665],[-82.1913828739808,29.4533220508137],[-82.1913230155335,29.4534136002994],[-82.1912564657985,29.453501540018],[-82.1912082370214,29.4535807395735],[-82.1911539456266,29.4536568755948],[-82.1910938462212,29.4537295934579],[-82.1910282188459,29.4537985534261],[-82.1909573689122,29.4538634333569],[-82.1908816250577,29.4539239322733],[-82.1908013443411,29.4539797686511],[-82.1907168967622,29.4540306810476],[-82.1906286775456,29.4540764319283],[-82.1905370978236,29.454116809307],[-82.190442582616,29.4541516249052],[-82.1903455759418,29.4541807160478],[-82.1900866383776,29.4542327252895],[-82.1898296262928,29.4542915988618],[-82.1895747770209,29.4543572814324],[-82.1893223269499,29.4544297140447],[-82.1890725085153,29.4545088304551],[-82.1888255543635,29.4545945554017],[-82.1887123234149,29.4547854415881],[-82.1886056385451,29.4549791950716],[-82.1885055924055,29.4551756451657],[-82.1884122757767,29.4553746130287],[-82.1883257720398,29.4555759278079],[-82.1882461555949,29.4557794058578],[-82.1881735007402,29.4559848680414],[-82.1881078663163,29.4561921349468],[-82.1880493175377,29.4564010191528],[-82.1880174438978,29.4564916652975],[-82.1879929984788,29.4565840602703],[-82.1879761013509,29.4566777396979],[-82.1879668397317,29.4567722332084],[-82.1879652587308,29.4568670633649],[-82.1879713663353,29.4569617529727],[-82.1879851344609,29.4570558241953],[-82.1880064895288,29.4571488047037],[-82.1880353279674,29.4572402261473],[-82.1880715006888,29.4573296265847],[-82.1881148294741,29.4574165552872],[-82.1881650934913,29.4575005761083],[-82.1883335982837,29.4581198467843],[-82.1885067428925,29.4587381366096],[-82.188498175958,29.4587986992651],[-82.1884820522106,29.45885806848],[-82.188458564573,29.4589155267075],[-82.1884279983509,29.4589703742811],[-82.1883907246107,29.4590219482466],[-82.1883471960783,29.4590696213868],[-82.1882979406216,29.4591128165439],[-82.1882435540151,29.4591510073937],[-82.188202926671,29.4591969489565],[-82.1881686775639,29.4592467114099],[-82.1881412687246,29.4592996225963],[-82.188121071568,29.4593549609254],[-82.188115578154,29.4593796073286],[-82.1881083622263,29.4594119787516],[-82.1881033132828,29.4594699031297],[-82.1881059893343,29.4595279492708],[-82.1881110468839,29.4595848944168],[-82.1881085735635,29.4596419720957],[-82.1880986025231,29.4596984186158],[-82.1880812676654,29.4597534829002],[-82.1880653044508,29.4597947838093],[-82.1880560271483,29.4598376209523],[-82.1880536167856,29.4598811682951],[-82.188058120596,29.4599245893072],[-82.1880694476641,29.4599670468094],[-82.1880873829162,29.4600077221719],[-82.1881115815472,29.460045833262],[-82.1881415749328,29.4600806462799],[-82.1881712357218,29.4601329280568],[-82.1881957015535,29.4601872318082],[-82.1882147970892,29.4602431592015],[-82.1882283821358,29.460300308016],[-82.1882363570496,29.4603582614096],[-82.1882365700047,29.4603989967061],[-82.1882443426258,29.4604391605338],[-82.188259467646,29.4604776862592],[-82.1882815450299,29.4605135498462],[-82.1883099854267,29.460545798792],[-82.1883440364854,29.4605735733485],[-82.1883827892964,29.4605961400238],[-82.1884252174929,29.4606128949837],[-82.1884701940413,29.4606233959314],[-82.188516521131,29.4606273626391],[-82.1886330184763,29.4606101260733],[-82.1887482137603,29.4605871382634],[-82.1888617331022,29.4605584701811],[-82.1889732154567,29.4605242173898],[-82.1890822964168,29.460484487125],[-82.189188630616,29.4604394104217],[-82.1896102547411,29.4602588293727],[-82.1900332431823,29.4600807101994],[-82.190127138741,29.4600450292817],[-82.1902237584854,29.4600154422609],[-82.1903225894917,29.4599921042617],[-82.1904231030162,29.4599751412544],[-82.1905247629272,29.4599646420845],[-82.1906270266107,29.4599606639021],[-82.1907293492173,29.4599632268237],[-82.1908311845879,29.4599723184599],[-82.1909795542893,29.4600116970888],[-82.1911267224605,29.4600543919949],[-82.1911405461452,29.4600621823561],[-82.1911531928344,29.4600713775469],[-82.1911644801433,29.4600818389842],[-82.1911288288461,29.4600922210111],[-82.1910919991466,29.4600987219432],[-82.1910545366211,29.460101246779],[-82.1909920933038,29.460108807797],[-82.1909310869824,29.4601227079104],[-82.1908723602589,29.4601427590318],[-82.1908507578497,29.4601495505765],[-82.1908305818285,29.4601591303592],[-82.1908122992476,29.4601712765644],[-82.1907963342198,29.4601857070607],[-82.1907830511777,29.4602020899329],[-82.1907727609955,29.4602200462974],[-82.1907657011553,29.4602391607778],[-82.1907968882538,29.4603118915861],[-82.190831607627,29.4603833847347],[-82.1908697993969,29.4604535101249],[-82.1908759033604,29.460458276191],[-82.1908810223366,29.4604638576538],[-82.1908850175195,29.4604701040693],[-82.1908877763911,29.4604768429016],[-82.190889225932,29.4604838878772],[-82.1908893232206,29.4604910442329],[-82.1908880665816,29.4604981170343],[-82.1908854914647,29.4605049111023],[-82.1908816681735,29.460511239997],[-82.1908767028546,29.4605169278397],[-82.1908707300751,29.4605218182042],[-82.1908639168398,29.4605257787002],[-82.1908564492975,29.4605286962259],[-82.1908485323031,29.4605304959091],[-82.1908403846601,29.460531123879],[-82.1908322294694,29.4605305633366],[-82.1908201164217,29.4605330132122],[-82.1908077149586,29.4605337579709],[-82.1907953327366,29.4605327805079],[-82.1907832827192,29.4605301017107],[-82.1907718694862,29.4605257928497],[-82.1907613752012,29.4605199581839],[-82.1907520655029,29.460512747699],[-82.1907441754521,29.4605043406156],[-82.1907378991416,29.4604949488147],[-82.1907188575467,29.460441216354],[-82.1906945086429,29.4603891493607],[-82.1906650410521,29.4603391518133],[-82.1906306810406,29.4602916048964],[-82.1905888594574,29.4602736676216],[-82.1905447739419,29.4602605285279],[-82.1904991371427,29.4602524023712],[-82.1904526894775,29.4602494177767],[-82.1904061855271,29.4602516260205],[-82.190360379836,29.4602589908527],[-82.1902424224955,29.4603042278521],[-82.1901275268447,29.4603551415008],[-82.1900160470487,29.4604115756668],[-82.1899083315923,29.4604733524625],[-82.1898047127026,29.4605402837868],[-82.1897429106313,29.4605894190469],[-82.1896860197423,29.4606429076326],[-82.1896344406237,29.4607003704546],[-82.1895885320696,29.4607614078312],[-82.1895486184821,29.4608255914979],[-82.1895149773153,29.4608924725055],[-82.1894878442286,29.4609615813114],[-82.189467411972,29.4610324313692],[-82.1894538198282,29.4611045297692],[-82.189455963453,29.4611824846259],[-82.1894649166858,29.4612600684922],[-82.1894806324162,29.4613368230457],[-82.1895030148416,29.4614122999276],[-82.1895319350516,29.4614860556046],[-82.1895672195236,29.4615576583843],[-82.1896086656028,29.461626687787],[-82.1896560290718,29.4616927370329],[-82.1897047968009,29.461744410763],[-82.1897580043733,29.4617926143211],[-82.1898153307225,29.4618370532597],[-82.1898764272721,29.4618774633234],[-82.1899409285772,29.4619135961997],[-82.190008440632,29.4619452346522],[-82.190068894892,29.4619640493243],[-82.1901314040686,29.4619767211993],[-82.1901951532066,29.4619830887434],[-82.1902593162774,29.4619830678286],[-82.1903230621766,29.4619766599607],[-82.1903855600026,29.461963946959],[-82.1904945039571,29.461881717487],[-82.1906001791256,29.4617962835275],[-82.1907024594882,29.4617077439161],[-82.1907281341407,29.4616534614818],[-82.1907479537578,29.4615973301295],[-82.1907617514235,29.4615398350671],[-82.1907694054264,29.4614814686197],[-82.1907708525734,29.4614227340744],[-82.1907660812467,29.4613641338271],[-82.190755129321,29.4613061702478],[-82.1907426987265,29.461273201363],[-82.1907250549281,29.4612421062528],[-82.1907025545816,29.4612135129481],[-82.1906756483112,29.4611879988096],[-82.1906448851032,29.461166078876],[-82.1906325525793,29.4611562250864],[-82.1906223204493,29.4611446751421],[-82.1906144840217,29.4611317672415],[-82.1906092778454,29.4611178809155],[-82.1906068482157,29.4611034221027],[-82.1906072689059,29.461088811698],[-82.1906105300182,29.4610744772338],[-82.1906165310824,29.4610608392224],[-82.1906251010144,29.4610482952683],[-82.1906359869461,29.4610372126509],[-82.1906488720598,29.4610279151063],[-82.1906633789098,29.4610206729599],[-82.1906790808435,29.4610156997202],[-82.1906955249466,29.4610131407549],[-82.1907122248495,29.4610130722612],[-82.1907286929073,29.4610154919107],[-82.1907444512232,29.4610203325796],[-82.1907590360011,29.4610274525005],[-82.1907720221348,29.4610366420143],[-82.1907830281314,29.4610476335832],[-82.1907917346009,29.4610601048256],[-82.1907978849314,29.4610736938675],[-82.1908013028316,29.4610879987512],[-82.1908018824286,29.4611026043296],[-82.1908908478199,29.4611240436267],[-82.1909816120048,29.4611385983328],[-82.1910734825152,29.4611461605225],[-82.1911657565203,29.4611466690109],[-82.1912577287599,29.461140123028],[-82.1913486949081,29.4611265705489],[-82.191390104032,29.4611116019542],[-82.1914290289324,29.4610921922323],[-82.1914648530995,29.4610686498872],[-82.1916279963654,29.4609309180697],[-82.1916450712339,29.4609388850963],[-82.1916604237231,29.4609491902342],[-82.1916736437304,29.4609615546134],[-82.1916843718556,29.4609756470247],[-82.1916923210231,29.4609910852047],[-82.1916972760444,29.4610074547774],[-82.1916991049135,29.4610243112591],[-82.1916977531111,29.4610412034175],[-82.1916932631457,29.4610576754234],[-82.1916857525759,29.4610732808979],[-82.1916754270339,29.4610875993862],[-82.1913620899972,29.4613236771472],[-82.1910520899695,29.4615631023516],[-82.1907454740337,29.4618058451787],[-82.1904422874628,29.4620518649478],[-82.1904294661954,29.4620666823022],[-82.1904197246252,29.4620831992184],[-82.1904133462709,29.4621009271452],[-82.1904105194264,29.462119348773],[-82.190411324709,29.4621379214217],[-82.1904157416887,29.4621561024245],[-82.1904236394658,29.4621733552764],[-82.1904347863307,29.4621891777784],[-82.1904488549369,29.4622031012271],[-82.190524136463,29.4622958119922],[-82.1906044749371,29.4623852123555],[-82.1906896813589,29.4624710932244],[-82.1907795510986,29.4625532524474],[-82.1908738773375,29.4626314932485],[-82.1908899323683,29.4626384939367],[-82.1909070769477,29.4626431028908],[-82.1909248551187,29.4626451956269],[-82.1909427846008,29.4626447157721],[-82.1909603814645,29.4626416782093],[-82.1909771747693,29.4626361603131],[-82.1909927103944,29.4626283146506],[-82.19100657005,29.4626183494665],[-82.1910183814386,29.4626065351801],[-82.191381562744,29.4623125100219],[-82.1917431636709,29.4620169977144],[-82.1917571535828,29.4620022424495],[-82.1917737367513,29.461989712278],[-82.1917924586967,29.4619797537642],[-82.1918128037394,29.4619726402016],[-82.1918342126038,29.4619685683147],[-82.1918560970981,29.4619676476918],[-82.1918778533878,29.4619699064342],[-82.19189888391,29.4619752798137],[-82.1919186115318,29.4619836222545],[-82.1919364909914,29.4619947030235],[-82.1919520302916,29.4620082174378],[-82.1919648059718,29.4620237952558],[-82.1919744630246,29.4620410042855],[-82.191980738038,29.462059375157],[-82.1919834551142,29.4620783994454],[-82.191982543817,29.462097556157],[-82.1919780245968,29.4621163177868],[-82.1919700259361,29.4621341668649],[-82.1919587664118,29.4621506136849],[-82.1919445534345,29.4621652062078],[-82.1916771114965,29.4623736201888],[-82.1914135260009,29.4625857663784],[-82.1911538683017,29.4628015910223],[-82.1911465424447,29.4628072009463],[-82.191140350159,29.4628137739038],[-82.1911354531876,29.4628211377082],[-82.1911319787731,29.4628290961008],[-82.1911300214067,29.4628374423164],[-82.1911296315734,29.4628459552751],[-82.1911308196039,29.4628544113803],[-82.1911335535296,29.4628625880903],[-82.1911377609972,29.4628702702688],[-82.1911433332461,29.4628772565714],[-82.1911501219324,29.462883362999],[-82.1911579482586,29.4628884293755],[-82.1911666080858,29.4628923212439],[-82.1911982917619,29.4629446679284],[-82.1912363543179,29.4629936527586],[-82.1912803331126,29.4630386828151],[-82.1913296993998,29.4630792145374],[-82.1913838510932,29.4631147544987],[-82.191447758213,29.4631212803202],[-82.1915120924539,29.4631221812903],[-82.1915762054253,29.4631174495285],[-82.1916394567189,29.4631071332412],[-82.1917012139301,29.4630913358207],[-82.1917608568021,29.463070215016],[-82.1918785468368,29.4629687661752],[-82.1919926083193,29.4628641922169],[-82.1921029347945,29.4627565932287],[-82.192209419767,29.4626460711023],[-82.1922195828272,29.4626267453291],[-82.192233383897,29.4626092336364],[-82.1922504150749,29.462594053055],[-82.1922701709138,29.4625816584303],[-82.1922920655796,29.462572413853],[-82.1923154471966,29.4625665965216],[-82.1923396251042,29.462564377375],[-82.1923638770083,29.4625658239253],[-82.192489132454,29.4625954169203],[-82.1926125323877,29.4626304766712],[-82.1927337654015,29.4626709155549],[-82.1928525246048,29.4627166288848],[-82.1929685125896,29.4627675031199],[-82.1930814322382,29.4628234120925],[-82.1931910033595,29.4628842109865],[-82.1932969490398,29.4629497469237],[-82.1935280613239,29.4630867596579],[-82.1937636969025,29.4632177396219],[-82.194003649087,29.4633425721453],[-82.1942477089776,29.463461148836],[-82.1944956665362,29.4635733657947],[-82.1947473033298,29.4636791252911],[-82.1949164317174,29.4637367690276],[-82.1950827988584,29.4638002649668],[-82.1952461431299,29.4638695128423],[-82.1954062041666,29.4639444024859],[-82.1955627290029,29.4640248157399],[-82.1957154649413,29.4641106227223],[-82.1958641738152,29.4642016892972],[-82.1960086166537,29.4642978713894],[-82.1961485650811,29.4643990124795],[-82.1962837948831,29.4645049543171],[-82.19641409444,29.4646155289497],[-82.1965392533464,29.4647305603255],[-82.1969636248637,29.465143078065],[-82.1973924358469,29.4655520625928],[-82.1978256510005,29.4659574798544],[-82.1979777939068,29.4660987781394],[-82.1982632309246,29.4663592948206],[-82.1988814731119,29.466699395445],[-82.1989148042966,29.4667180489697],[-82.199496665996,29.4670437099774],[-82.2001087677379,29.4673922214796],[-82.2007177418375,29.4677449049876],[-82.2006944451441,29.4678135333381],[-82.2006644134743,29.4678801262517],[-82.2006278739229,29.4679441806192],[-82.2005851047695,29.4680052095739],[-82.200536427026,29.4680627513661],[-82.2004822127654,29.4681163659002],[-82.2004228744405,29.4681656507894],[-82.2003588579391,29.4682102295025],[-82.2002906525589,29.4682497659777],[-82.2002187746816,29.4682839571155],[-82.2001437705531,29.4683125463643],[-82.2001431373683,29.4683955627394],[-82.2001504982657,29.4684783304322],[-82.2001658028963,29.4685602611313],[-82.2001889430646,29.4686407709167],[-82.2002197524986,29.4687192901817],[-82.2002580111181,29.4687952573916],[-82.2003034487825,29.4688681353926],[-82.2003557413548,29.4689374032215],[-82.2004145165944,29.4690025688421],[-82.2004793592897,29.4690631701392],[-82.2005498050527,29.4691187757115],[-82.2005914846666,29.4691404681322],[-82.2006365065866,29.469156242457],[-82.2006837794454,29.4691657130718],[-82.2007321608007,29.4691686522737],[-82.2007804757309,29.4691649887947],[-82.2008275569523,29.4691548121195],[-82.2008722645288,29.4691383674184],[-82.200913515827,29.4691160533695],[-82.2009503105665,29.4690884090649],[-82.2009817619507,29.4690561055365],[-82.2010071054115,29.4690199242539],[-82.2010257268342,29.4689807404772],[-82.2010371784963,29.4689395027844],[-82.2010377154569,29.468933832055],[-82.2010411826992,29.4688972096743],[-82.2010564525054,29.4688281499584],[-82.2010786706723,29.4687605474117],[-82.2011076618589,29.4686949403384],[-82.2011431955654,29.4686318444122],[-82.2011849911411,29.4685717590814],[-82.2012327190036,29.4685151594694],[-82.2012860017518,29.4684624927854],[-82.201344420476,29.468414173022],[-82.2014075095418,29.4683705835702],[-82.2014564066229,29.4683599848403],[-82.2015065684508,29.4683559404162],[-82.2015568544245,29.4683585465739],[-82.2016061214374,29.4683677398335],[-82.2016532461569,29.4683833144965],[-82.2016971592458,29.4684049142264],[-82.2017368594382,29.468432047636],[-82.2017714421712,29.4684640987182],[-82.2018001251239,29.4685003372212],[-82.201822250853,29.4685399385466],[-82.2018373193816,29.4685820014675],[-82.20184498564,29.4686255697398],[-82.2018450765525,29.4686696513516],[-82.2018375894674,29.4687132419566],[-82.201822693576,29.4687553528711],[-82.201800729643,29.4687950228002],[-82.2017721958393,29.4688313509744],[-82.2017377432871,29.4688635115085],[-82.2016981540203,29.4688907701578],[-82.2016543311672,29.4689125076064],[-82.2016228430263,29.4690075996867],[-82.2015839924825,29.4691005821435],[-82.2015379607001,29.4691910205337],[-82.2014849606118,29.4692784890951],[-82.2014252460295,29.4693625781253],[-82.2013590930916,29.4694428936552],[-82.2012868136416,29.4695190585868],[-82.2012087458479,29.4695907170405],[-82.2011252563487,29.4696575307833],[-82.2010367379823,29.4697191882123],[-82.2009436027386,29.4697753970123],[-82.2008462907234,29.4698258978487],[-82.2007284966747,29.4698637752805],[-82.2006135088324,29.4699077604217],[-82.2005017412013,29.4699576963625],[-82.200393591817,29.4700134033538],[-82.200289450971,29.4700746798551],[-82.2001896938706,29.4701413078179],[-82.200094677714,29.4702130454162],[-82.2000047455836,29.4702896370398],[-82.1999202183676,29.4703708059336],[-82.1998414007979,29.4704562606197],[-82.1997685783375,29.4705456957451],[-82.1997020080078,29.4706387874075],[-82.1996419346305,29.4707352042703],[-82.1996488583281,29.4707618398718],[-82.1996609278873,29.4707870323628],[-82.1996777812346,29.4708100273116],[-82.1996989115222,29.4708301326986],[-82.1997236911794,29.4708467491176],[-82.1997513727769,29.4708593770102],[-82.1997811276763,29.4708676399071],[-82.1998120645418,29.4708712865598],[-82.199843258755,29.4708702122137],[-82.1998737712808,29.4708644454064],[-82.1999026916897,29.4708541604573],[-82.1999718573988,29.4707806600184],[-82.2000464647926,29.4707113522203],[-82.2001261778214,29.4706465451342],[-82.2002106464651,29.4705865267333],[-82.2002994944066,29.4705315628709],[-82.2003923272563,29.4704818983281],[-82.2004887326146,29.470437754108],[-82.200588283268,29.4703993229807],[-82.2006905390216,29.4703667794413],[-82.2007716092621,29.4702792507418],[-82.2008588627094,29.4701964005466],[-82.2009519493348,29.4701185619446],[-82.2010504896585,29.4700460485561],[-82.2011540902731,29.4699791520995],[-82.2012623335152,29.4699181431126],[-82.2013747796724,29.4698632646745],[-82.2014909801748,29.4698147416625],[-82.2016104655167,29.4697727679061],[-82.2016678372311,29.4697713960964],[-82.2017249849336,29.4697760325736],[-82.2017810924978,29.4697866088005],[-82.2018353529443,29.4698029724853],[-82.201886992064,29.4698248916076],[-82.2019352695107,29.4698520517306],[-82.2019794941165,29.4698840625873],[-82.2020190318879,29.4699204690495],[-82.2020533164586,29.4699607449951],[-82.2023359278877,29.4706013593951],[-82.2023518487552,29.4706364802754],[-82.2026252802118,29.471239665633],[-82.2029213489965,29.471875609993],[-82.2029477584831,29.4719170904145],[-82.2029808552591,29.4719547193621],[-82.2030199219665,29.4719876756897],[-82.2030641058648,29.4720152405356],[-82.203112446267,29.4720368149505],[-82.2031638877121,29.4720519300565],[-82.2032173117323,29.4720602557284],[-82.2032715552211,29.4720616090388],[-82.2033254329455,29.4720559618738],[-82.203377775748,29.4720434389],[-82.2034274441345,29.4720243096819],[-82.2034733518795,29.4719989936104],[-82.2035145015509,29.4719680397743],[-82.2035499979518,29.4719321253923],[-82.2035675116988,29.4718745637077],[-82.2035923141903,29.4718190930792],[-82.2036240892041,29.4717664144575],[-82.2036624346006,29.4717171984037],[-82.2037068616869,29.4716720679333],[-82.2037568086585,29.4716315969493],[-82.2038116408697,29.4715962985164],[-82.2038706612241,29.4715666214359],[-82.2039331227303,29.4715429423458],[-82.2039982307291,29.4715255585418],[-82.2040651602709,29.4715146946004],[-82.204133062652,29.4715104871546],[-82.2042706137159,29.4715526373332],[-82.2044052527716,29.4716014665745],[-82.2045365502402,29.4716568229443],[-82.2047874923976,29.471786393629],[-82.2050202871803,29.4719397256701],[-82.2051289559757,29.4720247107263],[-82.205232010254,29.4721148898941],[-82.2052669587317,29.4721712652992],[-82.2053089168003,29.4722238516318],[-82.2053573583934,29.4722719836214],[-82.2054116695479,29.4723150512965],[-82.2054711615558,29.4723525110443],[-82.2055350852909,29.4723838903754],[-82.2056026290856,29.4724087905942],[-82.2056729432418,29.472426897156],[-82.2057451348151,29.4724379822827],[-82.2057772067665,29.4724398310948],[-82.2058182923757,29.4724419044969],[-82.2058914899867,29.4724386150084],[-82.2059638027082,29.4724281561824],[-82.2060343159586,29.4724106580949],[-82.2061021388326,29.4723863423769],[-82.2061495292852,29.472218449106],[-82.2061889259299,29.4720489803638],[-82.2062202632904,29.4718782291653],[-82.2062434851897,29.4717064877856],[-82.2062585559841,29.471534052469],[-82.2062654441953,29.4713612177272],[-82.2062641409396,29.4711882820772],[-82.2062546507747,29.4710155424666],[-82.2062369865248,29.4708432950846],[-82.2062111774852,29.4706718373113],[-82.2061393551629,29.4704139792546],[-82.2060608342672,29.4701576210936],[-82.2059756602631,29.4699028953566],[-82.2058838734603,29.4696499344807],[-82.2057855224753,29.4693988683409],[-82.2056806620656,29.4691498287246],[-82.2055693418747,29.4689029455236],[-82.2054721834245,29.4686155648986],[-82.2053807712145,29.4683267451228],[-82.2052951331399,29.4680365715199],[-82.2052950487964,29.4678980895457],[-82.205300913075,29.4677596997215],[-82.2053127203142,29.4676216022656],[-82.2053304505473,29.4674839917298],[-82.2053540807363,29.4673470617081],[-82.2053611781342,29.4672674879652],[-82.2053755791459,29.4671886736003],[-82.2053971925425,29.4671111322378],[-82.205425875789,29.4670353666717],[-82.2054614442787,29.4669618708326],[-82.2055036642855,29.4668911224454],[-82.2055522622611,29.4668235822909],[-82.2056069229194,29.4667596878556],[-82.2056672881642,29.4666998551181],[-82.2057329685102,29.4666444751409],[-82.2058035359932,29.4665939085319],[-82.2058785294056,29.4665484819274],[-82.2059852327751,29.4665039691977],[-82.2060952166849,29.4664660669048],[-82.2062079521229,29.4664349570208],[-82.2063228880675,29.4664107922565],[-82.2064394661036,29.4663936881988],[-82.206557124421,29.4663837287951],[-82.2066752875684,29.4663809634658],[-82.2067933851096,29.4663854029213],[-82.2069108442418,29.4663970262507],[-82.2070270908467,29.4664157800378],[-82.2071415651576,29.466441569614],[-82.2072537101311,29.4664742714855],[-82.2073629798161,29.4665137280671],[-82.2074684563301,29.4665555504982],[-82.2075705736553,29.4666033341079],[-82.2076688910745,29.466656873538],[-82.2077629859491,29.4667159393857],[-82.2078524537605,29.4667802764005],[-82.2079369090575,29.4668496071097],[-82.2080159884869,29.4669236345787],[-82.208089351906,29.4670020388206],[-82.2081566832488,29.4670844840302],[-82.2081474285681,29.4671207592978],[-82.2081444928271,29.4671578369207],[-82.2081479436443,29.4671948834289],[-82.2081577014104,29.4672310555432],[-82.2081735476529,29.4672655400241],[-82.2081951239625,29.4672975554587],[-82.2082219396586,29.4673263776603],[-82.2082533930608,29.4673513562858],[-82.2082301552864,29.4677673957352],[-82.2082080520346,29.4686002147271],[-82.2082091934067,29.469016749858],[-82.2082184662445,29.4694332078761],[-82.2082358652011,29.4698494668688],[-82.2082393532885,29.4700127299316],[-82.2082482813219,29.470175836038],[-82.2082626401705,29.470338645164],[-82.2082498525826,29.4703967281938],[-82.208243524236,29.4704556196476],[-82.2082437131353,29.4705147701221],[-82.2082504205937,29.4705736292161],[-82.208263580863,29.4706316480544],[-82.2082830733151,29.4706882876235],[-82.2083087142376,29.470743016823],[-82.2083402678188,29.470795327998],[-82.2083774369328,29.4708447340706],[-82.208642661122,29.4709348204956],[-82.2089102547308,29.4710193698077],[-82.2091800703055,29.4710983351856],[-82.2094519500628,29.47117167053],[-82.2099717763016,29.4711002892113],[-82.2104908019646,29.4710245767986],[-82.211008977406,29.4709445369423],[-82.2110906929018,29.4709636890954],[-82.2111701511011,29.4709890917125],[-82.2112467296176,29.4710205461776],[-82.2113198298572,29.4710578055683],[-82.2113888759861,29.4711005746369],[-82.21145332598,29.4711485226372],[-82.2115126791282,29.4712012708233],[-82.2115664653743,29.4712584076018],[-82.2116142660353,29.471319484384],[-82.2116557044416,29.47138401903],[-82.2116904559141,29.4714515104617],[-82.2117182480333,29.4715214269364],[-82.2117388634014,29.4715932205328],[-82.2117521406524,29.4716663280705],[-82.2117039635929,29.4722216402187],[-82.2116479113609,29.4727763863448],[-82.211605921856,29.4728509702716],[-82.2115577062919,29.4729226160042],[-82.2115035316874,29.4729909212732],[-82.2114436964394,29.4730555096255],[-82.2113785346313,29.4731160223789],[-82.2113084076434,29.4731721247916],[-82.2112337021522,29.4732235033197],[-82.2111548361089,29.4732698747461],[-82.2110722433601,29.4733109823017],[-82.2109863828829,29.4733465976314],[-82.2108977325592,29.4733765224907],[-82.210808282045,29.4734135887443],[-82.2107222170575,29.4734563549216],[-82.2106400132355,29.4735045848551],[-82.2105621210515,29.4735580157679],[-82.2104889710898,29.4736163529527],[-82.210420961553,29.4736792749657],[-82.2103584726725,29.4737464347822],[-82.2103018439689,29.4738174621036],[-82.210330981704,29.4738611779833],[-82.2103667028857,29.4739009770226],[-82.2104083317805,29.4739361083284],[-82.210455079379,29.4739659038366],[-82.2105060593926,29.4739898002493],[-82.2105603076934,29.4740073456938],[-82.2106167935294,29.4740182053337],[-82.2106744501596,29.4740221745405],[-82.2107321841321,29.4740191790568],[-82.2108587722088,29.4740464593817],[-82.2109836661426,29.4740791743556],[-82.2111065645749,29.4741172455998],[-82.2112271623746,29.47416057933],[-82.2113451680571,29.4742090711754],[-82.2114550382813,29.4742602298746],[-82.2115722614365,29.4743210408739],[-82.2116807923837,29.4743842454817],[-82.2117875493512,29.4745177332611],[-82.2119003881766,29.4746473331269],[-82.2120191229304,29.474772834261],[-82.21214356135,29.47489403205],[-82.2122734996859,29.4750107279955],[-82.2124087227012,29.4751227297137],[-82.2125490138769,29.4752298556268],[-82.2126166277979,29.4752943072124],[-82.2126890281129,29.4753546487427],[-82.2127658879924,29.475410607381],[-82.212846862563,29.4754619325324],[-82.2129315858986,29.4755083921821],[-82.2130196781319,29.4755497775318],[-82.213110744404,29.4755859038839],[-82.2132198819539,29.4756507736045],[-82.2133249406551,29.4757206129843],[-82.2134256197774,29.47579522546],[-82.2135216405037,29.4758744031235],[-82.2136127306121,29.4759579201358],[-82.2136986355671,29.4760455437501],[-82.2137791145613,29.4761370270232],[-82.2139373521375,29.4762956701795],[-82.2140999836326,29.4764508774418],[-82.2142669091483,29.4766025531979],[-82.21443802864,29.4767506081497],[-82.2146132379372,29.4768949529269],[-82.2145999803011,29.4769080974752],[-82.2145894204013,29.4769229965609],[-82.2145818535308,29.4769392294629],[-82.2145774973849,29.4769563416145],[-82.2145764723296,29.476973850574],[-82.2145788061641,29.4769912632523],[-82.2145844348404,29.4770080894605],[-82.2145931991026,29.4770238535813],[-82.2146048522577,29.4770381154593],[-82.2146190673704,29.4770504714295],[-82.2146354430352,29.4770605724653],[-82.214653517518,29.4770681370593],[-82.214637048588,29.4772161341798],[-82.2146260445744,29.4773645186152],[-82.2146205131377,29.4775131371041],[-82.2143504030601,29.4778014074936],[-82.2140749278149,29.4780857654456],[-82.2137941623766,29.4783661337385],[-82.2136916389689,29.4784789871077],[-82.2135836114642,29.4785878385065],[-82.2134702835861,29.4786924830572],[-82.2133518712456,29.4787927242171],[-82.2132285943559,29.4788883709277],[-82.2131006880066,29.4789792450301],[-82.2129683923413,29.4790651729658],[-82.2128319554844,29.4791459930474],[-82.2126916387164,29.479221554647],[-82.212547704227,29.4792917125675],[-82.2124004221043,29.4793563370907],[-82.2122500726229,29.4794153040925],[-82.2120969388424,29.4794685030335],[-82.2119413107716,29.4795158352279],[-82.2118379840277,29.4795322477914],[-82.2117362724733,29.4795551222887],[-82.2116367058343,29.4795843380913],[-82.2115397990588,29.4796197445361],[-82.2114460534104,29.4796611582368],[-82.211355955375,29.4797083657717],[-82.2112699715698,29.4797611208868],[-82.2111885465366,29.4798191507737],[-82.2111121048654,29.4798821533991],[-82.2110410386388,29.4799498054056],[-82.2109757199464,29.4800217560145],[-82.2109164843296,29.4800976294417],[-82.2108636398103,29.4801770358848],[-82.2108174578618,29.4802595605352],[-82.2107781833648,29.4803447790933],[-82.2107460131664,29.4804322483679],[-82.2107211195409,29.4805215175166],[-82.2106281216113,29.4806946630547],[-82.2105416132847,29.4808703660918],[-82.2104616875909,29.481048438785],[-82.2103884303045,29.4812286949675],[-82.2103219160284,29.4814109410568],[-82.2103122770983,29.4814818125147],[-82.2103105422042,29.4815531666642],[-82.2103167226852,29.4816243305625],[-82.2103307658011,29.4816946373581],[-82.2103525353302,29.4817634178284],[-82.2103818253392,29.4818300294974],[-82.2104183626373,29.4818938395335],[-82.2104618031651,29.4819542472457],[-82.2105117340356,29.4820106850216],[-82.2107205412417,29.4820954540718],[-82.2109268460916,29.4821847960673],[-82.2111305148657,29.4822786518234],[-82.2114189670426,29.4825460411059],[-82.2114658408013,29.48259713622],[-82.2115065623915,29.482652119701],[-82.2115407167801,29.482710426622],[-82.2115679505185,29.4827714597511],[-82.2115879841144,29.4828345897683],[-82.2116006116795,29.4828991705982],[-82.2116057051166,29.4829645367774],[-82.2116032117064,29.4830300187509],[-82.2115243184028,29.4832074226675],[-82.2114408559603,29.4833832159281],[-82.2113528624268,29.4835573125683],[-82.2113269834271,29.4835990394562],[-82.2113074458553,29.4836433311791],[-82.2112945718961,29.4836894507774],[-82.2112885780713,29.4837366368762],[-82.2112895618377,29.4837841034495],[-82.2112975081604,29.4838310679083],[-82.2113122854509,29.4838767483223],[-82.2113336449455,29.4839203904787],[-82.2113612382089,29.483961269093],[-82.2114236126315,29.4840117161021],[-82.2114910614664,29.4840568914348],[-82.211563002759,29.4840964031742],[-82.2116388192481,29.4841299147291],[-82.2117178575224,29.4841571366983],[-82.2117994381843,29.4841778333658],[-82.21188286084,29.4841918300071],[-82.2119674043063,29.4841990038697],[-82.2123978556918,29.4840955179851],[-82.2128265852755,29.4839867082766],[-82.2135121418227,29.4837398011833],[-82.2141962242162,29.4834897904306],[-82.2144008865159,29.4835526857751],[-82.2146040926833,29.4836190996233],[-82.2148057639367,29.4836890053346],[-82.2148460211243,29.4837428408441]]]},"properties":{"link":"https://www.alachuaschools.net/o/hawthorne","Facility":"Hawthorne Middle/High","Address":"21403 SE 69TH AV","code_high":"010201","OBJECTID":1,"Shape__Area":818608107.8046875,"Shape__Length":212199.78363786472}},{"type":"Feature","id":2,"geometry":{"type":"Polygon","coordinates":[[[-82.5234238559798,29.6907782946581],[-82.5234439529371,29.6907643273102],[-82.5234441773196,29.6904356712027],[-82.5234218680198,29.6904478122017],[-82.5234170262707,29.6898747924565],[-82.5233980440513,29.684848830331],[-82.5233971446662,29.6768422255596],[-82.5233809749045,29.6666657820738],[-82.5234368607778,29.6541149290375],[-82.5150731881954,29.6540935869799],[-82.5010337006056,29.6539907815099],[-82.5009442678468,29.6539903592029],[-82.4966401115352,29.6539586089699],[-82.4961024766293,29.6539674235846],[-82.4961144550387,29.6517676794134],[-82.4961311836384,29.6502948646217],[-82.4961335632844,29.6500853904313],[-82.4961481126831,29.6488042099956],[-82.4961372287915,29.6452707947079],[-82.4962517242076,29.6452682342424],[-82.4970053676074,29.6452691323893],[-82.4985560049804,29.6452709479324],[-82.498630401111,29.6452710439614],[-82.4986622639684,29.642100131273],[-82.4970422871989,29.6420982418733],[-82.4970523987675,29.6410945987344],[-82.4971049570209,29.6408747007965],[-82.4971192093774,29.6394585079811],[-82.4971219273955,29.6392463700228],[-82.4971220274667,29.6392385179648],[-82.4961534138634,29.639237360755],[-82.4961531102831,29.6391788872332],[-82.4961530955946,29.6391702231497],[-82.4961442791741,29.6373834427301],[-82.496137726535,29.6360600240024],[-82.4961306101026,29.6346175141547],[-82.4961306202286,29.6346122882049],[-82.4961125695573,29.63096262317],[-82.4961657249993,29.624792192738],[-82.496212889666,29.6163374862161],[-82.4961831655494,29.6101231020677],[-82.496156039275,29.6017098034894],[-82.4962501100217,29.5957243783078],[-82.4962463082284,29.595290659015],[-82.4962396027214,29.5945255952722],[-82.4962392806915,29.5945255912277],[-82.4961723327085,29.5872360803788],[-82.4734033352413,29.5870094316606],[-82.4734938912475,29.5728157446523],[-82.4730561114566,29.5727975542576],[-82.4730436650488,29.5677778663847],[-82.4731209389735,29.5581542308374],[-82.4730822387206,29.5581538746964],[-82.4647722369459,29.5580804848896],[-82.4647517099886,29.5580566686059],[-82.4647515762279,29.5580691832249],[-82.4561799150754,29.5580314969302],[-82.4570553081189,29.4853332011502],[-82.466572888698,29.4854083213499],[-82.4671254325075,29.485412681438],[-82.4693951088057,29.4854304689151],[-82.4735755492289,29.4854631528171],[-82.4766935484224,29.4854874328836],[-82.4780224131012,29.4854977744884],[-82.4785650276494,29.4855019861138],[-82.4902590267425,29.4855922569161],[-82.4907148326442,29.4855959325563],[-82.4910860644065,29.4855989325117],[-82.4914804280622,29.4856021246612],[-82.4916555793485,29.4856035314144],[-82.4918023500303,29.4856047206941],[-82.4963417764783,29.4856412985115],[-82.4960290109081,29.4790030209618],[-82.4974000244769,29.4790183539574],[-82.5016298426845,29.4790654755068],[-82.5058704099154,29.4791126242064],[-82.5101613273309,29.4791584792167],[-82.5187549886154,29.4792499179302],[-82.5229715348461,29.4792945511576],[-82.52310056458,29.4792959314819],[-82.5275117889279,29.4794125371705],[-82.5296082382988,29.4794678871089],[-82.5310433425366,29.4795057652615],[-82.531684959391,29.4795227022403],[-82.5352536448901,29.4796171033838],[-82.5389354002866,29.4797143997329],[-82.5399728851997,29.4797417802596],[-82.556735038366,29.480120630192],[-82.5567090225751,29.4946053291704],[-82.5564699426825,29.5067661034889],[-82.5564628525419,29.5071250875452],[-82.5564217009171,29.5092058590297],[-82.556460468084,29.5121628736335],[-82.5564632856917,29.5123763558552],[-82.5566150609056,29.5238016307179],[-82.5566126041157,29.5375975470316],[-82.5648966942335,29.5376873021782],[-82.5731811687719,29.5377769496874],[-82.5773130658289,29.5377122132719],[-82.5815313763665,29.5376460064364],[-82.5856884947226,29.537580607157],[-82.5897467317434,29.5375166510366],[-82.6063958985155,29.5369509952056],[-82.6106441120963,29.5368431935601],[-82.6132783912037,29.5367762877804],[-82.6230528836103,29.5365275180892],[-82.6250972745648,29.5364778680029],[-82.6271416665432,29.5364281877089],[-82.631278609613,29.5363275482391],[-82.6333963963503,29.5362760159053],[-82.6352840919446,29.5362300962755],[-82.6363318770525,29.5362045694332],[-82.6373449272972,29.5361798850041],[-82.6393404102414,29.5361312664293],[-82.6394983528693,29.5361274157355],[-82.6396540487977,29.5361227622471],[-82.6548549590329,29.5356667121081],[-82.6563048813819,29.5356231196058],[-82.6562992045474,29.5429533344977],[-82.6562935551742,29.5502600394723],[-82.6562909053187,29.5539047049062],[-82.6562882814773,29.5575683180291],[-82.6562855513155,29.5613822814984],[-82.6562830334856,29.5649025607992],[-82.6562572042055,29.5708034440504],[-82.6562509726526,29.5722320546827],[-82.6562365231824,29.5755314664566],[-82.6562307819225,29.5766665327154],[-82.6562235740603,29.5780916912236],[-82.6562264362414,29.5785967674088],[-82.6562552097576,29.5836259709902],[-82.6562664530232,29.5856023368543],[-82.6562746956835,29.5874295783874],[-82.6562825487208,29.5892380579952],[-82.656297254189,29.5926247661208],[-82.6562907766791,29.6072357466457],[-82.6562728582823,29.6217775571137],[-82.6562799002281,29.6364758485587],[-82.6563993237612,29.6516327493742],[-82.6565187826346,29.6667896502943],[-82.656638278914,29.681946551189],[-82.6568433250722,29.6966020146568],[-82.6569203810896,29.703862021518],[-82.6569986780437,29.7112375769876],[-82.6570377216582,29.7185659092457],[-82.6570377232336,29.7185661032571],[-82.6530923152358,29.7186918930126],[-82.6528404657526,29.7186997172234],[-82.6486696019018,29.7188291566637],[-82.6446992900534,29.7189522658595],[-82.6402529899555,29.7190890749187],[-82.6361824712493,29.7191746637571],[-82.6320334296711,29.7192618089184],[-82.6278767737218,29.7194935065124],[-82.6237438503023,29.7197237654759],[-82.6174801182252,29.7217346158537],[-82.6171652061456,29.7217425903349],[-82.6113782501776,29.72190693998],[-82.6113952690117,29.7243868952219],[-82.609772692096,29.7244377870854],[-82.6097584935408,29.7223654180177],[-82.6088437733029,29.7223913665312],[-82.6088409625515,29.7219789127196],[-82.6073424703609,29.72202139541],[-82.607184324077,29.7220201755716],[-82.607165755989,29.7186084686735],[-82.6071343809839,29.7128555564956],[-82.6057570924484,29.7128586333851],[-82.605389826344,29.7128594387812],[-82.6029627098704,29.7128324573899],[-82.5976463034267,29.712877369178],[-82.5938121765298,29.7128999534582],[-82.5904716368898,29.7129042328786],[-82.5874855927731,29.712916559167],[-82.5839701279141,29.7129522106333],[-82.5822224513927,29.7129918201038],[-82.5821764883546,29.7128820741953],[-82.582180859999,29.7119980692752],[-82.5821945056073,29.709238250877],[-82.5780269373983,29.7092644937499],[-82.5780333525138,29.7056435720183],[-82.5738572326239,29.7056439766616],[-82.5738533848405,29.7019963885845],[-82.5696808249009,29.7019558146717],[-82.5696834614585,29.698319624681],[-82.5688517981869,29.69831263602],[-82.5677712783491,29.6983346308245],[-82.558929081671,29.6982293207455],[-82.55778429945,29.6981936473098],[-82.5570873902974,29.6980223664761],[-82.5570604300686,29.6980221575154],[-82.5569956120238,29.6980216676524],[-82.556230343217,29.6978562693203],[-82.5450512922224,29.697581635079],[-82.5400287696412,29.6974133387231],[-82.5400178810787,29.6974133358941],[-82.5234634237355,29.697406727317],[-82.5234514548676,29.6954019974711],[-82.5234238559798,29.6907782946581]]]},"properties":{"link":"https://www.alachuaschools.net/o/newberry-high","Facility":"Newberry High","Address":"400 SW 258TH ST","code_high":"010261","OBJECTID":2,"Shape__Area":472537262.72851563,"Shape__Length":107645.75179950178}},{"type":"Feature","id":3,"geometry":{"type":"Polygon","coordinates":[[[-82.1725988040608,29.717034401278],[-82.186048241039,29.7170324871627],[-82.1892883400961,29.7170318225102],[-82.1891888578068,29.7060839806526],[-82.1891829235343,29.705431796487],[-82.1891560538321,29.7024724413029],[-82.1891692544096,29.6988875121159],[-82.1891810542612,29.6956834298815],[-82.1891805828077,29.6955748642362],[-82.1891818331129,29.6954721329335],[-82.1892096240835,29.6879223138256],[-82.1891768563579,29.6733652943716],[-82.1891543786996,29.6697000579787],[-82.1891298068197,29.6656435184807],[-82.193483843672,29.6657049052584],[-82.1959744544194,29.6657399243131],[-82.1977687219479,29.6657651480505],[-82.2058136286298,29.6658779117371],[-82.2224138946897,29.6661318423304],[-82.2334474922927,29.6662337378603],[-82.2336207784602,29.6516308338866],[-82.2342962056458,29.6297150606908],[-82.234750889022,29.615010940116],[-82.234733890979,29.6123825995495],[-82.2347271031483,29.6113343610857],[-82.234760244158,29.6089108263336],[-82.2347674782035,29.6083809849855],[-82.2230772049572,29.6059776140641],[-82.205600902697,29.6023846028886],[-82.1889458949469,29.5989835874106],[-82.1888908669865,29.5843815900477],[-82.1887737856489,29.5423656003971],[-82.1887697595324,29.5293076019525],[-82.1887417581445,29.5277616024579],[-82.1890347581283,29.5277546030624],[-82.1971307562353,29.5277276097095],[-82.1974967570561,29.5277406117214],[-82.1979327566482,29.5277366117523],[-82.198333755406,29.5277116120766],[-82.1987997555195,29.5276616116271],[-82.1992277551139,29.5275926131947],[-82.1996517560025,29.5275016132587],[-82.2011817537523,29.5271286140581],[-82.2015197549908,29.5270336154131],[-82.2018497544771,29.5269176154685],[-82.2021697531338,29.5267816158355],[-82.2022207529813,29.5267516160775],[-82.2037537525975,29.525728618096],[-82.2067697461873,29.5234556202268],[-82.2067957457443,29.5234516200958],[-82.2071227457579,29.5231716221893],[-82.2074877461849,29.5228916214162],[-82.2078687448084,29.5226276215139],[-82.2082637437277,29.5223816219839],[-82.2086727440843,29.5221536227166],[-82.2090947431971,29.5219436230989],[-82.2095287432532,29.5217526242061],[-82.2098057418847,29.5216436237441],[-82.2142887379141,29.5196996283819],[-82.2152697364421,29.5192726293666],[-82.215313736727,29.5192616296595],[-82.2165707364669,29.5187046307048],[-82.2170257349191,29.5184986310279],[-82.2174927352947,29.5183116320196],[-82.2179687342536,29.5181456328746],[-82.2184527325795,29.5179996324527],[-82.2188567342342,29.517894631863],[-82.2207847319569,29.5174546346196],[-82.2222627310237,29.517107636922],[-82.2225887312611,29.5170286367948],[-82.2227677310377,29.5169856369931],[-82.2229617310835,29.5169336374431],[-82.2229467304875,29.5168776372549],[-82.2229587299006,29.5167946371823],[-82.2237197297776,29.5165796382696],[-82.2237447296841,29.5165796381477],[-82.2254677285294,29.5160956397599],[-82.2255937286037,29.5158916398066],[-82.2257507283849,29.515682640329],[-82.225976726385,29.5154736399143],[-82.2264047269258,29.51526964106],[-82.2266437257737,29.5152256406579],[-82.2269457273794,29.515220642049],[-82.2270837265922,29.5152646408643],[-82.227215726579,29.5152806410649],[-82.2273417256684,29.51522064208],[-82.2274177268653,29.5150606416911],[-82.2274547259513,29.5149126408215],[-82.2276187255225,29.5146426416558],[-82.2277757242343,29.5144556423518],[-82.2280767238114,29.51402064265],[-82.2282537235955,29.5138116433533],[-82.2284917238216,29.5136306434527],[-82.228969723195,29.513459643525],[-82.2295487219983,29.513398643492],[-82.2296927227722,29.5133276451479],[-82.2297997217269,29.5132396446383],[-82.2298507223677,29.5131406437504],[-82.2298507214918,29.5129206439866],[-82.2297997200616,29.5125136441742],[-82.2297367202186,29.512353644052],[-82.2296987209782,29.5121286439701],[-82.2296607206659,29.5120616451678],[-82.2296297190053,29.5119356446691],[-82.2296107176464,29.5113086448317],[-82.2296297165044,29.5108296445055],[-82.2296727162237,29.5105166449887],[-82.2298677152374,29.5098346454656],[-82.2298427148686,29.5095756445508],[-82.229766714983,29.5093996452013],[-82.2292137128962,29.5088826452263],[-82.2290247128009,29.508552644126],[-82.2289237123055,29.5083106441577],[-82.228778711555,29.5081016453412],[-82.2285207103417,29.5074806448141],[-82.2283137101936,29.5068916452046],[-82.2282877099421,29.5068696442692],[-82.228287710143,29.5068316443005],[-82.2280927078167,29.5061106444405],[-82.2280357084153,29.5058416441774],[-82.2278787076574,29.5054336437927],[-82.2277527048636,29.5050216449372],[-82.2277337044521,29.5048396441356],[-82.2277657055976,29.5046696448171],[-82.2278717047211,29.504399644203],[-82.2282177039836,29.5039216446499],[-82.2282867035258,29.5037616455814],[-82.2283177019212,29.5033876444887],[-82.2281927019829,29.5029586446586],[-82.2281547015322,29.5028976449809],[-82.2280917017257,29.5027656442945],[-82.2280347019622,29.5025566446941],[-82.2280217006875,29.5022706454421],[-82.2280726990663,29.5019796459374],[-82.2280976993201,29.5019576452612],[-82.2280846985628,29.5017926453259],[-82.2279966982814,29.5015336447553],[-82.2279716993948,29.5014956447783],[-82.2279586991791,29.5014076454545],[-82.227883697956,29.5010166453117],[-82.2277696966415,29.5007196442464],[-82.2276126971779,29.5005386453147],[-82.2272286960489,29.5004066444339],[-82.2271286956354,29.5003076441481],[-82.2271346972677,29.5002396443062],[-82.227178696563,29.5000436452641],[-82.2272036951437,29.4999936444299],[-82.2268506965799,29.4999936440544],[-82.2264936957599,29.4999946439691],[-82.2264806968788,29.5000166434678],[-82.226430696116,29.5002416441658],[-82.2264146971277,29.500268643483],[-82.2263296958755,29.5004066440912],[-82.2261666975318,29.5006156427729],[-82.2259906984226,29.5006766428372],[-82.225751698074,29.5006926428703],[-82.22564469849,29.5006816429873],[-82.2255186980938,29.5006156435012],[-82.2252606980257,29.5004456432237],[-82.2251286974246,29.5002806428374],[-82.2250436959271,29.4999906422779],[-82.2248796962815,29.4997106445296],[-82.2248166955869,29.4995616430897],[-82.2248486942081,29.49947364401],[-82.2248296931374,29.4988306458269],[-82.2248726916291,29.4983026479359],[-82.2248416909515,29.4979556484615],[-82.224727690249,29.4977636500463],[-82.2245266901071,29.4976146490384],[-82.2244076906013,29.497466650165],[-82.2242626889935,29.4972186507288],[-82.2242056877035,29.4969716511155],[-82.2242306876226,29.4966736525696],[-82.2241676861061,29.4963276532795],[-82.2239416857816,29.4959316538088],[-82.2235956844078,29.4955906546408],[-82.2232496834754,29.4952936550298],[-82.2230166831884,29.494952656947],[-82.2229596815963,29.4946286569824],[-82.2228956819176,29.4945336580116],[-82.2227586814216,29.4943316586359],[-82.2225826805339,29.4938146594316],[-82.2222366786834,29.4933686609067],[-82.2219786790553,29.4931986618998],[-82.2217516785752,29.4931546603497],[-82.2215506782755,29.4931816611011],[-82.2212426788467,29.4932806600081],[-82.2208466795306,29.4933576595358],[-82.2206206801806,29.4933856590327],[-82.2203936801828,29.4932646589486],[-82.2199916786911,29.4929456589692],[-82.2191676781105,29.4925056607811],[-82.2189096780107,29.4923846604436],[-82.2187336764107,29.4920386606661],[-82.2185886746232,29.4917196625413],[-82.2183816747404,29.4912246638697],[-82.218267673586,29.4909766651519],[-82.2180986724471,29.4907566653993],[-82.2179216733486,29.4906576646426],[-82.217808672767,29.4905366649379],[-82.2177206714657,29.4903166666457],[-82.2177206723812,29.4901406663311],[-82.217802672363,29.489992666945],[-82.2178026719756,29.4898656669803],[-82.2177146702634,29.4898436679134],[-82.2176006713447,29.4898936663621],[-82.2174626704989,29.4899206678617],[-82.2172926716608,29.4898986668381],[-82.217148670889,29.4897506679123],[-82.2170606712477,29.4895746679079],[-82.216827668248,29.4888596685289],[-82.2167646685519,29.488512670928],[-82.2168146663707,29.4881666724993],[-82.2169276654507,29.4878696729742],[-82.217034664515,29.4875726729132],[-82.2171156653125,29.4873196734961],[-82.2170906637304,29.4872196736877],[-82.2170346641571,29.4870986757458],[-82.2168896635734,29.4870006753571],[-82.2167446637408,29.4870276752036],[-82.2166316637832,29.4870776749143],[-82.2165506639035,29.4871546737231],[-82.2164936645525,29.4872756740478],[-82.2165246644435,29.4874736733686],[-82.2165316668412,29.4879246718774],[-82.2164186671106,29.4881936716297],[-82.2163686674666,29.4883916707896],[-82.2161666677844,29.4884966695423],[-82.2159406668134,29.4885236690519],[-82.215745667688,29.4885246685793],[-82.2155756683982,29.4884256699451],[-82.2154876670966,29.4882276698733],[-82.215324666493,29.4879136706958],[-82.2152676651843,29.487754671518],[-82.214990665588,29.4872646730348],[-82.2149596638221,29.4869676727088],[-82.2150406629111,29.4865656746579],[-82.2151356614581,29.4862356757185],[-82.2152046616785,29.4859336759658],[-82.2152046610248,29.4856856774074],[-82.2151536596324,29.4854876789089],[-82.2150656597425,29.4851906789076],[-82.2149966583561,29.4849216794037],[-82.2150026577735,29.4846626801393],[-82.2150716568076,29.484348682132],[-82.2151376563729,29.4842046818601],[-82.2151884335659,29.4840938181479],[-82.2150749929405,29.4840904121795],[-82.2150374442146,29.4840241747324],[-82.2149647598733,29.4839100802687],[-82.214887500152,29.483798310241],[-82.2148460211243,29.4837428408441],[-82.3895879021653,29.4848645046395],[-82.4130555532959,29.4849739943972],[-82.4129791480504,29.4851202441872],[-82.4129751118441,29.4851279700364],[-82.4129527890471,29.4851593429299],[-82.4127633116763,29.4854118991907],[-82.4123476956273,29.4860097399188],[-82.4121889104915,29.4862328937911],[-82.4119062868312,29.4866446740002],[-82.4119060071349,29.4866450782622],[-82.4104418216235,29.4887757991999],[-82.4093437410771,29.4903737255239],[-82.4088471017102,29.4910964271174],[-82.4085412123845,29.491571381105],[-82.4079533988,29.4924840799938],[-82.4073465138446,29.4934005991336],[-82.4070881634423,29.4937942911048],[-82.4070541046221,29.4938803789803],[-82.4070528903175,29.4938822642447],[-82.4070406731923,29.4939143290662],[-82.4069569618826,29.4941259187898],[-82.4069482418048,29.4941569173046],[-82.4068755520114,29.4943476936689],[-82.4068398556154,29.4944903153373],[-82.4067219783921,29.4949612815996],[-82.4065928831176,29.4955721668209],[-82.4065324654923,29.4959540239219],[-82.4065092150788,29.4969799567731],[-82.4065004467597,29.4973726619366],[-82.4065004460023,29.4973726980166],[-82.4064764897349,29.4984456387824],[-82.4064855614194,29.4989007164571],[-82.4064944788837,29.4993480110766],[-82.4064894836973,29.5005470091768],[-82.4064814851735,29.5010460085368],[-82.406456498226,29.5061300125153],[-82.4064475011444,29.5072490123132],[-82.4064285077045,29.5096660136897],[-82.4064315094339,29.5101030147423],[-82.4064335096912,29.5104830136347],[-82.4064315107011,29.5106300151084],[-82.4064275122308,29.5109680154295],[-82.4064205126465,29.5115280153123],[-82.4064145151311,29.5125800158847],[-82.4064075188031,29.5139470165399],[-82.406404521049,29.5141850167867],[-82.4064085217546,29.5151030176899],[-82.4063925240394,29.5156830180569],[-82.4063915241517,29.5157320162105],[-82.4063925265975,29.5166480182334],[-82.4063865276231,29.5171640189079],[-82.4063855287299,29.5172130179834],[-82.4063855309744,29.5177820182293],[-82.4063715354346,29.5198650192108],[-82.4063675372445,29.520498019979],[-82.4063725393049,29.5212300193935],[-82.4063545412813,29.5219480200541],[-82.4063555422758,29.5222190206377],[-82.4063555419309,29.5223360210024],[-82.4063015430087,29.5228760209728],[-82.4062435450001,29.523243020498],[-82.4061435473167,29.5236810210407],[-82.4061035465941,29.5238330218127],[-82.4060295478593,29.524082020361],[-82.4058025495765,29.5247820199711],[-82.4057175514094,29.5250170210184],[-82.4056345519251,29.525303020967],[-82.4055405523321,29.5255740201188],[-82.405324555035,29.5262480198698],[-82.4045789116866,29.5286184465378],[-82.4045786618337,29.5286192401615],[-82.4042425637042,29.5295420185321],[-82.4028845768477,29.5336500187055],[-82.4021705845885,29.5358130189791],[-82.4015475910232,29.5377260182602],[-82.4005468728868,29.5400670209382],[-82.4005135979471,29.5401320161573],[-82.4002735987658,29.5405610155857],[-82.400020600148,29.5409850157685],[-82.3998816004589,29.5412030158969],[-82.3994466027448,29.5418810147264],[-82.3991256052724,29.5423810136922],[-82.398699607045,29.5430090130262],[-82.396038620163,29.5468540087064],[-82.3935106345816,29.5505800037343],[-82.3919716419991,29.5529430003213],[-82.3918396419585,29.553167001388],[-82.3917496433826,29.5533290015654],[-82.3915686431729,29.5536170013893],[-82.3914346441042,29.5539360001953],[-82.3913136458798,29.5542600013058],[-82.3912076472113,29.5545879994233],[-82.3911156475763,29.5549190002957],[-82.391038648222,29.5552530011965],[-82.3909756503315,29.5555900004313],[-82.390953650265,29.5557420006388],[-82.3909416501438,29.5558270009046],[-82.3909276499066,29.5559280001713],[-82.3909086509567,29.5561930001654],[-82.3909056510502,29.5562840002006],[-82.3909066510188,29.5564549997334],[-82.3909997034409,29.557703416055],[-82.3909212151034,29.5577029956276],[-82.3912626589503,29.5589060023872],[-82.3920166653565,29.5619130052595],[-82.392547670923,29.5640960079116],[-82.3926566716047,29.5645080085869],[-82.3929596742044,29.5657640099444],[-82.393041675057,29.566105009704],[-82.3935416806358,29.5681490131577],[-82.3936036807351,29.568468012344],[-82.3936506824103,29.5687880135306],[-82.3936826820125,29.5691100128279],[-82.3937006841051,29.5694330140821],[-82.3937026846616,29.5697560131448],[-82.3936906858465,29.5700790143854],[-82.3936636868946,29.5704010136083],[-82.3936186874231,29.5707380144512],[-82.3935796874018,29.5709270132313],[-82.3935496894278,29.5711630134999],[-82.393349691775,29.5720260138498],[-82.3930166946825,29.5734690136633],[-82.3927506989261,29.5746850129178],[-82.3924937026298,29.5759240136447],[-82.3922907054317,29.5768640135596],[-82.392160706566,29.5774410130965],[-82.3921027071799,29.5777470130499],[-82.392052707453,29.5781240134047],[-82.392015708751,29.5784460132739],[-82.3920027103955,29.5787670133046],[-82.3920027112764,29.5790900136299],[-82.3920187117292,29.579404013942],[-82.3920877133331,29.5800390144767],[-82.3921347148698,29.5805660155009],[-82.3922427180393,29.5816370150057],[-82.3922927183824,29.5820120159801],[-82.392345719058,29.5823950165835],[-82.3923617206224,29.5827100166336],[-82.392363722174,29.5830250160275],[-82.3923517225097,29.5833400165531],[-82.392323723494,29.5836540159348],[-82.3922807237021,29.5839680165279],[-82.39222372489,29.5842790153752],[-82.3921517249624,29.5845880176819],[-82.3920647265033,29.5848940164876],[-82.3919637275504,29.5851970161651],[-82.3918487285095,29.5854960160267],[-82.3917197297934,29.5857900153808],[-82.3915767307519,29.5860800157423],[-82.3911717334257,29.5867590156376],[-82.390641734807,29.5875560138775],[-82.3893487400068,29.5888650116758],[-82.3879927442253,29.5902000086202],[-82.3881397436942,29.5902550088634],[-82.3894247447426,29.5907040123549],[-82.3915367484783,29.5928010183934],[-82.3915987486939,29.5928170187904],[-82.392543749477,29.5938090223897],[-82.3934207489997,29.5938040244206],[-82.3943397483141,29.5938240266638],[-82.3943497486322,29.5939170259828],[-82.3964607462367,29.5939360316227],[-82.3966037460684,29.5939390323903],[-82.3971377458298,29.5939430340824],[-82.3971367459428,29.5939870344839],[-82.3981117459162,29.5939900354205],[-82.4019677032428,29.5940016332707],[-82.4022723386522,29.5940073736607],[-82.4024140674221,29.59401004534],[-82.4024103542699,29.5949867532907],[-82.4024197910343,29.5950425432753],[-82.4024199704082,29.5950748244938],[-82.4024097199288,29.59524884338],[-82.4024103509256,29.5954753504715],[-82.4024090320231,29.5955302492613],[-82.4024113938134,29.5960094390996],[-82.4024121912382,29.5961363365561],[-82.4024127817471,29.5963485350714],[-82.4024164162987,29.5968089069559],[-82.4026577485576,29.5967940500419],[-82.4037277475046,29.596740052747],[-82.4039197470112,29.5967540533145],[-82.4040697467796,29.5967970539352],[-82.4041687466664,29.5968460537417],[-82.4043207470173,29.5969520557011],[-82.4044447473703,29.5971020545451],[-82.404840750027,29.5980220564371],[-82.4052297516499,29.598983058341],[-82.4053987522318,29.5993530572185],[-82.4061457553748,29.6008110620207],[-82.4062357555265,29.6009880626269],[-82.4063837583263,29.6012810628935],[-82.406780757805,29.6020460630699],[-82.4069847591335,29.602438063834],[-82.4072167597557,29.6028700652673],[-82.4073347607181,29.603060066286],[-82.4074657608798,29.6032430653513],[-82.407609761569,29.6034180671973],[-82.4077647625961,29.6035860665289],[-82.4082407630708,29.604030069215],[-82.4083567622406,29.6041570686086],[-82.4084617635919,29.6042920691993],[-82.4085877648523,29.6044960693928],[-82.4088694765826,29.6049869210343],[-82.4090353964831,29.6052819693099],[-82.4090365650486,29.6052840480117],[-82.4090401087931,29.6052822234965],[-82.4094141293869,29.6050815267423],[-82.409468764194,29.6051670722478],[-82.4099237662563,29.6061080739977],[-82.4103457688354,29.6069550761758],[-82.4104617693274,29.6071860755695],[-82.4110357717524,29.6083360788737],[-82.4110967719779,29.6085040784109],[-82.411408501508,29.6095279232144],[-82.4115657768681,29.6101340820184],[-82.4116277778134,29.6104140801499],[-82.41183577965,29.6113650820046],[-82.4118697794606,29.611520083423],[-82.4119497813501,29.6118870831775],[-82.411983780939,29.6120540834615],[-82.4120247816684,29.6122580839734],[-82.4121037816022,29.6126500840973],[-82.4121617829911,29.612934083735],[-82.4122157837645,29.6132030843074],[-82.412250785476,29.6133950845774],[-82.4122777849482,29.6135450851434],[-82.4125547890515,29.6150810865117],[-82.4125857901718,29.6152540859137],[-82.4126857904388,29.6157210867711],[-82.4127037918133,29.6158020880923],[-82.4127217923076,29.6158690873684],[-82.4127317913159,29.6159070874585],[-82.4127917928082,29.6161280870858],[-82.412863792506,29.6163950888356],[-82.41287879251,29.6164890885994],[-82.412727792708,29.6164880878108],[-82.4121097932347,29.6164860857649],[-82.4118107928146,29.6164860855384],[-82.4117717951954,29.6169540854609],[-82.4105497961419,29.6169500825418],[-82.4104407963799,29.6169470808908],[-82.4105347982909,29.6176430828692],[-82.4106267978502,29.6176630823875],[-82.4108547981542,29.6177210839579],[-82.4096938050092,29.6201410807046],[-82.4090048080813,29.620985079917],[-82.4090088096252,29.6216300796342],[-82.4090048107766,29.6221040808066],[-82.4082838941967,29.6221188730969],[-82.4079611878624,29.6221191456773],[-82.4058318252533,29.6227900671434],[-82.405213141524,29.6239335614741],[-82.4052294287405,29.6242621753728],[-82.4052352850872,29.6243803375595],[-82.4054483371536,29.6246268518013],[-82.4055130825334,29.6248755508376],[-82.4058476067415,29.6304746482308],[-82.4058489552051,29.6304973593586],[-82.3996128022724,29.6304642857132],[-82.3990274731061,29.6304611654097],[-82.3975176224667,29.6304531281937],[-82.3971833776062,29.6304513172494],[-82.3970131556325,29.6304504174466],[-82.3959071785339,29.630444496384],[-82.4023438658676,29.6399040706964],[-82.4011207186066,29.6398584881167],[-82.4001446836023,29.6398221138308],[-82.3980312752072,29.6397433547793],[-82.3980130463919,29.6397473832386],[-82.3979942986225,29.6397486431665],[-82.3972507786965,29.6397438708789],[-82.3970120375758,29.6397388021183],[-82.3967736272482,29.6397266785675],[-82.3965358242564,29.6397075155127],[-82.3962988988334,29.6396813335541],[-82.3960631250933,29.6396481650866],[-82.3958287698836,29.6396080441947],[-82.3955961028238,29.6395610203486],[-82.3953653913907,29.6395071465951],[-82.3951368977247,29.6394464840176],[-82.3950114239028,29.6394099999864],[-82.394895254683,29.6393741883647],[-82.3947925421347,29.6393407655836],[-82.3945765016573,29.6392653001683],[-82.3943634188598,29.6391836696965],[-82.3941535232499,29.6390959636051],[-82.3939470421536,29.6390022767112],[-82.3937441996627,29.6389027100971],[-82.3935452156021,29.6387973710935],[-82.3933503003679,29.6386863731963],[-82.3931596713892,29.6385698390387],[-82.3923988740286,29.6384273622697],[-82.3922976158009,29.6383633726057],[-82.3921500042889,29.6384581286451],[-82.3920841851516,29.6385737299438],[-82.3921540889481,29.6386548652658],[-82.3921602375317,29.6387882965252],[-82.3922578791166,29.6388351967371],[-82.3922596275801,29.6390783475456],[-82.3920501320753,29.6391398968443],[-82.3919912399145,29.6394725519907],[-82.3919871797649,29.6394918202473],[-82.391908138815,29.6398660352224],[-82.3917395798624,29.6400951044982],[-82.3914788611756,29.6401490589567],[-82.3912371795366,29.6403611592867],[-82.3909289421908,29.6405018862382],[-82.3907796076269,29.6405023610235],[-82.3904032083258,29.6406014748608],[-82.3903188115547,29.6405951045099],[-82.3900326633947,29.6407139652195],[-82.3898547239201,29.6408639191308],[-82.3897265340524,29.6410908333594],[-82.3895348415203,29.6411602559446],[-82.3892712076606,29.6412149583633],[-82.3892153846236,29.6449954343381],[-82.3835918146091,29.6449775993959],[-82.3835916287039,29.6449775981858],[-82.376603867179,29.6449410236024],[-82.3724511160164,29.6449124305325],[-82.3725284241982,29.6364118797897],[-82.3725444778868,29.6273324572094],[-82.3725116617618,29.6270189461376],[-82.3725044543056,29.6269500848642],[-82.3723788545237,29.6270689805183],[-82.3723662633895,29.6270971512094],[-82.3718902328114,29.6273531891234],[-82.3714004384807,29.6276675854208],[-82.3709964272812,29.6279095630104],[-82.3697354472497,29.6285745681333],[-82.3695384226477,29.6286655757098],[-82.3691984467849,29.6288215740779],[-82.3684484346381,29.6291665845251],[-82.3674244428057,29.6296015839758],[-82.366587424955,29.6299825647462],[-82.3663204333672,29.6301035850894],[-82.3661874375215,29.6301665629487],[-82.3650384251767,29.6307055776269],[-82.3648184258413,29.6308105852384],[-82.3640144207129,29.6311925853915],[-82.3632604381559,29.6315785633321],[-82.3625284183474,29.6319075789297],[-82.3623684338468,29.6319795725812],[-82.3616304249916,29.6323115665411],[-82.3584353834123,29.6338207728311],[-82.3568193288606,29.634366930153],[-82.3558518172793,29.6347516130509],[-82.3475904534491,29.6377543303498],[-82.3419564374172,29.6397655731805],[-82.3409664238948,29.6402695782373],[-82.3405373804344,29.6405726553601],[-82.3404794132651,29.6406135827227],[-82.3393274390961,29.6419095875163],[-82.3391865850273,29.6419857698567],[-82.3386353975267,29.6422838814322],[-82.3382863073337,29.6424578298516],[-82.3379748884254,29.6425874623024],[-82.3374153246329,29.6427586369407],[-82.3368455133586,29.642911542421],[-82.3361259646227,29.6430310772297],[-82.3358349672982,29.6429798546038],[-82.3358268312288,29.6429384376195],[-82.3357933766806,29.6427684117125],[-82.3357912482605,29.642757648728],[-82.3357446991456,29.6427149639888],[-82.3339913185518,29.6430368086267],[-82.3318624368834,29.6433865810056],[-82.3311600729192,29.6435115985311],[-82.3308923094339,29.6435557446521],[-82.3306669609555,29.6435928966774],[-82.3251662963913,29.644490842541],[-82.3250363519502,29.6445430500295],[-82.3250236504546,29.6454192096569],[-82.3250234959176,29.6454298797472],[-82.3249253917948,29.6521966622715],[-82.3249350476834,29.6527788390161],[-82.3250419399446,29.6592231471632],[-82.3249522601301,29.6592230495836],[-82.3249549686482,29.6592258531165],[-82.3248739693109,29.6594298538178],[-82.3247788594925,29.6596014569514],[-82.3246845957878,29.6597715320536],[-82.3246389705581,29.6598538529848],[-82.3246241497619,29.6598996623097],[-82.3245676402262,29.6600194485053],[-82.3245692992424,29.6601403178542],[-82.3245704615877,29.6602250021206],[-82.3245559723302,29.6604268528401],[-82.3245139724359,29.660631852529],[-82.3245119741736,29.6610838519831],[-82.3245179776546,29.6629138525064],[-82.3245139807751,29.6638328534236],[-82.324496982772,29.6647098529239],[-82.3244989811844,29.6647618527725],[-82.324533984958,29.6657978536227],[-82.3244939861456,29.6663048524419],[-82.3245239856892,29.6666338527498],[-82.3244459893133,29.6679748537447],[-82.3243289911882,29.6685188529627],[-82.3241219921232,29.6691868523463],[-82.3240399933116,29.6693638520875],[-82.3237799945158,29.6698658515622],[-82.3229869993025,29.6712768486059],[-82.3229499983983,29.6713428491088],[-82.3223590015621,29.6723918482342],[-82.3220950032539,29.6728118479178],[-82.3217960041129,29.6735018461991],[-82.3215530060782,29.6738798456606],[-82.3213690067618,29.6742958453115],[-82.321230007667,29.6745078452152],[-82.3209860083707,29.6748778450396],[-82.320687010047,29.6754318429302],[-82.3204310119136,29.6759198421662],[-82.3204180110223,29.6759418421006],[-82.3201850125538,29.6763338414666],[-82.3201140136867,29.6764788421816],[-82.3198610135928,29.6769938401304],[-82.3198130139987,29.6770918410939],[-82.3197160150264,29.67742784063],[-82.3195770154928,29.6776488395683],[-82.3195140169629,29.6778888393337],[-82.3195120169216,29.6780438394534],[-82.3194800163259,29.6781208397748],[-82.3194870175867,29.6782088402651],[-82.3194410167871,29.6784368396816],[-82.3193670181033,29.6787108392605],[-82.3193840189763,29.6788778400366],[-82.3193640203263,29.6790788395206],[-82.3193600223148,29.6801308398492],[-82.3193660235951,29.6811788402651],[-82.3193640243431,29.6813738403771],[-82.3193740266725,29.6824178399415],[-82.3193790286185,29.683079840558],[-82.3193750305388,29.6840718399996],[-82.319372032706,29.6848068411746],[-82.3193720321933,29.6848798408993],[-82.3193750340933,29.6855598401234],[-82.3193620362156,29.6861988403542],[-82.3193560369374,29.6868298401778],[-82.3193580385825,29.6873028406293],[-82.3193540389585,29.6876818406074],[-82.3193610410562,29.6883118412425],[-82.3193624312161,29.6883792878368],[-82.3193624399449,29.6883796913209],[-82.3214521355743,29.688423675138],[-82.3235345065586,29.6884505929599],[-82.3241535572445,29.6884586009694],[-82.3245224364887,29.6884585876709],[-82.3246666296229,29.6884606996161],[-82.3258662892763,29.6884655967076],[-82.3303581542247,29.6923365093993],[-82.3337998693867,29.6953023457827],[-82.3377644103669,29.6986974208259],[-82.3378758168119,29.6987535229711],[-82.3386173216353,29.699126924429],[-82.3392023394101,29.6994215222094],[-82.3404001275787,29.7004234286734],[-82.3435638982395,29.7031936145922],[-82.343627508113,29.7032493112763],[-82.337183230965,29.703300876994],[-82.3329039285215,29.7032526738473],[-82.3307154379355,29.7032485979788],[-82.3244854271701,29.7032395919977],[-82.3224824338069,29.7032307111417],[-82.3224611069967,29.7032306280096],[-82.3224526035378,29.7032305484701],[-82.3224515006337,29.7032305526366],[-82.3196350009796,29.7031991584642],[-82.3171762249941,29.7031717527454],[-82.3171733410169,29.7031717207787],[-82.3171687399604,29.7033786304875],[-82.3171645983853,29.7055784332525],[-82.3171976755252,29.7057278595488],[-82.3171965447029,29.705767966957],[-82.3171560319397,29.707222906633],[-82.3170914239837,29.7096356448142],[-82.3170304203753,29.7119125758895],[-82.3170300931855,29.711924617336],[-82.316988311579,29.713484624778],[-82.3167925303107,29.7141237086178],[-82.3163758112314,29.7154840463524],[-82.3157307388768,29.717589799038],[-82.3145708447944,29.7213759123311],[-82.3132164633421,29.7257964171558],[-82.3126959743283,29.7274950793512],[-82.3081495915173,29.7423304154609],[-82.3036549761083,29.7569921956091],[-82.2959433945853,29.7714777783752],[-82.2915878772609,29.7716358158153],[-82.2915468415117,29.7716316077319],[-82.2915353641749,29.7716320237293],[-82.2866347120259,29.7718096331599],[-82.2865524814186,29.7717964784673],[-82.2864762997188,29.7718153712546],[-82.2864688001097,29.7718172311383],[-82.2854021874205,29.7718777497583],[-82.2842561916713,29.7719594943979],[-82.2824123516718,29.7719239286279],[-82.2785104833324,29.7721093967199],[-82.2631705786746,29.7748145804658],[-82.2476342709086,29.7750587190686],[-82.2476190651021,29.7750589568697],[-82.2464355260506,29.7750774701712],[-82.2132018494878,29.7615712401041],[-82.212195493712,29.76121028488],[-82.2090090502551,29.7600673127956],[-82.2086110445891,29.7598311482653],[-82.2082234671639,29.7596842208622],[-82.1964934284312,29.7537858070235],[-82.1964175458133,29.7459044088738],[-82.1922501774395,29.7458918810052],[-82.1913070558326,29.7458890237845],[-82.1911866471026,29.7458886670975],[-82.191054873054,29.7458882781619],[-82.1880881029319,29.7458792371834],[-82.1839152823318,29.7458664362705],[-82.1797479159963,29.745853515024],[-82.180163475479,29.7422419851271],[-82.1805011836513,29.739306921642],[-82.1726319627126,29.7393217242653],[-82.1726123215811,29.7315487889454],[-82.1725988040608,29.717034401278]]]},"properties":{"link":"https://www.alachuaschools.net/o/eastside","Facility":"Eastside High","Address":"1201 SE 43RD ST","code_high":"010421","OBJECTID":3,"Shape__Area":651337961.8203125,"Shape__Length":144773.97589953674}},{"type":"Feature","id":4,"geometry":{"type":"Polygon","coordinates":[[[-82.2197194576651,29.8455855744723],[-82.219870161199,29.8381076789611],[-82.224924530596,29.83803376016],[-82.2294166050219,29.8377004460146],[-82.231610167999,29.8373216837079],[-82.2331821701896,29.8342996815147],[-82.2377248347383,29.8258807737986],[-82.2442243712266,29.814629573396],[-82.2480759477852,29.8074167633608],[-82.2500188765338,29.8038324698694],[-82.24828719019,29.7969446552106],[-82.2476342709086,29.7750587190686],[-82.2631705786746,29.7748145804658],[-82.2785104833324,29.7721093967199],[-82.2824123516718,29.7719239286279],[-82.2842561916713,29.7719594943979],[-82.2854021874205,29.7718777497583],[-82.2864688001097,29.7718172311383],[-82.2864762997188,29.7718153712546],[-82.2866347120259,29.7718096331599],[-82.2866347821098,29.7718096442726],[-82.2915353641749,29.7716320237293],[-82.2915878772609,29.7716358158153],[-82.2959433945853,29.7714777783752],[-82.3036549761083,29.7569921956091],[-82.3081495915173,29.7423304154609],[-82.3126959743283,29.7274950793512],[-82.3132164633421,29.7257964171558],[-82.3145708447944,29.7213759123311],[-82.3157307388768,29.717589799038],[-82.3163758112314,29.7154840463524],[-82.3167925303107,29.7141237086178],[-82.316988311579,29.713484624778],[-82.3170300931855,29.711924617336],[-82.3170304203753,29.7119125758895],[-82.3170914239837,29.7096356448142],[-82.3171560319397,29.707222906633],[-82.3171965447029,29.705767966957],[-82.3171976755252,29.7057278595488],[-82.3171645983853,29.7055784332525],[-82.3171687399604,29.7033786304875],[-82.3171762249941,29.7031717527454],[-82.3224515006337,29.7032305526366],[-82.3224526035378,29.7032305484701],[-82.3224611069967,29.7032306280096],[-82.3224824338069,29.7032307111417],[-82.3244854271701,29.7032395919977],[-82.3307154379355,29.7032485979788],[-82.3329039285215,29.7032526738473],[-82.337183230965,29.703300876994],[-82.343627508113,29.7032493112763],[-82.3440484097855,29.7036287880638],[-82.3487087122792,29.7076470033947],[-82.3524117461879,29.7106780734448],[-82.3536743182199,29.7116785945751],[-82.3537043263906,29.7117046973344],[-82.355637029645,29.713385766199],[-82.3565224947632,29.7141559252068],[-82.356969684576,29.7145459430622],[-82.3580356522801,29.7155050306731],[-82.3587385985088,29.7161374843818],[-82.3596215376563,29.7169318696022],[-82.3597816524263,29.7170759244729],[-82.3598935917117,29.7171623103905],[-82.3605536547807,29.7176716916927],[-82.360832298585,29.7176752173877],[-82.3666632933978,29.7177725152309],[-82.3716155951056,29.7178556942156],[-82.3718779302736,29.7178601008586],[-82.3721931821466,29.7178623725255],[-82.3721926266986,29.7178320772807],[-82.3723822091323,29.717832826151],[-82.3723823466061,29.717832826586],[-82.3736592446775,29.7178388257773],[-82.3750536588443,29.7178465549187],[-82.3757716880201,29.7178505324092],[-82.3766438903088,29.7178549499114],[-82.378148527739,29.7178625638719],[-82.378290171603,29.7178632805569],[-82.3805423978817,29.7178749619913],[-82.3822885128825,29.7178792219562],[-82.3840160379813,29.7178834046252],[-82.3841050119268,29.7178836090455],[-82.3858124368059,29.7178877175148],[-82.3859217687208,29.7178880102325],[-82.3859320823008,29.718076058543],[-82.3863560839297,29.7187760605865],[-82.3874876754312,29.7203340288743],[-82.3882994285027,29.7216891770532],[-82.3883858286837,29.721868211286],[-82.3885950458515,29.7223017475648],[-82.3887124611307,29.722797795139],[-82.3887088853429,29.7229039124216],[-82.3887570695712,29.7248952769358],[-82.3888209040892,29.7287632723106],[-82.3887992529816,29.7319156027638],[-82.3887953735663,29.7324804280423],[-82.3888025943015,29.7324804635402],[-82.4051985492904,29.7325599026592],[-82.4052095291855,29.7282320192512],[-82.4054233506541,29.7282325274901],[-82.4054612244578,29.728232616903],[-82.4054628790164,29.727281305787],[-82.4054622968499,29.7272813614178],[-82.4054702131968,29.7202559643427],[-82.4054742977724,29.7184767289163],[-82.4054780622524,29.7184764969395],[-82.4054789809034,29.7179404069589],[-82.4138024796946,29.7179738203957],[-82.4180718995115,29.7179907935239],[-82.4221057558402,29.7180230751913],[-82.4221124810093,29.7180231289516],[-82.4221150953954,29.7187485183826],[-82.4221146747769,29.7192409893022],[-82.4235995868594,29.7192475615628],[-82.4237799767585,29.7192456443863],[-82.4238497507166,29.7192448830721],[-82.4240845882154,29.7180315253293],[-82.4271845379989,29.7180445689523],[-82.4304657931829,29.7180582925392],[-82.4305926100737,29.7180582672989],[-82.4305939349513,29.7180582332508],[-82.4309274181916,29.7180456403335],[-82.4314824435905,29.7180247028614],[-82.4322521367038,29.7179957197266],[-82.4331978436624,29.7179600009711],[-82.4333555968588,29.7179540544357],[-82.4343794072872,29.7179153835237],[-82.4350798565889,29.7178889194584],[-82.4360371337571,29.7178527314949],[-82.4369929886749,29.7178165970731],[-82.4379266781455,29.7177813156955],[-82.4389688987158,29.7177419367789],[-82.4488795087634,29.7179976009441],[-82.449475555528,29.7180129526028],[-82.4495394176849,29.7180145886578],[-82.4554062761947,29.7181488642967],[-82.4553905791633,29.7128710470473],[-82.4553902818201,29.7127750879045],[-82.4553898768614,29.7126353139601],[-82.4553645614919,29.7041312429758],[-82.4553628882572,29.7035696793999],[-82.4576616057453,29.7035968059724],[-82.4586004016276,29.7036097591215],[-82.4586008276263,29.7036097504419],[-82.4591035562257,29.7036168658628],[-82.4591192719854,29.703617083509],[-82.4593024083413,29.7036195332088],[-82.4596523355358,29.7036242314869],[-82.4631612363971,29.7036724939742],[-82.4637254419987,29.703680245502],[-82.4637266001818,29.7038530326839],[-82.4641990639523,29.7038505802794],[-82.4642078284844,29.70232396027],[-82.4642245045656,29.7000440931182],[-82.4642511686348,29.696399365201],[-82.4679768411313,29.6964525833765],[-82.4699581001085,29.6964808443969],[-82.4721755448276,29.6965124393946],[-82.4721863994251,29.6928718404079],[-82.4721918582016,29.6910515282855],[-82.4721946037829,29.6898812040083],[-82.4721946044547,29.6898810695759],[-82.4721981042394,29.6892276137529],[-82.4739484561469,29.689233593973],[-82.48368223752,29.6892373060439],[-82.4959738245385,29.6892449705554],[-82.4959940767628,29.6892449782256],[-82.4961162253549,29.6892412912013],[-82.4961165196545,29.6884921994903],[-82.4961196120213,29.6829489726634],[-82.4959955953042,29.6829521129792],[-82.496055171795,29.6645624661189],[-82.4960561466359,29.664261993509],[-82.4960625827458,29.6622731131532],[-82.4960626110595,29.6622639552698],[-82.4960647812885,29.6615956334826],[-82.4960692789458,29.6602053354095],[-82.4960752341159,29.6583653709668],[-82.4960828253012,29.6560227166964],[-82.4960856385443,29.6551552407076],[-82.4960856398694,29.6551551748603],[-82.4961016767371,29.6541143540316],[-82.4961024766293,29.6539674235846],[-82.5009442678468,29.6539903592029],[-82.5150731881954,29.6540935869799],[-82.5234368607778,29.6541149290375],[-82.5233809749045,29.6666657820738],[-82.5233971446662,29.6768422255596],[-82.5233980440513,29.684848830331],[-82.5233983608269,29.6876652324913],[-82.5234170262707,29.6898747924565],[-82.5234218680198,29.6904478122017],[-82.5234219279611,29.6904553580873],[-82.5234238559798,29.6907782946581],[-82.5234514548676,29.6954019974711],[-82.5234634237355,29.697406727317],[-82.5400178810787,29.6974133358941],[-82.5400287696412,29.6974133387231],[-82.5450512922224,29.697581635079],[-82.556230343217,29.6978562693203],[-82.5569956120238,29.6980216676524],[-82.5570604300686,29.6980221575154],[-82.5570873902974,29.6980223664761],[-82.55778429945,29.6981936473098],[-82.558929081671,29.6982293207455],[-82.5677712783491,29.6983346308245],[-82.5688517981869,29.69831263602],[-82.5696834614585,29.698319624681],[-82.5696808249009,29.7019558146717],[-82.5738533848405,29.7019963885845],[-82.5738572326239,29.7056439766616],[-82.5780333525138,29.7056435720183],[-82.5780269373983,29.7092644937499],[-82.5821945056073,29.709238250877],[-82.582180859999,29.7119980692752],[-82.5821764883546,29.7128820741953],[-82.5822224513927,29.7129918201038],[-82.5839701279141,29.7129522106333],[-82.5874855927731,29.712916559167],[-82.5904716368898,29.7129042328786],[-82.5938121765298,29.7128999534582],[-82.5976463034267,29.712877369178],[-82.6029627098704,29.7128324573899],[-82.605389826344,29.7128594387812],[-82.6057570924484,29.7128586333851],[-82.6071343809839,29.7128555564956],[-82.607165755989,29.7186084686735],[-82.607184324077,29.7220201755716],[-82.6073424703609,29.72202139541],[-82.6088409625515,29.7219789127196],[-82.6088437733029,29.7223913665312],[-82.6097584935408,29.7223654180177],[-82.609772692096,29.7244377870854],[-82.6113952690117,29.7243868952219],[-82.6113782501776,29.72190693998],[-82.6171652061456,29.7217425903349],[-82.6174801182252,29.7217346158537],[-82.6237438503023,29.7197237654759],[-82.6278767737218,29.7194935065124],[-82.6320334296711,29.7192618089184],[-82.6361824712493,29.7191746637571],[-82.6402529899555,29.7190890749187],[-82.6446992900534,29.7189522658595],[-82.6486696019018,29.7188291566637],[-82.6528404657526,29.7186997172234],[-82.6530923152358,29.7186918930126],[-82.6570377232336,29.7185661032571],[-82.6570570853083,29.7222021721915],[-82.6570766105927,29.7258706971301],[-82.6571275535685,29.7405177596032],[-82.6572633545126,29.7551308676208],[-82.6574411633341,29.7697434075705],[-82.6575852653097,29.7843317024537],[-82.6576696022746,29.7989281116704],[-82.6580737643521,29.813599944307],[-82.6580961529109,29.8219374816974],[-82.6581129113756,29.8281228468761],[-82.6581128436166,29.828126503733],[-82.6581226987856,29.8302099113329],[-82.6580873467826,29.8302051708593],[-82.6580565337003,29.8301957312215],[-82.6580257216418,29.8301862924931],[-82.6579949085881,29.8301768519388],[-82.657958847604,29.8301718397836],[-82.6577581462238,29.8301329880829],[-82.6577273331952,29.8301235483675],[-82.6576861128788,29.8301184643462],[-82.6576499705578,29.8301179541996],[-82.6576138271692,29.8301174458326],[-82.6574581162788,29.8300972396533],[-82.6573318407107,29.8300808541875],[-82.65726347569,29.8300719814139],[-82.6571895459382,29.8300614033805],[-82.6569492678834,29.8300270246173],[-82.6566402227717,29.8299821416492],[-82.6566040804722,29.8299816330176],[-82.6565679381897,29.829981123474],[-82.6565267159392,29.829976038156],[-82.6562593954947,29.8299092254324],[-82.6560377163889,29.8298526244198],[-82.6560229479293,29.8298488548779],[-82.6559047191317,29.8298186666613],[-82.6558739053588,29.8298092255924],[-82.6558430936608,29.8297997845454],[-82.655812363375,29.8297858441046],[-82.6557815527414,29.8297764021557],[-82.655750822505,29.8297624598963],[-82.6557200108332,29.8297530188204],[-82.6556891981494,29.8297435768205],[-82.6556583864558,29.8297341375341],[-82.6556223257334,29.8297291256364],[-82.6555863506029,29.8297196125967],[-82.6555555368909,29.8297101714528],[-82.6555248087926,29.8296962282674],[-82.655499326637,29.8296778576401],[-82.655473845559,29.8296594852183],[-82.6554431164364,29.8296455429011],[-82.6554123048301,29.8296361017526],[-82.6553814911604,29.8296266605675],[-82.655350679549,29.8296172203066],[-82.6553198658911,29.829607779107],[-82.6552890553428,29.8295983379441],[-82.6552582416798,29.829588897632],[-82.6552274301086,29.8295794564399],[-82.6549724253651,29.8294702483041],[-82.6549415453814,29.8294570255563],[-82.6549192676127,29.8294369604488],[-82.6548941103885,29.8294193242244],[-82.6548718325877,29.8293992618148],[-82.654849554846,29.8293791966952],[-82.6548003846834,29.8293173485852],[-82.6547853055302,29.8292983802473],[-82.6547582506249,29.8292643481866],[-82.6547445550996,29.82923946783],[-82.6547251975074,29.8292145066633],[-82.6547057961623,29.829192014396],[-82.6546863937747,29.8291695230133],[-82.6546669913959,29.8291470316277],[-82.6546504674701,29.8291221104409],[-82.6546281898186,29.8291020461854],[-82.6546144932969,29.8290771667025],[-82.6545979683781,29.8290522445924],[-82.6545814423828,29.8290273251717],[-82.6545591636983,29.8290072626938],[-82.6545426367359,29.8289823405474],[-82.654523236512,29.8289598482674],[-82.6545038362802,29.8289373568866],[-82.6544844329535,29.828914865459],[-82.6544650317549,29.8288923713516],[-82.6544427979276,29.8288698399661],[-82.6544233967137,29.8288473476566],[-82.6544039934227,29.8288248562169],[-82.6543875913966,29.8288001198768],[-82.6543874694361,29.8287998889781],[-82.6543628646123,29.828752682143],[-82.6542598499266,29.828467943262],[-82.6542542404166,29.828452438823],[-82.6542282058382,29.8283804768738],[-82.6542087617732,29.8282622726439],[-82.6541773234128,29.8280711686903],[-82.6541665065551,29.8280438620919],[-82.6541585171269,29.8280165936032],[-82.654150529789,29.827989324241],[-82.6541453729308,29.8279620957392],[-82.6541317256192,29.827934748277],[-82.6541237372606,29.8279074788985],[-82.6541100420811,29.8278825984739],[-82.6541020558017,29.8278553291233],[-82.6540912369526,29.8278280206851],[-82.6540718349536,29.8278055301117],[-82.6540581398346,29.8277806478775],[-82.6540444446889,29.8277557674458],[-82.6540336279356,29.827728459032],[-82.6540171023018,29.8277035395383],[-82.6540148207757,29.8276738830066],[-82.6539954199088,29.8276513897302],[-82.6539817258311,29.8276265093065],[-82.6539652460934,29.8275991200309],[-82.6539515509457,29.8275742422954],[-82.6539378569232,29.8275493600629],[-82.6539327001461,29.8275221315521],[-82.6539247118418,29.827494863965],[-82.6539123625329,29.8274685624927],[-82.6538544937184,29.8273412215205],[-82.6538038187185,29.8272688871993],[-82.653796138537,29.8272401315948],[-82.65378567565,29.8272137232091],[-82.6537779965125,29.827184967618],[-82.6537647972924,29.8271585214953],[-82.6537571202343,29.8271297659321],[-82.6537494390424,29.82710101031],[-82.6537307228782,29.8270768727935],[-82.6537312547913,29.8270482340455],[-82.6537125365556,29.8270240973992],[-82.6536965567207,29.8269999994185],[-82.6536860959712,29.8269735901517],[-82.6536673777438,29.8269494544009],[-82.6536651723698,29.8269207742926],[-82.6536519742326,29.8268943290748],[-82.6536415134726,29.8268679216084],[-82.653636571773,29.8268392037613],[-82.653623373671,29.8268127576384],[-82.6536101755759,29.8267863115142],[-82.6535859394187,29.8267644843409],[-82.6535699586384,29.8267403854278],[-82.6535594989342,29.8267139788713],[-82.6535352185044,29.8266945366722],[-82.6535137207518,29.826672749059],[-82.6534894403411,29.8266533068514],[-82.6534789786152,29.8266268993571],[-82.6534629999352,29.826602801362],[-82.6534387195514,29.8265833591449],[-82.6534255205015,29.8265569129871],[-82.6534012411373,29.8265374725817],[-82.6533797857342,29.8265132972273],[-82.6533526814363,29.8264985899386],[-82.6533255760785,29.8264838844338],[-82.6533095964409,29.8264597855031],[-82.6532880967195,29.8264379978234],[-82.6532665991269,29.8264162074632],[-82.6532423198281,29.8263967670281],[-82.6532180395545,29.8263773238678],[-82.6531965419401,29.8263555362021],[-82.6531666983045,29.8263407901814],[-82.6531507197462,29.8263166921478],[-82.6531292211586,29.8262949026523],[-82.6530993342239,29.8262825443206],[-82.6530185929391,29.8262073975577],[-82.6529943570696,29.826185569372],[-82.6529700768292,29.8261661297736],[-82.6529429716353,29.8261514232872],[-82.6529186914467,29.8261319818751],[-82.6528971929331,29.8261101932434],[-82.6528538477717,29.8260767210189],[-82.6528455529774,29.8260703131879],[-82.6528027240414,29.8260372398253],[-82.6527569021146,29.8259983974365],[-82.6526998638164,29.8259737174368],[-82.6526428719546,29.8259466515559],[-82.6525914867645,29.8259125053325],[-82.6525484466783,29.8258713138575],[-82.652491453882,29.8258442478958],[-82.6524373325409,29.8258100611434],[-82.6523859475254,29.8257759130349],[-82.6523261287623,29.825753582797],[-82.652269136094,29.8257265167383],[-82.6522092296889,29.8257089600366],[-82.6521493233049,29.8256914033073],[-82.6520864557409,29.8256857399672],[-82.6520265514784,29.8256681823089],[-82.6519638160345,29.8256553576309],[-82.6518983917324,29.8256401111107],[-82.6518327012662,29.8256391816739],[-82.6517698791644,29.8256311314088],[-82.6517044549416,29.8256158829874],[-82.6516417216245,29.8256030590861],[-82.651573292816,29.8256020917096],[-82.6515076456761,29.8255987780136],[-82.651441910873,29.8256002342657],[-82.6513734799994,29.8255992667554],[-82.6513104380904,29.8256031502349],[-82.6512447466027,29.8256022213901],[-82.6511815694453,29.8256132651397],[-82.6511183478982,29.8256266947438],[-82.6510552150883,29.8256353525473],[-82.650989347068,29.8256439689331],[-82.6509287296037,29.8256645975171],[-82.6508627717383,29.8256779864966],[-82.6507995077424,29.825693804567],[-82.6507388447891,29.8257168189332],[-82.6506755374139,29.8257350219411],[-82.6506176117285,29.825758074968],[-82.6505544808941,29.8257667307548],[-82.6504938178396,29.8257897450074],[-82.6504358930811,29.8258127997723],[-82.6503752310055,29.8258358139844],[-82.6503306386087,29.8258781539213],[-82.6502833945525,29.8259156824024],[-82.6502414939765,29.825960446904],[-82.6501782741507,29.8259738760826],[-82.6501256452016,29.8260065534929],[-82.6500783586753,29.8260464678136],[-82.650025685253,29.8260815310681],[-82.6499649795328,29.826106931891],[-82.6499149999667,29.826144421536],[-82.6498596789483,29.826174674236],[-82.649801576172,29.82620727316],[-82.649732971331,29.8262158519962],[-82.6496697492218,29.8262292799976],[-82.6496171189359,29.8262619571881],[-82.6495591513715,29.826287396576],[-82.6495038745969,29.8263152623388],[-82.6494404302119,29.8263406250637],[-82.6493771645839,29.8263564397247],[-82.6493112081027,29.8263698288524],[-82.6492479847538,29.8263832593412],[-82.6491847201025,29.8263990739236],[-82.6491214523108,29.8264148893335],[-82.6490581421426,29.8264330906264],[-82.6489974803873,29.8264561051153],[-82.6489314762233,29.8264718816958],[-82.6488682993075,29.8264829234399],[-82.6488026072614,29.8264819933683],[-82.6487393858751,29.8264954218362],[-82.6486787684761,29.826516048489],[-82.6486234014212,29.826548685633],[-82.6485577103516,29.826547756355],[-82.6484920182824,29.8265468252253],[-82.6484263241285,29.8265458949352],[-82.6483578957368,29.8265449258908],[-82.6482894673465,29.8265439568105],[-82.6482289366295,29.8265598123594],[-82.6481657595798,29.826570853764],[-82.6481025825161,29.8265818951381],[-82.6480394499051,29.8265905496957],[-82.6479761838952,29.8266063636785],[-82.6479129612668,29.8266197926343],[-82.6478496962359,29.8266356074727],[-82.6477839130836,29.8266394504317],[-82.6477232064667,29.826664849311],[-82.6476600737532,29.8266735045875],[-82.6475906132744,29.8266719412614],[-82.6475311290224,29.8266939900853],[-82.6474655123695,29.8266930604118],[-82.6473995747851,29.826709295523],[-82.6473464422784,29.8267428805047],[-82.6472805025893,29.8267591146244],[-82.6472147792691,29.8267639055337],[-82.64714884158,29.8267801414203],[-82.6470829028685,29.826796375455],[-82.6470172851008,29.826795446444],[-82.646951665299,29.8267945155668],[-82.6468920772903,29.826822284852],[-82.646832596898,29.8268443352208],[-82.6467669770656,29.8268434042508],[-82.6467013592698,29.8268424750813],[-82.6466357415089,29.8268415440748],[-82.6465701237155,29.8268406148394],[-82.6465042925715,29.826851127889],[-82.6464385671009,29.8268559174767],[-82.6463728426247,29.8268607088502],[-82.6463072248381,29.8268597785809],[-82.6462416080703,29.8268588491953],[-82.646175988217,29.8268579188308],[-82.6461103725199,29.82685698759],[-82.6460447526691,29.8268560571597],[-82.6459791359231,29.8268551267404],[-82.6459135160747,29.8268541962441],[-82.6458478993311,29.826853265759],[-82.645782493938,29.8268408937969],[-82.6457168761699,29.8268399632314],[-82.645658246318,29.8268162374414],[-82.6455926296019,29.8268153068282],[-82.6455273310061,29.8267972131293],[-82.6454617142869,29.8267962833524],[-82.645396094499,29.8267953516945],[-82.6453307980379,29.8267772570247],[-82.6452651803329,29.8267763253304],[-82.6451930006334,29.826775301418],[-82.6451273839486,29.8267743705713],[-82.6450617641616,29.8267734396476],[-82.6449961485138,29.8267725087498],[-82.6449305297637,29.8267715777749],[-82.6448649120325,29.8267706476839],[-82.6447992943362,29.8267697157558],[-82.6447336745553,29.8267687846675],[-82.6446680578623,29.8267678544923],[-82.6446020119769,29.8267898079824],[-82.6445362884905,29.8267945984474],[-82.6444705639632,29.8267993888648],[-82.6444048404474,29.8268041801658],[-82.6443389012718,29.8268204128168],[-82.6442794162099,29.8268424601613],[-82.6442135858737,29.8268529711702],[-82.6441479681124,29.8268520398174],[-82.6440821377392,29.8268625516621],[-82.6440161974208,29.8268787850377],[-82.6439566074904,29.8269065538725],[-82.6438971253788,29.8269286019891],[-82.6438439895363,29.8269621837139],[-82.6437782648313,29.8269669755873],[-82.6437187806086,29.8269890217893],[-82.6436656467259,29.827022604373],[-82.6436061613768,29.8270446523131],[-82.643540329801,29.8270551629683],[-82.6434747119294,29.8270542303755],[-82.6434280309796,29.8270936285161],[-82.6433621993526,29.8271041390815],[-82.6432964745473,29.8271089298108],[-82.6432307497188,29.827113721409],[-82.6431649180745,29.8271242309731],[-82.6430924185691,29.8271403689332],[-82.6430266916578,29.8271451594973],[-82.642960968912,29.8271499482833],[-82.6428947849295,29.8271507334104],[-82.642828146807,29.8271619793364],[-82.6427650043014,29.8271732766864],[-82.6427085674028,29.8271999095717],[-82.6426272207473,29.8272216122467],[-82.6425325268639,29.8272468760133],[-82.6424630402636,29.8272421498325],[-82.6423966297969,29.8272412072448],[-82.6423302203997,29.827240262834],[-82.642263808918,29.8272393192621],[-82.6421973974374,29.8272383756564],[-82.6421309880104,29.8272374329486],[-82.6420679593313,29.8272426331092],[-82.6420015478336,29.8272416903061],[-82.6419383471765,29.8272560352174],[-82.6418715949263,29.8272733766064],[-82.6418085641419,29.8272785766126],[-82.6417555075728,29.8273113565055],[-82.6416923068528,29.8273257003958],[-82.6416324329259,29.8273492369924],[-82.6415759386236,29.8273789182659],[-82.6415127927006,29.827390216771],[-82.6414631767808,29.8274260915308],[-82.6414032996357,29.8274496279781],[-82.6413468621649,29.8274762629815],[-82.6412938053717,29.8275090408828],[-82.6412545001776,29.8275542093955],[-82.6412255701015,29.8276056211567],[-82.6412070099309,29.8276632788057],[-82.6411884507732,29.8277209364667],[-82.6411734442932,29.8277755949444],[-82.6411692807967,29.8278299618467],[-82.6411616082506,29.8278563282066],[-82.6411814237843,29.8279098413949],[-82.6411803399602,29.8279677456854],[-82.6411792581702,29.8280256518092],[-82.6411781173474,29.8280866040741],[-82.6411735388212,29.8281444604865],[-82.6411515418848,29.8281990204844],[-82.6411504590578,29.8282569256906],[-82.6411424418168,29.8283116835277],[-82.6411378062788,29.8283725870109],[-82.6411123705617,29.8284240493294],[-82.6410695702643,29.8284691671992],[-82.641044135488,29.8285206313231],[-82.6410117652748,29.8285689453453],[-82.6409480516845,29.8286107188574],[-82.6409401545671,29.8286173817535],[-82.6409018715775,29.8286496919516],[-82.6408454322901,29.8286763249183],[-82.6407991930351,29.8287183459212],[-82.6407564535829,29.8287604175762],[-82.6407102712621,29.828799390573],[-82.6406709103665,29.8288476060092],[-82.6406316064293,29.8288927743611],[-82.6405717852022,29.8289132633537],[-82.6405324812109,29.8289584307736],[-82.640482862035,29.8289943078353],[-82.640446996699,29.8290425720164],[-82.6403871203919,29.8290661089281],[-82.6403512539322,29.8291143739701],[-82.6403050152822,29.8291563957142],[-82.6402519582666,29.8291891741068],[-82.6402023388911,29.8292250501596],[-82.6401699680058,29.8292733657758],[-82.6401168518353,29.829309189352],[-82.6400569752894,29.8293327261122],[-82.6400072997737,29.8293716500796],[-82.6399541834582,29.8294074753937],[-82.6399045068473,29.8294463984051],[-82.6398582118511,29.8294914679792],[-82.6398119749033,29.8295334886755],[-82.6397657347959,29.8295755102133],[-82.6397195537772,29.8296144828881],[-82.6396663812364,29.8296533551714],[-82.6396202001256,29.829692328713],[-82.6395670845171,29.829728154786],[-82.6395277787124,29.8297733218874],[-82.6394884178754,29.8298215378821],[-82.6394421785487,29.8298635584176],[-82.6393856250944,29.8298962876169],[-82.6393428804162,29.8299383578464],[-82.6392863269035,29.8299710861006],[-82.6392332691341,29.8300038631765],[-82.6391766595071,29.8300396402736],[-82.639130474955,29.8300786117932],[-82.639080854714,29.830114488321],[-82.639044989311,29.8301627530316],[-82.6389918732269,29.8301985797721],[-82.6389421958606,29.8302375015145],[-82.6388856990968,29.8302671825235],[-82.638832583951,29.8303030083118],[-82.6387829054018,29.8303419317828],[-82.6387401602769,29.8303840018144],[-82.6386870450331,29.8304198266413],[-82.6386408631992,29.8304587989336],[-82.6385911855486,29.8304977214441],[-82.6385345754093,29.8305334982623],[-82.6384815139713,29.8305662758901],[-82.6384525826022,29.8306176879469],[-82.6384132759395,29.8306628547113],[-82.6383670368015,29.8307048748795],[-82.6383174159893,29.8307407502145],[-82.638264242264,29.8307796237295],[-82.6382146224119,29.83081549904],[-82.6381513608619,29.8308328873707],[-82.6380948645581,29.8308625680519],[-82.6380384242632,29.8308892016228],[-82.6379751615671,29.8309065916576],[-82.6379047972341,29.8309299762951],[-82.6378449752538,29.8309504640529],[-82.6377849238574,29.830983140954],[-82.6377353026792,29.8310190169696],[-82.6376856814822,29.8310548920642],[-82.6376429376555,29.8310969617651],[-82.6375933153855,29.8311328350057],[-82.6375401992944,29.8311686611696],[-82.6374837587109,29.8311952926968],[-82.6374306996768,29.8312280699413],[-82.637381077231,29.8312639449052],[-82.6373244652022,29.8312997202814],[-82.6372713479074,29.831335545419],[-82.6372181745064,29.8313744176203],[-82.6371615052516,29.8314132399963],[-82.637108443892,29.8314460188843],[-82.6370588222726,29.8314818928383],[-82.6370126382556,29.8315208654407],[-82.6369698347642,29.8315659819616],[-82.6369235956306,29.8316080016322],[-82.6368739167333,29.8316469234881],[-82.6368277336017,29.8316858960397],[-82.636774673038,29.8317186739046],[-82.6367215563727,29.8317544979308],[-82.6366821923555,29.8318027130614],[-82.6366325703704,29.831838588657],[-82.6365727455795,29.8318590721943],[-82.6365333814319,29.8319072881818],[-82.6364871970281,29.8319462596958],[-82.6364341372646,29.8319790365347],[-82.6363775826511,29.8320117644444],[-82.6363313420252,29.83205378389],[-82.6362782801007,29.832086559734],[-82.6362251630431,29.83212238446],[-82.6361755407333,29.8321582598817],[-82.6361327376222,29.8322033761418],[-82.6360796765701,29.8322361528218],[-82.6360369315727,29.8322782210933],[-82.6359873080996,29.8323140955264],[-82.6359549352112,29.8323624092044],[-82.6359121890384,29.8324044792242],[-82.6358659480331,29.8324464985043],[-82.6358128275308,29.832482323018],[-82.6357700843669,29.8325243921332],[-82.6357203473939,29.8325663615208],[-82.6356810366501,29.83261152743],[-82.6356382362232,29.8326566435716],[-82.6355851736976,29.8326894218395],[-82.6355321122223,29.8327221973944],[-82.6354824893631,29.832758072552],[-82.6354363051867,29.8327970437079],[-82.6353900637977,29.832839062819],[-82.6353507548821,29.8328842277558],[-82.6353045133994,29.8329262477385],[-82.6352583280236,29.8329652197185],[-82.6352363257393,29.8330197786935],[-82.6351712747008,29.8331240066053],[-82.6351242116058,29.833180629858],[-82.6350901823358,29.8332431684321],[-82.6350431201897,29.833299790768],[-82.6350025201302,29.833362236506],[-82.6349684876347,29.8334247741015],[-82.6349214273686,29.8334813982266],[-82.6348743639791,29.8335380204864],[-82.6348403333611,29.8336005607837],[-82.6348127628309,29.8336689217648],[-82.6347787352841,29.8337314593838],[-82.634744703539,29.8337939978367],[-82.6346976409354,29.8338506200467],[-82.6346962424964,29.8339250846986],[-82.6346686738632,29.8339934447757],[-82.6346476748843,29.8340618985667],[-82.6346332455563,29.8341304469771],[-82.634639762444,29.8341994728469],[-82.6346503758493,29.8342681980493],[-82.6346425141343,29.83433684015],[-82.6346280868489,29.8344053876863],[-82.634600517018,29.8344737468305],[-82.6345991185313,29.834548209675],[-82.6345977221287,29.8346226716466],[-82.6345898624355,29.8346913128704],[-82.6345883574582,29.8347715045428],[-82.6345869610274,29.8348459674156],[-82.634585563543,29.8349204311752],[-82.6345841650389,29.8349948940178],[-82.6345833060743,29.8350407182313],[-82.634617134846,29.8353391310894],[-82.6346619398007,29.8354027950511],[-82.6346672196608,29.8354716237145],[-82.6346922088811,29.8355407344339],[-82.6347040595986,29.8356096568275],[-82.6347224801316,29.8356786729362],[-82.6347407921829,29.8357534160372],[-82.6347739150799,29.8358503588396],[-82.6348217738139,29.835990433037],[-82.6348529210711,29.8360815947314],[-82.6348779095561,29.8361507044964],[-82.6348963303101,29.8362197205786],[-82.6349081801985,29.8362886438387],[-82.6349398471146,29.8363521203025],[-82.6349451282691,29.8364209480641],[-82.6349437300131,29.8364954109048],[-82.6349423338413,29.8365698728727],[-82.6349409355304,29.8366443384189],[-82.6349395383198,29.8367188003714],[-82.6349381421416,29.8367932623384],[-82.6349367438414,29.8368677269817],[-82.634948593869,29.8369366484317],[-82.6349735836531,29.8370057590922],[-82.6349721874965,29.8370802210584],[-82.6349707902863,29.8371546839116],[-82.63498263932,29.8372236062448],[-82.6350010593109,29.8372926222937],[-82.6350194793274,29.8373616383398],[-82.6350180821147,29.8374361029965],[-82.6350166838992,29.8375105658341],[-82.6350152877508,29.8375850287009],[-82.6350138905318,29.8376594933567],[-82.63501249231,29.8377339561934],[-82.6350110961892,29.8378084172552],[-82.6350096979124,29.8378828827974],[-82.6350083007359,29.8379573447459],[-82.6350069045919,29.8380318067089],[-82.6350055063427,29.838106270446],[-82.6350041091429,29.8381807332957],[-82.6350027129926,29.8382551952577],[-82.6350013147202,29.8383296598961],[-82.6349999185488,29.8384041227595],[-82.6349985213406,29.8384785856079],[-82.6349840926819,29.838547132252],[-82.6349890504971,29.8386331446253],[-82.6349677283198,29.8387187821855],[-82.6349595461006,29.8388046080529],[-82.6349317602799,29.8388844248781],[-82.6348646628536,29.8389579506506],[-82.6348303068927,29.8390376737445],[-82.6348025219715,29.8391174887519],[-82.6347551364385,29.8391912965338],[-82.6346500005326,29.8393971900924],[-82.6346256821308,29.8394448144338],[-82.6345765756758,29.839540985747],[-82.6345083004139,29.8396746916031],[-82.6344181184261,29.8397562419967],[-82.6343276510219,29.8398380481129],[-82.6342549743271,29.8399289890913],[-82.6341809819801,29.8400196053875],[-82.634087496391,29.8400984828041],[-82.6339940095849,29.8401773619427],[-82.6339135553071,29.8402621555364],[-82.6338200661229,29.8403410354225],[-82.6337265809966,29.8404199116924],[-82.6336267386199,29.8404872400794],[-82.633579484126,29.840514582171],[-82.6335204304318,29.8405487475617],[-82.633460412305,29.8406222518751],[-82.63344643904,29.840639362567],[-82.6334367238581,29.8406436703048],[-82.6333337776861,29.8406893194252],[-82.6332402907779,29.8407681971354],[-82.6331211655569,29.8408123338995],[-82.6330212158333,29.8408853888447],[-82.6329022000789,29.8409237957255],[-82.6327768293027,29.8409506528666],[-82.6326705231971,29.8410121597008],[-82.6325642159761,29.8410736637277],[-82.6324390612101,29.8410890647422],[-82.6323134737614,29.8411273790452],[-82.6322071661792,29.8411888836834],[-82.6320945045804,29.8412388412915],[-82.6319881967266,29.8413003466534],[-82.6318883512534,29.8413676736953],[-82.6317820451697,29.8414291807228],[-82.6316950188614,29.8415138781947],[-82.6316025835024,29.8416151597375],[-82.6312253035229,29.8420285470502],[-82.6311448443672,29.8421133380154],[-82.6310708506798,29.8422039516839],[-82.6309773574303,29.8422828286277],[-82.630903360377,29.8423734412542],[-82.6308423969559,29.8424699713867],[-82.6307878980287,29.8425723224385],[-82.6307138995356,29.8426629358436],[-82.6306659706339,29.8427653807608],[-82.6306310702675,29.8428737431553],[-82.6306185575033,29.8429859967787],[-82.6305940182198,29.8430966628102],[-82.6305918624709,29.8432112200207],[-82.6305897087693,29.8433257781621],[-82.630580983703,29.843440243266],[-82.6305592246894,29.8435487925977],[-82.6305505016547,29.8436632568258],[-82.6305483468611,29.8437778149489],[-82.6305659020589,29.8438926539307],[-82.6305967067437,29.8440019537675],[-82.6306739348965,29.8440889994166],[-82.630717989243,29.8441927591706],[-82.6307752900524,29.844290979705],[-82.6308391623639,29.844389295042],[-82.6309030348696,29.8444876067391],[-82.6309536599997,29.8445914612214],[-82.6310109612888,29.8446896807484],[-82.6310815132662,29.8447823601718],[-82.6311519555826,29.8448807683354],[-82.6312092582691,29.8449789877887],[-82.6312997372658,29.8450604938587],[-82.6313967857976,29.8451420937341],[-82.6314739078658,29.8452348659097],[-82.6315112854178,29.8453442603192],[-82.6319344909553,29.8459060633624],[-82.6320400546409,29.8462341504803],[-82.6320642901532,29.8463433551899],[-82.6320950972113,29.8464526564633],[-82.6321121174399,29.8465961347685],[-82.6321297846466,29.8467052465479],[-82.6321342000539,29.8468198993969],[-82.6321319403999,29.8469401854478],[-82.632129787324,29.8470547453807],[-82.6321276332762,29.84716930169],[-82.6321254801904,29.8472838616214],[-82.6321233281682,29.8473984197627],[-82.6321211751233,29.8475129769866],[-82.6321190209879,29.8476275369009],[-82.6321102983569,29.8477420011929],[-82.6320885411404,29.8478505489644],[-82.6320667848941,29.8479590976486],[-82.6320187430173,29.8480672717812],[-82.6319838453853,29.8481756336477],[-82.6319620889874,29.8482841805084],[-82.6319141544887,29.8483866275968],[-82.6318530807252,29.8484888842708],[-82.6317921134238,29.8485854157012],[-82.6317441827945,29.8486878600787],[-82.6316636120275,29.8487783801548],[-82.6315566694235,29.8488388512077],[-82.6312382418812,29.8490301284327],[-82.6310127900656,29.8491357679112],[-82.6309001199273,29.8491857226796],[-82.6307810923963,29.8492241266961],[-82.6306620668258,29.8492625315358],[-82.6305366838742,29.8492893874045],[-82.6304111931351,29.8493219692533],[-82.6302857053841,29.8493545528299],[-82.6301603211969,29.8493814074209],[-82.6300351545626,29.8493968061133],[-82.6299036317015,29.8494006558074],[-82.6297722187073,29.8493987765932],[-82.6296408036486,29.8493968972173],[-82.6295093896465,29.849395016822],[-82.6293714038972,29.8493930431973],[-82.6292399909062,29.8493911643502],[-82.6291734333343,29.8493902122513],[-82.6291639974119,29.8493900763664],[-82.6290890018228,29.8493620408349],[-82.6290139288686,29.8493383368772],[-82.6289388559841,29.8493146310722],[-82.6288625056424,29.8492960517182],[-82.6287836197136,29.8492866960877],[-82.6287072501109,29.8492691422533],[-82.6286297783169,29.8492474609353],[-82.6285559035246,29.8492227443608],[-82.6284808082998,29.8492000701729],[-82.6284019612991,29.8491886531692],[-82.6283255928059,29.8491711027349],[-82.6282450183178,29.849176395408],[-82.6281136025473,29.8491745144827],[-82.6279821909038,29.8491726343867],[-82.6278508830613,29.8491650243932],[-82.6277195762396,29.8491574160866],[-82.6275951649541,29.8491327153252],[-82.6274706467912,29.8491137450682],[-82.6273261976724,29.8491059481904],[-82.6272017865151,29.8490812488589],[-82.6270705878167,29.8490679110969],[-82.6269327115586,29.8490602070125],[-82.6268081925953,29.849041235208],[-82.6266838916854,29.8490108075118],[-82.6265663733501,29.8489690170598],[-82.6264354988156,29.848938495859],[-82.6263110891409,29.8489137947927],[-82.6261866774586,29.8488890935784],[-82.6260693775356,29.8488358478092],[-82.6259853244268,29.8487964608993],[-82.6259087005918,29.8487768454893],[-82.6258300745767,29.8487695489798],[-82.6257506314635,29.8487583807784],[-82.625674893466,29.8487387770234],[-82.6255982821789,29.8487183919689],[-82.6255197123832,29.848708008491],[-82.6254407539159,29.8487122506929],[-82.6253094489628,29.8487046372753],[-82.6251920426743,29.8486571204379],[-82.6250677375999,29.8486266893269],[-82.624936433772,29.8486190782558],[-82.6248050208705,29.8486171940357],[-82.6246736069222,29.8486153105709],[-82.6245423032077,29.8486076954959],[-82.6244109973756,29.8486000838675],[-82.6242795845092,29.8485981991195],[-82.6241481726825,29.8485963142544],[-82.6240167577566,29.8485944292127],[-82.6238853449051,29.8485925440686],[-82.6237407897395,29.8485904702428],[-82.6236093768985,29.8485885848215],[-82.6234807948737,29.8485674032164],[-82.6233526663535,29.8485655646627],[-82.6232240510861,29.8485895015271],[-82.6230959235768,29.8485876627367],[-82.6229677950376,29.848585823806],[-82.6228298105418,29.8485838432797],[-82.6227013584555,29.8485991877976],[-82.6225732309434,29.8485973484951],[-82.6224451034361,29.8485955090671],[-82.622222350989,29.8485579341725],[-82.6221655259198,29.8485483490223],[-82.6219439106668,29.8485109650206],[-82.6218264490223,29.8484663072618],[-82.6216988098624,29.8484386924808],[-82.6215713311313,29.8484024838957],[-82.6214538729037,29.8483578249445],[-82.6213766484572,29.8482707747587],[-82.6213623660007,29.8482686477435],[-82.621223618506,29.8481955245286],[-82.6210738570106,29.8481520469045],[-82.6209168313215,29.8480836900359],[-82.6207801743208,29.8480115410618],[-82.6206331595183,29.8479543083975],[-82.6204873939303,29.8478540702867],[-82.6203575258573,29.8477705586207],[-82.6202168216907,29.8477048138796],[-82.6201967318648,29.8476821658034],[-82.6201852742452,29.8476692501437],[-82.620067978994,29.8476159980866],[-82.6199506828167,29.8475627468113],[-82.6198424638287,29.8474752483036],[-82.6197144060657,29.8473717098216],[-82.6195642565779,29.8473179849278],[-82.6194277923107,29.8472358111855],[-82.6192774295013,29.8471935417984],[-82.6191339604797,29.8471341839229],[-82.6189769179483,29.8470975484736],[-82.6188267713256,29.8470438236641],[-82.6186694027319,29.8470243715168],[-82.6185051383554,29.847022008335],[-82.6183408750214,29.8470196449618],[-82.6181766106435,29.8470172822694],[-82.6180436804582,29.8470955817694],[-82.6179145191191,29.8472068621526],[-82.6177708170783,29.8472749965012],[-82.6176793180836,29.8473962926175],[-82.6176672684503,29.8475370628936],[-82.617625241323,29.8476739649127],[-82.6176160680387,29.8478113398137],[-82.6175740396731,29.8479482427014],[-82.6175451534492,29.8480853338462],[-82.6175359779297,29.8482227096106],[-82.6175332666147,29.8483659060728],[-82.6175175225089,29.8485031863818],[-82.6175411990587,29.8486410359285],[-82.6175384877399,29.8487842323875],[-82.6175357753272,29.8489274315366],[-82.6175660247577,29.8490653747827],[-82.6175765612411,29.8492030324709],[-82.6175673877142,29.8493404091608],[-82.6176305982966,29.8494730946595],[-82.6176278870497,29.8496162929179],[-82.6176318549992,29.8497538578563],[-82.6176819234345,29.8498863550643],[-82.6177452470892,29.8500133153757],[-82.6178283874463,29.8501348323002],[-82.6179247790778,29.8502508068048],[-82.6179950677135,29.8503622650558],[-82.6180013491327,29.8503722272536],[-82.6180978506443,29.8504824764563],[-82.6181943513352,29.8505927255723],[-82.6182975314873,29.8506973403618],[-82.6183940336773,29.85080758754],[-82.6184905349953,29.8509178373375],[-82.6186339006772,29.8509829228982],[-82.6187841595025,29.8510309199935],[-82.6189343152126,29.8510846457868],[-82.6190979338155,29.8511213748635],[-82.6192549827494,29.8511580101593],[-82.6194123590375,29.8511774616126],[-82.6195627289834,29.851219729948],[-82.6197269992709,29.8512220926881],[-82.619884264286,29.8512472714236],[-82.6200485377481,29.8512496329025],[-82.6201985809879,29.8513090832604],[-82.6203418420519,29.8513798966766],[-82.6204582752719,29.851478970738],[-82.6205681368698,29.8515779493515],[-82.6206912506909,29.851671392457],[-82.6208277221099,29.8517535639587],[-82.620977876929,29.8518072864571],[-82.6211413912216,29.8518497427055],[-82.6212981172146,29.8519035592341],[-82.6214556013032,29.8519172794002],[-82.6216129771376,29.851936729077],[-82.6217700293387,29.8519733604642],[-82.6219276217975,29.8519813548717],[-82.6220852153675,29.8519893463981],[-82.6222216883244,29.8520715191501],[-82.6223315523164,29.852170497181],[-82.6224414175619,29.852269475134],[-82.6225047467792,29.8523964312902],[-82.6226011449749,29.8525124050248],[-82.6226644745169,29.8526393629061],[-82.6227013041653,29.8527773983702],[-82.6227579538272,29.8529099906681],[-82.6228211746101,29.8530426754505],[-82.6228277094488,29.8530744905479],[-82.6228813651378,29.8533357421995],[-82.622898481418,29.8534734946536],[-82.6229089185986,29.8536168797897],[-82.6229326059311,29.8537547274485],[-82.6229299012059,29.8538979239633],[-82.6229075916248,29.8540351114571],[-82.6228918540445,29.8541723923693],[-82.6228432592538,29.8543092016888],[-82.6227947745802,29.8544402840247],[-82.6227527515797,29.8545771885405],[-82.6226976925059,29.8547081764763],[-82.6226556692755,29.8548450800568],[-82.6226384748529,29.8548915702114],[-82.6223535836939,29.855387496304],[-82.6211265163918,29.8568334320591],[-82.6210800091155,29.8569625048588],[-82.6210318978317,29.8570960380064],[-82.6210264497955,29.8572337877463],[-82.6210041347684,29.8573709748594],[-82.6209883940305,29.8575082555164],[-82.6209856853669,29.8576514519453],[-82.6209699455939,29.8577887326126],[-82.6209279186638,29.8579256365158],[-82.6208598221477,29.8580507069552],[-82.6207917254773,29.8581757764563],[-82.6207234140615,29.8583123017374],[-82.6206227855722,29.858419715368],[-82.6205416551235,29.8585388680084],[-82.6204151743528,29.8586229921892],[-82.6203015129964,29.8587244897393],[-82.620168568809,29.8588027922492],[-82.6200420894563,29.8588869160977],[-82.6199285326979,29.8589826844829],[-82.6198085158688,29.8590726304561],[-82.6196755698095,29.8591509315465],[-82.6195175335947,29.8591658478161],[-82.6193532491297,29.8591634857011],[-82.6191960790981,29.8591325784318],[-82.6190389102161,29.8591016700864],[-82.6188955325571,29.8590365849997],[-82.6187848078657,29.8589371370549],[-82.6186916830121,29.8589016473512],[-82.6186402682193,29.8588820538394],[-82.6185888514282,29.8588624575715],[-82.6185786543886,29.8588585718586],[-82.6185189473226,29.8587905313181],[-82.6183824692355,29.8587083547493],[-82.6182525616398,29.8586262725663],[-82.6181090756739,29.8585669144921],[-82.617951689992,29.8585474624108],[-82.617801527694,29.8584937346698],[-82.6176648335942,29.8584230140346],[-82.61751445147,29.8583807444068],[-82.617377756695,29.8583100234562],[-82.617234274847,29.858250662662],[-82.6170908975449,29.8581855746622],[-82.6169542043747,29.8581148532831],[-82.616817510347,29.858044132648],[-82.6166740271478,29.8579847712085],[-82.6165842007577,29.8578688886564],[-82.6164944841941,29.8577472772649],[-82.6164180178494,29.8576201271778],[-82.6163546930961,29.8574931672104],[-82.6163310129443,29.8573553192772],[-82.6163007637225,29.8572173767271],[-82.6162109394961,29.8571014939286],[-82.6161212220123,29.8569798822457],[-82.6160580076528,29.856847195157],[-82.6159815415243,29.8567200447932],[-82.6158983968474,29.8565985285292],[-82.6158285043227,29.8564714736675],[-82.6157253187053,29.8563668569346],[-82.615608774845,29.8562735056602],[-82.6155122715235,29.8561632537701],[-82.6154025195703,29.856058542159],[-82.6153060156173,29.8559482919044],[-82.6152028331627,29.855843674786],[-82.6150930808536,29.8557389628984],[-82.6149768632047,29.8556284291781],[-82.6148603230172,29.8555350754588],[-82.6147572490714,29.855424730984],[-82.6146474977115,29.855320017818],[-82.6145377434614,29.8552153054166],[-82.6144278828309,29.8551163208415],[-82.6143447414124,29.8549948026767],[-82.6142549193716,29.8548789202943],[-82.6141650996784,29.8547630342713],[-82.6140419860085,29.8546695895197],[-82.6139321275441,29.854570602736],[-82.6138156982598,29.8544715219953],[-82.6137126265768,29.8543611766906],[-82.6136294866645,29.854239658066],[-82.6134995877835,29.8541575720287],[-82.613403088822,29.8540473203731],[-82.6132529347134,29.8539935891856],[-82.6131363980108,29.8539002366277],[-82.6129998202581,29.8538237822784],[-82.612973969331,29.8538004914628],[-82.6128760370649,29.853708043201],[-82.6125671777837,29.8534164772457],[-82.61220112065,29.8529642943858],[-82.6120912658868,29.8528653069485],[-82.6120015572508,29.8527436933126],[-82.6118785600462,29.8526445186708],[-82.6117620252159,29.8525511630622],[-82.6116321300669,29.8524690760645],[-82.6115022351667,29.8523869871334],[-82.6114057401572,29.8522767330911],[-82.6113025656198,29.8521721128742],[-82.6108719371376,29.8520054684001],[-82.6107144533362,29.8519917354759],[-82.610556643962,29.8519951833318],[-82.6103981810826,29.8520330001226],[-82.6102717010236,29.852117115443],[-82.6101259417809,29.8521780342109],[-82.6099738324973,29.8522274003248],[-82.609821719924,29.8522767680208],[-82.609682424183,29.8523435082748],[-82.6095367752767,29.852398698529],[-82.6094038311049,29.8524769883221],[-82.6093827246917,29.8524936532406],[-82.6092315703414,29.8525489810219],[-82.6090986277634,29.852627272338],[-82.6089915295222,29.852728854151],[-82.6088844341663,29.8528304359206],[-82.6087773385915,29.8529320176019],[-82.6086379311835,29.8530044846113],[-82.6084986346624,29.8530712236168],[-82.6083593358847,29.8531379624438],[-82.6082013064987,29.8531528650313],[-82.608043495125,29.853156313463],[-82.6078853566236,29.8531769426513],[-82.6077277612615,29.8531689349033],[-82.6075703861772,29.853149469423],[-82.6074310272134,29.8530995924392],[-82.607420235578,29.853095729718],[-82.6072835552381,29.8530249990995],[-82.6071331878184,29.8529827148475],[-82.6069898267839,29.8529176166881],[-82.6068322350439,29.8529096061019],[-82.6066679622748,29.8529072271669],[-82.6065105877954,29.8528877613132],[-82.6063531042334,29.8528740231533],[-82.6061950739488,29.8528889224002],[-82.6060556647012,29.8529613875594],[-82.6059099037402,29.8530222998519],[-82.6057641415486,29.8530832128687],[-82.6056247337838,29.8531556775978],[-82.6054917844831,29.8532339633962],[-82.6053782232684,29.8533297192249],[-82.6052517352412,29.8534138296548],[-82.605182430318,29.8534617705449],[-82.6051265649895,29.8535437938701],[-82.6050518816836,29.85366876002],[-82.6049837691581,29.8537938213366],[-82.6049090854502,29.8539187892072],[-82.6048540063806,29.8540497669739],[-82.604825098751,29.8541868561337],[-82.6048027651493,29.8543240405505],[-82.6047804304683,29.8544612240452],[-82.6046797896662,29.8545686263506],[-82.6045468408355,29.8546469112271],[-82.6043851505794,29.854669942557],[-82.6042242029788,29.8546766117181],[-82.6040659509186,29.8547029659567],[-82.6039202965051,29.8547581481602],[-82.6037683966768,29.8547960530631],[-82.6036162791767,29.854845412663],[-82.6034833281032,29.8549236964424],[-82.6034232635505,29.8550052142525],[-82.6033956088943,29.8550427440871],[-82.6033601299928,29.8551797367535],[-82.6033312220436,29.8553168256044],[-82.6033039258195,29.8554056930182],[-82.603289171879,29.855453722956],[-82.6032865480941,29.8555911929729],[-82.6032707810952,29.8557284714801],[-82.6032681744789,29.8558650945049],[-82.6032680489874,29.8558716693891],[-82.6032129635166,29.8560026491113],[-82.60311878228,29.8561158733994],[-82.6030590212986,29.8561796449396],[-82.6030181380582,29.8562232717099],[-82.6029369893148,29.8563424143619],[-82.6028558383071,29.8564615569327],[-82.6028485314801,29.8564962021812],[-82.6028269272542,29.8565986438279],[-82.6028111615303,29.8567359223018],[-82.6027756822363,29.8568729157133],[-82.602733630648,29.8570098128742],[-82.6026981480621,29.8571468053155],[-82.6026889542706,29.8572841809139],[-82.6026404395112,29.8574152548225],[-82.6026115289014,29.8575523425796],[-82.6025629066109,29.8576891443659],[-82.6024107830319,29.8577385034427],[-82.6022777177541,29.8578225138618],[-82.6021320567237,29.857877694951],[-82.6020120240544,29.8579676263892],[-82.601860120697,29.858005527295],[-82.6017143466275,29.8580664366532],[-82.6015500664576,29.8580640531102],[-82.6013996928358,29.858021761362],[-82.6012425291258,29.8579908343077],[-82.6010782480918,29.857988448353],[-82.6009322588004,29.858060811752],[-82.6008057609891,29.8581449178595],[-82.6006598807649,29.858211552175],[-82.6005463071027,29.8583073055551],[-82.6004456578473,29.8584147036766],[-82.600338546612,29.8585162774985],[-82.6003216518877,29.8585521394827],[-82.6002768855646,29.8586471605355],[-82.6002087636011,29.8587722202316],[-82.6002037339724,29.8587772504604],[-82.6001129186769,29.8588681369246],[-82.6001015422446,29.8588795208314],[-82.5999815065107,29.858969451303],[-82.59984208322,29.8590419070931],[-82.5997256989183,29.8590663443786],[-82.5996873354522,29.8590699789774],[-82.5995332326818,29.8590374197321],[-82.5993689499416,29.8590350325328],[-82.5992118948409,29.8589983742632],[-82.5990820027014,29.8589162730435],[-82.5990097685193,29.8588876026349],[-82.5989305491348,29.8588769032918],[-82.5988511450823,29.8588757491262],[-82.598771878042,29.8588674337157],[-82.598692566349,29.8588615068412],[-82.598613206962,29.8588579648492],[-82.5985338506681,29.8588544237563],[-82.5984544476729,29.8588532693648],[-82.5983750436448,29.8588521149102],[-82.5982957309183,29.8588461895841],[-82.5982163746623,29.8588426473965],[-82.5981369706454,29.8588414927974],[-82.5980575666303,29.85884033815],[-82.5979783017371,29.8588320231907],[-82.5978988966794,29.858830869334],[-82.5978194957801,29.8588297145873],[-82.5977400907606,29.8588285588301],[-82.5976606877953,29.8588274039569],[-82.5975812837971,29.8588262490205],[-82.5975018818703,29.8588250940659],[-82.5974222504613,29.8588358710661],[-82.5973477755518,29.858863435937],[-82.597314538289,29.8588791149419],[-82.5971625200142,29.8589227373318],[-82.5970168555315,29.8589779145402],[-82.5968647282774,29.8590272662763],[-82.5967190624931,29.8590824404316],[-82.5965732867806,29.8591433450037],[-82.5964339715015,29.8592100702045],[-82.596301006862,29.8592883466333],[-82.5962328804734,29.8594134051711],[-82.5960999164383,29.8594916814097],[-82.5959477868904,29.8595410329648],[-82.5957957700732,29.8595846556138],[-82.5956563438854,29.8596571078567],[-82.5955104548496,29.8597237381821],[-82.5954096889006,29.8598368620955],[-82.5953025709682,29.859938432687],[-82.5951825307169,29.8600283551561],[-82.5951144024135,29.8601534131061],[-82.5950351929483,29.8602757002391],[-82.5950290370853,29.8602817379567],[-82.5948885852657,29.8604194850144],[-82.5944694125187,29.8610617257109],[-82.5941029942574,29.8613384979421],[-82.5938764801927,29.861459996685],[-82.5938068285526,29.8614811235361],[-82.5937212902902,29.8615024609288],[-82.5935882136449,29.8615864634065],[-82.593436079643,29.8616358120343],[-82.5932902981904,29.8616967120364],[-82.5931509771276,29.8617634337306],[-82.5930115469724,29.8618358840622],[-82.5928850387049,29.861919981604],[-82.5927779159469,29.8620215501156],[-82.5926772534478,29.8621289449269],[-82.5925701312871,29.8622305132822],[-82.5924889641125,29.8623496475908],[-82.5923919036315,29.8626117886606],[-82.5923564058244,29.862748778266],[-82.5923569499257,29.8627677259412],[-82.5923603403681,29.862886342977],[-82.5923839875523,29.8630241951869],[-82.5923812385389,29.8631673918897],[-82.5923588847236,29.8633045731919],[-82.592310354418,29.8634356441392],[-82.5922748572044,29.863572635535],[-82.5922393588926,29.8637096251008],[-82.5921712233789,29.8638346787693],[-82.5921095492927,29.863965558832],[-82.592051141639,29.8640632528709],[-82.5920497843719,29.8640655239591],[-82.5919218041233,29.8641576213026],[-82.5918732697026,29.8642886929378],[-82.5918377726686,29.8644256815169],[-82.5917755632918,29.8645162027997],[-82.5915064092945,29.8649078530387],[-82.5915038205369,29.8649303677311],[-82.591490627649,29.8650451300954],[-82.5914485560046,29.8651820244485],[-82.5914064852965,29.8653189179001],[-82.5914104155222,29.8654564825731],[-82.5914010942858,29.8655995860635],[-82.5913263846946,29.8657245424833],[-82.5912974570773,29.8658616285889],[-82.5912423513264,29.865992603207],[-82.5912134245675,29.8661296884048],[-82.5911062934931,29.8662312554916],[-82.5909991652873,29.8663328234375],[-82.5908920368797,29.8664343903929],[-82.5907463538171,29.8664895578273],[-82.590697799765,29.8664923715962],[-82.5905884116447,29.8664987121746],[-82.5904241157501,29.8664963137271],[-82.5902598219333,29.8664939151036],[-82.5900955260545,29.8664915162434],[-82.5899312301838,29.8664891171769],[-82.5897729576448,29.8665154514282],[-82.5896210344322,29.866553340777],[-82.5894626504892,29.8665854052083],[-82.5893045958692,29.8666002840357],[-82.5891589158218,29.8666554497622],[-82.5890259364902,29.8667337205801],[-82.58887379443,29.8667830630148],[-82.5887217593069,29.8668266764613],[-82.5885634858578,29.8668530119548],[-82.5884053204836,29.866873617559],[-82.588253396202,29.8669115053186],[-82.5880958929766,29.8668977433838],[-82.5879386091495,29.8668725282242],[-82.5878174946178,29.86683609215],[-82.5877592290703,29.8667894063707],[-82.5876891751468,29.8667575856102],[-82.5876135163021,29.8667381505628],[-82.5875479404355,29.8667096849073],[-82.5874745307902,29.8666813961133],[-82.5873967517082,29.8666666506643],[-82.5873179589582,29.8666619191828],[-82.5872401268541,29.8666500376023],[-82.5871677650082,29.8666206180614],[-82.5870034700122,29.866618216235],[-82.5868460766734,29.8665987249176],[-82.5866875815047,29.8666365120471],[-82.5866194359454,29.8667615636886],[-82.5865773579163,29.8668984555738],[-82.5865812835719,29.8670360213109],[-82.5866374023468,29.8671651409613],[-82.586656051943,29.8672502993221],[-82.5866620838697,29.8672778430198],[-82.5867186937432,29.8674104490033],[-82.5867753037505,29.8675430558634],[-82.5868253441446,29.867675564802],[-82.5869218268155,29.8677858377784],[-82.5869915800774,29.8679186349566],[-82.5870880621338,29.8680289077937],[-82.5871579291605,29.8681559770648],[-82.58727303932,29.8682770788371],[-82.5874111802537,29.8684224069065],[-82.5875445281351,29.8685626940881],[-82.5876610590059,29.8686560702817],[-82.5877709079744,29.8687550754525],[-82.5879397944166,29.8688606757082],[-82.5880628989802,29.8689541485253],[-82.5881726363815,29.8690588820913],[-82.5882824883576,29.8691578877624],[-82.5884259696555,29.8692172820931],[-82.5885557573368,29.8693051199172],[-82.5886856554283,29.8693872297494],[-82.5888021872859,29.8694806058086],[-82.5889053550683,29.8695852436505],[-82.5890352548497,29.8696673531491],[-82.5891317419068,29.8697776244821],[-82.5892214358773,29.8698992527466],[-82.5893045600763,29.8700207867855],[-82.5893876834437,29.8701423207555],[-82.5894642350065,29.8702637568783],[-82.5896936705008,29.8706395243068],[-82.5896935614118,29.8706452521852],[-82.5897501762315,29.8707778559123],[-82.5897843374077,29.8709060407856],[-82.5898060224136,29.8709505564906],[-82.5898313197373,29.8710024902448],[-82.5898566180877,29.871054425813],[-82.5898752331998,29.8711119941575],[-82.5899071016509,29.8711640247521],[-82.5899324000993,29.8712159594032],[-82.5899444421583,29.8712734308538],[-82.5899630563966,29.8713309955619],[-82.5899685294574,29.8713883719926],[-82.5899938269602,29.8714403066159],[-82.5899927248672,29.8714975843306],[-82.5900047690651,29.8715550558049],[-82.5900168112069,29.8716125272477],[-82.5900157091254,29.871669804962],[-82.5900080312118,29.8716908260298],[-82.5899948916409,29.8717267957058],[-82.5899779863304,29.871745770109],[-82.5899545779224,29.8717720428266],[-82.5899078031694,29.8718114661197],[-82.5898545653297,29.8718450646462],[-82.5898077894329,29.8718844896924],[-82.5897610135511,29.8719239120156],[-82.5897142355448,29.8719633351938],[-82.5896607793564,29.8720083902988],[-82.5896187032779,29.8721452840202],[-82.5895963425768,29.8722824656621],[-82.5895739839012,29.8724196464272],[-82.5895779118708,29.8725572110953],[-82.5896068369799,29.8726053288937],[-82.5921454756336,29.8725385550385],[-82.5925156381682,29.8875527027598],[-82.5799360891082,29.8876939774777],[-82.5799277802718,29.8949837406608],[-82.5757777723331,29.8950420755551],[-82.5758410772359,29.9021208541112],[-82.5755004629245,29.913120804405],[-82.5755627208139,29.913110194261],[-82.575628468436,29.9131111602044],[-82.5756942201835,29.9131121270776],[-82.5757596903369,29.9131274143461],[-82.5758194047527,29.9131569388128],[-82.5758793040744,29.9131769207694],[-82.5759447753869,29.9131922052543],[-82.5760045844054,29.9132169579744],[-82.5760644817822,29.9132369371097],[-82.5761301401149,29.9132426772453],[-82.5762010908989,29.9132580430583],[-82.5762553260982,29.9132874876762],[-82.5763207985419,29.9133027737921],[-82.5763750338011,29.9133322183605],[-82.5764349333927,29.9133521973565],[-82.5765004069421,29.9133674833977],[-82.5765603055623,29.9133874614191],[-82.5766202062599,29.9134074403454],[-82.5766744437358,29.9134368848198],[-82.5767342499773,29.9134616371604],[-82.5767940573015,29.9134863885867],[-82.5768539570529,29.9135063682928],[-82.5769193373212,29.913526426704],[-82.5769792361215,29.9135464045334],[-82.5769998749334,29.9135594461753],[-82.5770333823739,29.913580623273],[-82.5770988520417,29.9135959080517],[-82.577158661591,29.9136206602437],[-82.57722422579,29.9136311714929],[-82.5772896954681,29.9136464588822],[-82.577349598557,29.9136664366027],[-82.5774150704009,29.9136817212536],[-82.5774288875233,29.9136849477794],[-82.5774805433003,29.9136970058869],[-82.5775461999481,29.9137027452814],[-82.5775786806026,29.9137287668219],[-82.5775947726136,29.9137416549561],[-82.5776566704505,29.913751580686],[-82.5776603358509,29.9137521686776],[-82.5777259011728,29.9137626823967],[-82.5777916513186,29.9137636472837],[-82.5778515525082,29.913783624744],[-82.5779172071813,29.9137893630199],[-82.5779771083593,29.9138093431286],[-82.5780313444211,29.9138387852054],[-82.5780970946028,29.913839750841],[-82.5781569958997,29.9138597281613],[-82.5782227429902,29.9138606936882],[-82.5782884942237,29.9138616592429],[-82.5783542433876,29.9138626247341],[-82.5784199915174,29.9138635901771],[-82.5784857417193,29.9138645556174],[-82.5785514908696,29.9138655219116],[-82.5786172390206,29.9138664863535],[-82.5786829892264,29.9138674516948],[-82.5787428895875,29.9138874305357],[-82.57879146383,29.9139263406829],[-82.5788569371026,29.9139416246274],[-82.578922317009,29.9139616829242],[-82.5789822185455,29.9139816598666],[-82.579036452876,29.9140111042021],[-82.5791019272775,29.9140263880391],[-82.5791618278188,29.914046366688],[-82.579210308983,29.9140900483585],[-82.5792533096791,29.9141336504742],[-82.5792907417257,29.9141819465997],[-82.5793393153264,29.9142208547234],[-82.5793823182066,29.9142644568267],[-82.579397647872,29.9143219782433],[-82.5794295985701,29.9143701911742],[-82.5794615523707,29.9144184059468],[-82.5794824518187,29.9144712342387],[-82.5794868247201,29.9145285930417],[-82.5794857171429,29.9145858696112],[-82.5795010458824,29.9146433909991],[-82.5795054188196,29.9147007488987],[-82.5795043112163,29.9147580272717],[-82.5794922435502,29.9148151466065],[-82.5794638328581,29.9148672476356],[-82.5794083968921,29.9148998571379],[-82.5793530511499,29.914927692186],[-82.5792924094536,29.9149459006791],[-82.5792422662006,29.9149881365966],[-82.5791922142084,29.9150255980795],[-82.5791368683531,29.915053432134],[-82.5790975927107,29.9151006023655],[-82.5790475406247,29.9151380628908],[-82.578997490537,29.9151755252312],[-82.5789473470427,29.9152177610351],[-82.5789135477114,29.9152650088955],[-82.578868883676,29.9153073242048],[-82.5788404724638,29.9153594278027],[-82.578806675052,29.9154066783715],[-82.5787726909057,29.9154634731903],[-82.57874427751,29.9155155776383],[-82.5786995209966,29.9155626636805],[-82.5786874538053,29.9156197829528],[-82.5786427894966,29.9156620990858],[-82.5785873507815,29.9156947064039],[-82.578531913048,29.9157273146156],[-82.5784872486421,29.9157696297931],[-82.5784319011217,29.9157974644347],[-82.578376556694,29.9158252981963],[-82.57831573056,29.9158530541473],[-82.5782603829799,29.915880886912],[-82.5782007670518,29.9158996766029],[-82.5781445806447,29.9159173842728],[-82.578083940211,29.915935591333],[-82.5780340730783,29.9159635062936],[-82.5779840201215,29.9160009682137],[-82.5779339692152,29.9160384292429],[-82.5778732352477,29.916061409687],[-82.577807393297,29.9160652165642],[-82.5777415492354,29.9160690251819],[-82.5776914971679,29.9161064861031],[-82.5776254693495,29.9161198398669],[-82.5775701224453,29.9161476732563],[-82.5775040945657,29.9161610278609],[-82.5774594305623,29.9162033427015],[-82.5774040835651,29.9162311760206],[-82.5773487354665,29.9162590111051],[-82.5772880936254,29.9162772186828],[-82.5772220656217,29.9162905731449],[-82.5771614247735,29.9163087806792],[-82.5770954881722,29.9163173588599],[-82.5770297373956,29.9163163927366],[-82.5769639876556,29.9163154265953],[-82.5768982348107,29.9163144603754],[-82.5768375938886,29.9163326677596],[-82.576782247663,29.9163605017327],[-82.5767216046206,29.9163787090327],[-82.5766995024525,29.9163879339193],[-82.5766335678122,29.9163965127997],[-82.5765782214764,29.9164243475884],[-82.576512193297,29.9164377007902],[-82.5764568448508,29.9164655345951],[-82.5763908186811,29.916478888668],[-82.5763301744942,29.9164970939672],[-82.5762748280173,29.9165249286274],[-82.5762140943865,29.916547909218],[-82.5761534521609,29.9165661162697],[-82.5760981045781,29.9165939499378],[-82.5760534377102,29.9166362642668],[-82.5759927985076,29.9166544712895],[-82.5759267680431,29.9166678232633],[-82.5758607406671,29.9166811752494],[-82.575800098278,29.9166993830392],[-82.5757554322537,29.9167416981834],[-82.5756946973697,29.9167646767132],[-82.5756286677923,29.9167780303557],[-82.5755733230506,29.9168058638471],[-82.5755125870323,29.9168288431792],[-82.5754572391059,29.9168566774777],[-82.5754125718469,29.9168989915871],[-82.5753679055852,29.9169413056963],[-82.5753072639998,29.9169595123706],[-82.5752465288439,29.9169824924962],[-82.5751910893123,29.9170150983876],[-82.5751357412096,29.9170429316478],[-82.5750751005725,29.9170611373276],[-82.575025045964,29.9170985972109],[-82.5749696977508,29.9171264313027],[-82.5749089624322,29.9171494103693],[-82.5748535206257,29.9171820160869],[-82.5748034679086,29.9172194777197],[-82.5747481196008,29.9172473099134],[-82.5746821831336,29.9172558905011],[-82.5746321282787,29.9172933502336],[-82.5745660067316,29.9173114750448],[-82.574510659324,29.9173393080552],[-82.574449924787,29.9173622878257],[-82.5743892827764,29.917380494074],[-82.5743391352089,29.917422726286],[-82.574278493141,29.917440932483],[-82.5742177584881,29.9174639121455],[-82.5741571153374,29.917482118271],[-82.5740964731999,29.9175003243835],[-82.5740411245375,29.9175281562777],[-82.5739804823507,29.9175463623365],[-82.5739198380707,29.9175645683366],[-82.5738536256861,29.9175874672134],[-82.5737982768721,29.9176153008088],[-82.5737375399831,29.9176382775116],[-82.5736821931967,29.9176661101863],[-82.5736164394896,29.9176651423177],[-82.5735609979714,29.9176977493058],[-82.5734949695927,29.9177111000973],[-82.5734292168755,29.917710133052],[-82.5733736837376,29.9177475116648],[-82.5733077468546,29.9177560897557],[-82.5732418078891,29.9177646677828],[-82.5731757804236,29.9177780202326],[-82.5731100276827,29.9177770521249],[-82.5730442759611,29.9177760849014],[-82.5729784316707,29.9177798884315],[-82.5729177881174,29.9177980930803],[-82.5728571465777,29.9178162995354],[-82.5727911159372,29.9178296508433],[-82.5727304723192,29.9178478554052],[-82.5726698286614,29.917866060841],[-82.572614479378,29.9178938930332],[-82.5725591311165,29.9179217243151],[-82.5724932866759,29.9179255294051],[-82.5724326429272,29.9179437347309],[-82.572371905469,29.9179667135055],[-82.5723110794871,29.917994464903],[-82.5722557289786,29.91802229783],[-82.5722003784916,29.9180501280274],[-82.5721450320629,29.9180779609684],[-82.5720896824968,29.9181057938402],[-82.5720395335678,29.9181480260707],[-82.5719841839681,29.9181758570937],[-82.5719341286675,29.918213315807],[-82.5718948473371,29.9182604829484],[-82.5718342022387,29.9182786879812],[-82.5717684523034,29.9182777183433],[-82.5717026982099,29.9182767495134],[-82.5716369472242,29.9182757806962],[-82.5715711941513,29.9182748127174],[-82.5715054411147,29.9182738429016],[-82.5714396890798,29.9182728748721],[-82.5713741245175,29.9182623598573],[-82.5713084631413,29.9182566173378],[-82.571242990257,29.9182413296527],[-82.5711831793925,29.9182138552986],[-82.5711351822167,29.9181777533095],[-82.5710916071394,29.9181340579401],[-82.5710373698064,29.9181046102758],[-82.5709999423484,29.9180563127369],[-82.5709514628766,29.9180126271362],[-82.5709182837368,29.9179455291585],[-82.5708301676127,29.9177673358438],[-82.5707871680058,29.9177237309575],[-82.5707552183532,29.9176755158986],[-82.5707232708377,29.9176272990582],[-82.5706746989815,29.9175883859427],[-82.5705717964967,29.9175247993285],[-82.5705175596331,29.9174953523495],[-82.5704576566448,29.917475371523],[-82.5704035157295,29.9174411492473],[-82.5703492789264,29.9174117040024],[-82.5702837130121,29.917401186606],[-82.5702179605489,29.9174002170454],[-82.5701522101404,29.9173992483843],[-82.5700915642306,29.9174174516934],[-82.5700260003405,29.9174069378066],[-82.5699652626713,29.9174299145633],[-82.5698994184924,29.9174337165446],[-82.5698336670645,29.9174327459042],[-82.5697730241646,29.9174509500135],[-82.5697069954059,29.9174643006984],[-82.5696409656115,29.9174776504326],[-82.5695752120685,29.9174766805338],[-82.5695094605802,29.9174757115345],[-82.5694436183894,29.917479515121],[-82.569377679309,29.9174880893975],[-82.569311928868,29.9174871194123],[-82.5692461763574,29.9174861493634],[-82.5691804248836,29.9174851792968],[-82.5691146744289,29.9174842101145],[-82.5690489229577,29.9174832399818],[-82.5689831694167,29.9174822697856],[-82.5689175107479,29.9174765269989],[-82.5688519469959,29.9174660098179],[-82.5687864708865,29.9174507199399],[-82.5687208143384,29.917444976183],[-82.5685949157313,29.917369814356],[-82.5685424775108,29.9173385073302],[-82.5684174074874,29.9172638393735],[-82.5683575999762,29.9172390841264],[-82.5682976965591,29.9172191013936],[-82.5682434615545,29.9171896543888],[-82.5681777113223,29.9171886838337],[-82.5681119600557,29.9171877132303],[-82.5680462077376,29.9171867434807],[-82.5679804564912,29.9171857719091],[-82.5679143348375,29.9172038933753],[-82.5678588917399,29.917236496145],[-82.5678088343039,29.91727395417],[-82.5677750299749,29.9173212009657],[-82.5677302673777,29.9173682868582],[-82.5676854119316,29.9174201426161],[-82.5676624728456,29.9174723246715],[-82.5676395337004,29.9175245085266],[-82.5676126901726,29.9175943428543],[-82.5675756362374,29.9176396323951],[-82.56755161908,29.9176908429995],[-82.5675276050042,29.9177420536451],[-82.5674970694124,29.9177903023479],[-82.5674697635404,29.9178414652769],[-82.5674457483505,29.9178926758916],[-82.5674152126375,29.9179409263788],[-82.5673846779302,29.917989176874],[-82.5673443898497,29.9180315520513],[-82.5673137972757,29.9180826664117],[-82.567270223604,29.9181249930454],[-82.5672396877693,29.9181732416867],[-82.5671993437802,29.9182184825355],[-82.5671461291236,29.9182492077993],[-82.5671024984971,29.918294400078],[-82.5670757246718,29.9183154418851],[-82.5670524051644,29.9183337665149],[-82.5670023664994,29.9183702690048],[-82.566949149612,29.9184009950596],[-82.5668895267754,29.9184230331647],[-82.566839488023,29.91845953469],[-82.5667768562677,29.9184672046183],[-82.5667268732024,29.918500842188],[-82.5666897627733,29.9185489953872],[-82.5666559368286,29.9185971961955],[-82.5666318663008,29.9186512714876],[-82.5665980413286,29.9186994722958],[-82.5665673934624,29.9187534495048],[-82.5665466073933,29.9188075715004],[-82.5665030320236,29.918849898763],[-82.5664692100101,29.9188981004851],[-82.5664484248752,29.9189522233817],[-82.5664244068368,29.9190034328721],[-82.566387350781,29.9190487229584],[-82.5663633337233,29.9190999324524],[-82.5663262776212,29.919145221619],[-82.5663054934097,29.9191993436053],[-82.5663010894601,29.9192565741569],[-82.5662770712545,29.919307784521],[-82.5662628612154,29.9193620036385],[-82.5662355553286,29.9194131654172],[-82.5662081967364,29.9194671920498],[-82.566184178432,29.9195184023961],[-82.5661732559182,29.9195726718864],[-82.566172139554,29.9196299492076],[-82.5661710252245,29.9196872283633],[-82.5661699088402,29.919744506586],[-82.5661918638522,29.9197992600817],[-82.5662171602166,29.9198511991117],[-82.5662160458929,29.9199084791687],[-82.5662380567147,29.9199603696462],[-82.5662799597351,29.9200039607343],[-82.5663086006718,29.9200530835241],[-82.5663206907452,29.9201076930412],[-82.5663162899231,29.9201649209292],[-82.5663349553222,29.9202196284985],[-82.5663404143735,29.9202770029694],[-82.5663525065801,29.9203316116111],[-82.5663944077364,29.9203752026307],[-82.5664296820249,29.9204215577575],[-82.5664782732018,29.9204595190205],[-82.5665235179324,29.9205002928544],[-82.5665388979057,29.9205549518529],[-82.5665380232102,29.920599826405],[-82.5665377827593,29.9206122300903],[-82.5665333799163,29.9206694606588],[-82.5665224027619,29.9207265931985],[-82.5664821142386,29.9207689681168],[-82.5664580389653,29.9208230424047],[-82.5664473536376,29.9208334231561],[-82.566414462656,29.9208653705332],[-82.5663548940368,29.9208845417727],[-82.5662922070036,29.920895076312],[-82.5662566698948,29.9208976406371],[-82.566226339733,29.9208998307504],[-82.5661721427068,29.9208890525312],[-82.5661640967344,29.9208874548063],[-82.5661188499568,29.9208466781127],[-82.5660802343336,29.9208031355579],[-82.5660449621612,29.9207567794669],[-82.5660163211695,29.9207076557201],[-82.5659777603657,29.9206612501096],[-82.565932514768,29.9206204751702],[-82.5658939003499,29.920576932575],[-82.5658351116014,29.9205560115067],[-82.5657831771365,29.9205208671314],[-82.5657244452959,29.920497080313],[-82.5656690569191,29.9204704790512],[-82.5656068700957,29.9204552362243],[-82.5655322213367,29.9204197560129],[-82.565333160656,29.9203251419431],[-82.5652710287335,29.9203070350298],[-82.5652156406017,29.9202804326736],[-82.5651533971344,29.920268053527],[-82.5650946655766,29.9202442673277],[-82.565032369453,29.9202347520807],[-82.5649634401608,29.9202280025629],[-82.5648977974694,29.9202213034092],[-82.5648355561674,29.9202089232399],[-82.5647728105026,29.9202223200153],[-82.5647067224015,29.9202385311686],[-82.5646663774903,29.9202837694407],[-82.5646325520087,29.9203319715543],[-82.5645856864343,29.9203742504419],[-82.5645551496395,29.9204224984638],[-82.564514748769,29.9204706005996],[-82.5644939611868,29.9205247240661],[-82.5644439204601,29.9205612264736],[-82.5643938807496,29.9205977279753],[-82.5643406070942,29.9206313159885],[-82.5643002618215,29.9206765559504],[-82.5642501651588,29.9207159203903],[-82.5641905392805,29.9207379581486],[-82.5641404983875,29.9207744577335],[-82.5640905142686,29.9208080961098],[-82.5640435934625,29.9208532378258],[-82.5640065335776,29.9208985262988],[-82.5639857466995,29.9209526478941],[-82.5639846300587,29.9210099270099],[-82.5640032954206,29.9210646322174],[-82.5640485424644,29.921105409657],[-82.5640816998146,29.9211189272391],[-82.5641163568249,29.9211694360818],[-82.5641482836517,29.92121860976],[-82.564196928136,29.9212537061222],[-82.5642455736726,29.9212888033836],[-82.5642941634914,29.9213267609295],[-82.5643394128451,29.9213675382984],[-82.5643880026855,29.9214054985153],[-82.5644266178362,29.9214490397633],[-82.5644652330032,29.9214925819018],[-82.5645038471686,29.9215361240134],[-82.5645424634388,29.9215796661441],[-82.5645446337677,29.9216369947693],[-82.564543517459,29.9216942729848],[-82.5645424001488,29.9217515493808],[-82.5645379981589,29.9218087808098],[-82.564513978427,29.9218599908403],[-82.5644949080452,29.9218871624576],[-82.5644801513518,29.9219081901873],[-82.5644365758121,29.9219505167824],[-82.5643929960932,29.9219928433016],[-82.564362457654,29.9220410921593],[-82.5643124161149,29.9220775945123],[-82.5642623745566,29.9221140959441],[-82.5642027489123,29.9221361319169],[-82.5641399461348,29.9221523913954],[-82.5640803772698,29.9221715652211],[-82.5640176313515,29.9221849589418],[-82.5639548285129,29.9222012183314],[-82.5639212264818,29.9222120331257],[-82.5638952585649,29.9222203911556],[-82.5638229295716,29.9222193220412],[-82.5637570623401,29.9222240752517],[-82.5636943142388,29.9222374705907],[-82.5636285617624,29.922236496864],[-82.5635629736952,29.9222269322296],[-82.5635008429767,29.9222088245091],[-82.5634622837481,29.9221624208844],[-82.5634171481598,29.9221159154251],[-82.563414977383,29.9220585894741],[-82.5634128066614,29.9220012608168],[-82.5634139225902,29.9219439825968],[-82.5634248468373,29.9218897151508],[-82.5634355852215,29.9218363733989],[-82.56343577109,29.9218354468016],[-82.563453272828,29.9217812757781],[-82.5634641970885,29.921727005622],[-82.5634849844128,29.9216728841128],[-82.5634861003137,29.9216156049888],[-82.5634872182493,29.9215583276993],[-82.5634718387293,29.9215036701352],[-82.5634165072602,29.9214742049292],[-82.5633542643221,29.9214618240415],[-82.5632885102915,29.9214608501132],[-82.5632195233603,29.9214569644745],[-82.5631537703345,29.9214559922979],[-82.5630880711139,29.9214521552454],[-82.5630223729515,29.9214483172732],[-82.5629566189155,29.9214473440803],[-82.5628909196906,29.9214435078308],[-82.5628286230436,29.9214339906339],[-82.5627628658949,29.9214330181996],[-82.562697112907,29.9214320448916],[-82.5626313040676,29.9214339345585],[-82.5625686142394,29.9214444663813],[-82.5625088768909,29.9214722285015],[-82.5624428434469,29.9214855755022],[-82.5623960322909,29.92152498879],[-82.5623491662371,29.9215672668882],[-82.562299179059,29.9216009036456],[-82.5622523709158,29.9216403160257],[-82.5622185417472,29.9216885165777],[-82.5621588250417,29.921707458163],[-82.5621109914454,29.9217448486406],[-82.5620532965728,29.9217703715672],[-82.5620021567403,29.9218047842493],[-82.5619444628228,29.9218303080452],[-82.5618966280159,29.9218677002328],[-82.5618389891424,29.9218902941944],[-82.5617748544901,29.9219010659065],[-82.5617171594228,29.9219265895867],[-82.5616660204289,29.9219610021523],[-82.561608325334,29.9219865239804],[-82.5615506873792,29.9220091169282],[-82.5614930473094,29.9220317107219],[-82.5614290269099,29.9220366227509],[-82.5613648899949,29.9220473969373],[-82.561300924685,29.9220493800182],[-82.5612369583371,29.9220513630526],[-82.5611729930221,29.9220533460709],[-82.5611153559297,29.9220759406463],[-82.5610512772455,29.9220837822317],[-82.5609935798152,29.9221093055619],[-82.5609390792318,29.9221436680439],[-82.5609011632443,29.9221899995466],[-82.5608632482746,29.9222363301515],[-82.560822028176,29.922279682072],[-82.5607874764391,29.9223260633907],[-82.5607629012363,29.9223784546375],[-82.5607216810701,29.922421804722],[-82.5607172306102,29.9224774256676],[-82.5607127770388,29.9225330465667],[-82.5607522839764,29.9225775919272],[-82.5608020504498,29.9226135001864],[-82.5608517607865,29.9226523381982],[-82.560898108881,29.9226911254722],[-82.5609478734283,29.9227270318409],[-82.5610080181818,29.9227484389585],[-82.5610750061094,29.9227640862217],[-82.5611387409961,29.9227738231483],[-82.5612025341464,29.9227806294008],[-82.5612664427331,29.9227815761246],[-82.5613303513211,29.9227825228171],[-82.5613912387092,29.9227658402024],[-82.5614324587611,29.9227224881042],[-82.5614406906175,29.9227160531711],[-82.5614802931366,29.9226850951714],[-82.5615411825109,29.9226684125174],[-82.5615988208329,29.922645820477],[-82.5616597070567,29.9226291377218],[-82.561710849521,29.9225947243044],[-82.5617749857164,29.9225839499336],[-82.5618388921111,29.9225848963472],[-82.5619028015958,29.9225858436776],[-82.5619630015916,29.9226043196671],[-82.5620059275019,29.9226459873723],[-82.5620591160054,29.9226790152155],[-82.562102043059,29.9227206811002],[-82.5621483896027,29.9227594679006],[-82.5621878941325,29.922804014585],[-82.5622002643207,29.9228598828154],[-82.5621991780292,29.9229155527061],[-82.5621980906833,29.9229712234833],[-82.5621702109768,29.9230206327453],[-82.56211986728,29.9230449499337],[-82.5620648525674,29.9230747604901],[-82.5620236306096,29.9231181109515],[-82.5619791044762,29.9231584836735],[-82.5619312700781,29.9231958758852],[-82.5618834376799,29.923233269914],[-82.561822490872,29.923252880679],[-82.5617681022224,29.9232813848613],[-82.5617039084276,29.9232950871807],[-82.5616527666533,29.9233294997069],[-82.5616115464457,29.9233728518724],[-82.5615670179596,29.9234132244227],[-82.5615158209767,29.9234505657801],[-82.5614679851927,29.9234879596104],[-82.5614267659094,29.9235313099284],[-82.561388096389,29.9235573291235],[-82.5613710223071,29.9235771032076],[-82.5613582902295,29.9235918437276],[-82.561333717068,29.9236442360091],[-82.5613158114039,29.9236996549485],[-82.5612745909131,29.9237430061046],[-82.5612553701901,29.9237930415045],[-82.5612533217736,29.9237983779184],[-82.5612320516101,29.9238537479092],[-82.5612041149594,29.9239060894396],[-82.5611689529702,29.9239430681878],[-82.5611628912453,29.9239494396119],[-82.5611590411466,29.92396413304],[-82.5611483518809,29.9240049102023],[-82.5611371717036,29.9240604323596],[-82.5611293580733,29.92411600078],[-82.5611282711502,29.9241716715584],[-82.561127184261,29.9242273405325],[-82.5611260973706,29.9242830095063],[-82.5611182836814,29.9243385797291],[-82.5611037442528,29.9243940494109],[-82.5610958712692,29.9244525493572],[-82.561088057532,29.9245081204794],[-82.5610700953902,29.9245664700547],[-82.5610622223731,29.9246249699982],[-82.5610488509727,29.9246780154098],[-82.5610388122706,29.9247325763976],[-82.5610198048398,29.9247870036105],[-82.5610007974235,29.9248414290163],[-82.5609728984869,29.9248918185255],[-82.560936104001,29.9249381657569],[-82.5609037170563,29.924988486052],[-82.5608758149578,29.9250388736898],[-82.5608479159375,29.9250892613676],[-82.5608199385136,29.9251435565521],[-82.5607699170011,29.9251779835408],[-82.5607330480601,29.9252282391904],[-82.560687436125,29.9252666392579],[-82.5606416704786,29.925312855283],[-82.5606048756646,29.9253592033218],[-82.5605680045194,29.9254094579915],[-82.5605356192703,29.9254597800284],[-82.5605077158347,29.9255101666686],[-82.5604620283822,29.9255524751174],[-82.5604252333955,29.9255988231047],[-82.5603884383746,29.9256451710816],[-82.560342827115,29.9256835728471],[-82.5603016223687,29.9257259476756],[-82.5602604186404,29.9257683216043],[-82.5602103986551,29.9258027502122],[-82.5601514056464,29.92583704671],[-82.5601057178917,29.9258793550333],[-82.5600601064153,29.9259177566995],[-82.5600012669962,29.9259442380587],[-82.5599512457616,29.9259786683558],[-82.5599056342327,29.9260170672618],[-82.559855612946,29.9260514966202],[-82.559801105681,29.9260858576544],[-82.559751086412,29.9261202861012],[-82.5597054736347,29.9261586885299],[-82.5596510415568,29.9261891428452],[-82.5595878726623,29.9262077460959],[-82.5595288812692,29.9262420423428],[-82.5594876770146,29.9262844151245],[-82.5594420640601,29.9263228174608],[-82.559392043547,29.9263572439504],[-82.5593420218932,29.9263916740136],[-82.5592919981865,29.9264261013207],[-82.5592330839648,29.9264564899066],[-82.5591786515613,29.9264869449268],[-82.5591196619497,29.9265212401172],[-82.5590607476012,29.9265516295273],[-82.5589976516535,29.9265663240023],[-82.5589344039636,29.9265888335466],[-82.5588712326624,29.9266074337141],[-82.5588168021363,29.9266378886142],[-82.5587579619414,29.926664370315],[-82.5586947915417,29.9266829731187],[-82.5586403619556,29.9267134279606],[-82.5585769603561,29.9267437478903],[-82.5585137888189,29.9267623514931],[-82.5584593591162,29.9267928071616],[-82.5584093369726,29.9268272341611],[-82.5583504212249,29.9268576214313],[-82.5583004000464,29.9268920484043],[-82.5582414831561,29.9269224374141],[-82.5581782350857,29.9269449456904],[-82.5581193181442,29.926975333743],[-82.5580648118427,29.9270096940823],[-82.5580060476258,29.9270322688048],[-82.5579428025387,29.9270547770132],[-82.5578796296845,29.9270733784902],[-82.5578208664234,29.9270959531448],[-82.5577621020824,29.9271185286596],[-82.5576991615111,29.9271254092756],[-82.5576359131708,29.9271479181914],[-82.557577073412,29.9271743984736],[-82.557518232551,29.927200880518],[-82.5574545456915,29.9272067754793],[-82.5573964499795,29.9272342420889],[-82.5573552454038,29.9272766160154],[-82.5573007365837,29.9273109769071],[-82.5572463051727,29.9273414320544],[-82.55720069299,29.9273798309311],[-82.5571550776301,29.9274182315498],[-82.5571182814268,29.9274645795181],[-82.557068180973,29.9275029144307],[-82.5570137494209,29.9275333676769],[-82.5569637274387,29.9275677941372],[-82.5569137022975,29.9276022214343],[-82.5568592706259,29.9276326755179],[-82.5568048420099,29.927663130527],[-82.5567460760845,29.9276857046674],[-82.5566829821805,29.9277003980714],[-82.556619809733,29.9277189980528],[-82.5565608928734,29.9277493863194],[-82.5565019739066,29.9277797745288],[-82.5564387259492,29.9278022810763],[-82.5563712966921,29.9278090962104],[-82.5563082026543,29.9278237894337],[-82.5562451065091,29.9278384834979],[-82.5561820857985,29.927849269976],[-82.5561189141627,29.9278678715348],[-82.5560558189441,29.927882568229],[-82.5559926452452,29.92790116699],[-82.5559337291389,29.9279315540873],[-82.5558749638921,29.9279541278514],[-82.5558117156639,29.9279766349977],[-82.5557572824312,29.9280070877048],[-82.5556897020957,29.9280217148921],[-82.5556352708544,29.9280521684813],[-82.5555808375086,29.9280826220169],[-82.5555220741633,29.928105195653],[-82.5554589002053,29.9281237950581],[-82.5554132848481,29.9281621959849],[-82.555358777959,29.9281965570136],[-82.5552999338651,29.9282230362239],[-82.5552455013584,29.928253489635],[-82.5551910708541,29.9282839448582],[-82.5551365618032,29.9283183030572],[-82.5550821291941,29.9283487564002],[-82.5550409231686,29.9283911295944],[-82.5549908979994,29.9284255552677],[-82.5549408727601,29.9284599827258],[-82.5548995901059,29.9285062625124],[-82.5548408274084,29.9285288349554],[-82.5547819839798,29.9285553157515],[-82.5547188116679,29.9285739148295],[-82.5546556361727,29.9285925165368],[-82.5545926923632,29.9285993965295],[-82.5545254176186,29.9285983956651],[-82.5544624727431,29.9286052764818],[-82.5543994534411,29.9286160612298],[-82.5543321010894,29.9286189677896],[-82.5542648252986,29.9286179667758],[-82.5541974739419,29.9286208750858],[-82.5541301971156,29.9286198739875],[-82.5540629223441,29.9286188737874],[-82.5539956465385,29.9286178735374],[-82.5539283717521,29.9286168741702],[-82.5538610969847,29.9286158738664],[-82.5537938180763,29.9286148734665],[-82.5537265433116,29.9286138730935],[-82.553659345137,29.9286089651476],[-82.5535921469336,29.9286040589712],[-82.5535248701072,29.9286030584638],[-82.5534575932997,29.9286020570198],[-82.5533814250064,29.928597017329],[-82.5533141492047,29.9285960176307],[-82.5532510532145,29.9286107075601],[-82.5531881082606,29.9286175868619],[-82.5531250132029,29.9286322803539],[-82.5530577363797,29.9286312787044],[-82.5529904595225,29.9286302788244],[-82.5529231847731,29.9286292771365],[-82.552851422883,29.9286282095617],[-82.5527884799614,29.9286350887022],[-82.5527212051932,29.9286340878125],[-82.5526581069669,29.9286487801312],[-82.5525950884062,29.9286595676339],[-82.5525321433759,29.9286664466203],[-82.552464868589,29.928665445599],[-82.5523975917323,29.9286644445122],[-82.5523346487563,29.9286713234344],[-82.5522715504492,29.9286860155667],[-82.5522042746161,29.928685014396],[-82.5521369987843,29.9286840131907],[-82.5520697229362,29.9286830128528],[-82.5520024481428,29.9286820115938],[-82.5519351733683,29.9286810093982],[-82.5518678198826,29.9286839137725],[-82.5517959823732,29.9286867513678],[-82.5517330383059,29.9286936299853],[-82.5516699398955,29.9287083218275],[-82.5516025894371,29.9287112288177],[-82.551539644323,29.9287181064248],[-82.5514808786477,29.9287406782301],[-82.5514179345066,29.9287475575981],[-82.5513505830494,29.9287504608351],[-82.5512833082175,29.9287494592064],[-82.5512160312982,29.9287484584145],[-82.5511487554511,29.9287474557992],[-82.5510814795877,29.9287464540514],[-82.5510224561899,29.9287455751556],[-82.5510142047612,29.9287454522845],[-82.5509517206684,29.9287288907172],[-82.5508891609343,29.9287162366723],[-82.5508267525453,29.9286957674931],[-82.55079902817,29.9286841185099],[-82.5507883596733,29.9286796349977],[-82.5507689079567,29.9286714602794],[-82.5507485084224,29.9286594331411],[-82.5505648952134,29.9285511893927],[-82.5505560785206,29.928543241617],[-82.5503234343662,29.9282818630132],[-82.5503177016001,29.9282220475445],[-82.5499746019743,29.9275141615045],[-82.5499537539749,29.9274596319392],[-82.5499324029984,29.9274046058399],[-82.5498974446819,29.9273571916454],[-82.5498760938118,29.9273021628303],[-82.549854741859,29.9272471376041],[-82.5498333920363,29.9271921106011],[-82.5498074794964,29.9271409233856],[-82.549790689373,29.9270820556355],[-82.5497783095439,29.9270271640836],[-82.5497569587931,29.9269721361497],[-82.5497265613757,29.9269208820875],[-82.5497007246515,29.9268657881997],[-82.5496704060757,29.9268106284222],[-82.54963544604,29.9267632132227],[-82.5496050487493,29.9267119591313],[-82.5495700908329,29.9266645448468],[-82.5495352075928,29.9266132247893],[-82.5494957627331,29.9265657427142],[-82.5494608816195,29.9265144235695],[-82.5494214378878,29.9264669405851],[-82.5493682312989,29.9264348862891],[-82.5493195885236,29.9263989913106],[-82.5492696008327,29.9263529932794],[-82.5491080736731,29.9262043566265],[-82.5490595057838,29.9261645548853],[-82.5490154249068,29.926124821816],[-82.5489575812411,29.9261005128795],[-82.5489090145161,29.9260607101955],[-82.5488558072924,29.9260286547728],[-82.5488026052629,29.9259966003076],[-82.5487493991612,29.9259645439549],[-82.5486851060553,29.9259561767867],[-82.5486625161205,29.9259332577003],[-82.5483496074564,29.9257256853121],[-82.5482924804578,29.9257017720358],[-82.5482331940981,29.9256748372752],[-82.5481738054206,29.9256531098298],[-82.5481083330956,29.9256365032035],[-82.5480551284464,29.9256044465832],[-82.5479957398322,29.9255827199589],[-82.5479301652209,29.9255713205855],[-82.5472865933994,29.9254470916395],[-82.5470367713852,29.9253756307306],[-82.5469709931778,29.9253746482807],[-82.5469052139184,29.9253736666843],[-82.5468394367314,29.9253726850857],[-82.5467800474863,29.9253509578941],[-82.5467144731852,29.9253395570094],[-82.5466486949872,29.9253385752995],[-82.5457299477888,29.9252154438986],[-82.545664169665,29.925214462596],[-82.5455987011731,29.9251978538582],[-82.5455330235499,29.9251916615104],[-82.5454673479883,29.9251854700625],[-82.5454079602085,29.9251637413614],[-82.5453422825843,29.9251575507219],[-82.5452765055559,29.9251565683379],[-82.5452110340604,29.9251399593598],[-82.5451455646402,29.9251233512818],[-82.5450800942418,29.9251067413516],[-82.545014314143,29.9251057587894],[-82.5449485381877,29.9251047762561],[-82.5448828606133,29.9250985862881],[-82.5448170836463,29.9250976027712],[-82.5447513045917,29.9250966200923],[-82.5446855255385,29.9250956373804],[-82.544619749593,29.9250946546818],[-82.5445539694891,29.9250936727904],[-82.5444881925285,29.9250926891082],[-82.5444222093886,29.9251021227624],[-82.5443561215623,29.9251167663979],[-82.5442959144509,29.9251367076488],[-82.544229828654,29.9251513512514],[-82.5441639459035,29.9251555792092],[-82.5440980652718,29.9251598044588],[-82.5440322893075,29.925158820563],[-82.5439663039737,29.9251682557604],[-82.543900321734,29.9251776909711],[-82.5438343374106,29.9251871261175],[-82.543768353128,29.9251965585245],[-82.5437023708507,29.9252059936353],[-82.5436364901659,29.9252102186525],[-82.543620721769,29.9252071082786],[-82.5435549167832,29.9252061237096],[-82.5434889215095,29.9252146923284],[-82.5434230213455,29.9252184856566],[-82.5433569329455,29.9252318322033],[-82.5432908445278,29.9252451787167],[-82.5432249443538,29.9252489710431],[-82.5431591393264,29.9252479871771],[-82.5430930508536,29.9252613344926],[-82.5430272447838,29.9252603505448],[-82.5429664522191,29.9252833321477],[-82.5429002706039,29.9253014555558],[-82.542834274157,29.9253100247311],[-82.5427735766698,29.9253282309873],[-82.542707486074,29.9253415753711],[-82.5426466944035,29.9253645577429],[-82.5425806989105,29.9253731277077],[-82.5425147065483,29.9253816958818],[-82.5424432278594,29.925390184671],[-82.5423716550396,29.9254034477913],[-82.5423058499183,29.9254024634964],[-82.5422451512778,29.9254206676879],[-82.5421790625495,29.9254340154437],[-82.5421132574276,29.9254330301499],[-82.5420474491648,29.9254320465805],[-82.5419816440456,29.9254310612205],[-82.5419158378565,29.9254300776159],[-82.5418443581172,29.9254385624546],[-82.5417836614233,29.9254567673651],[-82.5417177599802,29.9254605607212],[-82.5416570612142,29.925478763738],[-82.5415909713504,29.9254921102793],[-82.5415247893628,29.9255102320897],[-82.5414693842092,29.9255380721064],[-82.5414034847889,29.9255418644331],[-82.5413480795659,29.9255697053004],[-82.5412979722079,29.9256071787923],[-82.5412478658121,29.9256446540846],[-82.5411977562363,29.925682131115],[-82.5411584276666,29.9257293237474],[-82.5411299701256,29.9257814584621],[-82.5410852504868,29.9258237909976],[-82.5410351449192,29.9258612671253],[-82.5409958141124,29.9259084605791],[-82.5409564832505,29.9259556549229],[-82.540922638717,29.9260029277681],[-82.5408940888014,29.9260598395363],[-82.5408710210294,29.9261168324576],[-82.5408262099355,29.9261639447309],[-82.5407977531845,29.9262160766811],[-82.5407638131477,29.9262681292495],[-82.5407190941336,29.9263104634778],[-82.5407015104287,29.926367539369],[-82.5406621813518,29.9264147318496],[-82.5406391154533,29.9264717238574],[-82.5405997862877,29.926518917221],[-82.5405876867501,29.9265760742976],[-82.5405428712079,29.9266231846061],[-82.5405252915242,29.9266802587301],[-82.5404859601152,29.9267274538317],[-82.5404304618314,29.9267600687071],[-82.5404020046484,29.9268122032749],[-82.54039538925,29.9268694415425],[-82.5403778073669,29.9269265156145],[-82.540365707634,29.9269836735708],[-82.5403427346509,29.9270358893363],[-82.5403196673358,29.9270928839756],[-82.5403075696738,29.9271500392507],[-82.5403064374167,29.9272073614168],[-82.5402779811116,29.9272594941672],[-82.5402713645408,29.927316734215],[-82.5402320359369,29.9273639256764],[-82.5402090627422,29.9274161441229],[-82.5401969639416,29.9274732993708],[-82.5401685064316,29.9275254338848],[-82.5401564075409,29.9275825918346],[-82.5401497919318,29.9276398309883],[-82.5401268207723,29.9276920458422],[-82.5401092354825,29.9277491198279],[-82.540102620835,29.927806360798],[-82.5400905219256,29.9278635160343],[-82.540072845353,29.9279253698405],[-82.5400443887373,29.9279775016351],[-82.5400159299317,29.9280296379025],[-82.5399765999064,29.9280768283669],[-82.5399427530946,29.9281241036414],[-82.5399088129932,29.9281761559957],[-82.5398858384584,29.9282283716606],[-82.5398737403728,29.9282855286945],[-82.5398616391664,29.9283426856805],[-82.5398495400352,29.9283998417942],[-82.5398210830951,29.9284519771463],[-82.5398254370281,29.9285093787637],[-82.5398078524203,29.9285664545249],[-82.5397685220658,29.9286136458267],[-82.5397345796345,29.9286656981029],[-82.5396844689989,29.9287031745606],[-82.5396614952777,29.9287553892973],[-82.5396276481024,29.9288026635858],[-82.5395775363396,29.9288401390846],[-82.5395168361513,29.9288583411195],[-82.5394667263896,29.9288958166068],[-82.5394328780205,29.9289430917308],[-82.5393827671666,29.9289805662681],[-82.5393219735525,29.9290035462026],[-82.5392664715255,29.9290361614496],[-82.5392109704798,29.9290687775906],[-82.5391607641134,29.9291110290994],[-82.5391106551255,29.9291485044651],[-82.5390552483009,29.9291763434674],[-82.5389893463921,29.9291801336757],[-82.5389234423893,29.9291839247217],[-82.5388575394172,29.9291877157501],[-82.5387917297342,29.9291867305596],[-82.5387259221594,29.9291857435632],[-82.5386601156036,29.9291847574511],[-82.5386409833828,29.9291844707483],[-82.5385943059246,29.9291837721614],[-82.5385284983537,29.9291827850656],[-82.5384626886951,29.9291817988078],[-82.5383968800734,29.9291808125324],[-82.5383311647873,29.9291750491365],[-82.5382712190408,29.9291550394311],[-82.5382054104566,29.9291540521574],[-82.5381454637661,29.9291340396728],[-82.5380855149572,29.9291140307377],[-82.5380198028579,29.9291082663301],[-82.5379540886773,29.9291025027605],[-82.5378941420328,29.9290824919647],[-82.5378283345182,29.9290815054189],[-82.5377626182952,29.9290757417221],[-82.5377026727589,29.9290557299521],[-82.5376483983512,29.9290262471106],[-82.5375884528856,29.9290062343862],[-82.5375226433534,29.9290052476557],[-82.5374569302519,29.928999486558],[-82.5374202301692,29.928988215336],[-82.5373914973493,29.9289793914611],[-82.5373203953773,29.9289687691967],[-82.5372491035773,29.9289676992163],[-82.5371833874276,29.9289619370327],[-82.5371176754635,29.9289561730742],[-82.5370518670046,29.9289551861225],[-82.5369863408145,29.9289398679095],[-82.536915236843,29.928929245394],[-82.5368494263508,29.9289282574075],[-82.5367836199842,29.928927270352],[-82.5367179059773,29.9289215070637],[-82.5366520975454,29.928920519911],[-82.5365862891148,29.9289195327253],[-82.5365149973402,29.9289184632471],[-82.5364491889124,29.9289174759925],[-82.5363830981494,29.9289308190297],[-82.5363170052796,29.9289441629045],[-82.5362509144989,29.928957504973],[-82.5361848236647,29.928970848812],[-82.536124119668,29.9289890492268],[-82.5360634166311,29.9290072523351],[-82.5359974202027,29.9290158199113],[-82.5359313293493,29.9290291609163],[-82.5358759206823,29.9290569976555],[-82.5358205140019,29.9290848371083],[-82.5357651083795,29.9291126738471],[-82.5357044042013,29.9291308749691],[-82.535643703054,29.9291490788156],[-82.535588295293,29.9291769145463],[-82.5355275920609,29.9291951165037],[-82.5347533035411,29.9295131868262],[-82.5338609123099,29.9299776036107],[-82.5329617982141,29.9305040274327],[-82.532080925662,29.9309399353758],[-82.5313514324256,29.931210879008],[-82.5311533300134,29.9315184803701],[-82.5308327770648,29.9319150269835],[-82.5306939808163,29.9320905261017],[-82.5304245477569,29.9323986474947],[-82.5302675790734,29.9325682984164],[-82.5300860190949,29.9328713713802],[-82.5299719119119,29.9330926351896],[-82.5298435562659,29.9332945731798],[-82.5298628508219,29.9334997413883],[-82.5297757069876,29.9337649983635],[-82.529639283385,29.9340050408393],[-82.5295699882862,29.9340769030566],[-82.5294152339574,29.9342373911639],[-82.5292707358208,29.9345155342179],[-82.5291978436785,29.9348712093341],[-82.5291791732936,29.935074797249],[-82.5291802937681,29.9353869877768],[-82.529198185444,29.9355911261877],[-82.5292160782112,29.9357952655103],[-82.5291377695673,29.9360552937284],[-82.5291330921474,29.9362909465073],[-82.5291720381594,29.9365399981502],[-82.5292679661959,29.9368663599274],[-82.5293928931291,29.9372058993284],[-82.529537163891,29.9374718120779],[-82.5296113386186,29.9377551572792],[-82.5296594777984,29.9378494053194],[-82.5296999893196,29.9379495468259],[-82.5297697053131,29.9381226100721],[-82.5297758786674,29.9381800412498],[-82.5298041190035,29.9382314335534],[-82.5298249211821,29.9382890849136],[-82.5298531615746,29.9383404772061],[-82.5298814009785,29.9383918685749],[-82.5299096414295,29.9384432608548],[-82.529937880874,29.9384946531129],[-82.5299586810961,29.9385523053213],[-82.5299942324121,29.938603808514],[-82.5300224729817,29.9386552007687],[-82.5300507135985,29.9387065921151],[-82.5300642010678,29.9387641333477],[-82.5300850024912,29.9388217837463],[-82.5300911781069,29.9388792167411],[-82.5301194177693,29.9389306089581],[-82.530140221331,29.9389882593784],[-82.5301537088905,29.9390458006004],[-82.5301525716722,29.9391031226388],[-82.5301733722,29.9391607721042],[-82.5302089248809,29.9392122752516],[-82.5302297253928,29.9392699283156],[-82.5302285882694,29.9393272476476],[-82.5302274511269,29.9393845678813],[-82.530219003088,29.9394417799036],[-82.530217864903,29.9394991001211],[-82.5302167276986,29.93955642306],[-82.5302155905466,29.9396137432925],[-82.5302144533932,29.9396710635247],[-82.5302133172564,29.9397283846743],[-82.5302121801004,29.9397857049059],[-82.5302110429074,29.9398430269413],[-82.5302025917309,29.9399002380117],[-82.5301940162599,29.9399638182274],[-82.5301855650812,29.940021028394],[-82.5301843025668,29.9400847186566],[-82.530183039033,29.9401484080011],[-82.5301599638584,29.9402054017068],[-82.5301441996665,29.9402625009176],[-82.5301430624645,29.9403198211462],[-82.5301271728836,29.9403832912888],[-82.530118721577,29.9404405041552],[-82.530102832997,29.9405039743098],[-82.5300870707783,29.9405610744455],[-82.5300859335399,29.9406183946722],[-82.5300774842967,29.9406756057619],[-82.5300327226691,29.9407195274409],[-82.5299951455705,29.9407699291486],[-82.5299503827745,29.9408138534895],[-82.5299056210105,29.9408577760264],[-82.5298394256318,29.9408758909882],[-82.5297804168464,29.9409004869058],[-82.5297139696222,29.9409313427538],[-82.5296480258907,29.9409367202772],[-82.5295975960912,29.9408977350824],[-82.5295546026388,29.9408524916931],[-82.5295041708295,29.9408135073328],[-82.529461304896,29.9407618948144],[-82.5293956130085,29.9407545357715],[-82.5293297978431,29.9407535449541],[-82.5292639816435,29.940752554088],[-82.5291981664807,29.9407515632045],[-82.5291675886905,29.9407511028278],[-82.5290732149865,29.9407815360828],[-82.5290071448685,29.9407932832989],[-82.5289337637947,29.9408049194928],[-82.5288678221583,29.9408102975565],[-82.5288088121713,29.9408348912165],[-82.5287428704904,29.9408402701193],[-82.5286768002764,29.9408520180706],[-82.5286106057131,29.9408701324266],[-82.5285445354994,29.9408818785072],[-82.5283856867444,29.9409057929774],[-82.5282285623961,29.9409535715387],[-82.5281622422134,29.940978055698],[-82.5281032319341,29.9410026499417],[-82.5280439686169,29.9410399832855],[-82.5279847073445,29.9410773157314],[-82.52792569798,29.9411019108125],[-82.5279099333788,29.9411590106677],[-82.5279234209406,29.9412165539288],[-82.5279516611994,29.941267945717],[-82.5279791188568,29.9412834726051],[-82.5280309729014,29.9413159293125],[-82.5281025739849,29.9413804853249],[-82.5281097760505,29.9414496698684],[-82.528106258626,29.9415186929327],[-82.5280898871088,29.9415875223613],[-82.5280522341224,29.9416485639055],[-82.5280166858561,29.9417115039691],[-82.5279641799045,29.9417648553441],[-82.527920171297,29.9418220656536],[-82.5279011069988,29.9418347713106],[-82.5278571702015,29.9418640570341],[-82.5277962759265,29.9419079451453],[-82.5277395570944,29.9419575002168],[-82.5276640333529,29.9419824978158],[-82.5275947517369,29.9420169262484],[-82.5275234024021,29.9420475889397],[-82.5274459221004,29.9420632219158],[-82.5273684767097,29.9420769921588],[-82.5272867826786,29.9420888287987],[-82.5272053121532,29.942089467819],[-82.5271381371334,29.9421257945841],[-82.5270589578271,29.942118998949],[-82.52697985056,29.942108474315],[-82.5269075460075,29.9420793794296],[-82.5268284027889,29.9420707182774],[-82.526748816538,29.94208445408],[-82.5266696386361,29.9421014126284],[-82.5266040176054,29.9421435687384],[-82.5265383274168,29.9421890450765],[-82.5264801898908,29.9422379538453],[-82.5264720973521,29.9422818506073],[-82.5264673768973,29.9423074602124],[-82.5264621805451,29.9423770787036],[-82.5264760360158,29.9424469871342],[-82.5265167557926,29.942507343882],[-82.5265153719178,29.9425770198506],[-82.5265215407069,29.9426501327901],[-82.5265307783867,29.9427143756369],[-82.5265315858701,29.942719983768],[-82.5265381139622,29.9427402021875],[-82.5265531230339,29.9427866866922],[-82.5265707890183,29.9428566525547],[-82.5265732134645,29.9429263877384],[-82.5266139345507,29.9429867435671],[-82.5266201694306,29.9430565361917],[-82.5266302136686,29.943126387144],[-82.5266288277933,29.943196063079],[-82.5266274439158,29.9432657426528],[-82.5266222486255,29.9433353629643],[-82.5266018137627,29.9434047526338],[-82.5265700176525,29.9434706551356],[-82.5265684620496,29.9434826699397],[-82.5265610129102,29.9435402189173],[-82.5265481977876,29.9436097225474],[-82.5265051032803,29.943668814805],[-82.5264884776038,29.9437382645909],[-82.5264643001876,29.9438042774161],[-82.5264363132898,29.9438702355104],[-82.5264311167802,29.9439398566972],[-82.526391766549,29.944002323965],[-82.5263562225642,29.9440648486083],[-82.5263131287808,29.944123940816],[-82.5262587345022,29.944176224531],[-82.5262043422376,29.9442285082544],[-82.5261536933538,29.9442841678985],[-82.5260880015429,29.9443296440026],[-82.5260077945767,29.9443383912251],[-82.5259347477558,29.9443704783503],[-82.5258691887891,29.9444093173537],[-82.5257961417994,29.9444414080094],[-82.5257268393186,29.9444768700856],[-82.5256649576406,29.9445224034448],[-82.5255919744944,29.9445511718442],[-82.525530093762,29.944596704253],[-82.5254533670231,29.9446221002217],[-82.5253803208501,29.9446541870524],[-82.5253146944418,29.9446963442643],[-82.5252980698501,29.9447657930222],[-82.5253157332309,29.9448357590111],[-82.525347229074,29.9448901400975],[-82.5253525779009,29.9448993744407],[-82.5253626224873,29.9449692245931],[-82.5253612366787,29.9450389032254],[-82.5253522309832,29.9451084651107],[-82.525286603227,29.9451506222912],[-82.5252062655874,29.9451660060584],[-82.5251263239367,29.9451614805657],[-82.5250505227375,29.9451404245104],[-82.5250136771717,29.9450768071774],[-82.5249497664267,29.9450326966726],[-82.5249476804383,29.9450271973663],[-82.5249244173627,29.9449659332683],[-82.5248605077465,29.9449218236372],[-82.5248082255971,29.9448679300201],[-82.5247481915655,29.9448205584088],[-82.524676465265,29.9447862856236],[-82.5245963898391,29.9447883958786],[-82.5245163814561,29.9447871884999],[-82.5244360450449,29.9448025709085],[-82.5244080554647,29.94486852945],[-82.5243687025391,29.9449309969913],[-82.5243445213158,29.944997011191],[-82.5243421776669,29.9450025356872],[-82.5243165337274,29.9450629679392],[-82.5243037167833,29.9451324740468],[-82.5242985208198,29.9452020933687],[-82.5242629781767,29.9452646183863],[-82.524243423818,29.9452810678198],[-82.5242093032483,29.9453097705585],[-82.5242048377292,29.9453135261319],[-82.5242028298684,29.9453135779345],[-82.524124762886,29.9453156370159],[-82.524052969399,29.9452846805728],[-82.5240006874429,29.9452307893409],[-82.5239328355616,29.945193255135],[-82.5238649826779,29.9451557217801],[-82.5237851081675,29.9451478778842],[-82.5237053636917,29.945133397807],[-82.523625357095,29.9451321908171],[-82.5235453494825,29.9451309828607],[-82.5234653408362,29.9451297748398],[-82.5233896731996,29.9451020799331],[-82.5233373906819,29.9450481875179],[-82.5233197286754,29.9449782203613],[-82.523343908468,29.9449122081235],[-82.5233491051396,29.9448425861317],[-82.5232940042645,29.9447388649654],[-82.5232222113996,29.9447079107713],[-82.5231464760247,29.9446835332914],[-82.5230825673981,29.9446394218893],[-82.5230025581178,29.9446382135698],[-82.5229257667443,29.9446669238838],[-82.5228789252074,29.9447226406951],[-82.5228699188194,29.9447922033291],[-82.5228990749074,29.9448590219455],[-82.5229136549926,29.9448924335375],[-82.5229198863556,29.9449622263114],[-82.5228730436763,29.9450179412995],[-82.5228074179987,29.9450600990885],[-82.5227274094364,29.9450588897146],[-82.522647334821,29.945060996989],[-82.5225675265407,29.945049835653],[-82.5224876501465,29.9450419909342],[-82.5224237405461,29.9449978791962],[-82.5223439323596,29.9449867168219],[-82.5222641903129,29.9449722349959],[-82.5221924626708,29.9449379617209],[-82.5221285522327,29.9448938498228],[-82.5220878351444,29.9448334935419],[-82.5220662954296,29.9447667862084],[-82.5220638751394,29.9446970509677],[-82.5220614537989,29.944627316613],[-82.522062842971,29.9445576371268],[-82.5220983867284,29.9444951136048],[-82.5221289582681,29.9444465905654],[-82.5221377408557,29.9444326494498],[-82.5221505592436,29.9443631426482],[-82.5221823595725,29.9442972430444],[-82.5221875569724,29.9442276238011],[-82.5221889449967,29.9441579451976],[-82.5221903330191,29.9440882665936],[-82.5221917199678,29.9440185897777],[-82.5221893006435,29.9439488545506],[-82.5221868782155,29.9438791192761],[-82.5221768359913,29.9438092679717],[-82.5221706042051,29.943739474238],[-82.5221375724255,29.9436759154796],[-82.5221313406574,29.9436061226453],[-82.5221098032151,29.9435394171472],[-82.52209595063,29.943469510065],[-82.5220667955443,29.9434026885558],[-82.5220106402268,29.9433520547567],[-82.5219308313561,29.9433408911957],[-82.5218507601268,29.9433430007205],[-82.5218189588476,29.9434089002334],[-82.5218055288271,29.9434545007927],[-82.5217985195774,29.943478289137],[-82.521766719238,29.9435441895541],[-82.5217273662293,29.9436066554219],[-82.5216805224487,29.9436623717781],[-82.5216039308404,29.9436811267334],[-82.521519915653,29.9436898136499],[-82.5214399081925,29.943688604391],[-82.5213642401117,29.9436609100831],[-82.5212963903178,29.9436233736037],[-82.5212609623689,29.9435708566302],[-82.5212556732385,29.9435630161399],[-82.5212226410676,29.9434994571341],[-82.5211587330219,29.9434553447728],[-82.5210830673227,29.943427647627],[-82.5210032574418,29.943416484387],[-82.5209232512436,29.943415274828],[-82.5208432450474,29.9434140652201],[-82.5207629070888,29.9434294462472],[-82.5206831675589,29.9434149634719],[-82.520603291593,29.9434071175867],[-82.5205232843535,29.9434059086696],[-82.520446626543,29.9434279823509],[-82.520381066052,29.9434668186091],[-82.5203417101128,29.9435292849315],[-82.5202986109112,29.9435883751307],[-82.5202815229895,29.9436562129433],[-82.5202426269555,29.9437202877457],[-82.5202232999639,29.9437858982365],[-82.5202606598655,29.9438365860111],[-82.5203198992946,29.9438900038355],[-82.5203570283952,29.9439526352262],[-82.5203228106951,29.9440189616207],[-82.52025089693,29.9440512955241],[-82.5201686841158,29.9440500530418],[-82.5200865706724,29.9440440353218],[-82.5200046444832,29.9440284724179],[-82.5199283897542,29.944003446383],[-82.5198521350816,29.9439784194015],[-82.5198168805341,29.9439909520795],[-82.5197748332322,29.9440058984612],[-82.519697628638,29.9440286031599],[-82.5196882564812,29.9440328185061],[-82.5196257125729,29.9440609375905],[-82.5195705643417,29.9440601023701],[-82.519543501866,29.9440596929429],[-82.5194612911432,29.9440584491457],[-82.5193962842961,29.9440192692231],[-82.5193257022542,29.9439847797957],[-82.5192551192436,29.9439502894125],[-82.5191901115129,29.9439111093715],[-82.519119527584,29.9438766179973],[-82.5190434646919,29.9438420454761],[-82.5189672103663,29.9438170179789],[-82.518885191346,29.9438062287516],[-82.5188040312299,29.9437986059536],[-82.5187244027894,29.9437974007724],[-82.5186447743329,29.9437961964447],[-82.5185650830179,29.943798141892],[-82.5184885731866,29.9438222107242],[-82.5184776517854,29.943825197082],[-82.5184734353569,29.9438251332567],[-82.5183980233275,29.9438239917023],[-82.518320831096,29.9438350112042],[-82.5183181432007,29.9438353954893],[-82.5182383909765,29.9438404942004],[-82.5181619419251,29.943861408477],[-82.5180855567889,29.9438791710974],[-82.5180056126139,29.9438937272072],[-82.517925797392,29.943901978257],[-82.5178459801214,29.9439102274227],[-82.5177663526388,29.9439090216744],[-82.5176870387801,29.9438920559233],[-82.5176337552347,29.9438407978218],[-82.5176061201515,29.9437741652185],[-82.5175748054915,29.9437106267575],[-82.5175596431277,29.9436611775483],[-82.5175544112276,29.9436441028952],[-82.5175267762704,29.943577469372],[-82.5174624435893,29.9435355034057],[-82.5173828184833,29.9435342974555],[-82.517327419416,29.9435471794206],[-82.5173064324057,29.9435520605081],[-82.5171983110912,29.9435806376156],[-82.5171950385742,29.9435815038648],[-82.51709328925,29.9435964671983],[-82.516993137912,29.9435871832211],[-82.516941513451,29.943548535921],[-82.5169324577556,29.9435276182329],[-82.5169127420174,29.9434820772311],[-82.5169135354782,29.9434422994288],[-82.5169140796841,29.9434151047124],[-82.5169029328592,29.9433032800029],[-82.5168493682921,29.9432634817324],[-82.5168469090133,29.9432616534411],[-82.5167910888783,29.9432510134724],[-82.5167114629728,29.9432498070982],[-82.5166318339622,29.9432486006285],[-82.5165518942606,29.94326315411],[-82.5164894806924,29.9433063526506],[-82.516430626029,29.9433527567684],[-82.5163717702389,29.9433991626479],[-82.5163129144118,29.9434455675988],[-82.5162576153988,29.9434951790054],[-82.5162058741818,29.9435479995939],[-82.5161434613558,29.9435911961802],[-82.5161024505041,29.9436504845099],[-82.5160435954379,29.9436968893544],[-82.5159847403347,29.9437432932703],[-82.5159294399383,29.9437929054233],[-82.5158598521539,29.9438328423524],[-82.5157868324333,29.9438632667756],[-82.51571737057,29.9438968976707],[-82.5156549582938,29.9439400967445],[-82.5154359883582,29.9440540895223],[-82.5152263050908,29.9441910875291],[-82.515210914838,29.9441941908277],[-82.5151412193299,29.9442298480195],[-82.51506782708,29.9442587731195],[-82.5149945015123,29.9442843607385],[-82.5149140451826,29.944283140691],[-82.5148458182228,29.9442453930089],[-82.5147893526803,29.944194472557],[-82.5147523097316,29.9441305000488],[-82.5147166239473,29.9440740451918],[-82.5146368849426,29.9440672705608],[-82.514557035728,29.944066059499],[-82.5145496890876,29.9440646650228],[-82.514477460489,29.9440509411247],[-82.5143976659045,29.944046947247],[-82.5143267295814,29.9440792611719],[-82.5142620157101,29.9441200164823],[-82.514225602202,29.9441834631332],[-82.5141640257267,29.9442270486347],[-82.5141024481617,29.9442706340912],[-82.5140284286501,29.9442973375986],[-82.513951382905,29.9443156463144],[-82.5138849287788,29.9443377780566],[-82.5128617164606,29.9443798397271],[-82.5123536682917,29.9446491450372],[-82.5116901361579,29.9448583523814],[-82.5112369913319,29.945120963191],[-82.5108307780408,29.9453009009751],[-82.5103816325985,29.9449678505662],[-82.5099324912591,29.9446347959169],[-82.5091836843123,29.9446615957055],[-82.5086367150231,29.9445701197866],[-82.5080342615011,29.9443189147856],[-82.5070013159549,29.943648180175],[-82.5069761399663,29.9436391638027],[-82.50693409799,29.9429958149834],[-82.506916956411,29.9427335023306],[-82.5069143270047,29.9426932447266],[-82.50663338959,29.942713231197],[-82.5065506736822,29.94271197158],[-82.5064680621715,29.9427055641571],[-82.506397783586,29.942673613131],[-82.5063153797782,29.942656915501],[-82.50623256055,29.9426608034522],[-82.5061552368054,29.9426853588964],[-82.5060725229803,29.9426840999108],[-82.505989602498,29.9426931309988],[-82.5059122796857,29.9427176872172],[-82.5058464621281,29.9427578621814],[-82.5057922552921,29.9428085072694],[-82.5057321375984,29.942859062285],[-82.5056779317027,29.942909706439],[-82.5056120116093,29.942955026363],[-82.5055461947905,29.9429952020933],[-82.5054689729551,29.9430146111512],[-82.5053862588826,29.94301335083],[-82.5053121649096,29.9430432216376],[-82.505265227098,29.9430411827396],[-82.5051834151117,29.9430399360369],[-82.5051016010378,29.9430386901534],[-82.5050164988191,29.9430314525555],[-82.5049384543404,29.9430124447792],[-82.5048745788304,29.9429669263052],[-82.5048141150488,29.9429214579954],[-82.5047605897339,29.9428701574718],[-82.504703594188,29.9428217752568],[-82.5046673492181,29.9427588585959],[-82.5046448597732,29.9426902118546],[-82.5046223703413,29.942621566011],[-82.5046208054704,29.9426094749872],[-82.5046135149949,29.9425531279928],[-82.5046217650007,29.9424819803922],[-82.5045958064284,29.9424162510831],[-82.5045629711992,29.9423533872666],[-82.5045129731123,29.9422962015559],[-82.5044490416838,29.9422536523341],[-82.5043745844245,29.9422257888227],[-82.5043036540257,29.9421920392904],[-82.5042467187971,29.9421406865566],[-82.5041897835911,29.9420893356019],[-82.5041293206756,29.9420438660705],[-82.504061918316,29.9420042322525],[-82.504001456492,29.9419587653834],[-82.5039270602937,29.9419279331195],[-82.5038452482057,29.9419266855646],[-82.5037670833632,29.9419136149844],[-82.5036889803347,29.9418975740723],[-82.5036072279265,29.9418933596598],[-82.5035327722093,29.9418654956846],[-82.5034617846966,29.9418347160435],[-82.5033799716555,29.941833468182],[-82.5032981617236,29.9418322203168],[-82.503216291022,29.9418339427013],[-82.5031473975678,29.9418685257536],[-82.5030752169822,29.9418971233868],[-82.5030063223449,29.9419317090549],[-82.5029243332291,29.9419393655916],[-82.5028899989198,29.9419453210862],[-82.5028456320623,29.9419530146975],[-82.5027669895878,29.9419636934237],[-82.5026850590889,29.9419683821844],[-82.5026063568487,29.9419820302285],[-82.5025276373367,29.9419808290396],[-82.5025245447146,29.9419807827503],[-82.5024426152441,29.9419854704729],[-82.502360804163,29.9419842220062],[-82.5022789333198,29.9419859438045],[-82.5022072282769,29.9419907874178],[-82.502125415123,29.9419895387722],[-82.5020436040426,29.9419882901073],[-82.5019617332268,29.9419900099032],[-82.5018830916455,29.9420006890163],[-82.5018141985562,29.9420352758923],[-82.5017356167038,29.9420429846008],[-82.5016533873211,29.9420625170794],[-82.5015790525458,29.9420640773874],[-82.5015715164556,29.9420642357292],[-82.5014935320941,29.942042258272],[-82.5014261308058,29.9420026221949],[-82.5013586728867,29.9419659564462],[-82.5013016806075,29.9419175700563],[-82.5012447450174,29.9418662159842],[-82.5012187888233,29.9418004869042],[-82.5011963029971,29.9417318404827],[-82.50120114692,29.9416606401445],[-82.5012161564583,29.9415925671611],[-82.5012277575176,29.9415244412281],[-82.5012393575254,29.9414563152779],[-82.5012432341434,29.9413993003494],[-82.5012442013495,29.9413851176425],[-82.501225122034,29.9413165214329],[-82.5011922893024,29.9412536567653],[-82.5011525809386,29.9411936574243],[-82.5010955850785,29.9411452699763],[-82.5010281278639,29.9411086040546],[-82.5009536126379,29.9410837080088],[-82.5008755704315,29.9410646996113],[-82.5007975859915,29.9410427208198],[-82.5007196634677,29.9410177716978],[-82.5006522044254,29.9409811046484],[-82.5005741613579,29.9409620942513],[-82.5005310439755,29.940902043544],[-82.5004844574487,29.9408449056452],[-82.5004205255738,29.9408023544035],[-82.5003531894648,29.9407597502236],[-82.5002859090939,29.94071417563],[-82.5002289767723,29.9406628220446],[-82.5001685165027,29.9406173524825],[-82.5001046467913,29.9405718317038],[-82.5000337819266,29.9405351113893],[-82.4999699102766,29.9404895896109],[-82.4999163866858,29.9404382879668],[-82.4998382245859,29.940425214153],[-82.4997601831287,29.9404062041875],[-82.4996819612519,29.9403960996939],[-82.499600151515,29.9403948495017],[-82.4995183407444,29.9403935992426],[-82.499436529976,29.9403923489324],[-82.4993548986709,29.9403821921354],[-82.4993449964772,29.9403820416932],[-82.4992730889496,29.9403809417388],[-82.4992160985964,29.9403325544346],[-82.4991625744622,29.9402812515638],[-82.4991332116483,29.9402154690603],[-82.499134648512,29.9401442184936],[-82.4991598865864,29.9400763020683],[-82.4991806362744,29.9400617703021],[-82.4992160397651,29.9399969777703],[-82.4992514442634,29.9399321843427],[-82.4992766821858,29.9398642687957],[-82.4992916917907,29.9397961933008],[-82.499296596746,29.9397220272162],[-82.4992980324679,29.9396507757271],[-82.4992994671521,29.9395795242215],[-82.4993009637028,29.9395053051378],[-82.4992955825927,29.9394339503579],[-82.4992833228004,29.9393654598654],[-82.4992847595442,29.939294209292],[-82.499272559611,29.9392227493841],[-82.4992739953247,29.9391514987942],[-82.4992686142532,29.9390801440112],[-82.4992495367271,29.9390115484026],[-82.4992295097871,29.9389666774441],[-82.4992201752304,29.9389457677314],[-82.4991563070653,29.9389002446798],[-82.4991538439735,29.9389001177034],[-82.4990745584074,29.9388960247455],[-82.4989927498959,29.9388947750757],[-82.498910880524,29.9388964938503],[-82.4988289503025,29.9389011801672],[-82.4987470231621,29.9389058673823],[-82.498665213629,29.9389046165899],[-82.4985835846979,29.9388944575224],[-82.4985162475456,29.9388518532455],[-82.4985157301357,29.9388514131385],[-82.4984592584206,29.9388034665077],[-82.4983953917133,29.938757944002],[-82.4983280526811,29.938715338694],[-82.4982499198498,29.9387015064327],[-82.4981706171557,29.9387193914703],[-82.498101492618,29.9387464414581],[-82.4980954653368,29.9387488007921],[-82.4980461971952,29.9387842930573],[-82.4980331626311,29.9387936850147],[-82.498031631235,29.9387959561089],[-82.4979924708138,29.9388541763595],[-82.4979387809693,29.9389068301272],[-82.4979111670728,29.9389713435607],[-82.4978747830884,29.9390357228468],[-82.497847168097,29.9391002353482],[-82.4978021680035,29.9391568413575],[-82.4977527859319,29.9392133803237],[-82.4977338628343,29.939281846039],[-82.4976931716522,29.9393423382062],[-82.4976655553855,29.9394068524559],[-82.4976205581747,29.9394634575468],[-82.4975798657952,29.939523950564],[-82.497521868361,29.9395727188901],[-82.4974768678133,29.9396293274913],[-82.497397717278,29.9396395729322],[-82.4973144147483,29.9396382984634],[-82.4972311122208,29.9396370239416],[-82.4971571949363,29.9396053370185],[-82.4970831996594,29.9395774673381],[-82.4970127342053,29.9395558043239],[-82.4970047433684,29.9395533496365],[-82.4969262101237,29.9395330482861],[-82.4968522149655,29.9395051784752],[-82.4967736037206,29.9394886952198],[-82.4966996867107,29.9394570071359],[-82.4966257687123,29.9394253189944],[-82.4965519257503,29.939389811675],[-82.4964869330895,29.9393506194921],[-82.4964083220093,29.9393341369192],[-82.4964036821558,29.93933263036],[-82.496334250094,29.9393100850171],[-82.4962555630533,29.9392974205704],[-82.4961722608253,29.9392961453748],[-82.4960931103482,29.9393063936352],[-82.4960308063875,29.9393512769027],[-82.4960118810589,29.9394197414504],[-82.4959711116882,29.9394840521855],[-82.4959662691908,29.9395015681365],[-82.495952186275,29.9395525176258],[-82.4959071088828,29.9396129402972],[-82.4958969524716,29.9396815399859],[-82.4958824141153,29.9397500716817],[-82.495859104585,29.9398184690833],[-82.4958227189779,29.9398828468924],[-82.495760412462,29.9399277299975],[-82.4957067208353,29.939980383747],[-82.4956485659879,29.9400367876127],[-82.4955862603324,29.9400816706501],[-82.4955154167776,29.940114963868],[-82.4954617249562,29.9401676157122],[-82.495382651871,29.9401740435527],[-82.4953033474663,29.9401919277533],[-82.4952200434646,29.940190651936],[-82.4951367394649,29.9401893760657],[-82.4950762840224,29.9401426148153],[-82.4950112883624,29.9401034209526],[-82.4949642185331,29.9400454056281],[-82.4949171456699,29.9399873893368],[-82.494868573992,29.9399312602105],[-82.4948050912828,29.9398895440646],[-82.4947974983462,29.9398820082413],[-82.4947477666199,29.9398326428891],[-82.4946903339707,29.9397808352498],[-82.4946149571404,29.9397491218142],[-82.4945515774802,29.93970231461],[-82.4944821458311,29.9396655996703],[-82.4944003056913,29.9396643457526],[-82.4943351788465,29.9397040915626],[-82.4942643104671,29.9397386568539],[-82.49418769538,29.9397680415379],[-82.4941397990531,29.9398233279115],[-82.494097643064,29.9398837974512],[-82.4940325149002,29.939923543996],[-82.4939894775436,29.9399531255235],[-82.4939672869896,29.939968378784],[-82.4939020558585,29.9400132161978],[-82.4938368257042,29.9400580535948],[-82.4937602123519,29.9400874362555],[-82.4936893414457,29.9401220003007],[-82.4936074998859,29.9401207467735],[-82.4935678137482,29.9400590229231],[-82.4935457666754,29.9399924760252],[-82.493541362705,29.9399211097604],[-82.4935243196965,29.9398999262746],[-82.4934957284611,29.9398643863187],[-82.4934204506721,29.9398275821003],[-82.4933569696733,29.9397858652676],[-82.4932876443871,29.9397440597106],[-82.4932182131762,29.9397073441007],[-82.4931426300032,29.9396858134725],[-82.4930672516497,29.9396541000159],[-82.4929860289748,29.9396222996128],[-82.4929104438456,29.9396007688188],[-82.4928288086084,29.9395893302319],[-82.4927932934626,29.9395865714282],[-82.492747068382,29.9395829833976],[-82.4926652283322,29.9395817283952],[-82.4925834880861,29.9395753832628],[-82.4925018549788,29.9395639445038],[-82.4924200097694,29.9395626892686],[-82.4923565303959,29.9395209719657],[-82.4922810494764,29.9394943489889],[-82.4922116218827,29.9394576346961],[-82.4921482425058,29.9394108263112],[-82.492108558558,29.9393491038346],[-82.4920629243598,29.9392923798747],[-82.4919934959888,29.9392556636457],[-82.4919619898386,29.9391933501548],[-82.4919597584108,29.9391889398277],[-82.4919318693417,29.9391223039162],[-82.49191131789,29.9390732037418],[-82.4919039792744,29.9390556679825],[-82.4918937302325,29.9389842092616],[-82.4918541475239,29.938917394839],[-82.4918461309895,29.9388982398965],[-82.4918262565671,29.9388507570678],[-82.4917747773672,29.9387939478384],[-82.4917291436148,29.9387372237596],[-82.4916894592158,29.9386754984306],[-82.4916557230566,29.9386087754489],[-82.4916100915285,29.9385520513595],[-82.4915704051697,29.9384903277657],[-82.4915425165764,29.9384236908654],[-82.4914850884856,29.9383718818456],[-82.4914219182221,29.9383148894671],[-82.4913467464191,29.9382729922326],[-82.49128326932,29.9382312762248],[-82.4912077875973,29.9382046525945],[-82.4911259487029,29.9382033966297],[-82.4910441067037,29.938202140566],[-82.4909564225484,29.9382007947834],[-82.4909374424174,29.9382718049722],[-82.4909472239831,29.9383152829741],[-82.4909535380606,29.9383433526177],[-82.4909519917777,29.9384197219997],[-82.4910093165569,29.9384766248915],[-82.4910549498149,29.9385333474184],[-82.4910651982066,29.9386048062077],[-82.4910172996667,29.9386600914283],[-82.4909693999647,29.9387153802232],[-82.4909156549473,29.9387705774791],[-82.4908445800501,29.9388153209822],[-82.4907794512851,29.9388550659122],[-82.4907199627659,29.9389050824157],[-82.4906496949749,29.9389366566792],[-82.4906432473911,29.938939554203],[-82.4905781174465,29.9389792981145],[-82.4905072482949,29.939013860472],[-82.4904306336726,29.9390432438768],[-82.4903483829875,29.9390623502666],[-82.4902662311367,29.9390763674135],[-82.4902067432439,29.9391263846008],[-82.4901302325885,29.9391506742079],[-82.4900538228804,29.9391698728071],[-82.4899718811441,29.9391737088722],[-82.4898897312558,29.9391877240105],[-82.4898246008469,29.9392274675463],[-82.4897593703851,29.9392723038324],[-82.4896883955931,29.939311956645],[-82.4896117816073,29.9393413359777],[-82.4895351696109,29.9393707171014],[-82.4894585544622,29.9394000981325],[-82.4893763011501,29.9394192074871],[-82.4892941498842,29.9394332249415],[-82.489257926452,29.9394423247992],[-82.4892177429406,29.939452421296],[-82.4891411276532,29.9394818012391],[-82.4890646164268,29.9395060920267],[-82.4889881041638,29.9395303809496],[-82.4889061610714,29.9395342154296],[-82.4888243180217,29.9395329570762],[-82.4887422728328,29.9395418823997],[-82.4886911944542,29.9395474388462],[-82.4886602245221,29.9395508076239],[-82.4885781761967,29.9395597327969],[-82.4884963341475,29.9395584751564],[-82.4884144931177,29.9395572183826],[-82.4883325489636,29.9395610515856],[-82.4882560385506,29.9395853401124],[-82.4881794228761,29.9396147194923],[-82.4881029123842,29.9396390079295],[-82.4880262944968,29.9396683898938],[-82.4880143394572,29.9396729729266],[-82.4879496807617,29.9396977691708],[-82.4878859318508,29.9396967892615],[-82.4878678396423,29.9396965111534],[-82.4877911048912,29.9397143752793],[-82.4877731009963,29.9397177139851],[-82.4877272442318,29.9397262187014],[-82.4876450806687,29.9397236427586],[-82.4875632374422,29.9397223854209],[-82.4874813963258,29.9397211262598],[-82.4873993477537,29.9397300506937],[-82.4873175076504,29.9397287923482],[-82.4872356654778,29.9397275339195],[-82.4871538233073,29.9397262754398],[-82.4870719811389,29.9397250169089],[-82.4869899345798,29.9397339420201],[-82.4869078859713,29.9397428652439],[-82.4868313739974,29.9397671547258],[-82.4867605019621,29.9398017141348],[-82.4866953730234,29.9398414552575],[-82.4866474703635,29.9398967415636],[-82.4865995676686,29.9399520269499],[-82.4865458205886,29.940007222422],[-82.4864749472287,29.9400417825618],[-82.4863928982829,29.9400507072667],[-82.4863113666938,29.9400341727859],[-82.486253939402,29.9399823596583],[-82.486214259907,29.9399206363158],[-82.4861805250238,29.9398539073882],[-82.48617028,29.9397824491259],[-82.4861717257085,29.9397111698193],[-82.4861731703427,29.9396398923002],[-82.4861452840127,29.9395732542406],[-82.4861115513104,29.9395065280311],[-82.4861071507064,29.9394351578737],[-82.4860910614485,29.9393636114905],[-82.4860631742339,29.939296972494],[-82.4859996966286,29.9392552538959],[-82.4859363223987,29.9392084416328],[-82.4858728439042,29.9391667211529],[-82.4858093675344,29.939125000674],[-82.4857459944581,29.9390781910402],[-82.4856765665196,29.9390414705265],[-82.4855947270057,29.9390402111038],[-82.4855128854225,29.9390389515981],[-82.4854364779965,29.9390581484523],[-82.4853545320679,29.9390619797594],[-82.4852894030334,29.9391017210871],[-82.4852074580806,29.9391055532201],[-82.4851255142121,29.9391093826117],[-82.485048795665,29.939143852908],[-82.4849893051222,29.939193866822],[-82.484918430747,29.9392284270075],[-82.4848589390704,29.9392784399441],[-82.4848110377311,29.9393337256126],[-82.4847763861852,29.9393834225573],[-82.4847688773598,29.9393941894604],[-82.4847267158282,29.9394546568864],[-82.4846788122772,29.9395099415719],[-82.4846309097268,29.9395652253535],[-82.4845887490742,29.9396256927502],[-82.484569764154,29.9396967002032],[-82.484493149356,29.9397260783593],[-82.4844113061858,29.939724818149],[-82.484341984727,29.9396830069527],[-82.4842905093958,29.9396261938822],[-82.4842744203296,29.9396084363068],[-82.4842390331427,29.9395693780693],[-82.4841993530671,29.9395076504741],[-82.4842008001497,29.9394363729916],[-82.4842022482843,29.9393650946226],[-82.4842036953994,29.9392938153352],[-82.4842226784514,29.939222806999],[-82.4842241255314,29.9391515286125],[-82.4842314189558,29.9390803402575],[-82.4842328660641,29.9390090600661],[-82.4842343120614,29.9389377834663],[-82.4842299128501,29.9388664123404],[-82.4841784400959,29.9388095983519],[-82.4841328096034,29.9387528734134],[-82.4840753862789,29.9387010584545],[-82.4840180663426,29.9386441543475],[-82.4840023248796,29.9386299516922],[-82.4839606410512,29.938592340208],[-82.483897270277,29.9385455269871],[-82.4838398461047,29.9384937146141],[-82.4838119606085,29.9384270769372],[-82.4838134079717,29.9383557985506],[-82.4838148553512,29.9382845192615],[-82.4838163016746,29.9382132408581],[-82.48381774905,29.9381419615682],[-82.4838335480418,29.9380999083169],[-82.4838424760884,29.9380761351753],[-82.4838614623095,29.9380051251282],[-82.4838804473946,29.93793411867],[-82.4838994315084,29.9378631076826],[-82.4839125703056,29.9377920093683],[-82.4839489856208,29.9377263611769],[-82.4839562791011,29.9376551746329],[-82.483975264143,29.9375841636488],[-82.4840228580467,29.9375441547158],[-82.4840301504617,29.9374729663466],[-82.4840374439202,29.9374017770904],[-82.484021353431,29.9373302276871],[-82.4840159066451,29.9372922476586],[-82.4840111091857,29.9372587692251],[-82.4839654795013,29.937202044221],[-82.4839081615107,29.9371451409767],[-82.483844893004,29.9370932358637],[-82.4837816224738,29.9370413315898],[-82.4837183561341,29.936989428251],[-82.4836430831312,29.9369526174838],[-82.4835677109222,29.9369208985662],[-82.4834961745497,29.9368868530454],[-82.4834872163137,29.9368534512464],[-82.4834297944061,29.9368016368982],[-82.4833783200913,29.9367448216356],[-82.4833562826357,29.9366782739378],[-82.4833106546278,29.9366215487186],[-82.4832769248512,29.9365548208606],[-82.4832431961739,29.9364880921073],[-82.4831799262889,29.9364361902461],[-82.4831343016365,29.9363794632083],[-82.4830649799437,29.9363376512763],[-82.4829896093667,29.9363059347463],[-82.4829261339839,29.9362642119256],[-82.4828570203571,29.9362122171431],[-82.4827817523686,29.9361754077461],[-82.4827063779177,29.9361436882827],[-82.4826247477338,29.9361322433454],[-82.4825553239898,29.9360955238895],[-82.4824800562565,29.9360587116126],[-82.4824045795445,29.9360320847218],[-82.4823351580233,29.9359953651807],[-82.4822717855484,29.9359485501971],[-82.4822083137842,29.9359068279771],[-82.4821327327661,29.9358852918397],[-82.4820574673651,29.9358484820573],[-82.4819759378586,29.9358319457407],[-82.4818941000194,29.9358306830863],[-82.4818122611283,29.9358294212668],[-82.4817302173335,29.9358383421823],[-82.4816650868916,29.9358780816855],[-82.4815940078072,29.9359228210467],[-82.4815344129105,29.9359779252161],[-82.4815038407524,29.9360436619648],[-82.4815009567332,29.9360488552809],[-82.4814674213492,29.9361093085351],[-82.4814426911549,29.936175134458],[-82.4814179650337,29.9362409622439],[-82.4813815455197,29.9363066078871],[-82.4813508696232,29.9363774373281],[-82.4813261392849,29.9364432632276],[-82.4813014120024,29.936509090072],[-82.4812941177204,29.9365802773928],[-82.4812403694981,29.9366354716041],[-82.4811924653295,29.9366907568307],[-82.4811725032134,29.936713790275],[-82.4811445601452,29.9367460384155],[-82.4810908127857,29.9368012325805],[-82.4810486501521,29.9368616970309],[-82.4809891568905,29.9369117091046],[-82.4809181813196,29.9369513571859],[-82.4808530519123,29.9369910954113],[-82.4807879193276,29.9370308344583],[-82.4807113054493,29.9370602113096],[-82.4806294645243,29.9370589487348],[-82.4805476277439,29.9370576861726],[-82.4804863321019,29.9370496033714],[-82.4804601508343,29.93704614969],[-82.4804434223538,29.9370310543392],[-82.4804027293592,29.9369943339989],[-82.4803801147805,29.9369561529718],[-82.4803631551755,29.9369275160912],[-82.4803294262582,29.9368607865574],[-82.4802839065385,29.9367989703094],[-82.4802504884234,29.9367169661765],[-82.480234400737,29.9366454181077],[-82.4802006740734,29.9365786885711],[-82.480190432655,29.9365072298057],[-82.480180190234,29.9364357701211],[-82.4801464646769,29.9363690423893],[-82.4801362223018,29.9362975827005],[-82.4800965470829,29.9362358556651],[-82.4800804585681,29.9361643066566],[-82.4800407824198,29.9361025786856],[-82.4800011083737,29.9360408516363],[-82.4799614312517,29.9359791254287],[-82.4799040096364,29.9359273085963],[-82.479828535823,29.935900678448],[-82.4797531635596,29.9358689572994],[-82.4796777933971,29.9358372370413],[-82.479596266349,29.9358207001767],[-82.4795206890883,29.935799161677],[-82.4794453169818,29.935767441253],[-82.4793697398127,29.9357459017641],[-82.4792886242015,29.9357090009624],[-82.4792251528449,29.9356672754751],[-82.4791560415531,29.9356152796381],[-82.4790866184726,29.935578555619],[-82.4790112487069,29.9355468367805],[-82.4789539335483,29.9354899277354],[-82.478896618382,29.9354330222729],[-82.4788451484243,29.9353762043355],[-82.4788172671551,29.9353095655776],[-82.4787775900256,29.9352478389916],[-82.4787438669051,29.9351811082019],[-82.4787394717328,29.9351097404776],[-82.4787057445424,29.9350430096134],[-82.4786424810748,29.9349911046991],[-82.4785670083113,29.9349644738213],[-82.4784851691407,29.9349632099057],[-82.4784033320435,29.9349619459709],[-82.4783214928771,29.9349606819529],[-82.4782396578553,29.9349594179477],[-82.4781340227193,29.9349781581602],[-82.4780463405323,29.934976804616],[-82.4780266523651,29.9349727316148],[-82.4779468721821,29.9349820722042],[-82.4778696244024,29.9349996771444],[-82.4777911717187,29.9350102147341],[-82.4777439329866,29.9350179673397],[-82.4777126711808,29.9350231011011],[-82.477634193525,29.9350348120909],[-82.4775546285404,29.935033582732],[-82.4774907372755,29.9349914727381],[-82.477492148761,29.9349221761091],[-82.4775070211696,29.9348542622563],[-82.4775122835348,29.9347852064894],[-82.4775137343127,29.9347139290373],[-82.4775151861609,29.9346426497968],[-82.4775166379886,29.9345713714577],[-82.4775180908499,29.9345000931343],[-82.4775194379441,29.9344339057019],[-82.477526734811,29.934362716775],[-82.4775399814184,29.9342865272544],[-82.4775415379695,29.9342101571035],[-82.4775546797997,29.9341390593901],[-82.4775678237006,29.9340679608049],[-82.4775518431218,29.9339913205814],[-82.4774944259661,29.9339395036177],[-82.4774125876539,29.9339382390314],[-82.4773307534863,29.9339369744579],[-82.4772553824939,29.9339052509481],[-82.4771980702694,29.9338483438487],[-82.4771583968565,29.9337866140904],[-82.477118826134,29.9337197951845],[-82.477073305747,29.9336579759363],[-82.4770512752544,29.9335914280944],[-82.4770410364287,29.9335199681632],[-82.4770073119,29.9334532395749],[-82.4769498932683,29.9334014223381],[-82.4768804746042,29.9333646980764],[-82.4768170046487,29.9333229750056],[-82.4767355849462,29.9333013436447],[-82.4766769734285,29.9332659845689],[-82.476666268078,29.9332595292158],[-82.4766147995056,29.9332027094735],[-82.4765928721256,29.9331310706127],[-82.4766001685071,29.9330598826158],[-82.4766423311994,29.9329994195636],[-82.4766769754433,29.9329729495592],[-82.4767024140419,29.9329535131594],[-82.4767076682137,29.9329494997854],[-82.4767842800682,29.9329201270714],[-82.476846838816,29.9329044143202],[-82.4768606865152,29.9329009352896],[-82.4768642281994,29.9328985024187],[-82.4769259185784,29.9328561072116],[-82.477002325966,29.9328369162651],[-82.477067662674,29.9327869972085],[-82.4770749597438,29.9327158082973],[-82.4770996878293,29.9326499831169],[-82.4771418510975,29.9325895190158],[-82.4771904972815,29.9325486256153],[-82.4772013426717,29.932539508657],[-82.477249247023,29.9324842266763],[-82.4773144807083,29.9324393984352],[-82.4773740757862,29.9323842979751],[-82.4773872175313,29.932313198464],[-82.4773769785405,29.9322417412578],[-82.4773491001906,29.9321751012843],[-82.4773389649971,29.932098550444],[-82.4773052407877,29.9320318201207],[-82.4772655659075,29.93197009306],[-82.4772081511054,29.9319182759782],[-82.477150734292,29.9318664588391],[-82.4770691072287,29.9318550104174],[-82.4769871689742,29.9318588374231],[-82.4769051259552,29.9318677552855],[-82.4768456356516,29.9319177664304],[-82.4767535523101,29.9319995973858],[-82.4767247407395,29.9320205723913],[-82.4766721553474,29.9320721257404],[-82.4766110610097,29.9321198075358],[-82.4765416101169,29.9321561392312],[-82.4764721581561,29.9321924699717],[-82.4763774191477,29.9322612386588],[-82.4763162247531,29.9323051760719],[-82.4762453997916,29.9323375018537],[-82.4761703835553,29.9323602156554],[-82.4760910313812,29.9323656259128],[-82.4760189660762,29.9323972511651],[-82.4759433437133,29.9324189999395],[-82.4758606730181,29.9324177214912],[-82.4757818261827,29.9324132286175],[-82.4757072724078,29.9323826076947],[-82.4756325861909,29.9323585362121],[-82.4755657469621,29.9323182130903],[-82.4755325259902,29.9322882331556],[-82.4755038660725,29.9322190344177],[-82.4754638002521,29.9321562089771],[-82.4754122587499,29.9321030274496],[-82.4753607183569,29.9320498450158],[-82.4753297672941,29.932015899382],[-82.4753092457625,29.931993391001],[-82.4753294996161,29.9319216753449],[-82.4753497575828,29.9318499597493],[-82.4753886040504,29.9317883531195],[-82.4754200008616,29.9317233586383],[-82.475473675473,29.9316718054878],[-82.475516212191,29.9316135294119],[-82.4755625059363,29.9315553132374],[-82.4755975919197,29.9314936492865],[-82.4756065094544,29.9314250335671],[-82.4755961166428,29.9313485363273],[-82.4755846855358,29.9312772887951],[-82.4755645910796,29.9312096508684],[-82.4755574545774,29.9311384697576],[-82.4755589030329,29.9310674232357],[-82.4755431042878,29.9309998490394],[-82.4755445516793,29.9309288043049],[-82.4755417066591,29.9308576895687],[-82.475534569108,29.9307865111445],[-82.4755360176115,29.9307154628169],[-82.4755029686182,29.9306513644966],[-82.4754785829455,29.9305836583706],[-82.4754541972876,29.9305159531419],[-82.4754341052007,29.9304483125171],[-82.4753924704383,29.9303840795534],[-82.4753680848882,29.9303163743076],[-82.4753220042103,29.9302595552438],[-82.4752715570036,29.9302064068055],[-82.4752298451206,29.9301459152949],[-82.4751750262076,29.9300964400852],[-82.4751011464719,29.9300323000824],[-82.4750496083373,29.9299791184351],[-82.4749980671696,29.9299259358173],[-82.4749427053769,29.9298759675763],[-82.4748758680623,29.9298356458983],[-82.4748205032747,29.9297856775572],[-82.4747613824968,29.929735652878],[-82.4746983712461,29.9296921149928],[-82.4746276425831,29.9296582799921],[-82.4746034316929,29.9296466979825],[-82.4745569149854,29.9296244458711],[-82.4745015535828,29.9295744774424],[-82.4744347166317,29.9295341564401],[-82.4743794200249,29.9294809154488],[-82.4743278815274,29.929427733499],[-82.4742957104138,29.929365752578],[-82.4742953306208,29.9293650230625],[-82.474300491873,29.9292963474684],[-82.4743169241755,29.9292278472181],[-82.4742919562345,29.9291619797257],[-82.4742211602551,29.9291314187705],[-82.4741464768802,29.9291073446297],[-82.4740795726058,29.929070295005],[-82.4740394432446,29.9290107407051],[-82.4739993108249,29.9289511863444],[-82.4739591774177,29.9288916319552],[-82.4739009807719,29.9288378405747],[-82.4735181625277,29.928103955331],[-82.4731749234341,29.927667823425],[-82.4725412894763,29.9268676608766],[-82.4724967062915,29.9268447549183],[-82.4724531636272,29.9268223829791],[-82.4724187057413,29.9267425711353],[-82.4723575554708,29.926687378028],[-82.4722823244127,29.9266440222553],[-82.4722138888337,29.9266067972262],[-82.4721385328393,29.9265694640332],[-82.4720843012594,29.9265143770894],[-82.4720300707569,29.9264592910409],[-82.4719759602802,29.9263981786189],[-82.4719148094323,29.9263429852872],[-82.4718605791357,29.9262878982658],[-82.4717993064093,29.9262387293943],[-82.4717381568117,29.9261835350934],[-82.4716839246106,29.9261284488679],[-82.4716367349951,29.9260674426522],[-82.4715542181629,29.9260420545535],[-82.4714712069655,29.9260407679719],[-82.4713812825533,29.926039375086],[-82.4712985175679,29.9260260366924],[-82.471216001929,29.9260006465924],[-82.4711328697001,29.9260053870324],[-82.4710498595743,29.9260041001997],[-82.47096672739,29.9260088378281],[-82.4708901441767,29.9260317606673],[-82.4708201078811,29.9260728659905],[-82.4707704541644,29.9261323701296],[-82.4706870724523,29.9261491601354],[-82.47060418742,29.9261418476526],[-82.4705287133474,29.9261105407992],[-82.4704602767222,29.9260733148196],[-82.4703920874829,29.9260240380216],[-82.4703237761748,29.9259807875052],[-82.4702553418052,29.9259435605481],[-82.4701871527568,29.9258942836429],[-82.4701188395561,29.925851032987],[-82.4700433638049,29.9258197249188],[-82.4699751738926,29.9257704487886],[-82.4698995761044,29.9257451660525],[-82.4698166894147,29.9257378521366],[-82.4697334352038,29.9257486162009],[-82.4696635218226,29.9257836955073],[-82.469675877098,29.9258562157949],[-82.4696886516475,29.9258843164395],[-82.4697089874913,29.92592905805],[-82.4697702599905,29.9259782297213],[-82.469803490554,29.926045047407],[-82.4698437627615,29.9261059451967],[-82.4698422835298,29.9261782499652],[-82.4698408063484,29.9262505556676],[-82.4698393271124,29.9263228604353],[-82.4698103046744,29.9263887124548],[-82.4697812770202,29.9264545643872],[-82.4697385429688,29.9265141754836],[-82.4696958057595,29.9265737865177],[-82.4696325627882,29.9266210230071],[-82.469567106917,29.9266625461116],[-82.4694992824288,29.9267093658842],[-82.4694425880221,29.926774788515],[-82.4693861389469,29.9268281594069],[-82.4693228946124,29.9268753966316],[-82.4692594068671,29.9269346855714],[-82.4692029575841,29.9269880572857],[-82.4691602177968,29.9270476672085],[-82.4691037705043,29.9271010371076],[-82.4690609093927,29.9271666751331],[-82.4690249657011,29.927232417781],[-82.4690304053168,29.9273048317126],[-82.4690636389884,29.9273716469212],[-82.4690994549065,29.9273748067005],[-82.4691465238796,29.9273789612648],[-82.4692292876323,29.9273923009855],[-82.4692976015243,29.9274355511984],[-82.469344790353,29.9274965582509],[-82.4693990230207,29.9275516463576],[-82.4694392955543,29.9276125460685],[-82.4694935283562,29.9276676332335],[-82.4695197196915,29.9277403681759],[-82.4695251597511,29.9278127793779],[-82.4695236812422,29.9278850868553],[-82.4695014482988,29.9279570696435],[-82.4694722988447,29.9280289469288],[-82.4694295628947,29.9280885579009],[-82.4694072086783,29.9281665670035],[-82.4693507577943,29.9282199360542],[-82.4693080216893,29.9282795469857],[-82.469251571668,29.9283329187152],[-82.4691816552617,29.9283679977411],[-82.469098644222,29.9283667096872],[-82.4690197617713,29.9283539967649],[-82.4690158786208,29.9283533707708],[-82.4689404033867,29.928322062105],[-82.4688791287799,29.9282728918423],[-82.4688035303645,29.9282476102982],[-82.4687205183947,29.9282463219884],[-82.4686375064087,29.9282450345281],[-82.4685544965143,29.9282437461451],[-82.4684714866221,29.9282424577096],[-82.4683881058933,29.9282592444923],[-82.4683047230652,29.9282760311898],[-82.4682214665443,29.9282867951922],[-82.4681383323142,29.9282915310234],[-82.468120885562,29.9283045626631],[-82.4680749651954,29.928344794872],[-82.4680185145113,29.9283981642654],[-82.4679351335567,29.9284149516614],[-82.4678652176633,29.92845003],[-82.4678087667513,29.9285034020086],[-82.4677319322416,29.9285383710486],[-82.4676549773918,29.9285793690952],[-82.4675715952065,29.9285961553413],[-82.4674948848503,29.9286251015686],[-82.4674115046338,29.9286418895489],[-82.4673349165167,29.928664809369],[-82.4672511662281,29.9286996725305],[-82.4671812488386,29.9287347513889],[-82.4670976217898,29.928763589057],[-82.4670143616595,29.9287743504389],[-82.4669444461865,29.9288094301047],[-82.4668678588865,29.9288323487655],[-82.4667911481243,29.9288612954818],[-82.4667078910225,29.928872054913],[-82.4666308079863,29.9289190767845],[-82.466553975773,29.9289540487881],[-82.4664705931055,29.9289708334304],[-82.4663940065334,29.9289937554376],[-82.4663172934927,29.9290226991377],[-82.4662334191208,29.929063587943],[-82.4661567059608,29.9290925324509],[-82.4660732006746,29.9291153449558],[-82.466003036791,29.9291624730852],[-82.465939792449,29.9292097096167],[-82.4658632045715,29.9292326294929],[-82.465793163938,29.9292737321159],[-82.4657165770129,29.9292966519222],[-82.4656330683473,29.9293194640977],[-82.4655698237663,29.9293666986459],[-82.4655064535484,29.9294199612304],[-82.4654162772146,29.9294306131968],[-82.4653529069105,29.9294838739026],[-82.4652829893155,29.9295189526629],[-82.4652130716896,29.9295540304838],[-82.4651364833974,29.9295769490321],[-82.4650534734708,29.9295756584451],[-82.4649705818514,29.9295683423326],[-82.4648875719341,29.9295670516404],[-82.4648124501402,29.9295494464937],[-82.4648049304267,29.9295476846865],[-82.4647219174222,29.929546393841],[-82.4646389054554,29.9295451029589],[-82.4645634286058,29.9295137926422],[-82.4645091996201,29.9294587025728],[-82.4644759693869,29.9293918844311],[-82.4644358216364,29.9293249586956],[-82.4643955514767,29.9292640574537],[-82.4643692379024,29.9291973468547],[-82.4643290923551,29.9291304220197],[-82.4643029034192,29.9290576860306],[-82.4642626344664,29.9289967856646],[-82.4642294045722,29.9289299665558],[-82.4641892561204,29.9288630416281],[-82.4641491118836,29.9287961158502],[-82.4641367572086,29.9287235932056],[-82.4641245270464,29.9286450487914],[-82.4641190940596,29.9285726338101],[-82.4641205764583,29.9285003291038],[-82.4640803047367,29.9284394286307],[-82.464019036606,29.9283902561578],[-82.4639648074817,29.928335166744],[-82.4638892061463,29.9283098813954],[-82.4638061972765,29.9283085909194],[-82.4637231863562,29.9283072994565],[-82.4636531444541,29.9283484009214],[-82.4635698884594,29.9283591592751],[-82.4634866272319,29.9283699192994],[-82.4634233821977,29.9284171546182],[-82.4633668053755,29.9284765482988],[-82.4633240645512,29.9285361563572],[-82.4632950330225,29.9286020059539],[-82.4632385806406,29.928655374203],[-82.463202633573,29.9287211161623],[-82.4631529739682,29.9287806173991],[-82.4631033143039,29.9288401186168],[-82.4630605731465,29.9288997274894],[-82.4630537343853,29.928973952824],[-82.4630502383521,29.9289773316382],[-82.4630140802194,29.9290122957694],[-82.4629807721875,29.9290793067627],[-82.4629585352514,29.9291512893508],[-82.4629020803238,29.9292046565182],[-82.4628456273512,29.9292580263992],[-82.4628028868948,29.9293176352018],[-82.4627396378252,29.9293648701383],[-82.4626968962236,29.9294244788897],[-82.46265788768,29.9294506760942],[-82.4626267305564,29.9294716034041],[-82.4625838641595,29.9295372383943],[-82.4625778995221,29.9295653070002],[-82.4625685465025,29.9296093277265],[-82.4625323683064,29.929630558523],[-82.4624985031857,29.9296504294712],[-82.4624694718009,29.9297162797972],[-82.4624641894007,29.9297282621184],[-82.4624404413948,29.9297821310344],[-82.4623907818383,29.9298416319932],[-82.4623685453765,29.9299136126887],[-82.4623463077913,29.92998559607],[-82.4623240702109,29.930057577643],[-82.4622950406811,29.9301234270584],[-82.4622453808669,29.9301829279603],[-82.4622026365269,29.9302425374162],[-82.4621803998019,29.9303145198815],[-82.4621444493806,29.9303802606073],[-82.4621222156893,29.9304522431103],[-82.4620862661966,29.9305179847374],[-82.4620364792911,29.9305835108992],[-82.4619937387956,29.9306431203494],[-82.4619440775425,29.9307026193144],[-82.4619149207772,29.9307744948848],[-82.4618721791095,29.9308341033763],[-82.4618568586463,29.9309061934874],[-82.4618004052172,29.9309595611225],[-82.4617713709343,29.9310254103525],[-82.4617491337028,29.931097393642],[-82.4617201014537,29.9311632410881],[-82.4616636467325,29.931216610451],[-82.4616552448272,29.9312888064798],[-82.4616125017467,29.931348414868],[-82.4615560448283,29.9314017823474],[-82.4614995899203,29.9314551498345],[-82.4614550059421,29.9314775144419],[-82.4614296696134,29.9314902247271],[-82.4613530799534,29.9315131428782],[-82.4612700653508,29.9315118498439],[-82.4611872981986,29.9314985050789],[-82.4611045321228,29.9314851593757],[-82.4610360973422,29.931447931223],[-82.4609677843254,29.9314046749084],[-82.4608993497071,29.931367443978],[-82.4608380813636,29.9313182691258],[-82.4607555618754,29.9312928751161],[-82.4606871253426,29.9312556440422],[-82.4606258550835,29.9312064699599],[-82.4605576682167,29.9311571889771],[-82.4604893566624,29.9311139315259],[-82.460421045112,29.9310706767449],[-82.4603528584772,29.9310213938509],[-82.4602986299499,29.9309663029297],[-82.4602583606077,29.930905401309],[-82.460211173633,29.9308443927692],[-82.4601780706387,29.9307715481726],[-82.4601308837955,29.9307105387013],[-82.4600907394943,29.9306436107544],[-82.4600714719432,29.9305709817583],[-82.4600729573187,29.9304986771094],[-82.4600745654746,29.9304203452526],[-82.4600342964725,29.9303594444622],[-82.4599800695561,29.9303043516183],[-82.4599045946525,29.9302730377313],[-82.4598215831766,29.9302717438104],[-82.4597583320813,29.9303189773028],[-82.4597326805981,29.9303658855663],[-82.4597223800179,29.9303847191673],[-82.4596591319103,29.9304319526597],[-82.4596368933178,29.9305039337898],[-82.4596077370121,29.9305758088796],[-82.459578702423,29.9306416576414],[-82.4595427511965,29.9307073976671],[-82.4595068019751,29.9307731386168],[-82.4594639329358,29.9308387734804],[-82.4593940134166,29.9308738454995],[-82.4593512670863,29.9309334531189],[-82.4592680074044,29.9309442096202],[-82.459184870486,29.9309489415679],[-82.4591018553477,29.9309476471422],[-82.4590262574039,29.9309223590549],[-82.4589580715446,29.9308730763357],[-82.458903841838,29.9308179829998],[-82.4588968975332,29.9308074793884],[-82.4588635744283,29.9307570818673],[-82.458823308122,29.9306961798363],[-82.4587969968388,29.9306294699127],[-82.4587986080744,29.9305511381047],[-82.4588000933407,29.930478833454],[-82.4587946631191,29.9304064173442],[-82.4587962743157,29.9303280873388],[-82.4587977596175,29.9302557808829],[-82.4587993708093,29.9301774508765],[-82.4587801032761,29.9301048207694],[-82.4587399590574,29.9300378941929],[-82.4587067325306,29.9299710736877],[-82.458680548508,29.9298983374969],[-82.4586404044584,29.9298314099866],[-82.4586002625154,29.9297644833981],[-82.4585880356238,29.9296859357511],[-82.4585477709379,29.9296250345482],[-82.4585005846055,29.9295640244675],[-82.4584603179886,29.9295031214008],[-82.458427092883,29.929436299936],[-82.4583868252903,29.929375398634],[-82.4583465577655,29.9293144964173],[-82.458306415194,29.9292475697196],[-82.4582733130935,29.9291747246158],[-82.458240088205,29.9291079040037],[-82.458178945394,29.9290527042995],[-82.4581317605956,29.9289916940992],[-82.4580707397459,29.9289304689252],[-82.4580024318606,29.9288872092827],[-82.4579339989977,29.9288499794845],[-82.4578656901918,29.9288067197541],[-82.4578185057027,29.9287457094397],[-82.457764403743,29.9286845920725],[-82.457724263908,29.9286176643233],[-82.4576770774875,29.9285566557287],[-82.4576088928863,29.9285073722813],[-82.4575951638144,29.9284955094338],[-82.4575497937016,29.9284577054425],[-82.4575423195271,29.9283797560738],[-82.457495135421,29.9283187465427],[-82.4574549959154,29.9282518187091],[-82.4574078098712,29.9281908082116],[-82.4573535855774,29.9281357151721],[-82.4572993603081,29.9280806220938],[-82.4572380926498,29.9280314463972],[-82.4571700325627,29.9279761382351],[-82.4571018496473,29.9279268545374],[-82.4570266253652,29.9278834891153],[-82.4569581936153,29.927846256098],[-82.4568969262705,29.9277970802408],[-82.4568356599662,29.9277479070769],[-82.456767230471,29.9277106730896],[-82.4566990469021,29.9276613891649],[-82.4566308623841,29.9276121042863],[-82.456562431968,29.9275748728813],[-82.4565011649865,29.9275256968379],[-82.4564328566244,29.927482439045],[-82.4563572620166,29.9274571485073],[-82.4562890798423,29.9274078652862],[-82.4562208956832,29.9273585810951],[-82.456152464597,29.9273213476549],[-82.4560913230293,29.9272661460495],[-82.4560159746486,29.9272288045114],[-82.4559476677375,29.9271855464806],[-82.455872320489,29.9271482057777],[-82.4557967252243,29.9271229158013],[-82.4557282944782,29.9270856812367],[-82.4556602348445,29.9270303722693],[-82.4556060121723,29.9269752775988],[-82.4555517874521,29.9269201846773],[-82.4554764385012,29.9268828428114],[-82.4553939271945,29.9268574445593],[-82.4553257448745,29.9268081608179],[-82.4552573134491,29.926770927794],[-82.455181843737,29.9267396120933],[-82.4551066191586,29.9266962437274],[-82.4550453554925,29.9266470679334],[-82.4549697598029,29.9266217765603],[-82.4549013296749,29.9265845433658],[-82.4548400651439,29.9265353674592],[-82.4547788007107,29.9264861897197],[-82.4546960396361,29.9264728417632],[-82.4546205661854,29.9264415256734],[-82.4545522625133,29.9263982660421],[-82.4544771635823,29.9263488737492],[-82.454401816523,29.9263115303773],[-82.4543265925723,29.9262681633656],[-82.4542584111865,29.926218879066],[-82.4541831904751,29.9261755120202],[-82.4541220496718,29.9261203094738],[-82.4540394121153,29.9261009347996],[-82.4539709837492,29.9260637002315],[-82.4539025543802,29.9260264665132],[-82.453819546532,29.9260251687857],[-82.453751117265,29.9259879340862],[-82.4536898536901,29.9259387567369],[-82.4536216739005,29.9258894712185],[-82.4535463254033,29.9258521291243],[-82.4534781457257,29.9258028444328],[-82.453395386431,29.9257894956694],[-82.4533126250874,29.9257761468213],[-82.4532514860494,29.9257209438826],[-82.4531619317163,29.9257014595756],[-82.4530723794336,29.9256819779456],[-82.4529897413924,29.9256626034939],[-82.4529141490467,29.925637310964],[-82.4528245937453,29.9256178300178],[-82.4527489994419,29.9255925355561],[-82.4526662404203,29.9255791863314],[-82.4525908946259,29.9255418419148],[-82.452507885129,29.925540543323],[-82.452424753429,29.9255452718975],[-82.4523548340408,29.9255803437631],[-82.4522782437938,29.9256032538607],[-82.45219498885,29.9256140058838],[-82.4521878230715,29.9256259475142],[-82.452178895752,29.9256311864081],[-82.4521177803206,29.9256670446515],[-82.4520410666878,29.9256959818125],[-82.4519710228285,29.9257370770508],[-82.4519077729588,29.925784306799],[-82.4518378522029,29.9258193774696],[-82.4517813952649,29.9258727398869],[-82.4517249372307,29.9259261022635],[-82.4516616870863,29.9259733336961],[-82.4516189382617,29.9260329370095],[-82.4516067773447,29.9260444322945],[-82.4515624800491,29.9260862993154],[-82.4515334445263,29.9261521472666],[-82.4515044058956,29.9262179933584],[-82.4514615345695,29.9262836256411],[-82.4514260788212,29.9263252619675],[-82.4513970390146,29.9263911089204],[-82.4513542929393,29.9264507130961],[-82.4513115447231,29.9265103181272],[-82.4512825089285,29.9265761651185],[-82.4512396363029,29.9266417955064],[-82.4512173903857,29.9267137751952],[-82.4511883554862,29.9267796230828],[-82.4511593185142,29.9268454691273],[-82.4511370734543,29.9269174524255],[-82.4511355816453,29.9269897560912],[-82.4511064181477,29.927061629275],[-82.4510636716094,29.9271212333527],[-82.4510621797066,29.9271935388205],[-82.451039934517,29.9272655211982],[-82.4510176903865,29.9273375008819],[-82.4509954462237,29.9274094805614],[-82.4509664089025,29.9274753283638],[-82.4509509577456,29.9275534426139],[-82.4509356308964,29.9276255314816],[-82.4509065914386,29.9276913774331],[-82.4508775550115,29.9277572252305],[-82.4508485154952,29.9278230702665],[-82.4508262720622,29.9278950535387],[-82.4507698134006,29.927948415511],[-82.450763540618,29.9279598856138],[-82.4507338572996,29.9280141540332],[-82.4506841916136,29.9280736505588],[-82.4506619459901,29.9281456310633],[-82.4506327828832,29.9282175023471],[-82.4506037450852,29.9282833500648],[-82.4505677898257,29.9283490867519],[-82.4505387519463,29.9284149344545],[-82.4505234236293,29.9284870232527],[-82.4504942603032,29.9285588954058],[-82.4504927690185,29.9286311999731],[-82.4504773172719,29.9287093159642],[-82.4504482771747,29.9287751627103],[-82.4504191168162,29.9288470348936],[-82.4503900787112,29.9289128816586],[-82.4503610374796,29.9289787274662],[-82.4503181652789,29.9290443575722],[-82.4502891270306,29.9291102052157],[-82.4502325419589,29.9291695932157],[-82.4502172143388,29.92924168199],[-82.4501881760218,29.9293075269041],[-82.4501659297064,29.9293795100232],[-82.4501299727061,29.92944524747],[-82.4501009331989,29.9295110941515],[-82.4500581839486,29.929570698775],[-82.4500291443571,29.9296365454399],[-82.4499863950097,29.9296961500393],[-82.4499641505695,29.9297681313502],[-82.4499419040631,29.9298401108206],[-82.4499059467478,29.9299058482035],[-82.4498562785842,29.9299653443898],[-82.4498271174293,29.9300372173364],[-82.4498117873098,29.9301093060258],[-82.4497621189881,29.9301688021754],[-82.4497330800796,29.9302346478856],[-82.4497040410953,29.9303004953932],[-82.4496750020912,29.9303663419918],[-82.4496527562582,29.9304383223278],[-82.4495961690136,29.9304977100302],[-82.4495671298989,29.9305635557019],[-82.4495243798565,29.930623161048],[-82.4494816297815,29.9306827654778],[-82.449476641279,29.9307255851078],[-82.4494237990361,29.9308024077951],[-82.4493673369325,29.9308557691339],[-82.4493450897312,29.9309277493985],[-82.4492886295666,29.9309811116372],[-82.4492784342554,29.9310290577234],[-82.4492732999462,29.9310532002743],[-82.449252975608,29.9310651241604],[-82.449203251163,29.931094294014],[-82.4491535830198,29.9311537899442],[-82.4491463077272,29.9312162383353],[-82.4491451730049,29.9312259878923],[-82.4491079728348,29.9312705476889],[-82.4490955027084,29.9312854828654],[-82.4490389167376,29.9313448694532],[-82.4490356345857,29.9313730237459],[-82.4490305056062,29.9314170664746],[-82.4490082579978,29.9314890484827],[-82.4489721739757,29.9315608109606],[-82.4488955834953,29.9315837200511],[-82.4488665404545,29.931649567317],[-82.4487963665969,29.9316966871152],[-82.4487264416337,29.9317317552214],[-82.448669979644,29.9317851171736],[-82.448606723354,29.9318323434837],[-82.4485235862014,29.9318370695781],[-82.4484403235539,29.9318478191753],[-82.4483570588171,29.931858568687],[-82.448353204381,29.9318585073667],[-82.4482740461853,29.9318572665413],[-82.4481906579545,29.931874041339],[-82.4481207336321,29.9319091118434],[-82.4481083032651,29.9319153440191],[-82.4480508072825,29.9319441777679],[-82.4479675465279,29.9319549289008],[-82.4478909503525,29.9319778364196],[-82.447807813044,29.9319825620593],[-82.4477248002971,29.9319812604673],[-82.4476417844457,29.931979958774],[-82.447551855029,29.9319785477138],[-82.4474688391821,29.9319772459108],[-82.4473860745514,29.9319638915342],[-82.4473033109226,29.9319505398276],[-82.4472205452636,29.9319371871341],[-82.4472085129297,29.9319334830833],[-82.4471380308336,29.9319117836719],[-82.4470552642122,29.9318984299556],[-82.4469724996468,29.9318850780235],[-82.4468894880467,29.931883775016],[-82.446806848141,29.9318643958009],[-82.44673149869,29.9318270507199],[-82.4466484860872,29.9318257484453],[-82.4465730121605,29.931794426843],[-82.4464903713366,29.9317750483136],[-82.4464147759749,29.9317497529446],[-82.4463252185636,29.9317302648877],[-82.4462424542367,29.9317169124938],[-82.4461598135605,29.9316975328537],[-82.4460769236529,29.9316902039085],[-82.4459941604469,29.9316768504719],[-82.4459113972259,29.9316634987868],[-82.4458287556231,29.9316441189214],[-82.4457603254805,29.9316068800611],[-82.445677561351,29.9315935264079],[-82.4456019663532,29.9315682296671],[-82.4455337856585,29.9315189408439],[-82.4454653557315,29.9314817009271],[-82.4453897567118,29.9314564049005],[-82.4453142855153,29.931425083506],[-82.4452386886484,29.9313997874246],[-82.4451630918387,29.9313744903975],[-82.4450805763314,29.9313490856046],[-82.4450121487438,29.9313118463849],[-82.4449297590823,29.9312804152384],[-82.4448542860748,29.9312490944477],[-82.4447718965154,29.9312176632017],[-82.4446964236427,29.9311863405158],[-82.4446137857435,29.9311669617353],[-82.4445383140135,29.9311356380725],[-82.444466176538,29.9311240006701],[-82.4444555494054,29.9311222836299],[-82.4444394111397,29.9311120625259],[-82.4443872458879,29.9310790195963],[-82.4443117742587,29.9310476976066],[-82.4442602448943,29.931045739656],[-82.4441812956315,29.9310391417978],[-82.4441225119244,29.9309922952574],[-82.4440771109046,29.9309357083915],[-82.4440370581331,29.9308753797884],[-82.44402199278,29.9308264020569],[-82.4440164759431,29.9308084698033],[-82.4440058329642,29.9307707969168],[-82.4439349412969,29.930733478712],[-82.4433885361359,29.9301501970151],[-82.4432136564275,29.9300093238092],[-82.4431906678876,29.9299818557964],[-82.4431630485238,29.9299685577384],[-82.4431201240138,29.9299478928224],[-82.4430495802069,29.9299139289083],[-82.4429833008923,29.9298763821927],[-82.4429298947236,29.9298244368228],[-82.4428636911187,29.9297832405474],[-82.4427975652469,29.929738394772],[-82.4427356261807,29.929693616576],[-82.4426736892788,29.929648836579],[-82.4426160158426,29.9296004737847],[-82.4425540790154,29.9295556955348],[-82.4424791935066,29.9295289653321],[-82.4424525402456,29.9295080976118],[-82.4424173345151,29.929480535747],[-82.4423727814683,29.9294757407174],[-82.4423378811388,29.9294719852851],[-82.4422586567274,29.9294524863115],[-82.4421925282051,29.9294076419845],[-82.4421612845849,29.9293899421748],[-82.4421262505506,29.9293700966537],[-82.4420557064584,29.9293361321861],[-82.4419895812493,29.929291286001],[-82.4419319083539,29.9292429229039],[-82.4418785010233,29.9291909761679],[-82.4418122247425,29.9291534270857],[-82.4417416819285,29.9291194633666],[-82.4416621552846,29.9291145638293],[-82.4415825509635,29.9291133119055],[-82.4415106455251,29.9291450354082],[-82.4414347045752,29.9291693949265],[-82.4413547229687,29.9291863894697],[-82.441335040006,29.9291966782426],[-82.4412869326841,29.9292218264617],[-82.4412070256397,29.9292351714002],[-82.4411392352131,29.9292706110215],[-82.4410591778038,29.9292912548822],[-82.4409833102337,29.9293119646076],[-82.4409034808422,29.9293216589934],[-82.4408234990222,29.9293386532118],[-82.4407438209208,29.9293410503085],[-82.4406642164297,29.9293397978262],[-82.440584613993,29.9293385462302],[-82.4405053132871,29.9293226965787],[-82.4404257855619,29.929317793568],[-82.440372256473,29.9293169512263],[-82.4403461821291,29.9293165409086],[-82.4403139916676,29.9293242298905],[-82.4402669582141,29.9292970416314],[-82.4401873537643,29.9292957888591],[-82.4401123954543,29.9292727068319],[-82.4400329434595,29.9292641558891],[-82.4399533411289,29.9292629021052],[-82.4398737367104,29.9292616491422],[-82.439794134365,29.9292603961634],[-82.4397220778449,29.9292994176941],[-82.4396665525955,29.9293496496809],[-82.4396734905802,29.9294191192841],[-82.439684621598,29.9294886530869],[-82.4396957536482,29.9295581878067],[-82.439719527945,29.9296242726463],[-82.4397306600723,29.9296938055584],[-82.4397124629612,29.9297628776933],[-82.4396984536285,29.9298320166497],[-82.4396553462924,29.9298897463899],[-82.4396122368724,29.9299474742789],[-82.4395608253419,29.9300014234768],[-82.4395384370984,29.9300704305123],[-82.4395202408201,29.9301395026348],[-82.4395062333904,29.9302086406992],[-82.4394964147617,29.9302778474128],[-82.4394782173994,29.93034691861],[-82.4394683998105,29.930416123533],[-82.4394312466206,29.9305907608659],[-82.4394396395452,29.9306955954069],[-82.439449695191,29.9307115177256],[-82.4394608261782,29.9307810524422],[-82.4394929805029,29.9308472683391],[-82.4395124924498,29.9309169349895],[-82.439532000263,29.9309866024735],[-82.4395305605049,29.9310559374811],[-82.4394998699071,29.9311211631194],[-82.4394319271931,29.9311638990566],[-82.4393641348163,29.9311993377531],[-82.439279960252,29.931216264142],[-82.4392005078282,29.9312077118095],[-82.439134230141,29.9311701631652],[-82.4391231181023,29.9311555271045],[-82.4390893546027,29.931111049154],[-82.439031758845,29.9310590353062],[-82.4389570267017,29.9310250050336],[-82.438895090692,29.9309802223516],[-82.4388288858818,29.9309390258107],[-82.4387755570893,29.9308834283521],[-82.4387221505275,29.9308314803351],[-82.4386645561599,29.9307794663408],[-82.4386111496934,29.9307275191801],[-82.4385577453914,29.9306755702261],[-82.4385086057826,29.9306200386325],[-82.4384551994834,29.9305680914075],[-82.4383932628933,29.930523311176],[-82.4383398598506,29.9304713621485],[-82.4382864537384,29.9304194139521],[-82.4382331234574,29.9303638162375],[-82.4381754538396,29.9303154515222],[-82.4381006436812,29.9302850693038],[-82.4380211941753,29.9302765162875],[-82.4379419668256,29.9302570164577],[-82.4378623637068,29.9302557623042],[-82.4377824564058,29.9302691051674],[-82.4377027016898,29.9302751499085],[-82.4376228691327,29.9302848422602],[-82.437609598485,29.9302945006615],[-82.4375590402774,29.9303312936471],[-82.4375075506514,29.9303888888103],[-82.4374313783016,29.9304241935558],[-82.437371661308,29.9304743603411],[-82.4373204746977,29.9305173592519],[-82.4372814798134,29.9305788028315],[-82.4372095740112,29.9306105240004],[-82.4371458174808,29.9306533247383],[-82.4370944053182,29.9307072711768],[-82.437034762787,29.9307537873937],[-82.4369709323008,29.9308002393778],[-82.436899024168,29.9308319603429],[-82.4368312311515,29.9308673959246],[-82.4367511705426,29.9308880362295],[-82.4366713414861,29.9308977307716],[-82.436591734763,29.9308964757965],[-82.4365340656354,29.9308481103601],[-82.4364722066316,29.93079967884],[-82.4364102708099,29.9307548967691],[-82.4363570193523,29.9306956470255],[-82.4363079567917,29.930636466013],[-82.436279862131,29.9305881526085],[-82.436271536799,29.9305738336323],[-82.4362351958077,29.9305075517953],[-82.4361946638936,29.9304412047666],[-82.4361625108453,29.9303749889429],[-82.4361134485778,29.930315806954],[-82.4360854865687,29.9302496571968],[-82.4360490689292,29.9301870247849],[-82.4360463191309,29.9301176237064],[-82.4360268128981,29.9300479556819],[-82.4360114955357,29.9299783546126],[-82.4359961771779,29.929908752623],[-82.4359573392009,29.929852380944],[-82.4359554960406,29.9298497036375],[-82.4359401776669,29.9297801052486],[-82.435924860444,29.9297105023637],[-82.4358895308488,29.9295585136964],[-82.4358586859692,29.9294258011234],[-82.4358132965406,29.9292305285172],[-82.4357895259354,29.9291644447865],[-82.4357700189969,29.929094778506],[-82.4357463222663,29.929025044337],[-82.4356520261442,29.928751565221],[-82.4356278400356,29.9286763788501],[-82.4355914242972,29.9286137463193],[-82.4355465530584,29.928554631098],[-82.4354974909842,29.9284954506573],[-82.4354312913672,29.9284542497165],[-82.4353650179595,29.9284167000738],[-82.4352988174144,29.9283754990495],[-82.4352327696904,29.928327000822],[-82.4351532440211,29.928322096428],[-82.4350694536971,29.9283207744918],[-82.4349898500955,29.9283195185586],[-82.4349098680895,29.9283365082631],[-82.4348800907317,29.9283496450585],[-82.4348379631346,29.9283682290369],[-82.4347581317745,29.9283779223488],[-82.4346742634706,29.9283802478177],[-82.4346406710224,29.928383367513],[-82.4346208467938,29.9283794039868],[-82.4345613720091,29.9283675151613],[-82.4344817715018,29.9283662580662],[-82.4344021678712,29.9283650017756],[-82.4343227170569,29.9283564491702],[-82.4342431904296,29.9283515415009],[-82.4341639684829,29.9283320385285],[-82.4340843659192,29.928330782061],[-82.4340047643932,29.9283295255614],[-82.4339253126434,29.9283209708944],[-82.433845711146,29.9283197133962],[-82.4337661075607,29.9283184567188],[-82.4336900883297,29.9283464630272],[-82.4336510151302,29.9284115523075],[-82.4336495733184,29.9284808900033],[-82.4336775332446,29.9285470384863],[-82.4337224033299,29.9286061561524],[-82.4337602752342,29.9286560519291],[-82.4337672735062,29.9286652719989],[-82.4338164095153,29.928720804479],[-82.4338439659119,29.9287608016008],[-82.4338570930418,29.928779855102],[-82.4338626718065,29.9287830181969],[-82.4340985852558,29.9290574555365],[-82.4342657292209,29.9292827732892],[-82.4343021443685,29.9293454061854],[-82.4343384857154,29.9294116885979],[-82.4343370423356,29.9294810244591],[-82.4343355240337,29.9295540116343],[-82.4343131343502,29.9296230169091],[-82.4342451893936,29.9296657501429],[-82.4341650532729,29.929690039264],[-82.434085602492,29.929681484728],[-82.4340107202036,29.9296547496972],[-82.4339273063646,29.9296351795281],[-82.4338523482555,29.9296120920964],[-82.4337861495559,29.9295708930497],[-82.4337445565617,29.9295556354637],[-82.4337362527832,29.9295518518748],[-82.4336615236075,29.9295178176729],[-82.4335867164665,29.9294874328892],[-82.4335204420312,29.9294498822993],[-82.433462774185,29.9294015163899],[-82.4334051823846,29.9293494991573],[-82.4333560463319,29.9292939647216],[-82.4333069852166,29.9292347825614],[-82.4332578492381,29.9291792498924],[-82.4332171700277,29.9291202000525],[-82.4331680321225,29.9290646655126],[-82.4331271142155,29.9290046960419],[-82.4328301094076,29.9286316472696],[-82.4328292579922,29.9286285578921],[-82.4328221192353,29.9286216120469],[-82.4327758567891,29.928576607456],[-82.4327351760786,29.9285175556268],[-82.4326732433653,29.9284727717796],[-82.4326241080994,29.9284172397713],[-82.4325707831179,29.9283616388554],[-82.4325386341758,29.928295423049],[-82.4325115699686,29.9282396784076],[-82.4325064852954,29.9282292063324],[-82.4324574252124,29.9281700238488],[-82.4324125549853,29.9281109084366],[-82.432354889548,29.9280625393443],[-82.4323142092797,29.9280034882838],[-82.432256542842,29.9279551227394],[-82.4321946117872,29.9279103359741],[-82.4321240720725,29.9278763688563],[-82.4320664818576,29.9278243510284],[-82.4320045519493,29.927779566895],[-82.4319426960302,29.9277311332063],[-82.4318678917965,29.9277007474523],[-82.431788212741,29.9277031381632],[-82.4317044229842,29.9277018140729],[-82.4316210111836,29.9276822451371],[-82.4316046900458,29.9276819863028],[-82.431541409173,29.9276809871231],[-82.4314666050998,29.9276506011397],[-82.4313918771158,29.9276165647186],[-82.431321339993,29.9275825953961],[-82.4312465339902,29.9275522092539],[-82.4311718061557,29.9275181727069],[-82.4311013462488,29.9274805537892],[-82.4310350720214,29.9274430019023],[-82.4309646101485,29.927405382878],[-82.4309239319739,29.9273463332027],[-82.4308747962476,29.9272907968921],[-82.4308426487641,29.9272245815656],[-82.4307935902064,29.9271653966496],[-82.4307445337408,29.9271062135517],[-82.4307330300429,29.9270549264555],[-82.4307177158355,29.926985323832],[-82.430693947106,29.9269192382295],[-82.4306362841957,29.9268708701958],[-82.4305999462306,29.9268045876441],[-82.4305465471556,29.9267526371932],[-82.4304974900243,29.9266934530824],[-82.4304678487376,29.9266685925782],[-82.4304398252885,29.9266450840266],[-82.4304076783417,29.9265788667859],[-82.4303585442629,29.9265233330005],[-82.4303347748474,29.9264572473139],[-82.430311009587,29.9263911625902],[-82.4302788627894,29.9263249462185],[-82.4302844945698,29.9262556756735],[-82.4303234931399,29.9261942332717],[-82.4303416971437,29.926125163341],[-82.4303468208542,29.9261118777302],[-82.4303682795994,29.9260562231923],[-82.4303697246648,29.9259868873397],[-82.4303837368615,29.9259177484097],[-82.4303599696265,29.9258516636593],[-82.4303151027308,29.9257925475337],[-82.4302659701471,29.9257370128245],[-82.4301910147771,29.9257139241747],[-82.4301072256843,29.9257125990454],[-82.4300276252715,29.9257113401106],[-82.4299480258963,29.9257100811438],[-82.4299130833152,29.9257095284665],[-82.4298684254877,29.9257088221121],[-82.4297892065269,29.9256893155859],[-82.4297143273508,29.9256625789744],[-82.4296347269832,29.9256613198007],[-82.4295597738692,29.925638231724],[-82.4294848948498,29.9256114922752],[-82.4294099417707,29.9255884059167],[-82.4293394057307,29.9255544355044],[-82.4292645268527,29.9255276950274],[-82.4291853070631,29.9255081908249],[-82.4291446307799,29.9254491378819],[-82.4290912321407,29.9253971877172],[-82.4290717306972,29.925327517712],[-82.4290183342325,29.9252755675499],[-82.4289776570895,29.9252165154395],[-82.4289369810305,29.9251574633325],[-82.4289005697665,29.9250948289067],[-82.4288598927676,29.9250357767588],[-82.4288107592634,29.9249802432713],[-82.4287700844546,29.9249211902258],[-82.4287252179277,29.9248620717305],[-82.4286589484171,29.9248245186655],[-82.4286182727081,29.9247654664577],[-82.4285648757473,29.924713516092],[-82.4285157426427,29.9246579788843],[-82.4284753073481,29.9245992769165],[-82.4284750670494,29.9245989284352],[-82.4284743330925,29.924598310474],[-82.4284174034792,29.9245505584642],[-82.4283597420362,29.9245021885003],[-82.4283020795949,29.9244538193964],[-82.4282486840025,29.9244018689168],[-82.4281995522456,29.9243463325075],[-82.4281504215227,29.9242907988019],[-82.428122207114,29.9242498398749],[-82.4281097452991,29.9242317464171],[-82.4280775996515,29.9241655285753],[-82.4280242805149,29.924109926707],[-82.4279836034049,29.9240508742658],[-82.4279302071791,29.9239989227363],[-82.4278895332958,29.9239398694126],[-82.4278700329062,29.9238702028283],[-82.4278293559861,29.9238111503382],[-82.4277674284011,29.9237663650552],[-82.4277182992798,29.9237108293973],[-82.427681888317,29.923648192805],[-82.4276454794145,29.923585558941],[-82.427433647319,29.923293815607],[-82.42740912614,29.9232357884807],[-82.4274056930869,29.9232276630571],[-82.4273942678497,29.9232080078219],[-82.4273692834961,29.9231650281958],[-82.4273286092147,29.9231059764816],[-82.4273058677348,29.9230427369711],[-82.4273048436688,29.9230398902435],[-82.4272853428306,29.9229702235509],[-82.4272447448711,29.9229075214158],[-82.4272040697149,29.9228484705473],[-82.4271776036749,29.9228029400765],[-82.4271676593737,29.9227858347097],[-82.427159867348,29.9227697803206],[-82.4271355158577,29.9227196166453],[-82.4271044473378,29.9226661632673],[-82.4270991076778,29.9226569808208],[-82.4270989891251,29.9226559611508],[-82.4270711527934,29.9225908290818],[-82.4270600324153,29.9225212941854],[-82.4270237005369,29.9224550088471],[-82.4269999342954,29.922388923436],[-82.4269508052303,29.9223333883696],[-82.4268974094326,29.9222814363954],[-82.4268440147451,29.9222294835136],[-82.4267863543615,29.9221811137334],[-82.426732961857,29.9221291608387],[-82.4266710358339,29.9220843741291],[-82.4266176382831,29.9220324202029],[-82.4265557916769,29.921983983996],[-82.4265023952194,29.9219320327448],[-82.4264362809279,29.9218871786605],[-82.4263787744049,29.9218315088306],[-82.4263039752626,29.9218011207685],[-82.4262463174805,29.9217527498797],[-82.4261800489487,29.9217151937137],[-82.4261181244685,29.9216704067575],[-82.4260562000443,29.9216256197719],[-82.4259985393407,29.921577250528],[-82.4259322740884,29.9215396960893],[-82.4258617410967,29.9215057228738],[-82.4257912853956,29.9214681010473],[-82.4257119150356,29.9214558918825],[-82.4256327785672,29.9214327342777],[-82.4255579789369,29.9214023448699],[-82.4254917129135,29.9213647910933],[-82.42541242104,29.9213489295824],[-82.425333207411,29.9213294230751],[-82.4252584089856,29.9212990335123],[-82.4251835354313,29.9212722916102],[-82.4251086628962,29.9212455523877],[-82.4250339419104,29.9212115123198],[-82.4249548006173,29.9211883542225],[-82.4248967615209,29.9211582301755],[-82.4248262301521,29.9211242582214],[-82.4247685724472,29.9210758866626],[-82.4246937744232,29.9210454949726],[-82.4244950545464,29.9209291791272],[-82.4243747091169,29.9208725136109],[-82.4242910548923,29.9208273675967],[-82.4242423303075,29.920790103119],[-82.4241760652466,29.9207525459684],[-82.4241055333769,29.9207185736086],[-82.4240350015932,29.9206845994065],[-82.4239644719099,29.9206506261013],[-82.4239025490926,29.9206058380932],[-82.4238448900676,29.9205574660927],[-82.4237744357466,29.9205198458837],[-82.4236996394434,29.9204894554447],[-82.4236247669379,29.9204627117473],[-82.4235499707235,29.9204323212226],[-82.4234794403497,29.9203983476389],[-82.4234175179085,29.9203535594005],[-82.4233469876359,29.9203195857452],[-82.4232721916143,29.9202891950614],[-82.4232016614372,29.9202552213276],[-82.423135397089,29.9202176654527],[-82.4230648659551,29.9201836925305],[-82.4229986017441,29.9201461347822],[-82.4229236532996,29.9201230428791],[-82.4228531997111,29.920085418565],[-82.4227869345914,29.9200478615947],[-82.4227121389269,29.9200174714923],[-82.42264160808,29.9199834983416],[-82.4225667351865,29.9199567549234],[-82.4224962065222,29.9199227808251],[-82.4224214121141,29.9198923887686],[-82.4223508824909,29.9198584154774],[-82.4222712847976,29.9198571517922],[-82.4221916912482,29.9198558881244],[-82.4221238994037,29.919891317907],[-82.4220519954632,29.9199230307594],[-82.4219759773598,29.9199510266421],[-82.4219163362785,29.9199975360423],[-82.4218525810065,29.9200403293831],[-82.4218487282919,29.920052037794],[-82.4217821962597,29.9200938765882],[-82.4217701734748,29.9201102202983],[-82.4217448314736,29.9201446700709],[-82.421737144573,29.920155122947],[-82.4217138682966,29.9202214801367],[-82.4216742848029,29.9202828124095],[-82.4216130203239,29.9203342684655],[-82.4215572292763,29.9203858096158],[-82.4214905950532,29.9204324152942],[-82.4214348017783,29.9204839581631],[-82.4213681674886,29.9205305610729],[-82.42130163595,29.9205724005398],[-82.4212351001947,29.9206142408089],[-82.421179308756,29.920665783601],[-82.4211022321672,29.9206883907872],[-82.4210917025512,29.9206900524841],[-82.4210198888346,29.9207013805697],[-82.4209429140153,29.920719222433],[-82.4208606703648,29.9207274486576],[-82.4207784246676,29.9207356729936],[-82.4206962797098,29.9207391347388],[-82.4206141358007,29.9207425955469],[-82.420531989796,29.9207460571725],[-82.4204969753401,29.9207784031531],[-82.4204926542125,29.9207823966432],[-82.4204761968639,29.9207976005499],[-82.4204747002973,29.9208690695491],[-82.4204732037096,29.9209405394498],[-82.4204771754142,29.9210120971422],[-82.4204660854771,29.9210756846085],[-82.4204647390664,29.9210833941142],[-82.4204305250807,29.9211495772894],[-82.4204126214119,29.921220786478],[-82.4203843724749,29.9212632338021],[-82.4203284773879,29.9213195387348],[-82.4202888935798,29.9213808733058],[-82.4202628428706,29.9214395283487],[-82.420252935023,29.9214662485896],[-82.4202381168818,29.9215061988097],[-82.4202226778927,29.9215750515364],[-82.4202026166617,29.9216417961212],[-82.4201502005056,29.9216938017711],[-82.4201115670826,29.9217561863317],[-82.4200776320376,29.9218017093944],[-82.4200543573542,29.9218680672319],[-82.4200201428437,29.9219342493938],[-82.4199805544583,29.9219955838029],[-82.4199513010468,29.9220564445351],[-82.4199057982391,29.9221126248268],[-82.4198442243175,29.9221563541871],[-82.4198389748379,29.9221611467749],[-82.4197895193643,29.9222062922431],[-82.4197625045282,29.922270895162],[-82.4197575111557,29.9223028221515],[-82.419751725875,29.9223398183029],[-82.4197316661873,29.9224065655504],[-82.4196792504164,29.9224585710252],[-82.4196360366667,29.9225168177859],[-82.4195721719255,29.922558481337],[-82.4195524776615,29.9225797927719],[-82.4194966832477,29.9226313330185],[-82.4194355170262,29.9226780246063],[-82.4193743507662,29.9227247152634],[-82.4193185561785,29.9227762554335],[-82.4192627583886,29.9228277973342],[-82.4192231723425,29.9228891288533],[-82.4191673754752,29.9229406707294],[-82.4191115816754,29.9229922117289],[-82.419077363024,29.9230583944912],[-82.4190161984134,29.9231050859145],[-82.4189550306577,29.9231517763576],[-82.4189173825128,29.9231445918256],[-82.4188732841301,29.9231361759369],[-82.4188345981993,29.923126860791],[-82.418774323706,29.9230801647418],[-82.41871102477,29.9230385032187],[-82.4186477268849,29.9229968434853],[-82.4185687815104,29.9230057514623],[-82.4184981089015,29.9230376597447],[-82.4184646381006,29.9230539607005],[-82.418427380953,29.9230721070821],[-82.4183510873293,29.9230937596764],[-82.4182725698521,29.9230823490856],[-82.4182330235478,29.9230207399443],[-82.4182191670704,29.9229918886715],[-82.4182022804807,29.9229567272397],[-82.4181833055645,29.9228878226792],[-82.4181702178799,29.9228164699865],[-82.4181365589094,29.9227524144892],[-82.4180910745173,29.9226957898844],[-82.4180662146594,29.9226293307583],[-82.4180354707287,29.9225653207019],[-82.417984102376,29.9225111451337],[-82.4179056407466,29.9224971934251],[-82.4178243666424,29.9224781142702],[-82.4177490842109,29.9224515068651],[-82.4176674373275,29.9224502087115],[-82.4175828776494,29.9224488632574],[-82.4175044683931,29.9224323694597],[-82.4174261103592,29.9224133355541],[-82.417353799306,29.922384236131],[-82.4172935217799,29.9223375411353],[-82.4172089611483,29.9223361963251],[-82.4171272621464,29.9223374369769],[-82.4170509154888,29.9223616306464],[-82.4169802408365,29.9223935353718],[-82.4169095128014,29.9224279827928],[-82.416901269099,29.9224593174755],[-82.4168702188456,29.9224896476113],[-82.4167988738118,29.9225200239023],[-82.4167243311786,29.9225460525042],[-82.4166491944835,29.9225219398367],[-82.4166060121709,29.9224639554882],[-82.4165494699879,29.9224157866012],[-82.4165348212805,29.9223990007118],[-82.4165300976957,29.9223747195194],[-82.416479221472,29.9223221617847],[-82.4164979901262,29.9222534635261],[-82.4165535138373,29.9222025978525],[-82.4166067775113,29.9221634738965],[-82.4166138493567,29.9221582773424],[-82.4166718014918,29.9221096067746],[-82.4167028514501,29.9220454160798],[-82.4167314276472,29.9219811841955],[-82.4167353473262,29.9219122486325],[-82.41669702505,29.9218512648287],[-82.4166537049099,29.921792357949],[-82.4166253681924,29.9217272200874],[-82.4165970767199,29.9216599273449],[-82.4165462429482,29.9216052138075],[-82.416469986139,29.9215824393481],[-82.4163908054896,29.9215811778448],[-82.4163833379957,29.9215832145498],[-82.4163136915331,29.9215993558626],[-82.4162345098178,29.9215980951504],[-82.4161621182111,29.9216271289473],[-82.4161606708427,29.9216961047687],[-82.4161666447506,29.9217651978534],[-82.4162099656254,29.921824104911],[-82.4162658352141,29.9218745866678],[-82.4162593941291,29.9219456394755],[-82.4162579468235,29.9220146152964],[-82.4162987920673,29.9220734810996],[-82.416312705113,29.9221182644941],[-82.4163196600967,29.9221406557149],[-82.4163330595201,29.9222098697181],[-82.4163192414175,29.922278645872],[-82.4162862841219,29.9223414075474],[-82.416240670409,29.9223994101854],[-82.4161773024292,29.922441374161],[-82.4161043439251,29.9224702933386],[-82.4160251996882,29.9224804914126],[-82.4159462357184,29.9224820988063],[-82.415869363751,29.9224622539039],[-82.4157918037393,29.9224753418672],[-82.4157184930672,29.9224426615304],[-82.4156461044233,29.9224443743625],[-82.4156241029705,29.9224741039261],[-82.4155655786062,29.9225204415041],[-82.4154879863905,29.9225349607257],[-82.4154213702562,29.9224966590501],[-82.4153832409125,29.9224330251665],[-82.4153731774374,29.9223641096196],[-82.4153216560266,29.9223117225105],[-82.4152757154287,29.9222557961306],[-82.4152751578931,29.9222551177429],[-82.4152102164807,29.9222154079749],[-82.4151786937296,29.9221504491226],[-82.4151620240801,29.9220828584637],[-82.4150954374113,29.9220431242311],[-82.4150167143025,29.922033274784],[-82.4149449884036,29.9220034849557],[-82.4148658143443,29.9220151147022],[-82.4147906183872,29.9219938639092],[-82.4147119554837,29.9219811504344],[-82.414632959759,29.9219841884741],[-82.4145524140331,29.9219829050143],[-82.4144732689518,29.9219931039378],[-82.4143955887942,29.9220119205667],[-82.4143169259459,29.9219992059525],[-82.4142392748216,29.9220165891971],[-82.4141742950912,29.9220570936743],[-82.4141531545533,29.922124081861],[-82.4141533552598,29.9221928394234],[-82.4141519116033,29.9222615716801],[-82.4141834648199,29.9223250993245],[-82.4142113641266,29.9223590644172],[-82.4142299613284,29.9223817044631],[-82.4142022776155,29.9224471546214],[-82.4141631757549,29.9225081242376],[-82.4141219890471,29.9225014675124],[-82.4140845114889,29.9224954103697],[-82.4140212738068,29.9224528650663],[-82.4139495489958,29.922423072004],[-82.4138719877072,29.9224361597152],[-82.4138070355344,29.9224752334068],[-82.4137565775596,29.9225288585227],[-82.4136789559967,29.9225448099633],[-82.4136555855101,29.9225492998973],[-82.4135997813386,29.9225564398454],[-82.4135190525976,29.9225637463459],[-82.4134421540814,29.9225453315385],[-82.4134337342185,29.9224764420263],[-82.4134368227216,29.922407735995],[-82.4134661211778,29.9223437445873],[-82.4134954517245,29.9222783226368],[-82.4135377803691,29.9222202685579],[-82.4136027314078,29.9221811967865],[-82.4136756613708,29.9221537113921],[-82.4137502065795,29.9221276845587],[-82.4137519722419,29.9221278525616],[-82.4137901998249,29.9221025388572],[-82.4138260441996,29.9220400845712],[-82.4138455405629,29.9219730720298],[-82.4138272285098,29.9219054568093],[-82.4138006356691,29.9218405743878],[-82.4137407473814,29.9217952166241],[-82.4136601986949,29.9217939334678],[-82.4135810246712,29.9218055615353],[-82.4135575920941,29.9218252415855],[-82.4134894407719,29.9218599655564],[-82.4134601424924,29.9219239560698],[-82.4134048522953,29.9219783296144],[-82.4133919526029,29.9220388938642],[-82.413359365487,29.9221028337243],[-82.4133121328612,29.9221593748991],[-82.4132344834879,29.9221767584823],[-82.4131553101067,29.9221883881125],[-82.4130902807223,29.9221924861608],[-82.4130282816358,29.9222078471891],[-82.4129493177963,29.9222094545789],[-82.4128687719096,29.922208170083],[-82.4127898984022,29.9222054793564],[-82.4127164384423,29.922179956495],[-82.4126395673542,29.9221601096952],[-82.4125695466543,29.9221274791446],[-82.4125110612817,29.9220936015013],[-82.4124828269626,29.92202869352],[-82.4124595537739,29.9219624300086],[-82.4124806953438,29.9218954457027],[-82.412532797025,29.9218418454833],[-82.4126009756897,29.9218056886861],[-82.4126754586152,29.9217825280785],[-82.4127468044371,29.9217521513274],[-82.4128053338057,29.921705815073],[-82.4128488233367,29.9216706990558],[-82.4128944106441,29.9216141309044],[-82.4129400280405,29.9215561285602],[-82.4130017835913,29.9215127093749],[-82.4130619227875,29.9214678315334],[-82.413120448735,29.9214214950876],[-82.4131952021252,29.9213854437298],[-82.4132553431899,29.9213405676361],[-82.4133025443824,29.9212854561286],[-82.4133220378445,29.9212184436117],[-82.4133235121194,29.9211482807896],[-82.413260307866,29.9211042991661],[-82.4131814642695,29.9211001771878],[-82.4131024110688,29.9211060790827],[-82.4130312367189,29.921140744681],[-82.4129721968567,29.9211865026368],[-82.4129131579947,29.9212322596803],[-82.4128389393509,29.9212563720467],[-82.4127586732724,29.9212492531476],[-82.4126808481973,29.9212324463335],[-82.4126169484805,29.921190565589],[-82.4126228863307,29.9211206120116],[-82.4126643485943,29.9210609536357],[-82.4126921617778,29.9209963224324],[-82.4127384186945,29.9209376022017],[-82.4127488234275,29.920867720763],[-82.4127502952586,29.9207976932453],[-82.4127316298133,29.9207292944309],[-82.41267682689,29.9206797755502],[-82.4126037115342,29.9206513662274],[-82.4125231617915,29.9206578646804],[-82.412459738817,29.9206996617733],[-82.4124271267451,29.9207633519775],[-82.4123928473224,29.9208195851331],[-82.4123224468089,29.9208550819799],[-82.4122420614904,29.9208537996421],[-82.4121616751385,29.9208525172383],[-82.4120861626614,29.9208318553352],[-82.4120716599357,29.9208206862732],[-82.412026812284,29.9207861534462],[-82.4119488619213,29.9207751802692],[-82.4118733506018,29.9207545173578],[-82.4118048240381,29.9207203456252],[-82.4117362985382,29.9206861747752],[-82.4117086191357,29.9206215199834],[-82.4116447202219,29.9205796387622],[-82.411564335135,29.9205783560081],[-82.4114965696395,29.9206142445555],[-82.4114180876232,29.9206285594739],[-82.4113417593676,29.9206467985366],[-82.4112639718031,29.9206280443019],[-82.4111884606999,29.920607382799],[-82.4111729940527,29.9205993517907],[-82.4110976047295,29.9205728533911],[-82.4110473924326,29.9205175701035],[-82.4110644537746,29.9204497385857],[-82.4111081071887,29.9203920619263],[-82.4111737650791,29.9203503002505],[-82.4112371862628,29.9203085055506],[-82.4112475668624,29.9202672493144],[-82.4112542505078,29.9202406758606],[-82.4112661184264,29.9202033142308],[-82.4112890959615,29.9201791717642],[-82.4113530098893,29.9201378270017],[-82.411430865146,29.9201186721101],[-82.4114564980152,29.9201242973828],[-82.411507961698,29.9201355925776],[-82.4115517897215,29.9201927787205],[-82.4115969952205,29.9202496295179],[-82.411652926773,29.9202956830921],[-82.4117191376963,29.920333709583],[-82.4117946077527,29.9203563181937],[-82.4118724770048,29.9203711817964],[-82.4119530255601,29.9203646819232],[-82.4120251779749,29.9203327547571],[-82.4120993950525,29.9203086446379],[-82.412173616274,29.9202845327385],[-82.4122348464624,29.9202407572489],[-82.4122982682031,29.9201989602471],[-82.4123330707234,29.9201372494737],[-82.412336774192,29.9200672602584],[-82.4123158368953,29.9200007695908],[-82.4123083771697,29.9199305995897],[-82.4122664906511,29.919868402621],[-82.4122499030052,29.9198006693841],[-82.4122079094582,29.9197419418373],[-82.4121659138519,29.9196832160478],[-82.4121330215119,29.9196199290756],[-82.4121055620587,29.9195551605718],[-82.4120544345467,29.9195025645535],[-82.4119867363881,29.9194669642405],[-82.4119153277144,29.9194615777759],[-82.4119076066855,29.9194609953124],[-82.4119049339442,29.9194649543706],[-82.4118727881632,29.9194898691978],[-82.4118519401871,29.9195385603472],[-82.4118343181772,29.9196057496003],[-82.4118005882053,29.9196679727224],[-82.4117314057533,29.9197029581279],[-82.4116516355494,29.9197197059753],[-82.4115795285358,29.9197496864915],[-82.4114991410152,29.9197484036477],[-82.4114187555486,29.9197471216896],[-82.4113408081205,29.9197361490846],[-82.4112629405002,29.9197212842793],[-82.4111850739007,29.9197064212482],[-82.4111119585768,29.9196780146815],[-82.411048063647,29.9196361323136],[-82.4109795780303,29.9196000145201],[-82.4109133668627,29.9195619867345],[-82.4108653896847,29.9195067390423],[-82.4108286954446,29.9194458326615],[-82.4108279371363,29.9193757731442],[-82.4108405356619,29.9193078695047],[-82.4108841887041,29.9192501929148],[-82.4109541450101,29.919216285024],[-82.4110240624135,29.9191843227382],[-82.4111038301557,29.9191766884757],[-82.4111361167372,29.9191666532171],[-82.4112060351015,29.9191346899484],[-82.4112651123533,29.9190869880251],[-82.4113132319707,29.9190293825851],[-82.4113214030322,29.9189594646849],[-82.4113273815268,29.9188875664303],[-82.4113266208571,29.9188175041739],[-82.4113180552269,29.9187903011512],[-82.4112964137223,29.9187695023961],[-82.4112461022229,29.9187163145279],[-82.4112312125068,29.9186875154498],[-82.4112134087406,29.9186530710828],[-82.4111671127469,29.9185971916468],[-82.4111055233667,29.9185534756227],[-82.4110977305092,29.9185492205019],[-82.4110029414233,29.9184893349168],[-82.4109275128387,29.9184647811224],[-82.4108795362208,29.9184095316268],[-82.4108586380714,29.9183410950586],[-82.4108239594622,29.9182771079032],[-82.4107351502526,29.918265183736],[-82.4106549286912,29.9182561188543],[-82.4105887185249,29.9182180918024],[-82.4105083742085,29.918214863659],[-82.410439891839,29.9181787456123],[-82.4103595066399,29.918177462085],[-82.4102789986423,29.9181820144342],[-82.4102264737814,29.9181305836869],[-82.4102145098707,29.9180622905751],[-82.4102448869868,29.9179985643096],[-82.4103039661143,29.9179508619469],[-82.4103718141515,29.9179110837259],[-82.410452605279,29.9178929165138],[-82.410513835806,29.9178491409358],[-82.4105859039909,29.9178211039555],[-82.4106643818379,29.9178067894999],[-82.4107299962015,29.9177669754355],[-82.4107409156827,29.9177476131433],[-82.4108058232237,29.917707126371],[-82.4108708035527,29.9176666235856],[-82.4109293885441,29.9176174233604],[-82.410991140454,29.9175740050777],[-82.4110513103547,29.9175276967087],[-82.4111049955784,29.9174769871462],[-82.4111391967634,29.9174145064427],[-82.4111537892828,29.9173459840388],[-82.41116016669,29.9172773305076],[-82.4111550373759,29.9172084933107],[-82.4111001752155,29.9171589159225],[-82.4110284831241,29.9171276906455],[-82.4109508943821,29.9171422107914],[-82.4108748606504,29.9171610479609],[-82.410794077881,29.9171712184644],[-82.4107153580058,29.917161367312],[-82.4106368199146,29.9171429255003],[-82.4105633933338,29.9171159699333],[-82.4104828495565,29.9171146830336],[-82.4104076603561,29.9170934279437],[-82.4103331685569,29.9170803795458],[-82.410257070759,29.9170569226824],[-82.4101810109982,29.9170317583257],[-82.410103429275,29.9170169514945],[-82.410024710645,29.9170070990412],[-82.4099458413449,29.9170044065997],[-82.4099224162114,29.9170087903112],[-82.4098682546308,29.9170189252349],[-82.4097894445841,29.9170133679374],[-82.4097143751087,29.9169863856482],[-82.4097105840119,29.9169640517921],[-82.4097026718642,29.9169174433734],[-82.4097041486511,29.916847279667],[-82.4096576573127,29.9167906728966],[-82.4095788183444,29.9167865478613],[-82.4094982737926,29.9167852612412],[-82.4094222410372,29.9168041002898],[-82.4093762547892,29.9168509439949],[-82.4092834737617,29.916861407327],[-82.4091942770891,29.9168644622198],[-82.4090982651086,29.9168686939407],[-82.4090246183395,29.9168789376644],[-82.4089334872487,29.9168477832047],[-82.408906236534,29.9167719568975],[-82.4088388171148,29.9167116994625],[-82.4088451950649,29.9166430451223],[-82.4088499307904,29.9165743663445],[-82.4088841320287,29.9165118871115],[-82.4089140880111,29.9164571611828],[-82.4089183322075,29.9164494069507],[-82.4089553776817,29.9163890872392],[-82.4089557927276,29.9163884126335],[-82.4089916360281,29.9163259587091],[-82.4090029465593,29.9162573840776],[-82.4090044238307,29.9161872203756],[-82.4089875352223,29.9161391303639],[-82.4089811542933,29.9161209580201],[-82.4089111671034,29.9160868948955],[-82.4088445599579,29.9160485871808],[-82.40877110453,29.9160230620765],[-82.4087379115033,29.9159595068047],[-82.4087032642601,29.9159099229776],[-82.4086964110434,29.9159001146226],[-82.4086737296453,29.9158839943683],[-82.4086582282336,29.9158393425908],[-82.4086924303749,29.9157768634209],[-82.408736432417,29.9157174047528],[-82.4087787630799,29.9156593540209],[-82.4088405147317,29.9156159358444],[-82.4089194733576,29.9156143327367],[-82.4089980993028,29.915628481153],[-82.4090750228511,29.915645465323],[-82.4091450760959,29.9156790845859],[-82.4091830818746,29.9157395685171],[-82.4092071995925,29.9158066745062],[-82.4092531269167,29.9158638643509],[-82.4093030525703,29.9159176974318],[-82.4093629391081,29.9159648438638],[-82.409373943659,29.9159739668851],[-82.4094527518603,29.9159795226127],[-82.409514533567,29.9159346717466],[-82.4095389342021,29.9158691709848],[-82.409558318204,29.9158018197679],[-82.4095857030222,29.9157894039306],[-82.4096210106983,29.9157397214786],[-82.4095948956311,29.9156742953298],[-82.4095229074085,29.9156423507493],[-82.4094809392211,29.9155835125796],[-82.4094647479924,29.9155131117399],[-82.4095053067285,29.9154521703747],[-82.4095536109603,29.9153964868191],[-82.4095941346138,29.9153372565324],[-82.4096404756447,29.9152815397815],[-82.4096829612961,29.9152223408083],[-82.4096840051601,29.9151727453526],[-82.4096894072251,29.9151026903538],[-82.4096876611401,29.9150923960801],[-82.4096891369612,29.9150222774641],[-82.4096827232433,29.9149537435899],[-82.4096307987278,29.9149015903818],[-82.409566842485,29.9148612212009],[-82.4095029583287,29.9148174298084],[-82.4094224671448,29.9148161439685],[-82.4093419780148,29.9148148590141],[-82.4092637410843,29.914799922984],[-82.4092277357956,29.9147377593628],[-82.4091738114904,29.9146872838779],[-82.4091298838427,29.9146284169819],[-82.4090859202985,29.914571257553],[-82.4090341978756,29.9145190243159],[-82.4089534322907,29.9145212392398],[-82.4088729465309,29.9145199531446],[-82.4087924926232,29.9145169576477],[-82.408720467434,29.914486721876],[-82.4087142228857,29.9144721636064],[-82.4086923891572,29.9144212632504],[-82.4086543862715,29.9143607783019],[-82.4085843613819,29.9143288645584],[-82.4085082310872,29.9143071186817],[-82.4084294894145,29.9143161247666],[-82.4083619501263,29.9143526820742],[-82.4083253163143,29.9144136867313],[-82.408300353139,29.9144800084069],[-82.4082949521609,29.9145500651888],[-82.4082641345567,29.9146145825175],[-82.40821197582,29.914666780662],[-82.4081792330768,29.914729557338],[-82.4081445251174,29.9147923016899],[-82.4080955920854,29.9148519980465],[-82.4079433837878,29.9148900763854],[-82.407908786905,29.9148894700614],[-82.4078588624859,29.9148356382485],[-82.4078208599683,29.9147751521578],[-82.4077989778797,29.9147479038065],[-82.4077749319203,29.9147179608707],[-82.4077230084728,29.9146658096108],[-82.4076750824373,29.9146102962035],[-82.4076172327161,29.9145597591056],[-82.4075613101772,29.9145109617548],[-82.407523307927,29.9144504773803],[-82.4075247863019,29.9143803588019],[-82.4075321529979,29.9143103334738],[-82.4075824208928,29.9142546820306],[-82.4076611275992,29.9142473866594],[-82.4077399392731,29.9142349606281],[-82.4077940262447,29.9141844997502],[-82.4078267700302,29.9141217258906],[-82.4078176019717,29.9140907837637],[-82.4078151538993,29.9140206033112],[-82.4077910375936,29.9139534952525],[-82.407766920209,29.9138863907805],[-82.4077605089261,29.9138178568227],[-82.4077600250763,29.9137477059665],[-82.407799263583,29.9136969418212],[-82.4078044372119,29.9136902500559],[-82.4078137317867,29.9136219653962],[-82.4078249893902,29.9135537148269],[-82.4077670671362,29.9135065972483],[-82.4076929717892,29.913481460988],[-82.4076216157282,29.9135128245944],[-82.407610467638,29.9135221863799],[-82.4075636399234,29.9135615115521],[-82.4074866096079,29.9135825206757],[-82.4074653697983,29.9135741108589],[-82.4074145504764,29.9135539952894],[-82.4073341324328,29.9135492868876],[-82.40727041233,29.9135910397049],[-82.4072415584935,29.9136555882077],[-82.4072341927335,29.9137256108335],[-82.4072583075723,29.9137927189794],[-82.4073101991787,29.913829390042],[-82.4073202269951,29.913836479176],[-82.407326636978,29.9139050113347],[-82.4073016763319,29.913971334676],[-82.4072553336219,29.9140270478818],[-82.4072225904659,29.9140898252235],[-82.4071902077042,29.9141354979749],[-82.4071561160329,29.9141696155829],[-82.4071380496331,29.9141876984158],[-82.407087815473,29.91424164037],[-82.4070298760952,29.9142886151135],[-82.4069510972257,29.91429933048],[-82.406875004409,29.9142758725803],[-82.4068090494977,29.9142371808212],[-82.4067531285349,29.9141883849445],[-82.4067151269002,29.9141279003339],[-82.4066592060831,29.9140791026127],[-82.4066012851112,29.9140319845365],[-82.4065553581091,29.9139747928182],[-82.406507434019,29.913919282605],[-82.4064753951413,29.9138554690743],[-82.4064612126391,29.9138272212019],[-82.4064725144412,29.9137580492894],[-82.4064916593369,29.9137359748738],[-82.4065477097336,29.9136855477184],[-82.4065863084655,29.91362457678],[-82.4065859263075,29.9135694923623],[-82.4065858213044,29.9135544258523],[-82.4065498212303,29.9134922624402],[-82.4064832358881,29.9134559930247],[-82.4064818678203,29.913455249297],[-82.406411846338,29.913423334422],[-82.4063377503226,29.9133981991818],[-82.4062677629474,29.913364572205],[-82.4062138418893,29.9133140973158],[-82.4061698774608,29.913256938656],[-82.4061674306112,29.9131867563644],[-82.4061772509142,29.9131178061935],[-82.406234737471,29.9130680770735],[-82.4062538484443,29.9129999522729],[-82.4062258082865,29.9129327820214],[-82.4062135078214,29.9128641546404],[-82.4061814694729,29.9128003410327],[-82.4061315460236,29.9127465076339],[-82.4060776232995,29.9126960326532],[-82.4060277020297,29.9126421992475],[-82.4060173658893,29.9125736014713],[-82.4060188432096,29.9125034837689],[-82.4059832549282,29.9124420630521],[-82.4058834101096,29.9124072226993],[-82.405807749656,29.9123632418933],[-82.4057578626908,29.9123076981628],[-82.4057198624007,29.9122472123526],[-82.4057134536524,29.9121786792047],[-82.405720928614,29.9121035233882],[-82.4057419678142,29.9120371393763],[-82.4058037605186,29.9119936474992],[-82.4058567228173,29.9119649798622],[-82.4058713001797,29.9119570915219],[-82.4059331267465,29.9119118902649],[-82.4059852873809,29.911859689443],[-82.4059749863548,29.9117893823574],[-82.4059250995843,29.9117338386882],[-82.4058571867761,29.911695115078],[-82.4057768424339,29.9116869853435],[-82.4057627510723,29.911686758928],[-82.4056924287489,29.9116856343938],[-82.4056120524482,29.9116792175179],[-82.4055358506714,29.9116608884457],[-82.4054779326589,29.9116137707825],[-82.4054280462545,29.9115582269231],[-82.4053841944225,29.9114959347734],[-82.4053501568316,29.9114338024106],[-82.4053555628233,29.9113637457837],[-82.405368782842,29.9112955268033],[-82.4054015622781,29.9112310415288],[-82.4054057779761,29.9112174219871],[-82.4054346683643,29.9111511636898],[-82.4055078803613,29.911124962384],[-82.4055810891756,29.9110987627915],[-82.4056616844701,29.911094919513],[-82.4056922153347,29.911092752668],[-82.4057403527331,29.9110893363849],[-82.4058173814844,29.911068328285],[-82.4058695375762,29.9110161283418],[-82.4059255486247,29.910967411597],[-82.4059407693926,29.9108975129141],[-82.405941866143,29.9108454956084],[-82.4059422478154,29.9108273934164],[-82.4059827717202,29.9107681660317],[-82.4059999194205,29.9107000080395],[-82.4060520752229,29.9106478080221],[-82.4061215409002,29.9106129917076],[-82.4062020986528,29.9106108600714],[-82.4062560182184,29.9106613358775],[-82.4062643944077,29.9107299013835],[-82.4062296866554,29.9107926443444],[-82.406226988787,29.9108276168116],[-82.4062242823466,29.9108627010269],[-82.4062662435232,29.91092153931],[-82.4063102048647,29.9109786997182],[-82.4063801535632,29.9110140332416],[-82.4064583180856,29.9110323914248],[-82.4065344793989,29.9110524282783],[-82.4066148953641,29.9110571380743],[-82.406693166048,29.9110703646188],[-82.4067715438113,29.9110784623403],[-82.4068412278817,29.9110432124234],[-82.4068430100532,29.9110433735686],[-82.4068893481446,29.9109862519479],[-82.4069064941681,29.9109180965275],[-82.4068744559831,29.9108542839822],[-82.4068265682848,29.9107970609625],[-82.4068024554433,29.9107299554446],[-82.4067881907954,29.9106612957871],[-82.4067916337077,29.9105912086145],[-82.406832154977,29.9105319791286],[-82.4068978012948,29.910491969923],[-82.4069595935863,29.9104484766098],[-82.4070347305867,29.9104240178222],[-82.4070619123747,29.910410516517],[-82.4070832150043,29.9103597833319],[-82.4070846926127,29.9102896638185],[-82.4070307707379,29.9102391892213],[-82.406960785335,29.9102055635092],[-82.4068846595723,29.9101838176],[-82.4068131954256,29.9102203113041],[-82.4067371036955,29.910196853284],[-82.4066566173271,29.9101955657592],[-82.4066026977917,29.9101450910184],[-82.4066081017944,29.9100750343164],[-82.4066486620763,29.9100140965509],[-82.4066618810844,29.9099458747271],[-82.4066199200667,29.9098870374686],[-82.4065819562435,29.9098248408079],[-82.4065540645765,29.9097594532175],[-82.4065535649415,29.9097593261206],[-82.4064219655163,29.9097253460083],[-82.4063928189954,29.9097178236883],[-82.4063257353338,29.909776261718],[-82.4062469239146,29.9097886868521],[-82.4061774959658,29.909821792162],[-82.4060986123437,29.9098376393864],[-82.406022450036,29.9098175995384],[-82.4059524662688,29.9097839751066],[-82.4058845537287,29.9097452523903],[-82.405858440647,29.9096798245316],[-82.4058696960981,29.9096115713547],[-82.4059024777403,29.9095470868985],[-82.405964305937,29.9095018838643],[-82.4060431511112,29.9094877504831],[-82.406121890246,29.9094787440433],[-82.4061932428472,29.9094473812286],[-82.4062285601591,29.9093885694365],[-82.4062298303746,29.909386287988],[-82.4062444738506,29.9093599648326],[-82.4062805692735,29.9093015778292],[-82.406281900921,29.9092994281968],[-82.4062883926308,29.9092939756886],[-82.4062920026861,29.9092236385469],[-82.4062700269659,29.9091565941744],[-82.4062071940042,29.9091111296847],[-82.4061442843304,29.9090685206248],[-82.4060339831004,29.9090564883287],[-82.405957890466,29.9090348921735],[-82.4058885217916,29.9089967317412],[-82.4058450945466,29.908938607933],[-82.4058401615539,29.9088699874066],[-82.4058224773639,29.908801161009],[-82.4058578148497,29.9087387395261],[-82.4059162610084,29.9086896575363],[-82.4059932133898,29.9086705113916],[-82.406057880958,29.9086289386031],[-82.4061204629615,29.9085854817895],[-82.4061788699187,29.9085382487776],[-82.4061973208369,29.9084700015287],[-82.4061910161769,29.9084317025884],[-82.4062119469732,29.9083813154855],[-82.4062197680979,29.908312896343],[-82.4062614036316,29.9082542839911],[-82.4062651369037,29.9081823752016],[-82.4062867970045,29.9080991559574],[-82.4063247417976,29.9080161972658],[-82.406390322954,29.9079100313951],[-82.4064669753806,29.907883364908],[-82.4065162873511,29.9078553983704],[-82.4065184875437,29.9078541504966],[-82.4065336897254,29.9078455285899],[-82.4065912837696,29.9078055332962],[-82.4065962689946,29.9078020697092],[-82.4066127256712,29.907775448889],[-82.4066336931359,29.9077415356389],[-82.4066732427409,29.9076810364625],[-82.406687441109,29.9076127193137],[-82.4066697534118,29.9075438947786],[-82.4066435256868,29.907476784242],[-82.4066194224845,29.907409707687],[-82.406584614664,29.9073461656284],[-82.4065390611591,29.9072880089245],[-82.4064870140541,29.9072353055927],[-82.4064086009553,29.9072229364879],[-82.4063921353181,29.9072257616255],[-82.4063296392919,29.9072364934316],[-82.4062506005686,29.907253753948],[-82.4061721094271,29.9072450874033],[-82.4061351373939,29.9071833630152],[-82.4060809640063,29.9071306254932],[-82.4060354098598,29.9070724685965],[-82.4060137964534,29.9070275688468],[-82.4060048545939,29.9070089944252],[-82.4059828774679,29.9069419508625],[-82.405924336085,29.9068947033579],[-82.405870164021,29.9068419648622],[-82.4057893133499,29.9068202626556],[-82.4057045441304,29.9068338571067],[-82.405604932666,29.9068000587201],[-82.4054536215812,29.906611717385],[-82.4053915013324,29.9065508687881],[-82.4053652346449,29.9064856097756],[-82.4053581766235,29.9064169542925],[-82.4053575341634,29.90634654908],[-82.4053291441248,29.9062812560681],[-82.4053369656351,29.9062128396739],[-82.4053596297104,29.906146510595],[-82.4054201198908,29.9061011673141],[-82.4054532287876,29.9060889946781],[-82.4054970334018,29.9060838723904],[-82.4055698880382,29.906057250321],[-82.4056241218412,29.9060062495271],[-82.4056128137477,29.90593752513],[-82.4055694270125,29.9058775512194],[-82.4055666589562,29.9058071101803],[-82.4055361423934,29.9057417840753],[-82.4054797654691,29.9056927167667],[-82.4054341753912,29.9056364096856],[-82.4053777995934,29.9055873432513],[-82.4053344121367,29.9055273683427],[-82.4052561177126,29.9055094422384],[-82.4051852706727,29.9055416535501],[-82.4051904286874,29.9055833710696],[-82.4051837865056,29.9056120238218],[-82.4051109300025,29.905638646546],[-82.4050359490681,29.9056652325107],[-82.4049575342835,29.9056528624853],[-82.4049076945317,29.9055964898816],[-82.4048491534939,29.905549238267],[-82.4048014362116,29.9054929005072],[-82.4047644667175,29.9054311757405],[-82.4047680746056,29.9053608385713],[-82.4047030041881,29.9053208920452],[-82.4046422988298,29.9052754599077],[-82.4045640057836,29.9052575325035],[-82.4044901569711,29.9052304149901],[-82.4044553111715,29.9051687241401],[-82.4044376265293,29.9050998975036],[-82.4044241948862,29.9050311407806],[-82.4044214255951,29.9049606996799],[-82.4044377505529,29.9048924186051],[-82.4044667902728,29.9048261926774],[-82.4045147236773,29.9047713847817],[-82.404539226833,29.9047467048983],[-82.4046071889777,29.9047116100007],[-82.4046685599312,29.9046724051034],[-82.4046720296823,29.9046703763461],[-82.4047423615996,29.9046292278822],[-82.4048128109932,29.9045960088932],[-82.4048803951262,29.9045548163588],[-82.4049389975873,29.9045081979041],[-82.4050153434498,29.9044829981411],[-82.4050769204445,29.9044390673875],[-82.4051323507709,29.9043950418086],[-82.4051940146239,29.9043511123919],[-82.4052614880312,29.904315203581],[-82.4053260404704,29.9042739613857],[-82.4054051388751,29.9042620169767],[-82.4054813729674,29.9042421026502],[-82.4054939822701,29.9042441478916],[-82.4055691024129,29.9042682678976],[-82.4056323227517,29.9043108209174],[-82.4057092389929,29.904327808917],[-82.4057852618868,29.9043089710894],[-82.4058550156345,29.9042757097359],[-82.4058959671403,29.9042505520561],[-82.4059272289161,29.9042386691633],[-82.4059873393827,29.9042002654843],[-82.4059917820074,29.9041974293619],[-82.4060474071036,29.9041481181255],[-82.4060971385649,29.9040907876315],[-82.4061348518827,29.9040279800188],[-82.4061514571968,29.9039595516465],[-82.4061407795317,29.9038906866905],[-82.4061255174257,29.9038703933032],[-82.4060965315604,29.903831850493],[-82.4060178233329,29.9038253079655],[-82.405938891395,29.9038293277727],[-82.4058601852695,29.9038227842815],[-82.4058035883825,29.90377432082],[-82.4057898786055,29.9037054082045],[-82.405803453879,29.9036369286697],[-82.4058351602643,29.9035713830599],[-82.4058879197474,29.9035141020099],[-82.4059465758049,29.9034648402292],[-82.4059752517286,29.9033992478932],[-82.4059585116883,29.9033302831907],[-82.4059203822906,29.9032689065119],[-82.4059192071913,29.9032629956701],[-82.4059066725595,29.9031999912001],[-82.4058838122263,29.9031335713808],[-82.4058303047932,29.9030825145222],[-82.4057613036695,29.9030470631197],[-82.4057153217667,29.9030436238673],[-82.4056406105866,29.9030937645648],[-82.4055312657433,29.9031396838912],[-82.4054086546997,29.9031661401394],[-82.4053522405272,29.9031469031736],[-82.4053066195964,29.9031150019082],[-82.4053019319331,29.9030379225527],[-82.4054123955691,29.9029388513395],[-82.4055231592754,29.9028755358738],[-82.4056751441923,29.90285321754],[-82.405775737758,29.9028293943794],[-82.4058499645914,29.9028043749834],[-82.4058918027463,29.902746073687],[-82.4059262075855,29.902683722986],[-82.4059201552515,29.9026141731878],[-82.4058944699485,29.9025482405133],[-82.4058872832507,29.9025323983616],[-82.4058203696543,29.9024959463535],[-82.4057472212503,29.9024698774722],[-82.4057434055236,29.9024672484469],[-82.4056849555304,29.9024269463598],[-82.4056288418427,29.9023775629707],[-82.4055695570779,29.9023359914633],[-82.4055165052386,29.9022840331378],[-82.4054953585627,29.9022168637868],[-82.4055164491817,29.9021665136337],[-82.4055286193737,29.9021374584972],[-82.4054826734598,29.9021052723686],[-82.4054509204998,29.9020418627572],[-82.405411594205,29.9019809530931],[-82.4053646424536,29.901925162822],[-82.4053252886191,29.9018655637348],[-82.4052676446377,29.9018174640219],[-82.4051913789433,29.9017965854876],[-82.4051487916868,29.9017849298664],[-82.4051182567524,29.9017692074209],[-82.405085000927,29.9017057736525],[-82.4050212061789,29.9016641278728],[-82.4049542924688,29.901627674501],[-82.4049197313679,29.9016201409064],[-82.4048764387776,29.9016107034912],[-82.4048386182985,29.9015498168537],[-82.4048083988262,29.9014851214856],[-82.4047629764057,29.9014280453324],[-82.4047629377632,29.9013585917575],[-82.4047718804272,29.9013126805172],[-82.4047630031694,29.9012592655036],[-82.4047594641405,29.9012379749402],[-82.404833691114,29.9012129543303],[-82.4048962485679,29.9011707113494],[-82.4048932024236,29.9011012087161],[-82.404852346022,29.901041584512],[-82.4047839019718,29.901006416683],[-82.4047461093684,29.9009442221187],[-82.4047864728566,29.9008845874123],[-82.4047683354647,29.9008174643072],[-82.4047091880966,29.9007693420615],[-82.4046607054775,29.9007148362443],[-82.4046076836054,29.9006615696636],[-82.4045622892682,29.90060318554],[-82.4045138057945,29.9005486787492],[-82.4044820570564,29.9004852689455],[-82.4044274748646,29.9004345984884],[-82.4043803188078,29.9003780971598],[-82.4043478567158,29.900370838841],[-82.4042982018655,29.9003172317489],[-82.4042865468459,29.9002485323057],[-82.4042957350502,29.9001833319828],[-82.4042961796768,29.9001801738255],[-82.4043286518997,29.9001164634845],[-82.4043997608746,29.9000847729941],[-82.4044028747206,29.9000148835573],[-82.4043432138696,29.8999696799798],[-82.4042630299988,29.899965540807],[-82.4041897481052,29.8999392793923],[-82.404118152714,29.8999218279682],[-82.4040500935134,29.8998864818309],[-82.4039854303245,29.8998454802852],[-82.4039407805968,29.8997876699937],[-82.4039143258685,29.8997215874085],[-82.4038993945801,29.8996528381443],[-82.403887738898,29.8995841377437],[-82.4039055607258,29.899515909571],[-82.4039396385334,29.8994536533901],[-82.4039850591173,29.8993972868737],[-82.4040305107955,29.8993394933967],[-82.4040515768162,29.8992727455195],[-82.4040878762661,29.899207914527],[-82.4046674194449,29.8985877519007],[-82.4047308924351,29.8985214231641],[-82.4047584797305,29.8984562052482],[-82.4047746629847,29.8983879525296],[-82.4047826876836,29.8983181399155],[-82.4047841624367,29.8982482242188],[-82.4047378461464,29.8981918158471],[-82.4047393209482,29.8981218992482],[-82.4047062560289,29.898058566752],[-82.4046975924537,29.8980402520205],[-82.4046682156934,29.8979980094555],[-82.4046581973633,29.8979293371467],[-82.4046069068934,29.89787570305],[-82.4045371520243,29.8978431848724],[-82.4044657304447,29.8978120656021],[-82.404386853885,29.8978236474886],[-82.4043221126349,29.8978640055066],[-82.4042510322642,29.8978942671449],[-82.4041706683701,29.8978986905682],[-82.4040917626143,29.8979117001567],[-82.4040113987562,29.8979161207762],[-82.4039348231985,29.8978963391024],[-82.4038574336365,29.8979150835162],[-82.4037847755871,29.8979424647414],[-82.4037045879883,29.8979369121327],[-82.4037040057381,29.897935795678],[-82.4036298342137,29.8979100078123],[-82.4035515005424,29.8978959075187],[-82.4034834429504,29.8978605601796],[-82.403440432075,29.8978027786572],[-82.4034287759111,29.8977340772882],[-82.4034774402729,29.8976791912729],[-82.4035532220978,29.8976589947832],[-82.403624303548,29.8976287335402],[-82.4036906193338,29.8975912550767],[-82.4037553616408,29.8975509000929],[-82.4038341757996,29.8975421706721],[-82.4039146006216,29.8975348962554],[-82.4039911478756,29.897556104034],[-82.4040548098711,29.8975971725812],[-82.4041475147629,29.8975985745804],[-82.4042262717976,29.8975926997979],[-82.4043050257362,29.8975868240162],[-82.4043808384244,29.8975652019064],[-82.4044581954029,29.8975478859148],[-82.4045117152037,29.8974959303716],[-82.4045000593131,29.8974272318192],[-82.4044702982852,29.8973625229199],[-82.4044389015923,29.8972977905228],[-82.4043925828164,29.8972413828774],[-82.4043262253516,29.8972032092179],[-82.4042915222708,29.8971398494628],[-82.4042301974658,29.8970960456853],[-82.4042247790817,29.8970874213019],[-82.4041921588242,29.8970354882631],[-82.4041358967506,29.8969846292185],[-82.4040829693013,29.8969309704831],[-82.4040663716079,29.8968636183601],[-82.4040988397885,29.8967999080115],[-82.4041769820471,29.8967454948466],[-82.4042571031594,29.89675248529],[-82.4043372262583,29.8967594802275],[-82.4044174376866,29.8967621905902],[-82.4044188887521,29.8967624736944],[-82.4044973781543,29.8967777453613],[-82.4045776217359,29.8967790305016],[-82.404653431716,29.8967574063954],[-82.4046875382279,29.8966937221442],[-82.4047200069898,29.8966300116573],[-82.4047207639621,29.8965941743733],[-82.404721481781,29.8965600950511],[-82.4047065504663,29.8964913431577],[-82.404666874082,29.8964307587422],[-82.4046238932384,29.8963715506414],[-82.4046089630928,29.8963027969486],[-82.4046104379573,29.896232880342],[-82.4046336823672,29.8961404768839],[-82.4046433156151,29.896072117473],[-82.4046234422745,29.8960047138637],[-82.4046428684598,29.8959379396315],[-82.4046915312709,29.8958830531577],[-82.4046975401681,29.8958600486204],[-82.404709352918,29.8958148248744],[-82.4046663422533,29.8957570419426],[-82.4046050482188,29.895711812277],[-82.404533627058,29.8956806957284],[-82.4044723321148,29.8956354650818],[-82.4043958174153,29.8956128288328],[-82.4043243953751,29.8955817112512],[-82.404259764962,29.8955392837691],[-82.4041917087514,29.8955039358906],[-82.4041236836563,29.8954671646396],[-82.4040432927031,29.8954730122576],[-82.4039659642726,29.8954889009953],[-82.4038886077574,29.8955062175838],[-82.4038367284614,29.8955581991499],[-82.4038352229883,29.8956295409085],[-82.4038666498885,29.8956928474152],[-82.4039146323026,29.8957478562822],[-82.4039642524813,29.8958028904652],[-82.4039801068458,29.8958384199993],[-82.4040150297084,29.8958807813625],[-82.4040266860793,29.8959494817862],[-82.4040252108272,29.8960193974856],[-82.4040220978759,29.8960892869495],[-82.4040156783787,29.8961605508874],[-82.4039750830939,29.8962212770355],[-82.4039458602748,29.8962864685935],[-82.4038811188883,29.8963268227731],[-82.4038008777324,29.8963255381408],[-82.4037242712964,29.8963071814657],[-82.4036440904266,29.8963030410106],[-82.4035726400418,29.8962733518187],[-82.4034977617395,29.8962507403678],[-82.4034431381646,29.8961999072643],[-82.4034013167875,29.8961457593981],[-82.4033984892986,29.8961420994623],[-82.4033287350261,29.8961095797181],[-82.4032752992662,29.8960585075173],[-82.4031922028849,29.8960588613528],[-82.4031173569857,29.8960348245598],[-82.4030526655492,29.8959952485846],[-82.4030097170344,29.8959346121052],[-82.4029733463833,29.8958726526917],[-82.4029254246235,29.8958147922636],[-82.4028691327474,29.8957653587128],[-82.4028145097039,29.8957145280512],[-82.402789694518,29.8956484705681],[-82.4027681837771,29.8955810413098],[-82.4027752058757,29.8955117351489],[-82.4027736319222,29.8955100144915],[-82.4026175470863,29.8953393582991],[-82.4026110124537,29.8953322128716],[-82.4026325541968,29.8952548572274],[-82.4026225364962,29.895186185635],[-82.4026026647039,29.8951187817147],[-82.4026106906079,29.8950489719238],[-82.4026138056309,29.894979078897],[-82.402629988757,29.8949108264106],[-82.4026298272983,29.8948408844689],[-82.4026210879111,29.8947893590873],[-82.402604488461,29.8947220067189],[-82.402580409529,29.8946987834134],[-82.4025457063469,29.8946354240532],[-82.4025175870942,29.894570744592],[-82.4024977155343,29.8945033388489],[-82.4024991908037,29.8944334231427],[-82.4024842623817,29.8943646710023],[-82.4024726082796,29.8942959713523],[-82.4024543723628,29.8942285936267],[-82.4024264619057,29.894164283824],[-82.4024263822126,29.8941628596135],[-82.402400985782,29.8941192582766],[-82.4023563394927,29.8940614501274],[-82.402315028885,29.8940008387492],[-82.4022967931482,29.8939334600982],[-82.402293357641,29.8938634656545],[-82.4023079042199,29.8937951851585],[-82.4023678490271,29.8937490459897],[-82.4024466343581,29.893741741724],[-82.4025268131108,29.8937458829135],[-82.4026052046199,29.8937571317225],[-82.4026870813062,29.8937584451441],[-82.4027705073809,29.8937640638786],[-82.4028504763772,29.8937781909102],[-82.402907877905,29.8937895767988],[-82.4029287765586,29.8937937194909],[-82.4030090166554,29.8937950064788],[-82.4030847966669,29.8937748093696],[-82.4031447421743,29.8937286680574],[-82.4031966509786,29.8936752606995],[-82.4031882697063,29.8936066135677],[-82.4031771820768,29.8935555540734],[-82.4031733398775,29.8935378623874],[-82.4031402775203,29.8934745276712],[-82.4030906277846,29.8934209210137],[-82.4030459814078,29.893363113097],[-82.403036301331,29.8933529568167],[-82.4029563395555,29.8933416912136],[-82.4029255264185,29.8933269246943],[-82.4028742704206,29.8932718629565],[-82.4027994246087,29.8932478268457],[-82.4027192753389,29.893242258845],[-82.4026444908789,29.8932153687393],[-82.4025627341245,29.8932083474289],[-82.4024809170435,29.893204183598],[-82.402400798994,29.8931971884574],[-82.4023205593688,29.8931959019986],[-82.4022841070133,29.8932108949234],[-82.4022300224668,29.8932636083581],[-82.4021577458364,29.8932936619667],[-82.4020771199593,29.8932949705081],[-82.401996551073,29.8932936785721],[-82.4019158143284,29.8933001870175],[-82.4018407199903,29.8933223921449],[-82.4017571635624,29.8933210521515],[-82.401676978102,29.8933015585799],[-82.4016274026794,29.8932461416205],[-82.4015868873116,29.8931856672688],[-82.4015433357534,29.8931277455479],[-82.4014755804485,29.8930850409427],[-82.401426004173,29.8930296256937],[-82.4013733897382,29.8929767585224],[-82.40133591396,29.8929137324037],[-82.4013014226318,29.8928507541465],[-82.4012640039775,29.892785126677],[-82.401256536079,29.892714779669],[-82.4012220438732,29.8926517995693],[-82.4011935774567,29.8925863174886],[-82.401195060768,29.8925161122631],[-82.401196597947,29.8924433083639],[-82.4011972880938,29.8924368156284],[-82.4012040521007,29.8923731989203],[-82.4012174688241,29.892303184223],[-82.4012575801414,29.8922414026721],[-82.4013124464692,29.8921876600158],[-82.4013876551002,29.8921602552531],[-82.401462804594,29.8921354517436],[-82.4015235286268,29.8920870047391],[-82.4015783387575,29.8920358624151],[-82.4016125390081,29.8919713855127],[-82.4016237222345,29.891937674342],[-82.4016259054045,29.8919310909578],[-82.4016914745605,29.8919224428079],[-82.4017665248292,29.8918985497655],[-82.4018447771545,29.8918835659486],[-82.4019374483445,29.8918274769656],[-82.4019993544276,29.8917841819081],[-82.4020345661633,29.8917212667664],[-82.4020512446951,29.8916536250214],[-82.4020118448033,29.891593942852],[-82.401943121141,29.8915588853071],[-82.4018637709013,29.8915458025535],[-82.4017839801542,29.8915533799575],[-82.401715487039,29.8915877131581],[-82.4016552110988,29.8916339865652],[-82.4015949672715,29.8916787860956],[-82.4015217341984,29.8917090143867],[-82.4014473349501,29.8917372397658],[-82.4013666004505,29.8917437487916],[-82.4012956990669,29.8917087967326],[-82.4012370077628,29.8916610374009],[-82.4012325223003,29.8915907364227],[-82.4012429566057,29.8915206738783],[-82.4012465823421,29.8914637506427],[-82.4012474252428,29.8914505174395],[-82.4012369710467,29.891380121615],[-82.4012024834382,29.8913171424728],[-82.4011219130617,29.8913158499482],[-82.4010439424382,29.891332807577],[-82.4009863173215,29.8913781947357],[-82.4009343850284,29.8914305081579],[-82.4008561661568,29.891444016697],[-82.4007766903803,29.8914368359438],[-82.4007201046197,29.891388686976],[-82.4006926829554,29.8913232901082],[-82.4007161041548,29.891257233781],[-82.4007713611132,29.8912079270305],[-82.4008332673185,29.8911646325228],[-82.4009034549569,29.8911303287746],[-82.4009587117518,29.8910810219445],[-82.4009720330166,29.8910118493891],[-82.4009343576839,29.890950718377],[-82.4008846698731,29.890896774566],[-82.4008757735007,29.8908823357235],[-82.4008469977624,29.8908356426762],[-82.4007597680681,29.8907943837927],[-82.4006927731979,29.8907578771427],[-82.4006327363919,29.8907126259942],[-82.4006018998624,29.8906486513763],[-82.4006554952561,29.8905978418452],[-82.4007272814888,29.8905679914531],[-82.4007995147624,29.8905972003887],[-82.4008086145394,29.8906033349871],[-82.4008866395426,29.8905837788408],[-82.4009143888027,29.8905628078711],[-82.4009473069052,29.8905379334449],[-82.4010138340359,29.8904973838157],[-82.4010569290807,29.8904356501977],[-82.4011146689981,29.8903871546139],[-82.4011441657691,29.8903222360388],[-82.401165923058,29.8902546776747],[-82.4011316650686,29.8901921235617],[-82.401099132775,29.8901281236614],[-82.4010615308831,29.8900505908704],[-82.4010220913036,29.8900058318498],[-82.4009585752894,29.8899649544359],[-82.4008898541417,29.8899298972525],[-82.4008260274748,29.889903774679],[-82.4006738512764,29.8898895244719],[-82.4005956960124,29.8899000788122],[-82.400528833709,29.8899373898924],[-82.4004859308166,29.8899632751723],[-82.4004435914432,29.889962594819],[-82.4003640846377,29.889956890369],[-82.4002859303039,29.8899674454429],[-82.4002092781154,29.8899868834022],[-82.4001440477703,29.8900271719182],[-82.4000665162071,29.8900082134634],[-82.3999871976323,29.8899936529828],[-82.3999095393069,29.8899805952738],[-82.399830127146,29.8899704635089],[-82.3997666449328,29.8899281089786],[-82.3997186829198,29.8898727180418],[-82.3996741423415,29.889815901332],[-82.3996722208027,29.8897464868923],[-82.3996635263887,29.8896769619165],[-82.399651411724,29.8896088591033],[-82.3996460523842,29.8895394445118],[-82.3996452432868,29.8895388748007],[-82.3996340341502,29.8895309882667],[-82.3996294698504,29.8894446393577],[-82.3995677137975,29.8894008353626],[-82.3995077095264,29.8893541080248],[-82.3994424709213,29.8893146774676],[-82.399387612755,29.8892650785522],[-82.3993310278313,29.8892169307639],[-82.3992514291223,29.8892156517589],[-82.3991829356893,29.8892499845248],[-82.3991696124372,29.8893191541837],[-82.3991327374639,29.8893805657019],[-82.3991217484656,29.8894054579633],[-82.3991042674656,29.8894450636171],[-82.3990741007638,29.8895095378891],[-82.3990023158533,29.889539386491],[-82.398924127406,29.8895514154688],[-82.3988445273801,29.8895501371017],[-82.3987669038322,29.8895356048991],[-82.3986873048561,29.889534326453],[-82.3986096460064,29.8895212688574],[-82.3985513387407,29.8894745665281],[-82.3985358389134,29.8894064101262],[-82.3985373062145,29.8893370482838],[-82.3985556791535,29.8892694350605],[-82.3986088347065,29.8892392865776],[-82.3986773896864,29.8892020045621],[-82.3987041997365,29.8891360020997],[-82.3987577932143,29.8890851933074],[-82.3988097264246,29.8890328825614],[-82.3988111935671,29.8889635189102],[-82.3987459856733,29.8889226123193],[-82.3987168724773,29.8888571896315],[-82.3986945686023,29.8887903983295],[-82.3986738454785,29.8887486433911],[-82.3986620695715,29.8887249212463],[-82.3985986199059,29.8886810886729],[-82.398593313256,29.8886116189248],[-82.3985658947932,29.8885462216157],[-82.3985452824672,29.8884794583568],[-82.3985518311618,29.8884101790332],[-82.3985578039779,29.8883505496291],[-82.3985798518943,29.8882830215976],[-82.3985468059198,29.8882206008229],[-82.3985574454698,29.8881508945499],[-82.3985976460914,29.8880916461961],[-82.3986287733896,29.8880282584944],[-82.3986644357499,29.8879669395247],[-82.3987023918935,29.8879056573875],[-82.3987448851012,29.8878464467153],[-82.3987941660317,29.8877913359397],[-82.398805312585,29.8877777891056],[-82.39884119632,29.8877341931022],[-82.3988768594979,29.887672873188],[-82.3989441663475,29.8876320285548],[-82.3989616344457,29.8875644287161],[-82.3989516603458,29.8874943904623],[-82.3989370636365,29.8874262756712],[-82.3988901488989,29.8873696217458],[-82.3988269048483,29.887326678632],[-82.3987565786584,29.8872936057394],[-82.3986933346948,29.8872506634629],[-82.3986134267198,29.8872374009832],[-82.398533265431,29.8872361142838],[-82.3984899988196,29.8872386450265],[-82.3984529744141,29.8872408131449],[-82.3983727709147,29.887241521567],[-82.3983037485222,29.8872545076625],[-82.3982945615293,29.8872562368695],[-82.3982163088535,29.8872729482304],[-82.3981380149719,29.8872916547809],[-82.3980619262632,29.8873143903149],[-82.397983802264,29.8873251141069],[-82.3979481356117,29.8873864310232],[-82.3979466585422,29.8874562853755],[-82.3979451794195,29.8875261387924],[-82.3979666887899,29.8875923688738],[-82.398025267789,29.8876392301518],[-82.3980673067674,29.8876788237802],[-82.398079180959,29.8876900091379],[-82.3981424249559,29.8877329508079],[-82.3981616005339,29.8878011392571],[-82.3981373029372,29.8878666333778],[-82.3980902742325,29.887923776897],[-82.3980230502907,29.8879606279283],[-82.3979428884451,29.8879593399653],[-82.3978627667326,29.8879560576024],[-82.3977827728029,29.8879467859404],[-82.3977027788881,29.8879375142295],[-82.397627617751,29.8879163429383],[-82.3975716621311,29.8878830103898],[-82.3974110269309,29.8877899737038],[-82.3973402901252,29.8877440184627],[-82.3972817134195,29.8876971587157],[-82.3972440458275,29.8876366592108],[-82.397229448236,29.8875685423927],[-82.3972423793715,29.8874988721397],[-82.3972939495846,29.8874437996147],[-82.397340980552,29.8873866582171],[-82.3973925094387,29.8873335817909],[-82.3974641869046,29.8873027894504],[-82.3975358622559,29.8872719970373],[-82.3976074973887,29.8872432007397],[-82.3976680199446,29.8871982541333],[-82.3977396529347,29.8871694568279],[-82.3977979248144,29.8871224790009],[-82.3978494512688,29.8870694014585],[-82.397905475629,29.8870203897688],[-82.3979411422143,29.8869590710587],[-82.3979994983861,29.8869080990938],[-82.3980419916051,29.8868488877439],[-82.3980867321999,29.8867917092884],[-82.3981110306403,29.8867262133851],[-82.3980756926958,29.8866637565508],[-82.3980357333045,29.8866032195475],[-82.3979888184917,29.8865465625731],[-82.3979349069853,29.8864957853665],[-82.3978926580947,29.8864352115295],[-82.3978504061503,29.8863746376287],[-82.3978127820074,29.8863121412751],[-82.3977589119048,29.8862593687588],[-82.3977049986587,29.8862085887172],[-82.3976346344957,29.8861775113907],[-82.3976053852188,29.8861702587266],[-82.3975571428518,29.8861582975797],[-82.3974939423945,29.8861133576965],[-82.3974188682312,29.8860881931541],[-82.3973449431582,29.8861169543384],[-82.3972646993616,29.8861196573176],[-82.3971845802475,29.8861163718496],[-82.3971095061603,29.8860912071297],[-82.3970293859819,29.8860879242559],[-82.3969696633853,29.8860679048369],[-82.3969182970405,29.8860028810146],[-82.3968474535922,29.8859710331057],[-82.3967689175857,29.8859598352543],[-82.3967119319476,29.8860076922969],[-82.3966468132052,29.8860481928969],[-82.396599001838,29.8861034221472],[-82.3965532435362,29.8861595894023],[-82.3965105564141,29.8862176115345],[-82.3964822382459,29.8862821871404],[-82.3964621549227,29.8863496038678],[-82.3964856266282,29.8864159153969],[-82.3965119573027,29.8864571382818],[-82.3965185011178,29.8864787661769],[-82.3965035783132,29.8865471699927],[-82.3964445591804,29.8865931887164],[-82.3964121366203,29.8866558909965],[-82.3963561504042,29.8867055694733],[-82.3962940800203,29.8867488303486],[-82.3962299968037,29.8867893455966],[-82.3961520002234,29.8868016403514],[-82.3960722735213,29.8867976467978],[-82.3960341621035,29.8867374240122],[-82.3960361379391,29.8867346288662],[-82.3960758327259,29.8866784815726],[-82.3961256808097,29.8866250898698],[-82.3961734916559,29.8865698607778],[-82.3962110557464,29.8865090485515],[-82.3961907128167,29.8864418822729],[-82.3961389595774,29.8863895681043],[-82.3960882627267,29.8863363658908],[-82.3960750346995,29.8863135856085],[-82.3960522620354,29.8862743688309],[-82.3960246068032,29.8862097972547],[-82.3959739080162,29.8861565958649],[-82.3958950499465,29.8861607477381],[-82.3958215316279,29.8861834312705],[-82.3958199317606,29.8861839243639],[-82.3958183223605,29.8861856985772],[-82.3957520733428,29.886224541974],[-82.3956986040637,29.8862778455136],[-82.3956516142116,29.8863341009296],[-82.3956240635743,29.8863992228693],[-82.39556732322,29.8864524728388],[-82.3955235437443,29.8865116320383],[-82.3954540848582,29.8865475732727],[-82.3953783276043,29.8865720107182],[-82.3953100640028,29.8866200998918],[-82.3952777321625,29.8866527782561],[-82.3952622994922,29.8866683771606],[-82.3952581654143,29.886672555997],[-82.3952230673524,29.8866894220627],[-82.3951890541326,29.8867057650921],[-82.395110401874,29.8866999854312],[-82.3950438370353,29.8866618811282],[-82.3950380191877,29.8866388942338],[-82.3950266213269,29.8865938644726],[-82.3950539012838,29.886529272462],[-82.3950873598222,29.8864665844662],[-82.3951099793988,29.8864223086562],[-82.3951156789304,29.8864020100649],[-82.3951532436241,29.8863411972397],[-82.3951928624533,29.8862813206599],[-82.3952136787739,29.8862283663236],[-82.3952296184291,29.8861608804024],[-82.3951912214475,29.8861423699399],[-82.3951598508227,29.8861272433689],[-82.395081219228,29.8861205590032],[-82.3950023590794,29.886124710305],[-82.3949362406751,29.8861633866638],[-82.3949068853615,29.8862279452569],[-82.3948940327265,29.8862963822182],[-82.3948884180737,29.8863658379496],[-82.3948869448286,29.8864353621244],[-82.394878235699,29.8865038648544],[-82.3948499205287,29.8865684401724],[-82.3947918984916,29.8866162806227],[-82.3947237658132,29.8866522157462],[-82.394652636363,29.8866826833636],[-82.3945742296693,29.8866959035635],[-82.3944955031803,29.8867060371976],[-82.394417199394,29.8866962267162],[-82.3943823767041,29.8866789402251],[-82.3943798610965,29.8866776924525],[-82.3943556254793,29.8866119691654],[-82.3943175879424,29.8865775746366],[-82.3943007073185,29.8865623111348],[-82.3942394383797,29.8865188742145],[-82.3941908520033,29.8864638988056],[-82.3941422656425,29.8864089251826],[-82.3940884029221,29.8863583835471],[-82.3940524055409,29.8862963859703],[-82.3940193439593,29.8862339375695],[-82.3939345502933,29.8862330679317],[-82.3938615959864,29.8862029935347],[-82.3937836180735,29.8861690918474],[-82.393735959637,29.8861454330773],[-82.393714827869,29.886134942825],[-82.3936590202589,29.8860844815791],[-82.3936256746976,29.8860178607519],[-82.3935890533354,29.8859566939418],[-82.3935873553405,29.8858878306238],[-82.3935919725193,29.8858190671812],[-82.3936312190804,29.8857563698737],[-82.3936389344749,29.8857491303818],[-82.3936860267189,29.8857049357308],[-82.3936969620095,29.8856362758127],[-82.3936762530183,29.885569858445],[-82.3936555409497,29.8855034410237],[-82.3936221382131,29.8854395749102],[-82.3935855181013,29.8853784081134],[-82.3935393050167,29.8853225945176],[-82.393509060501,29.8852587783219],[-82.3934369951911,29.8852300831753],[-82.3934139567464,29.8852238228549],[-82.3933615926075,29.8852095948557],[-82.3932864276909,29.8851780958759],[-82.3932143614878,29.8851493996879],[-82.3931681507884,29.8850935859935],[-82.3931219370165,29.8850377731346],[-82.3930757243508,29.8849819593738],[-82.3930295117561,29.8849261446945],[-82.3929704887321,29.8848783851854],[-82.3928840482477,29.8848532316432],[-82.3928126290825,29.8848237272579],[-82.3927337232828,29.8848184067449],[-82.3926678132534,29.8848578504726],[-82.3926019042643,29.8848972914776],[-82.3925292805159,29.8849244747354],[-82.3924611303892,29.8849598318249],[-82.3923820537309,29.884962609249],[-82.3923049142972,29.8849836435082],[-82.3922256647632,29.8849945189534],[-82.392154245692,29.884965014209],[-82.3920947850096,29.8849195021089],[-82.3920565779117,29.88485812793],[-82.3920394105173,29.8847910193333],[-82.392038546266,29.8847221486533],[-82.3920608736923,29.8846556737262],[-82.3920785974826,29.8845871025514],[-82.3920684423091,29.8845180812662],[-82.3920699028758,29.8844492462402],[-82.3920387102056,29.884385960299],[-82.3919402724602,29.8842839186233],[-82.3919045585953,29.884246084219],[-82.3918521986597,29.884194608488],[-82.3917801264922,29.8841516567669],[-82.3917162519506,29.8841108014343],[-82.3916371648341,29.8841048809036],[-82.3915590662471,29.8841241984116],[-82.3914876086245,29.8841535789509],[-82.3914257527107,29.8841970503241],[-82.3913632616073,29.8842345408728],[-82.3912907840266,29.8842632344534],[-82.3912146490561,29.8842877906171],[-82.3911511742652,29.8843354702895],[-82.3910750392049,29.8843600263719],[-82.3909958619615,29.8843730731802],[-82.3909197897032,29.8843947653643],[-82.3908373239152,29.8844077608653],[-82.3907551054997,29.8844092992131],[-82.3906761095009,29.8844137569941],[-82.390606366706,29.8844470094337],[-82.3906042230938,29.8844473628616],[-82.3905271893125,29.8844600568602],[-82.3904481324887,29.8844673765405],[-82.3903693797284,29.884460376969],[-82.3902964710066,29.8844878485492],[-82.3902172924665,29.8845008975755],[-82.3901381768741,29.8845110791386],[-82.3900621640735,29.8845299087706],[-82.3899832309016,29.8845314996199],[-82.3899042966728,29.884533091307],[-82.3898281601179,29.8845576466468],[-82.3897584158839,29.8845908995194],[-82.3896824029885,29.8846097271266],[-82.3896001204455,29.8846141285389],[-82.3895386544314,29.8845673007275],[-82.3895105360186,29.8844980913888],[-82.3895120580475,29.8844264953953],[-82.389470611647,29.884365664597],[-82.3893989175159,29.8843358597377],[-82.3893201659688,29.8843288595512],[-82.389245007105,29.8843075940752],[-82.3891661937064,29.8843034576197],[-82.3890936942972,29.8843241299445],[-82.3890901200861,29.8843251478215],[-82.3890141062132,29.8843439759261],[-82.3889355362397,29.8843283830688],[-82.3888603774394,29.8843071182738],[-82.3887818694149,29.8842886615008],[-82.3887136466052,29.8842503169125],[-82.3886920396983,29.8841840781963],[-82.3886935623314,29.8841124813087],[-82.3887048811155,29.8840439091445],[-82.388745596781,29.8839844031585],[-82.3887765728591,29.8839190139472],[-82.3888431533518,29.8838799799968],[-82.3889032837854,29.8838351131858],[-82.3888981695481,29.8837662749212],[-82.3889258612217,29.8837008299682],[-82.3890050990935,29.8836849187677],[-82.3890811113904,29.8836660924548],[-82.3891602264375,29.8836559106284],[-82.3892034772053,29.883645197014],[-82.3892362397754,29.883637081536],[-82.3892995943644,29.88359513139],[-82.3893358019032,29.8835520177759],[-82.389329936875,29.8834829274049],[-82.3893270063614,29.8834138807692],[-82.3893240737243,29.8833448368059],[-82.3893195407876,29.8832821553507],[-82.3893072000026,29.8832371513262],[-82.3892955138587,29.8831682070462],[-82.3892772550432,29.8830991567187],[-82.3892784630991,29.8830939554661],[-82.3892659392388,29.8830250644368],[-82.3892478262251,29.8829565614491],[-82.3892297132172,29.8828880593607],[-82.3891620293552,29.8828500196421],[-82.3891010517149,29.8828035613036],[-82.389019603778,29.882799403885],[-82.388963092411,29.8828496500422],[-82.3889194406639,29.8829086304883],[-82.3889114093419,29.8829795547987],[-82.3889360440937,29.8830481630779],[-82.388973838357,29.8831113009785],[-82.3889986284351,29.8831614929728],[-82.3890241333097,29.8832002182583],[-82.3890455066671,29.8832687747892],[-82.3890115133706,29.8833335965479],[-82.388933023633,29.8833436963361],[-82.3888516386677,29.8833367011808],[-82.3887703100506,29.8833268601077],[-82.3887059500078,29.8832860324342],[-82.3886833682118,29.8832742998338],[-82.3886089249153,29.8832475198005],[-82.388534420255,29.8832235800963],[-82.3884768822659,29.8831686492858],[-82.3883848077118,29.883050636575],[-82.3883863164387,29.8829796061064],[-82.3884008086459,29.8829116292756],[-82.3884572599617,29.8828642237499],[-82.3884977139653,29.8828023495758],[-82.3885227608849,29.8827800815888],[-82.3885278583097,29.8827755485653],[-82.3885897209529,29.8827312927516],[-82.388585160853,29.8826518865739],[-82.38856016257,29.8825863194425],[-82.3885748464573,29.8825162821127],[-82.3885689830927,29.8824471899155],[-82.3885763115739,29.8823783115352],[-82.3885578967202,29.882284381988],[-82.3884690225178,29.8822757272707],[-82.3883906170497,29.8822618285361],[-82.3883357903469,29.8822104080749],[-82.3882977962062,29.8821466252078],[-82.3882868296613,29.8820778665803],[-82.3882445793181,29.882019427928],[-82.388204475794,29.8819574164955],[-82.3881538310723,29.8819042570439],[-82.3880753077882,29.8818957700514],[-82.3879962900211,29.8819107386063],[-82.3879171934364,29.8819293159696],[-82.3878383270016,29.8819370666165],[-82.3877573085975,29.8819357765486],[-82.3877106746907,29.8819912435924],[-82.3876942296824,29.8819976993427],[-82.3876152196253,29.8819964235695],[-82.3875365208911,29.8819806527096],[-82.387470837126,29.881939716406],[-82.3873918271178,29.8819384404979],[-82.3873128181467,29.8819371645588],[-82.3872736867997,29.8819365325975],[-82.3872338112285,29.8819358895074],[-82.3871549553812,29.88192736501],[-82.3870807238937,29.8818971668583],[-82.3870064924896,29.8818669668605],[-82.3869278668808,29.8818475722464],[-82.3868621834544,29.8818066356369],[-82.3868007318434,29.8817621436886],[-82.3867217251094,29.8817608665241],[-82.3866427162881,29.8817595901803],[-82.3865637095197,29.8817583147243],[-82.386484855941,29.8817497898564],[-82.3864795843895,29.8817497055916],[-82.3864058460965,29.8817485133528],[-82.3863272238039,29.8817291184279],[-82.3862529927352,29.8816989189041],[-82.3861786044,29.8816759668312],[-82.3860958233645,29.8816565045671],[-82.3860302164521,29.8816119451041],[-82.3859514401179,29.8815997974961],[-82.3858814431543,29.8815660407126],[-82.3858243062372,29.8815143679881],[-82.3857628563451,29.8814698737643],[-82.3857056445235,29.8814218234396],[-82.3856269444775,29.8814060513971],[-82.3855526346574,29.8813794756642],[-82.3854736282246,29.8813781986479],[-82.3853946197044,29.8813769224524],[-82.3853156122597,29.8813756444219],[-82.3852368362195,29.8813634954815],[-82.385157827714,29.881362219143],[-82.3850746624876,29.8813608737513],[-82.3849914962092,29.881359529192],[-82.384912334466,29.8813654993619],[-82.3848626530932,29.8813646961019],[-82.3848436081705,29.8813643881742],[-82.3847689839266,29.8814020971837],[-82.3846901626996,29.8814132745256],[-82.384615792456,29.8814390500346],[-82.3845391730281,29.8814585641146],[-82.3844603506953,29.8814697413012],[-82.3843794128185,29.8814684314885],[-82.3842984728352,29.8814671233961],[-82.3842175359976,29.8814658134999],[-82.3841342174905,29.8814644659349],[-82.3840508989663,29.8814631192189],[-82.3839726941225,29.8814452536163],[-82.3839044105631,29.8814088679869],[-82.3838386412161,29.8813662997792],[-82.3837653734466,29.8813402126883],[-82.3837044949235,29.8812914967076],[-82.3836287161383,29.8812715939343],[-82.3835478215563,29.8812682108028],[-82.3834668848715,29.8812669013442],[-82.3833884603833,29.8812594056602],[-82.3833153274834,29.8812270945764],[-82.383242058919,29.8812010071755],[-82.3831737768299,29.8811646211809],[-82.3831128123261,29.8811200559445],[-82.3830421044714,29.881085706835],[-82.382968925534,29.881055470115],[-82.382890588596,29.881043826737],[-82.3828149006744,29.881019773441],[-82.3827391654524,29.8809977955441],[-82.3826581395346,29.881000634751],[-82.3825773778354,29.8809910281477],[-82.3824986430918,29.8809980531498],[-82.3824404946635,29.8810448421682],[-82.3824580803407,29.8811136101491],[-82.3824924598808,29.8811764231403],[-82.3825533809593,29.8812230632736],[-82.3826046490308,29.881275774862],[-82.382660763727,29.8813244133574],[-82.3827144557202,29.8813750879234],[-82.3827608722669,29.8814318697351],[-82.3828024834007,29.8814906499669],[-82.3827796451629,29.8815566883579],[-82.3827144852306,29.8815971390051],[-82.3826493252643,29.8816375887177],[-82.3825841683502,29.8816780384481],[-82.3825075925377,29.8816954776488],[-82.3824266544834,29.8816941675301],[-82.382347919172,29.8817011924411],[-82.3822692301041,29.8817061445512],[-82.382188292025,29.881704835187],[-82.3821073539866,29.8817035239686],[-82.3820329807857,29.8817292979755],[-82.3819896948607,29.8817331619423],[-82.3819542474695,29.8817363235851],[-82.3818732651581,29.8817370877148],[-82.3817923280941,29.8817357781224],[-82.381758358725,29.8817148783524],[-82.3817265121347,29.8816952815904],[-82.3816776701652,29.881640535438],[-82.3815969080792,29.881630926426],[-82.3815158816124,29.8816337649253],[-82.3814349446565,29.8816324542098],[-82.3813567412234,29.8816145852565],[-82.3812758474938,29.8816111998351],[-82.3812153607004,29.8816558760456],[-82.3811618809296,29.881706890739],[-82.3810465543027,29.8817548292541],[-82.3809936688607,29.8817291375173],[-82.3809758477264,29.881720479948],[-82.3809124590141,29.881677948815],[-82.3808490662351,29.8816354166821],[-82.3807732888139,29.8816155113702],[-82.380694510208,29.8816246107954],[-82.3806158211183,29.8816295619112],[-82.3805369971927,29.8816407358153],[-82.3804784480871,29.8817061952565],[-82.3804132438932,29.8817487193643],[-82.3803434132554,29.8817849425562],[-82.3803110930276,29.8818487506967],[-82.3802575704939,29.8819018396436],[-82.3801970820306,29.8819465153658],[-82.3801506127542,29.8820038682739],[-82.3801253920057,29.8820698676228],[-82.3801025498239,29.8821359037065],[-82.3801010437035,29.8822064379521],[-82.3800592923053,29.8822659416867],[-82.3800316866526,29.8823319023711],[-82.3799875997509,29.8823892965381],[-82.3799742346562,29.882457561489],[-82.3799595427874,29.882526863344],[-82.3799584476729,29.882528350646],[-82.3799012839587,29.882605945771],[-82.3798979487652,29.8826846000149],[-82.3798351253812,29.8827271615277],[-82.379772300889,29.8827697238955],[-82.379695680538,29.8827892342521],[-82.3796147416299,29.8827879223939],[-82.3795364047734,29.8827762761237],[-82.3794554638078,29.8827749641334],[-82.379374569179,29.8827715784387],[-82.3792989219727,29.8827454484712],[-82.3792231882832,29.882723468575],[-82.3791448957928,29.8827097483826],[-82.3790741860506,29.8826753998046],[-82.3789958946922,29.8826616777358],[-82.3789152206222,29.8826479178895],[-82.3788394417812,29.8826280114421],[-82.378763661897,29.8826081067378],[-82.3786953783917,29.8825717192778],[-82.3786416888175,29.8825210439852],[-82.3786073101923,29.8824582308729],[-82.3785924188795,29.8824255938353],[-82.3785923311689,29.8823791271686],[-82.3786340834933,29.8823196239027],[-82.3786711209058,29.8822579670563],[-82.3787246001626,29.8822069542514],[-82.37880126457,29.8821853689711],[-82.3788778835958,29.8821658591208],[-82.3789863388713,29.8821178155987],[-82.3790087928181,29.8821025417515],[-82.3790111174975,29.8820717854812],[-82.3790360750861,29.8820065562486],[-82.3790375819594,29.8819360220143],[-82.3790235372342,29.8819075222979],[-82.3790056272061,29.8818711711904],[-82.3789567866301,29.8818164249249],[-82.3789343987306,29.8817496547878],[-82.3789453828658,29.8816813477168],[-82.3789229950237,29.8816145766753],[-82.3789006072116,29.8815478056296],[-82.3789021131006,29.8814772731819],[-82.3788851454349,29.8814489714834],[-82.3788363122966,29.8813940836252],[-82.378771646176,29.8813539669546],[-82.3786925476555,29.881343668488],[-82.3786178525249,29.8813695048216],[-82.3785599087737,29.8814181515137],[-82.3784918845036,29.8814546150608],[-82.3784288678133,29.8814986723998],[-82.3783878132507,29.8815030640231],[-82.3783415106224,29.8815080174739],[-82.3782796007082,29.8814644181374],[-82.3782319062737,29.881408878102],[-82.3782117899929,29.8813700142595],[-82.3781913542911,29.8813491128913],[-82.3781912246367,29.881348978149],[-82.378155394762,29.8812859365396],[-82.3780982231691,29.8812383580929],[-82.3780193289718,29.8812269355482],[-82.3779402203068,29.8812256514185],[-82.3778696803868,29.881258989748],[-82.3778751891584,29.8813280443163],[-82.3779111184506,29.8813894779002],[-82.3778772007305,29.8814518059324],[-82.3778111853078,29.8814913027934],[-82.3777362092002,29.8815144262444],[-82.3776570992556,29.8815131428288],[-82.3775772533658,29.8815159682661],[-82.3774988734285,29.8815063953644],[-82.3774179355945,29.8815050821471],[-82.3773396886583,29.881489285382],[-82.377268249119,29.8814587777172],[-82.3772042686483,29.8814254621589],[-82.3771410739938,29.8813828962253],[-82.3770779089274,29.8813388996795],[-82.3770045495572,29.8813104928666],[-82.3769480479447,29.8812623057981],[-82.3769132157664,29.8812001462422],[-82.3768650854881,29.8811449351806],[-82.3768468051299,29.8810773127723],[-82.3768483056207,29.881007149279],[-82.3768316678568,29.8809395562332],[-82.3768249226228,29.8808706908748],[-82.3768175897492,29.8808104763323],[-82.3768165316992,29.8808017979038],[-82.376799895065,29.8807342030658],[-82.3767882178749,29.8806652585598],[-82.3767417622211,29.8806086399552],[-82.3766734863741,29.8805731547356],[-82.3765634086572,29.8805250624427],[-82.3765127459403,29.8804681733468],[-82.3764521471732,29.8804050070943],[-82.3764119205596,29.8803526130306],[-82.3763637889582,29.880297399042],[-82.3762988894505,29.8802576716385],[-82.3762199900339,29.8802578236206],[-82.3761866776572,29.8802892840671],[-82.3761663081537,29.8803085190214],[-82.3761158522959,29.8803621307036],[-82.3760429099486,29.8803910266832],[-82.3759623984431,29.8803897194721],[-82.3758992028514,29.8803471556082],[-82.3758560953276,29.8802877262121],[-82.3758344989276,29.8802214835687],[-82.3758244661241,29.8801525647612],[-82.3758311402247,29.880083753917],[-82.3758637987607,29.8800042314129],[-82.3759191232297,29.8799535628061],[-82.3759391537949,29.8798783603192],[-82.375886479032,29.8798256809519],[-82.3758105775781,29.8797997721645],[-82.3757808648468,29.8797326596271],[-82.3757491170719,29.8796975324504],[-82.3757310716751,29.8796775618792],[-82.375658051883,29.8796492310787],[-82.3756053773328,29.8795965543033],[-82.3755527018226,29.8795438765879],[-82.3754971935323,29.8794911510402],[-82.3754301034296,29.8794505791451],[-82.3753508419931,29.879449290945],[-82.3752715826094,29.8794480036324],[-82.3751946771289,29.8794689639272],[-82.3751370997467,29.8795010820705],[-82.3751258967775,29.8795073299497],[-82.3751236011402,29.879508403403],[-82.3750543921123,29.8795407169585],[-82.3750375185109,29.8795511668043],[-82.374988388643,29.8795815967332],[-82.3749925718226,29.8796507607659],[-82.3749266189141,29.8796891753228],[-82.3748473593445,29.8796878877534],[-82.3747704557169,29.879708845126],[-82.3746911433405,29.8797100253204],[-82.3746093685481,29.879693890762],[-82.3745947854468,29.8796793053171],[-82.3745566935144,29.8796412126459],[-82.3745525106387,29.8795720485991],[-82.3745370035163,29.8795027005597],[-82.3744611037538,29.8794767882998],[-82.3743818402196,29.879475500381],[-82.3743147495479,29.8794349278971],[-82.3742417324079,29.8794065963392],[-82.3741775244302,29.8793636010079],[-82.374136330342,29.8793037049399],[-82.3740951362648,29.8792438106628],[-82.374056726579,29.8792323416093],[-82.3740160343974,29.8792351217036],[-82.3739365640131,29.8792437023097],[-82.3738573048117,29.8792424141404],[-82.3737778851534,29.8792485267582],[-82.3736985742256,29.8792497036618],[-82.3736216177981,29.879273131826],[-82.373550164563,29.8793040510402],[-82.3734759840606,29.8793299884485],[-82.3733991859357,29.8793460156134],[-82.3733276766856,29.8793794007095],[-82.3732507749884,29.879400359929],[-82.3731848226464,29.8794387718214],[-82.3731078660092,29.8794621969771],[-82.3730793580677,29.8794731061748],[-82.3730336344705,29.8794906038299],[-82.3729899038795,29.8795491167417],[-82.3729658324455,29.8796153554434],[-82.3729361014706,29.8796815003128],[-82.3729120289722,29.8797477371831],[-82.3728766880617,29.8798113239094],[-82.3728357372625,29.8798723515918],[-82.3727588858511,29.87989084263],[-82.372725856921,29.8798903055355],[-82.3726796250944,29.8798895546325],[-82.3726003664485,29.8798882648166],[-82.3725255916539,29.8799110258297],[-82.3725234061817,29.8799116913814],[-82.3724439879765,29.8799178032228],[-82.3723649924347,29.8799041784694],[-82.3722859429879,29.8798930233131],[-82.3722129250548,29.879864690607],[-82.3721399092334,29.8798363578938],[-82.3720607542453,29.8798301338063],[-82.3719818126441,29.8798140445889],[-82.3719026048406,29.8798102873611],[-82.3718325774196,29.8797746014482],[-82.3718091185746,29.8797533809841],[-82.3717770201984,29.879724341312],[-82.3716978652837,29.8797181188089],[-82.371618657548,29.8797143623113],[-82.3715395047405,29.8797081388441],[-82.3714605094508,29.8796945153484],[-82.3713875426848,29.8796637151924],[-82.3713175166258,29.8796280272162],[-82.3712383089764,29.8796242704883],[-82.3711652925745,29.8795959372139],[-82.3711269046834,29.8795840877798],[-82.3710893386676,29.8795724908215],[-82.3710103963933,29.8795564010008],[-82.3709309244961,29.8795649779602],[-82.3708516660931,29.8795636888889],[-82.3707726699776,29.8795500649609],[-82.3707102865652,29.8795539842942],[-82.370637272455,29.8795256498566],[-82.3705576947781,29.8795391614012],[-82.3704905496611,29.8795010529588],[-82.3704144902261,29.8794825400842],[-82.3703354413531,29.879471382847],[-82.3702561820361,29.8794700915942],[-82.370180121614,29.8794515794685],[-82.3701129798255,29.8794134699806],[-82.3700458370535,29.8793753604414],[-82.3699786932399,29.8793372535567],[-82.3698994329802,29.8793359629728],[-82.3698201737769,29.8793346714558],[-82.3697410203882,29.8793284450794],[-82.36966517278,29.8793000657546],[-82.3695891665336,29.8792790863475],[-82.3695099073604,29.8792777955444],[-82.3694277126007,29.8792813934167],[-82.3693562041136,29.8793147772779],[-82.3692767312319,29.8793233532158],[-82.3692133986725,29.8793716752615],[-82.3691919428879,29.8794478271793],[-82.3691961220463,29.8795169904959],[-82.3692003032612,29.8795861547477],[-82.369195992044,29.8796551815726],[-82.3691494283127,29.8797136470905],[-82.3691000927627,29.8797696032348],[-82.3690396415074,29.8798155034166],[-82.3689627364787,29.8798364609833],[-82.3688967832052,29.8798748716318],[-82.3688391096669,29.8799232856928],[-82.3687676534411,29.8799542022768],[-82.3686881291441,29.8799652448446],[-82.3686088694159,29.8799639543978],[-82.3685296097092,29.8799626630009],[-82.3685014593106,29.8799548008791],[-82.3684300029764,29.8799857163768],[-82.368369553292,29.880031618988],[-82.3683174351576,29.8800850598832],[-82.368245925719,29.8801184431358],[-82.3681799190649,29.8801593194741],[-82.3681193643779,29.8802101531878],[-82.3680589123046,29.8802560574251],[-82.3680207902614,29.8803171279456],[-82.3679742805202,29.8803731270247],[-82.3679277177263,29.8804315957467],[-82.3678535369845,29.880457529999],[-82.3677744897129,29.8804463703469],[-82.3677073450116,29.8804082622823],[-82.3676313923541,29.8803848129985],[-82.3675545374884,29.8804033018474],[-82.3674886383369,29.8804392439628],[-82.3674116774732,29.8804626675367],[-82.3673327351453,29.8804465727919],[-82.3672585531633,29.8804725084938],[-82.3671816472698,29.8804934641106],[-82.367105589723,29.8804749511514],[-82.3670261167541,29.8804835257384],[-82.366946750701,29.8804871681913],[-82.3668673846807,29.8804908087921],[-82.3667943678535,29.880462473063],[-82.3667445782644,29.8804073718808],[-82.3666744993795,29.8803741465537],[-82.3665955572027,29.8803580531679],[-82.3665213751138,29.8803839875501],[-82.3664636491559,29.8804348702552],[-82.3664226941803,29.8804958950257],[-82.3664042268397,29.880564690906],[-82.3664043438612,29.8805656059521],[-82.3661483562392,29.8808008621318],[-82.3661216222044,29.8808019184744],[-82.3660448176349,29.8808179403513],[-82.3659788106262,29.880858816496],[-82.3659020101879,29.8808748356505],[-82.3658227487547,29.880873542597],[-82.3657469021407,29.8808451601184],[-82.3656708955397,29.880824178437],[-82.3655979858636,29.8807909072503],[-82.3655187255362,29.8807896140295],[-82.3654418179759,29.8808105695083],[-82.3653676341936,29.8808365041206],[-82.3653016279484,29.8808773790386],[-82.3652439541271,29.8809257924474],[-82.3652142144758,29.8809919373096],[-82.3651965036809,29.881023795788],[-82.3651788682351,29.8810555201472],[-82.3651435198405,29.8811191047453],[-82.3650997859564,29.8811776150473],[-82.3650229320378,29.8811961042458],[-82.3649708114927,29.8812495438037],[-82.3648965773856,29.8812779433472],[-82.3648223930538,29.8813038803556],[-82.3647431864036,29.8813001188276],[-82.3646876318962,29.8812498565881],[-82.3646376840081,29.8812021554636],[-82.3645878983689,29.881147052612],[-82.3645207534395,29.8811089401909],[-82.3644594324413,29.8810635193536],[-82.3643865229758,29.8810302483943],[-82.3643193812883,29.8809921368222],[-82.3642404369319,29.8809760419824],[-82.3641644336928,29.8809550576727],[-82.3640854373687,29.8809414306102],[-82.3640061228662,29.8809426034083],[-82.3639319406806,29.8809685372401],[-82.3638687084898,29.8810119227555],[-82.3638082539843,29.8810578241244],[-82.3637313489608,29.8810787786481],[-82.3636519272703,29.8810848824123],[-82.3635789649509,29.8810540806608],[-82.3635205252448,29.8810062368078],[-82.3634445210608,29.8809852538671],[-82.3633653126079,29.880981493275],[-82.3633595999588,29.880983866887],[-82.3632963684852,29.8810272548487],[-82.363272289254,29.8810934890374],[-82.3632736345303,29.8811626072168],[-82.3632778085673,29.8812317725017],[-82.363287648451,29.8813010303287],[-82.363274838444,29.8813699173025],[-82.36323388007,29.8814309419562],[-82.3631873691602,29.8814869402653],[-82.3631492425961,29.8815480102465],[-82.3630887884477,29.8815939122001],[-82.3630145535455,29.8816223106752],[-82.3629430932311,29.8816532249597],[-82.3628715798425,29.8816866043525],[-82.3627947261894,29.8817050904545],[-82.3627918422768,29.8817075102558],[-82.3627203839019,29.8817384244523],[-82.3626627051985,29.8817868375717],[-82.3625830726052,29.88180281033],[-82.3625040779135,29.8817891814453],[-82.3624247086398,29.881792818415],[-82.3623546842998,29.8817571256467],[-82.3622778814703,29.8817731462638],[-82.3621988327432,29.8817619832271],[-82.3621633596904,29.8816997089695],[-82.3621761694561,29.8816308229911],[-82.362228344808,29.8815749166946],[-82.3622887972139,29.8815290178106],[-82.3623655997948,29.8815129998927],[-82.3623666034099,29.8815126490519],[-82.3624397838695,29.8814870651628],[-82.3624779118815,29.8814259954051],[-82.3624310091696,29.8813684719053],[-82.3623667509389,29.8813279368157],[-82.3622967259123,29.8812922439984],[-82.362217464193,29.8812909487607],[-82.3621385220292,29.8812748517847],[-82.3620595267637,29.8812612235162],[-82.3619982047071,29.881215802394],[-82.3619252418274,29.8811849969976],[-82.3618457688981,29.8811935675524],[-82.3617964243988,29.8812495190654],[-82.3617470808402,29.8813054723805],[-82.3616680846079,29.8812918420548],[-82.3615938748643,29.8812697080483],[-82.3615893007778,29.8812683447793],[-82.3615874569232,29.8812645348606],[-82.3615567663473,29.8812011836463],[-82.3615012124721,29.8811509200365],[-82.3614605200264,29.8810912689892],[-82.36150643281,29.8810399580279],[-82.3615557763335,29.8809840066066],[-82.361565756644,29.8809150735247],[-82.3615672434152,29.8808460006993],[-82.3615346550017,29.8807813064931],[-82.3614791013531,29.8807310437745],[-82.3614061379164,29.8807002398748],[-82.3613302416992,29.8806743200163],[-82.3612510335741,29.8806705581442],[-82.3611750822206,29.8806471060147],[-82.3611217744188,29.8806240249685],[-82.3610424611697,29.8806251959868],[-82.3609780987333,29.8805895968379],[-82.3609512255962,29.880522526305],[-82.3609782422559,29.8804514049098],[-82.3610079835109,29.8803852618933],[-82.3610348938856,29.8803190734855],[-82.3610674658827,29.880252976741],[-82.3611443749496,29.8802320247518],[-82.361223634775,29.8802333206226],[-82.3613031070288,29.8802247486413],[-82.3613745646979,29.8801938379219],[-82.3614377964803,29.8801504508866],[-82.3615010281687,29.8801070656247],[-82.3615419860068,29.8800460423933],[-82.3615474176268,29.8799252116514],[-82.3614947504504,29.8798725273924],[-82.3614363144352,29.8798246862466],[-82.3613573194228,29.8798110557319],[-82.3612780588974,29.879809759925],[-82.3611986411173,29.8798158649572],[-82.3611216803276,29.8798392830449],[-82.361042527024,29.8798330541123],[-82.3609666804997,29.8798046688267],[-82.3608907309101,29.8797812165477],[-82.3608409449364,29.8797261131165],[-82.3607614199413,29.8797371508662],[-82.3607001014695,29.879691730067],[-82.3606271932538,29.8796584560908],[-82.3605557346441,29.8796893690922],[-82.3604952805062,29.8797352662451],[-82.3604103052764,29.8797363460715],[-82.3603373460649,29.8797055389186],[-82.3602643848285,29.8796747316911],[-82.3602088334762,29.8796244684465],[-82.3602103211714,29.8795553956307],[-82.3601948240617,29.8794860458918],[-82.3601248531555,29.8794478876461],[-82.3600635341764,29.8794024638246],[-82.3600195208536,29.87934251886],[-82.3600040239298,29.8792731681955],[-82.3599828133456,29.8792061918788],[-82.3599644325229,29.8791392627528],[-82.3599375604428,29.8790721929074],[-82.3598615553898,29.8790512078318],[-82.3597856055826,29.8790277557953],[-82.3597086460665,29.8790511748739],[-82.359634409989,29.8790795732059],[-82.3595549926722,29.8790856781426],[-82.3594757317139,29.8790843812269],[-82.3593961550013,29.8790978833107],[-82.3593165771738,29.8791113880351],[-82.3592373161981,29.879110090975],[-82.3591581114693,29.8791063278692],[-82.3590786389289,29.8791148967273],[-82.3590345690447,29.8790574174108],[-82.3590247354334,29.8789881602067],[-82.3590318865188,29.8789191809796],[-82.3590644041386,29.8788555525463],[-82.3591025874301,29.8787920159264],[-82.3591685958362,29.8787511459513],[-82.359201115403,29.8786875166152],[-82.3592244557801,29.8786301082725],[-82.3592280265408,29.8786213276698],[-82.3592429827216,29.8785555900366],[-82.35925348783,29.8784909552724],[-82.3592094212265,29.8784334760633],[-82.3591567550648,29.8783807899391],[-82.3590954903083,29.8783329005143],[-82.3590170321474,29.8783201309329],[-82.3589519239307,29.8782935362357],[-82.3588935422182,29.87824322608],[-82.3588494748978,29.8781857467317],[-82.3588306176192,29.8781410173065],[-82.3588037455006,29.8780739490109],[-82.358793913163,29.8780046927041],[-82.3587727005991,29.877937714331],[-82.3587543228767,29.8778707859653],[-82.3587529797732,29.8778016668059],[-82.3587544684337,29.8777325949005],[-82.3587729425949,29.8776638010235],[-82.3587744312589,29.8775947282154],[-82.3587730901763,29.8775256108928],[-82.3587261925048,29.8774680851653],[-82.3587191879715,29.8773988724294],[-82.3586665205093,29.8773461878744],[-82.3586497508302,29.8773360429831],[-82.3585884327548,29.8772906202512],[-82.3585125377875,29.8772646996206],[-82.3584512760996,29.8772168099246],[-82.3583722304117,29.8772056436537],[-82.3582899285144,29.8772141692979],[-82.358213023271,29.8772351187451],[-82.3581488215435,29.8771921164099],[-82.3580667334532,29.8771907723257],[-82.3580201673946,29.8772492357464],[-82.3579764309999,29.8773077445837],[-82.3579888837712,29.8773869160606],[-82.3580100926035,29.8774538936104],[-82.3580170946156,29.8775231045461],[-82.3579901819335,29.8775892932301],[-82.3579158943417,29.8776201557527],[-82.3578364770702,29.8776262587279],[-82.3577574310868,29.8776150938897],[-82.3576784925465,29.8775989951208],[-82.3576171768422,29.8775535710664],[-82.3575645651503,29.8774984191522],[-82.3574820379063,29.8773860200673],[-82.3574408567724,29.8773261187694],[-82.3573795403102,29.8772806945859],[-82.357309516803,29.8772449999411],[-82.3572305243882,29.8772313678345],[-82.3571512670094,29.8772300695443],[-82.3570720086172,29.8772287702871],[-82.3569926458536,29.8772324058174],[-82.3569157402837,29.877253356306],[-82.3568414515744,29.8772842182022],[-82.3567754431272,29.877325089713],[-82.3567372599464,29.8773886256766],[-82.3567641315198,29.8774556944164],[-82.3567995986775,29.877517968334],[-82.3567530306462,29.8775764330894],[-82.3566735069369,29.877587467454],[-82.3565943025229,29.8775837009748],[-82.3565271640638,29.8775455862636],[-82.3564571427655,29.8775098902952],[-82.3564515441557,29.877510146847],[-82.3564174612609,29.8775117078798],[-82.3563777787199,29.8775135254354],[-82.3563008728223,29.8775344746602],[-82.3562215087708,29.8775381088037],[-82.3561422501255,29.8775368098853],[-82.3560762944968,29.8775752122893],[-82.3560264151294,29.8776558320175],[-82.3559938416848,29.877721926633],[-82.3559866895921,29.8777909066183],[-82.3559852000611,29.8778599776068],[-82.3560090766533,29.8779344008841],[-82.3559890368177,29.8780334340711],[-82.3559267299218,29.8780761812837],[-82.3558607728168,29.8781145835608],[-82.3557838673799,29.8781355324978],[-82.3557042898321,29.8781490350259],[-82.3556248177401,29.8781576026885],[-82.3555478589524,29.8781810193378],[-82.3554719077429,29.8781575638429],[-82.3553924909268,29.8781636653513],[-82.3553130188157,29.8781722319225],[-82.3552362196919,29.8781882484437],[-82.3551618232071,29.8782240450861],[-82.3550823520433,29.8782326124361],[-82.355016340192,29.8782734821208],[-82.3549395399461,29.8782894966468],[-82.3548602807182,29.8782881969518],[-82.354781022508,29.8782868981278],[-82.3547017110888,29.8782880634984],[-82.3546301450982,29.8783239062614],[-82.354558581126,29.8783597490191],[-82.3544816721393,29.8783806962374],[-82.3544022540295,29.8783867980296],[-82.3543361362739,29.8784326012848],[-82.3542593358149,29.8784486145093],[-82.3541800231671,29.8784497822528],[-82.3541007105758,29.8784509472421],[-82.3540264743596,29.878479343312],[-82.3539550135483,29.8785102508895],[-82.3538782139444,29.8785262666132],[-82.3537989022651,29.8785274341425],[-82.3537196439169,29.8785261328715],[-82.3536583273609,29.8784807078324],[-82.3536114332543,29.87842317939],[-82.3535731359941,29.8783608572453],[-82.3535290685748,29.8783033769565],[-82.35348500437,29.8782458939977],[-82.3534381103966,29.8781883691003],[-82.3533940462759,29.8781308870124],[-82.3533327301322,29.8780854609176],[-82.353271415021,29.8780400375168],[-82.353192264756,29.878033800243],[-82.3531102805655,29.8780275200208],[-82.3530334268918,29.8780460003762],[-82.352953955648,29.8780545682374],[-82.3528797717187,29.8780804948884],[-82.3527973620313,29.8780939491688],[-82.3527150579435,29.8781024685825],[-82.3526392704708,29.8780716133563],[-82.3525721373977,29.8780334939786],[-82.3524991787619,29.8780026824004],[-82.3524173022889,29.8779914696692],[-82.35235310262,29.877948462688],[-82.3522917901698,29.8779030361558],[-82.3522188337672,29.8778722253569],[-82.3521428856107,29.8778487697669],[-82.3520668308598,29.8778302462242],[-82.3519908828103,29.8778067887419],[-82.3519149357731,29.8777833339385],[-82.3518507897765,29.8777378606646],[-82.3517807176968,29.8777046300603],[-82.3517016200425,29.877695927626],[-82.3516223623655,29.8776946259863],[-82.3515464145051,29.8776711691479],[-82.3514673179525,29.8776624656868],[-82.3513972994052,29.8776267679296],[-82.3513258394243,29.8776576740898],[-82.3512681596278,29.8777060813304],[-82.3512666657635,29.8777751531505],[-82.3513021285352,29.877837429442],[-82.3513034654212,29.8779065486606],[-82.3512652795725,29.8779700821399],[-82.3512383643612,29.8780362685648],[-82.3511751274203,29.8780796497404],[-82.3511146709445,29.8781255434823],[-82.3510404864433,29.8781514708943],[-82.3509690269895,29.8781823777775],[-82.3509057919471,29.8782257570525],[-82.3508398337983,29.8782641586188],[-82.3507096534916,29.8783259423157],[-82.3506450526156,29.8783670703157],[-82.3505763169017,29.8784029573889],[-82.3504970576404,29.8784016550506],[-82.3504183331745,29.8783756832122],[-82.3503391293653,29.8783719147673],[-82.3502893510041,29.8783168064311],[-82.3502745998571,29.8782847502944],[-82.3502596015013,29.8782521568267],[-82.3502155391911,29.8781946736686],[-82.3501513403244,29.8781516665095],[-82.3501158781423,29.8780893908093],[-82.3500918426708,29.8780223672468],[-82.3500535477531,29.8779600449723],[-82.3499834751218,29.8779268115849],[-82.3499480110746,29.8778645349023],[-82.3498925203572,29.8778118012438],[-82.349813422783,29.877803097668],[-82.3497374208393,29.8777821067093],[-82.3496962431361,29.8777222047623],[-82.3496949063552,29.8776530846074],[-82.349662327754,29.8775883874481],[-82.3496268650445,29.8775261115961],[-82.3495828003173,29.8774686281711],[-82.3495036506414,29.8774623931755],[-82.3494267967536,29.8774808705108],[-82.349374618419,29.8775367717507],[-82.3493031547882,29.8775676758531],[-82.3492210141179,29.8775687940843],[-82.3491418110169,29.8775650240124],[-82.3490688013955,29.8775366783858],[-82.3490653141724,29.8775344825656],[-82.3490124547526,29.877523412757],[-82.3489394451792,29.8774950679601],[-82.3488810176622,29.8774472203145],[-82.348831239538,29.8773921114032],[-82.3488167842113,29.8773394394063],[-82.3488128696869,29.877325179852],[-82.3487745748051,29.8772628571833],[-82.3487391117526,29.8772005801704],[-82.3486893369356,29.8771454712553],[-82.3486396135426,29.8770878944386],[-82.3485753626132,29.8770473552535],[-82.3484995238668,29.8770189618675],[-82.348438275704,29.877042387315],[-82.3484252861044,29.8770473538428],[-82.3483459210801,29.8770509849958],[-82.3482699221112,29.8770299923156],[-82.3481906650104,29.8770286885969],[-82.3481086296071,29.8770248703993],[-82.3480293725125,29.8770235665829],[-82.347950274694,29.8770148618632],[-82.3478802578666,29.8769791622222],[-82.3478073014404,29.8769483489274],[-82.3478177718005,29.8768572161661],[-82.3478249305125,29.8767882375425],[-82.3478235950458,29.8767191173644],[-82.3477765763464,29.8766720731883],[-82.3477709357716,29.8766664293572],[-82.3477764893169,29.8766714545746],[-82.3477295994306,29.8766139258213],[-82.3476624660818,29.8765758056737],[-82.3475894586638,29.8765474583349],[-82.3475106274433,29.8765264195038],[-82.3474345776733,29.8765078933177],[-82.3473616751624,29.8764746137295],[-82.3473003648686,29.8764291848368],[-82.3472212675871,29.8764204796759],[-82.3471420109667,29.8764191762239],[-82.3470898833308,29.8764726077724],[-82.3470968786828,29.8765418202157],[-82.3471209107214,29.8766088452197],[-82.3471109228924,29.8766777772523],[-82.3471094261343,29.8767468499314],[-82.3471334572351,29.8768138731113],[-82.3471459511075,29.8768450686646],[-82.3471603200615,29.8768809455958],[-82.3472187484674,29.8769287949477],[-82.3472771749181,29.8769766415333],[-82.3472671860865,29.8770455753631],[-82.3471930014268,29.8770714987912],[-82.3471162008297,29.8770875096279],[-82.3470419636754,29.8771158999331],[-82.3469703957466,29.8771517394106],[-82.3468909247148,29.8771603026874],[-82.3468209071501,29.8771246015608],[-82.3467416499928,29.8771232969644],[-82.3466627125934,29.8771071915313],[-82.3465926427326,29.8770739563431],[-82.3465133321662,29.8770751176519],[-82.3464335916965,29.8770960162464],[-82.3463546564778,29.8770799088576],[-82.3462756667325,29.8770662701535],[-82.3462013737845,29.8770971277951],[-82.3461326373442,29.8771330125365],[-82.3460567446925,29.877107085565],[-82.3459837373422,29.877078737331],[-82.3458879238018,29.877057416983],[-82.3458178541961,29.8770241831836],[-82.3457477846569,29.8769909484447],[-82.3456835884822,29.876947939992],[-82.3456045454394,29.8769367678278],[-82.3455275831857,29.8769601776485],[-82.3454482181446,29.8769638061417],[-82.3453712568681,29.8769872158874],[-82.3452919988044,29.8769859103957],[-82.3452204848968,29.8770192810863],[-82.3451436284853,29.877037755872],[-82.3450640503908,29.8770512510271],[-82.344984685221,29.877054881043],[-82.344905429198,29.8770535744492],[-82.3448261186086,29.8770547356371],[-82.3447500658297,29.87703620784],[-82.3446974090718,29.8769835177119],[-82.3446620011574,29.8769187726309],[-82.3446208814257,29.8768564021555],[-82.3445625067989,29.8768060846813],[-82.3444895021269,29.8767777374511],[-82.3444074125138,29.8767763838602],[-82.3443468991445,29.8768247414061],[-82.3442700447715,29.8768432166149],[-82.3442145020389,29.8767929474554],[-82.3441704973835,29.8767329962134],[-82.3441149537475,29.8766827260921],[-82.3440358040254,29.8766764868692],[-82.3439790869692,29.8766406939145],[-82.3439715563145,29.8766359436352],[-82.3438956121045,29.8766124823708],[-82.3438196133763,29.8765914870878],[-82.3437466605248,29.876560673366],[-82.3436675110014,29.8765544303122],[-82.3435938019485,29.8765584604041],[-82.3435169712802,29.8765757030004],[-82.343448274446,29.876609733644],[-82.3433694043801,29.8766232403415],[-82.3432934613374,29.8765997796466],[-82.3432151113321,29.8765892337358],[-82.3431435745989,29.8765584403161],[-82.3430807699277,29.8765166887723],[-82.343011393097,29.87648408115],[-82.3429306815204,29.8764845999959],[-82.3428536921958,29.8765092421674],[-82.3427748211331,29.8765227466855],[-82.3426959510251,29.8765362538791],[-82.3426774814292,29.8766044276609],[-82.34267018806,29.8766468767268],[-82.3426118234916,29.8766940345559],[-82.3425410436057,29.876726182437],[-82.3424743876461,29.876763951135],[-82.342458039597,29.8768321598793],[-82.3424101300342,29.8768868944443],[-82.3423653323294,29.876938071968],[-82.3423622194032,29.8769416280725],[-82.3422975409517,29.8769861109325],[-82.3422771707199,29.8770548741032],[-82.3422418458802,29.8771168064133],[-82.3421841609178,29.8771652105355],[-82.3421488380118,29.8772271446583],[-82.3421209888255,29.8772924900886],[-82.342067007916,29.8773442469027],[-82.3420504100912,29.8774130695641],[-82.3420076081433,29.8774715886331],[-82.3419536271363,29.8775233426939],[-82.3418888946866,29.877548597971],[-82.3418164689378,29.8775803077666],[-82.341732571065,29.8775753242482],[-82.3416519008552,29.8775739923571],[-82.3415872863993,29.8776154955903],[-82.3415558484889,29.8776415545107],[-82.3414777095403,29.8777063289761],[-82.3414052845803,29.8777380385608],[-82.3413256696896,29.8777531757696],[-82.3412496854688,29.8777749534189],[-82.3412461142672,29.8777764392461],[-82.3411814583351,29.8778197895371],[-82.3411045108474,29.8778425807465],[-82.3410398959882,29.8778840837085],[-82.3409710736487,29.8779236647467],[-82.3409127075044,29.877970822716],[-82.3408521803686,29.8780197956372],[-82.3408041879214,29.8780782286545],[-82.3407562758313,29.8781329616904],[-82.3406916616728,29.8781744644968],[-82.3406108672178,29.8781786836618],[-82.3405339966773,29.8781977727164],[-82.3404571673546,29.8782150117613],[-82.3403843402245,29.8782434225115],[-82.3403073107605,29.8782699131975],[-82.3402304390169,29.8782890038606],[-82.3401168095813,29.8783057388915],[-82.3400380531909,29.8782814051518],[-82.33995879313,29.8782800964122],[-82.3398916447864,29.8782427949132],[-82.3398284836968,29.8781956861035],[-82.339748869195,29.8782108241733],[-82.3396874802852,29.8782558744142],[-82.3396409008635,29.8783143303522],[-82.3395980265912,29.8783761391059],[-82.3395701753465,29.8784414866944],[-82.3395310746706,29.8785033559444],[-82.3395069275588,29.878572054532],[-82.339445537281,29.8786171046413],[-82.3393662790302,29.8786157955769],[-82.339291366686,29.8785882368484],[-82.3392123946025,29.8785737712664],[-82.3391530083164,29.8785267244816],[-82.3390975387807,29.8784731635981],[-82.339053537484,29.8784132115605],[-82.3389942228822,29.8783628769502],[-82.3389272159233,29.8783189940042],[-82.3389037222372,29.8783059437108],[-82.3388600689952,29.878281691091],[-82.3387808099847,29.8782803816548],[-82.3387193500468,29.8783287219172],[-82.3387065244253,29.8783976065143],[-82.3386636474462,29.8784594158292],[-82.3386059620508,29.8785078175018],[-82.3385267018479,29.8785065069925],[-82.3384673169223,29.8784594617174],[-82.3384233150358,29.8783995067448],[-82.3383755384202,29.8783394938929],[-82.3383277619016,29.8782794792193],[-82.3382645320433,29.8782356583435],[-82.338185417251,29.8782277703524],[-82.338110504531,29.8782002091261],[-82.3380554424004,29.8781503702498],[-82.3380549652108,29.8781499364711],[-82.3380147362557,29.8780900464151],[-82.3379668874536,29.8780333211482],[-82.3379075756991,29.8779829860782],[-82.3378284601603,29.877975095148],[-82.3377452845664,29.8779803027263],[-82.3376729329755,29.8780087180333],[-82.3376152452891,29.8780571192362],[-82.3375649616072,29.8781122251892],[-82.337507203222,29.8781639168195],[-82.3374569236447,29.8782190191911],[-82.3373844970475,29.878250725647],[-82.3373230343983,29.8782990643174],[-82.3372543138977,29.878334121811],[-82.3372003278567,29.8783858747754],[-82.3371315325533,29.8784242208071],[-82.337048213372,29.8784360043479],[-82.3369831200094,29.8784777022527],[-82.3369036470567,29.8784862594619],[-82.3368312211428,29.8785179647261],[-82.3367624982473,29.8785530219268],[-82.3367462791672,29.8785707954904],[-82.3367122148962,29.8786081266654],[-82.3366545295186,29.8786565265922],[-82.3365894347916,29.8786982251854],[-82.3365133792256,29.8787232905743],[-82.3364339019157,29.8787318465276],[-82.336354429767,29.8787404025183],[-82.3362820751155,29.8787688188245],[-82.3362027461949,29.8787707965142],[-82.3361194265932,29.8787825803653],[-82.3360401682543,29.8787812692859],[-82.3359609078475,29.8787799581243],[-82.3358816494931,29.8787786478508],[-82.3358015676149,29.8787670889526],[-82.3357276957005,29.8787399072104],[-82.3356567012794,29.8787058288222],[-82.3355778719283,29.8786847819191],[-82.3355029606025,29.8786572201196],[-82.3354280493182,29.8786296582772],[-82.3353487184217,29.8786316354147],[-82.3352697458428,29.8786171674357],[-82.3351948367038,29.8785896063959],[-82.335116005512,29.8785685573761],[-82.3350452295192,29.8785246127486],[-82.3349661853837,29.8785134341411],[-82.3348951196974,29.8784826448939],[-82.3348318901494,29.8784388241466],[-82.3347725059787,29.878391777177],[-82.3347169692754,29.8783415031228],[-82.3346378536848,29.8783336111654],[-82.3346255081507,29.8783267531418],[-82.3345707073026,29.8782963069356],[-82.334511322345,29.878249258026],[-82.3344634775365,29.8781925315127],[-82.3343964747241,29.878148648084],[-82.3343214924428,29.8781243742596],[-82.334262180391,29.8780740384049],[-82.3342104884728,29.8780205352348],[-82.3341855029041,29.8779543166557],[-82.3341832329457,29.8778851825199],[-82.3341277695718,29.8778316186766],[-82.3340683861172,29.8777845704836],[-82.3340090016837,29.8777375222464],[-82.3339802427387,29.8776712393397],[-82.333974201401,29.8776020418473],[-82.3339415950939,29.8775389868696],[-82.3339011545575,29.8774477997214],[-82.3338453883417,29.8773973166521],[-82.333822489349,29.8773296780149],[-82.3337749981261,29.8772722532822],[-82.3337109581824,29.8772287136059],[-82.3336593286042,29.8771747591755],[-82.3336200342604,29.8771139303474],[-82.3335848805593,29.8770496284948],[-82.3335332532323,29.8769956731463],[-82.3334650740328,29.8769556054747],[-82.3334093072799,29.8769051222009],[-82.3333576780337,29.8768511676504],[-82.3333470395567,29.8767801931113],[-82.3333364021299,29.8767092185883],[-82.3332930500026,29.8766483206393],[-82.3332905311215,29.8765774796801],[-82.3332149273878,29.8765054290559],[-82.3331373912172,29.8765218445233],[-82.3330598581062,29.8765382608981],[-82.3329874648425,29.876505200017],[-82.3329481711747,29.8764443709845],[-82.3329130170907,29.8763800698334],[-82.3328696653468,29.8763191726448],[-82.3328014868988,29.8762791037237],[-82.3327247237822,29.8762601330319],[-82.3326648193331,29.8762131197521],[-82.3325836893122,29.8762082366535],[-82.3325069252766,29.8761892649146],[-82.332430316724,29.8761632152401],[-82.3324033628478,29.8760955100405],[-82.3324089671818,29.8760248036561],[-82.3324105112426,29.8759540308933],[-82.332436339578,29.8758871994073],[-82.3324702142266,29.8758240428304],[-82.3324717582603,29.875753269164],[-82.3324611215687,29.8756822945652],[-82.3324177673013,29.8756213971727],[-82.3323495133276,29.8755848674363],[-82.3322896094435,29.8755378548848],[-82.3322087878046,29.8755188166228],[-82.3321488871515,29.8754718031561],[-82.3320764938738,29.8754387444576],[-82.3319952852493,29.8754373985603],[-82.3319137677578,29.8754502066232],[-82.3318325591262,29.8754488606249],[-82.3317643816739,29.8754087920631],[-82.3317168936328,29.8753513647895],[-82.3317184371411,29.8752805920146],[-82.3316791457892,29.8752197617114],[-82.3316234602152,29.8751657392025],[-82.331571987301,29.8751047069362],[-82.3315121633163,29.875054158265],[-82.3314810709179,29.8749899213251],[-82.3314852659994,29.8749804885874],[-82.3314815682614,29.8749095477152],[-82.3314302621624,29.8748561093325],[-82.3313517342022,29.8748479480668],[-82.3312752280867,29.874867258781],[-82.331255373004,29.8749355218033],[-82.3312433856934,29.8750039188757],[-82.3312281809424,29.8750140037125],[-82.3311794957583,29.8750463006683],[-82.3310981444231,29.8750472383095],[-82.3310225363014,29.875025405556],[-82.3309872177017,29.8749607997516],[-82.3309808467637,29.8748921010008],[-82.3310068472125,29.8748731422697],[-82.3310421650339,29.8748473883925],[-82.3310620203045,29.8747791226962],[-82.3310080430367,29.874727925417],[-82.3309266919606,29.8747288629516],[-82.3308567049808,29.8747210685909],[-82.3307831465616,29.8746944729741],[-82.330763611784,29.8746278414767],[-82.3307096357674,29.8745766449931],[-82.3306449188282,29.8745367008897],[-82.3305684627424,29.8745537246494],[-82.3304919587908,29.8745730340382],[-82.3304204494676,29.8746038576575],[-82.3304058390251,29.8746722102544],[-82.330356750598,29.8746895903574],[-82.330331807828,29.8746984199666],[-82.3302504567893,29.8746993561787],[-82.3301776235167,29.8746707113579],[-82.3301256789986,29.874629807654],[-82.3301182996265,29.8746239979496],[-82.3300749641585,29.8745661183025],[-82.3300156923891,29.8745171183402],[-82.3299509767829,29.8744771748126],[-82.3298916551649,29.8744304622373],[-82.3298215935815,29.8743950019873],[-82.3297568760432,29.874355059231],[-82.3296921606466,29.8743151155749],[-82.3296138818897,29.87429552415],[-82.32953545333,29.8742827914001],[-82.3294626684714,29.8742518587028],[-82.3294574242956,29.8742517716851],[-82.3293790467604,29.8742367532193],[-82.3293197265701,29.874190041303],[-82.3292442682904,29.8741613496839],[-82.3292405722025,29.8740904078427],[-82.3292131218765,29.8740259312017],[-82.3291484069128,29.8739859872758],[-82.32909180743,29.8739347456626],[-82.3290133782067,29.8739220116802],[-82.3289567309357,29.8738730565838],[-82.3289134454021,29.8738128899909],[-82.3289018297924,29.8737441022557],[-82.3288504778253,29.8736929476289],[-82.3287911582278,29.8736462345695],[-82.3287265415302,29.8736017182194],[-82.3286618769501,29.8735594902167],[-82.3286238858585,29.8734971231335],[-82.3285434136391,29.8734976370378],[-82.3284508429122,29.8735075588061],[-82.3283718791374,29.8735040949738],[-82.3283111408996,29.8734578814818],[-82.3282401957829,29.8734265689789],[-82.3281794106491,29.8733825057662],[-82.3281058561774,29.8733576059351],[-82.3280299274653,29.8733283607881],[-82.3279590306332,29.873294895103],[-82.3279133903682,29.8732360163695],[-82.3278373186012,29.8732132266076],[-82.3277584031698,29.8732076102776],[-82.3276848499483,29.8731827111287],[-82.3275928805422,29.873182139315],[-82.3275145372289,29.8731711933351],[-82.3274692906617,29.8731144946587],[-82.3274630641905,29.8730449399832],[-82.3274921369956,29.8729807953607],[-82.3275278047657,29.8729186885121],[-82.3275293238835,29.8728492606751],[-82.3275330546498,29.872779871374],[-82.3275362215899,29.8727652459967],[-82.3275478289806,29.8727116300615],[-82.3275813049601,29.8726485231245],[-82.3275053656172,29.8726289340694],[-82.3274993719917,29.8726285611228],[-82.3274233038895,29.8726057711708],[-82.3273549692182,29.8725680418479],[-82.3273416596704,29.872498937974],[-82.3273431654309,29.8724300792749],[-82.3273471395565,29.872361260672],[-82.3273585238691,29.8722925660516],[-82.3274023506379,29.8722375705605],[-82.3274042358919,29.8722352062241],[-82.327401861688,29.8722308600357],[-82.3274008980252,29.87216196032],[-82.3273577719241,29.8721009711091],[-82.3273171183553,29.8720400229516],[-82.3272588958698,29.8719916978044],[-82.3271955945375,29.8719497470445],[-82.3271195270246,29.8719269569149],[-82.3270406607387,29.8719191889263],[-82.3269697181755,29.8718878748465],[-82.3269013852051,29.8718501453022],[-82.3268406486819,29.8718039302208],[-82.3267874593688,29.8717513862328],[-82.3267367855766,29.8716967283828],[-82.3267786436002,29.8715897928445],[-82.3268437319793,29.8715499740306],[-82.3268674121574,29.8714836357486],[-82.3268689192661,29.8714147770677],[-82.3268556102304,29.8713456722375],[-82.3268224103478,29.8712826948194],[-82.3268140411046,29.8712136720527],[-82.3267833566631,29.8711485843902],[-82.3267326821456,29.8710939265194],[-82.3266668661972,29.8710540875376],[-82.3265933138675,29.8710291850485],[-82.3265426425807,29.8709745289592],[-82.3265614322238,29.8709059574432],[-82.3266230417648,29.8707993492387],[-82.3266097339583,29.870730247104],[-82.3265890182295,29.8706610182698],[-82.3265558647876,29.8705958886198],[-82.3265176795735,29.8705349821064],[-82.3264770240953,29.8704740318264],[-82.3264313389235,29.8704173047099],[-82.326405638674,29.8703501459408],[-82.3263593986676,29.870261286214],[-82.3263401264646,29.8701386741207],[-82.3263389011194,29.8700694190261],[-82.326340416249,29.8700002094718],[-82.3263446676485,29.8699310480949],[-82.3263516564853,29.8698619285984],[-82.3263586483776,29.8697928109569],[-82.3263656392254,29.8697236932975],[-82.3263808431742,29.8696547121194],[-82.32638509459,29.8695855480337],[-82.3263619139907,29.869518317427],[-82.3263166175262,29.8694602667038],[-82.3262796406824,29.8693975800666],[-82.326225971486,29.8693465527559],[-82.3261723033796,29.8692955254403],[-82.3261053949714,29.8692589316707],[-82.3260315876506,29.8692167921616],[-82.3259537611686,29.8692108120083],[-82.3259522842114,29.8692106990329],[-82.3258930351132,29.8691643538962],[-82.32587769473,29.869124538657],[-82.3258671166065,29.8690970758804],[-82.3258328764879,29.8690344345973],[-82.325793108473,29.8689740889481],[-82.3257506042033,29.8689136978025],[-82.3257163642608,29.8688510546842],[-82.3256793880027,29.8687883687769],[-82.3256488506676,29.8687308194067],[-82.3256098200195,29.8686703785786],[-82.3255379023243,29.8686375297635],[-82.3254659077088,29.8686081977613],[-82.3254261752944,29.8685931687264],[-82.3253697153379,29.8685444821805],[-82.3253299488352,29.8684841364059],[-82.3252651223705,29.8684424733019],[-82.3251974489634,29.8684055387908],[-82.3251953578612,29.8684023621561],[-82.3251576826407,29.8683451920614],[-82.325104014569,29.8682941651892],[-82.3250863119041,29.8682270227092],[-82.3250905641401,29.8681578595616],[-82.3250480073687,29.8680998548287],[-82.3249859687417,29.8680558513077],[-82.3249434120751,29.8679978465404],[-82.3249351878956,29.8679292212401],[-82.3249219036135,29.8678542443029],[-82.324873817066,29.8677985368882],[-82.3248368428054,29.867735848952],[-82.3248219268474,29.8676663661437],[-82.3248014850941,29.8675991789694],[-82.3247645098789,29.8675364927988],[-82.3247220057946,29.8674761021985],[-82.3247235732261,29.8674045059735],[-82.3247360919008,29.8673330918736],[-82.3247403453574,29.8672639296528],[-82.3247336455475,29.8671945834686],[-82.3247159945245,29.8671250551577],[-82.3246928135783,29.8670578233087],[-82.3246335684209,29.8670114776299],[-82.324577110806,29.8669627898524],[-82.3245744246819,29.8669603603541],[-82.3245558251338,29.8668952466178],[-82.3221254566541,29.8668980006553],[-82.3141547276678,29.8669067190429],[-82.3140117503667,29.8597797476193],[-82.3054828444525,29.8597881838566],[-82.3054676457073,29.8530877292083],[-82.3008878465939,29.8532017009248],[-82.3008856539963,29.8532010549889],[-82.3008219002583,29.8531597168554],[-82.3007423350967,29.8531648205498],[-82.3006661452896,29.8531844785528],[-82.3005866157345,29.8531879721085],[-82.3004731901573,29.8531533382277],[-82.3003928600436,29.8531519871735],[-82.3003127237184,29.8531418813999],[-82.3002500972524,29.8530970474022],[-82.3002044661423,29.8530408232091],[-82.3001238756968,29.8530511427434],[-82.3000542983083,29.853017866861],[-82.2999848471186,29.8529787523381],[-82.2999187453755,29.8529396968313],[-82.2998423431915,29.852912141333],[-82.2997681256079,29.8529371620042],[-82.2996938433802,29.8529651005556],[-82.2996228428311,29.8529960141915],[-82.2995423836536,29.8530004975578],[-82.2994624393083,29.8529816374614],[-82.2993859746523,29.8529570005557],[-82.2993129188898,29.8529295037625],[-82.2992325889728,29.8529281519957],[-82.2991522590581,29.8529268001795],[-82.299072056346,29.8529196115331],[-82.2990056103248,29.8529357032572],[-82.2989234789259,29.8529343209821],[-82.2988474730786,29.8529530949456],[-82.2987834953639,29.8529835515521],[-82.2987777205848,29.852986300276],[-82.2986985551705,29.8529992930374],[-82.2986200896595,29.8529807830533],[-82.2986077544466,29.852966607482],[-82.2985720145417,29.8529255403673],[-82.2985071978386,29.852884341099],[-82.2984423791399,29.8528431408616],[-82.2984068789279,29.8528245265911],[-82.2983273787583,29.8528279633203],[-82.2982528256742,29.8528553569109],[-82.2981744336094,29.8528655895401],[-82.2981123258049,29.8529063421127],[-82.2980361949827,29.8529308432448],[-82.297954060497,29.8529294603087],[-82.2978789439165,29.8529081422965],[-82.2978208239913,29.8528613257035],[-82.2977940319764,29.8528305385035],[-82.2977727504102,29.8528060827408],[-82.2977146305546,29.8527592679043],[-82.2976431147521,29.8527236842289],[-82.2975782985858,29.8526824835978],[-82.2974993881978,29.8526840195398],[-82.2974786164071,29.8526993376273],[-82.2974264760659,29.8527114411997],[-82.2973479465283,29.8526957933349],[-82.2973098560843,29.8526349894957],[-82.2972916678264,29.8525659262424],[-82.2972923319756,29.852535916284],[-82.2972932537279,29.8524943311702],[-82.297291491905,29.8524255445837],[-82.2972434177743,29.8523703023096],[-82.2972383717673,29.8523014595023],[-82.2971802525185,29.8522546417211],[-82.2971017868435,29.852236130808],[-82.2970503641342,29.852183697828],[-82.2969752483112,29.8521623792959],[-82.2969054312838,29.852198444708],[-82.2968484388422,29.8522490522943],[-82.2967850662481,29.852290958659],[-82.2967761738918,29.8523015879866],[-82.2967378035297,29.8523474616611],[-82.2966587019132,29.8523575866804],[-82.2965949257407,29.8523162415563],[-82.296552827701,29.8522412089254],[-82.2964777099118,29.8522198882688],[-82.296401640646,29.8522415246136],[-82.2963287275011,29.8522689456448],[-82.296252723702,29.8522877199401],[-82.2961734950245,29.8523035740733],[-82.2961018540932,29.8522737180771],[-82.2960258471634,29.8522924912862],[-82.2959656334942,29.8523401793379],[-82.2959783790204,29.8524183502382],[-82.2959988012703,29.8524855420265],[-82.296005476955,29.8525548887857],[-82.2959441895525,29.8526016031753],[-82.2958646884413,29.8526050383904],[-82.2957885085601,29.8525822674554],[-82.2957410001571,29.8525256806689],[-82.2957408761659,29.8525255305982],[-82.2957413254864,29.8525254804228],[-82.2957132199911,29.8524591155522],[-82.2956851125238,29.8523927479343],[-82.2956784365387,29.8523618310405],[-82.2956702107145,29.8523237398286],[-82.2956684500379,29.8522549523176],[-82.2956601188023,29.852186054959],[-82.2956253783602,29.8521224431026],[-82.2955537377241,29.8520925868059],[-82.2954748277532,29.8520941224285],[-82.2953957272444,29.8521042467016],[-82.2953169443299,29.8521000546263],[-82.2952871294288,29.8520962946183],[-82.2952382884949,29.852090134901],[-82.2951902156875,29.8520348909692],[-82.2951883979488,29.8520292957039],[-82.2951686812455,29.8519686358505],[-82.2951471457975,29.8519023807106],[-82.2951124068375,29.8518387678324],[-82.2951237875624,29.8517702027673],[-82.2951515289758,29.8517047766019],[-82.2952116801286,29.851659953644],[-82.2952535764249,29.8516287349095],[-82.2952718322818,29.8516151297739],[-82.2953125895143,29.8515556545525],[-82.2953239711233,29.8514870885844],[-82.2952958651656,29.8514207236027],[-82.2952410961064,29.8513710974418],[-82.2952389904719,29.8513702209792],[-82.2951694550926,29.8513412409159],[-82.2950978141219,29.8513113843507],[-82.2950463960925,29.8512589488284],[-82.2950413495743,29.8511901067993],[-82.2950165291246,29.8511237971466],[-82.2949131809005,29.8510418363571],[-82.2948700265043,29.8510088931016],[-82.294851777198,29.850994963029],[-82.2948203218836,29.850931406332],[-82.2948349900021,29.8508628967192],[-82.2948562264595,29.8507944987616],[-82.2948610368375,29.8507258211215],[-82.2948196623951,29.85066496204],[-82.2947410077854,29.8506550402109],[-82.2946680974557,29.8506824585497],[-82.2945982816053,29.8507185254567],[-82.2945316874113,29.8507575097265],[-82.2944525867754,29.8507676361185],[-82.2943774715852,29.8507463142714],[-82.2942954055825,29.8507420670929],[-82.2942161788396,29.8507579209614],[-82.2941495834546,29.8507969041172],[-82.2940990347627,29.8508533489539],[-82.2940777977316,29.8509217485923],[-82.2940533369413,29.8509872289762],[-82.2939744889676,29.8509860559537],[-82.2938983263116,29.8509624901345],[-82.2938334714902,29.8509231971623],[-82.2937551591581,29.8509070842691],[-82.2936758687728,29.8509057465977],[-82.293596580439,29.8509044098152],[-82.2935260000617,29.8509361438428],[-82.293519055064,29.8509401746425],[-82.2934667503199,29.8509934062204],[-82.2934072848065,29.8510401510712],[-82.2933266259766,29.8510547061644],[-82.2932743199943,29.8511079394514],[-82.2932006794505,29.8511353446624],[-82.2931200922153,29.8511467174446],[-82.2930605568124,29.8511966443558],[-82.2930362414968,29.851200075207],[-82.2930349233474,29.8511570284256],[-82.2929799664273,29.8512080160974],[-82.2929027458685,29.8512321791374],[-82.2928670147753,29.8512372210388],[-82.2928223994373,29.8512435170022],[-82.2928221585407,29.8512435508341],[-82.2927556046551,29.8512806255823],[-82.2926785232193,29.8512984267596],[-82.292415412983,29.8513441376007],[-82.2922276335546,29.8513767610024],[-82.2921476105284,29.851362677369],[-82.2920674451274,29.8513549562659],[-82.291987490776,29.8513376902993],[-82.2919071850093,29.8513363344177],[-82.2918270216976,29.8513286141042],[-82.2917507886168,29.851308227431],[-82.2916897252856,29.8512626315213],[-82.2916323811088,29.8512139167956],[-82.2915750359935,29.8511652002232],[-82.2915399484533,29.8511009443267],[-82.2914863267444,29.8510491062943],[-82.2914214696958,29.8510098129759],[-82.2913566137132,29.8509705205446],[-82.2912956204614,29.8509217422325],[-82.2912193898912,29.8509013543822],[-82.2911390834527,29.8508999980115],[-82.2910588487846,29.8508954594092],[-82.290986549576,29.8508624069546],[-82.2909403706931,29.8508043285235],[-82.2909455772825,29.8507343863017],[-82.2909141407936,29.8506701909967],[-82.290853075154,29.8506245937402],[-82.2907957317554,29.850575878646],[-82.2907972879685,29.8505058747621],[-82.2907915443072,29.8504357466592],[-82.2907784997323,29.8503654952208],[-82.2907580834765,29.8502983044484],[-82.2907582577462,29.850290465305],[-82.2907593935648,29.8502393263995],[-82.2907596397118,29.8502283005639],[-82.2908047153363,29.8501717645332],[-82.2908497919643,29.8501152276022],[-82.2908804810072,29.8500488983348],[-82.2909256272185,29.849989180062],[-82.2909635421667,29.8499261571334],[-82.2910300968485,29.8498890833118],[-82.2910967191281,29.8498488263018],[-82.2911019255373,29.8497788849721],[-82.2910778588065,29.8497116298829],[-82.2910131442401,29.8496659728609],[-82.2909483611066,29.8496234962378],[-82.2908683376038,29.8496094117854],[-82.2907946975069,29.849636815644],[-82.2907175473463,29.8496577951787],[-82.2906474160562,29.8496916277291],[-82.2906430887748,29.8496932374552],[-82.2905773631387,29.8497176961763],[-82.2905737748428,29.8497190296417],[-82.2905723834268,29.849718296006],[-82.2905051998866,29.8496828573294],[-82.2904404169391,29.8496403813567],[-82.2904173437699,29.8496285067493],[-82.2903417661428,29.8496068300533],[-82.2902680388134,29.8496336348061],[-82.2902647422398,29.8496845531288],[-82.2902635853953,29.849702411305],[-82.2902300014668,29.8497655956483],[-82.2902196998609,29.8498342733265],[-82.2902161986436,29.8498408606753],[-82.2901861158599,29.849897457658],[-82.2901208750328,29.8499371555566],[-82.2899875855749,29.8500114056843],[-82.2899873789176,29.8500114824987],[-82.2899138589047,29.8500382093524],[-82.2898346787651,29.8500470719638],[-82.2897558388023,29.8500406386841],[-82.2897014140638,29.8499887186453],[-82.2896706645012,29.8499244471058],[-82.2896721952961,29.8498556212237],[-82.2896649538607,29.849786647076],[-82.2896046244842,29.8497371762568],[-82.2895427596812,29.8496963345383],[-82.289541198934,29.8496953029696],[-82.2895336051185,29.8496950870883],[-82.2894237173328,29.8497152472228],[-82.2892952795329,29.8497388067468],[-82.2892416597095,29.8496869686923],[-82.2892505178682,29.849617088244],[-82.2892517471161,29.8495617839883],[-82.2892520741399,29.8495470834553],[-82.2892609332934,29.8494772039253],[-82.2892442384467,29.8494068915047],[-82.2892054308055,29.8493457545448],[-82.2891443698677,29.8493001565397],[-82.2890720037498,29.8492702843559],[-82.2890112430816,29.8492425059284],[-82.2889997084334,29.8492372317371],[-82.2889191899933,29.8492454178768],[-82.288858127159,29.8491998206048],[-82.2888633361843,29.8491298775752],[-82.2888685430928,29.849059936314],[-82.2888701006395,29.8489899324472],[-82.288831294426,29.8489287953924],[-82.2887702318265,29.8488831980786],[-82.2887359030488,29.8488453868623],[-82.2887203318992,29.8488282383955],[-82.2887150429581,29.8488168726314],[-82.288688968218,29.8487608621539],[-82.2886501622455,29.8486997232406],[-82.2886517199203,29.848629720277],[-82.28863867602,29.8485594704046],[-82.288581335973,29.8485107525475],[-82.2885010304675,29.8485093945394],[-82.2884248033554,29.8484890050751],[-82.2883562290153,29.8484528307141],[-82.288275925629,29.8484514726028],[-82.2882380074497,29.8485144956244],[-82.2881784701566,29.8485644194011],[-82.2881006675477,29.8485738456388],[-82.2880214359905,29.8485653446639],[-82.2879537920904,29.8485283881745],[-82.2878889912081,29.84848670645],[-82.2878097608133,29.8484782035604],[-82.287730367942,29.8484768605167],[-82.2876509750729,29.8484755174249],[-82.2875861243241,29.8484362222515],[-82.2875602350845,29.8483689365337],[-82.2874782638786,29.8483603888766],[-82.2873988210533,29.8483614332349],[-82.2873906180312,29.8483580866857],[-82.2873255415183,29.8483315428038],[-82.2872995029546,29.8482838502619],[-82.2872913359298,29.8482688923151],[-82.2872791879602,29.8481994514926],[-82.2872752554243,29.848130149676],[-82.2872299894289,29.8480720871189],[-82.2871508657058,29.8480588105326],[-82.2870842576184,29.8480982708365],[-82.2870337583972,29.8481523262849],[-82.2869671523303,29.848191783858],[-82.2869201290201,29.8482331861523],[-82.2869112847179,29.8482409751222],[-82.28683936242,29.8482731800211],[-82.2867623365039,29.8482885883778],[-82.2866826269453,29.8483015646239],[-82.2866064535011,29.8482787883531],[-82.2865639777353,29.848218385238],[-82.2865423379589,29.8481555267461],[-82.2865408280618,29.8481511456741],[-82.2865149927618,29.8480814731],[-82.2864585676594,29.848032769775],[-82.286403912887,29.848023599215],[-82.2863794429957,29.8480194945086],[-82.2863258058305,29.8479684507681],[-82.2862525289571,29.8479385606722],[-82.2861706144885,29.8479276255996],[-82.2861058668784,29.8478835563245],[-82.2860550229588,29.8478301713059],[-82.2860346104169,29.8477629797868],[-82.2860361511817,29.8476937714806],[-82.286037692999,29.8476245622896],[-82.286047449127,29.8475554930673],[-82.2860844192614,29.8474940463092],[-82.2860914355122,29.8474249306991],[-82.2860984538628,29.8473558133194],[-82.2861469997278,29.8473006559061],[-82.2862617246292,29.8472797936133],[-82.2863283324543,29.8472403355304],[-82.2863544586314,29.8471739300397],[-82.2863688355426,29.847159346422],[-82.286407695439,29.8471199229969],[-82.2864742468973,29.8470828487294],[-82.2865274325237,29.8470312274191],[-82.2865806692211,29.8469772175995],[-82.2866551669043,29.8469522181863],[-82.2867137195499,29.84690546003],[-82.286728949596,29.8468364834081],[-82.2866975326913,29.8467714923932],[-82.2866577984015,29.8467111338883],[-82.2866235917222,29.8466484831844],[-82.2865810655969,29.8465904649491],[-82.2865219025154,29.8465417161935],[-82.2864682670891,29.8464906734269],[-82.2864257431713,29.8464326560776],[-82.2863832152046,29.8463746368404],[-82.2863127313778,29.8463424082912],[-82.2862332349807,29.8463458358491],[-82.2861665766214,29.8463876805689],[-82.2860973399311,29.8464223207647],[-82.2860176307477,29.8464352965892],[-82.2859381873965,29.8464363391235],[-82.2858572712499,29.8464330101795],[-82.2858026644024,29.8463812658216],[-82.2857480534931,29.8463295204686],[-82.2857011458222,29.8462734886532],[-82.2856824033414,29.8462046731877],[-82.285632909566,29.8461508064445],[-82.2855705536609,29.8461055592384],[-82.2854893788009,29.846108604208],[-82.2854375248505,29.8461607538547],[-82.2853906390812,29.8462174108092],[-82.2853337664057,29.8462672674377],[-82.2852555693449,29.8462504763798],[-82.2852368261422,29.8461816608328],[-82.285238402292,29.8461109814302],[-82.2852359006247,29.8460827396364],[-82.285232325458,29.8460423822057],[-82.2852151821014,29.8459916519567],[-82.2852410585865,29.8459261122881],[-82.2853015190358,29.8458605375261],[-82.2852673386904,29.8457976387521],[-82.2852133387101,29.8457442369187],[-82.2851439039618,29.8457080715088],[-82.2851000315966,29.8456504648865],[-82.2850200776519,29.8456359908658],[-82.2849455275445,29.8456041104637],[-82.2848760930719,29.8455679413035],[-82.2848474596854,29.8455018492065],[-82.2848188315506,29.8454357553868],[-82.2847388758104,29.8454212784531],[-82.2846874568486,29.8454772682458],[-82.2846360357193,29.8455332597871],[-82.2845557875104,29.8455319002854],[-82.2844759323179,29.8455130504284],[-82.2844320603454,29.8454554471893],[-82.2843780610199,29.845402044108],[-82.2843137382767,29.8453615894905],[-82.2842333937523,29.8453646026236],[-82.2841672209792,29.8454072206306],[-82.2840869728784,29.8454058608413],[-82.2840227488083,29.8453610323813],[-82.2839891041898,29.8452948542642],[-82.2839299906133,29.8452457396956],[-82.2838605546712,29.8452095708625],[-82.2837801148526,29.8452169547631],[-82.2837091199047,29.8452507445887],[-82.2836874978414,29.84532036059],[-82.2836311598576,29.8453718912386],[-82.2835600662313,29.8454100519761],[-82.2835564533189,29.8454155084524],[-82.2834789862115,29.8454310030174],[-82.2834125566874,29.8454702190464],[-82.2833386406957,29.8454992210589],[-82.283296817773,29.8455590210758],[-82.2832774165987,29.8456161531081],[-82.283274117434,29.8456258720608],[-82.2832208788858,29.845678755327],[-82.2831441204809,29.8456623275561],[-82.2830774872439,29.8456242189025],[-82.2830266119386,29.8455712507993],[-82.282967874432,29.8455248716978],[-82.282919000745,29.8454685754252],[-82.2829114638398,29.8454310255508],[-82.2829051191008,29.8453994241582],[-82.2829105099979,29.8453306014444],[-82.2829043375852,29.845261581782],[-82.2828943111081,29.8451924958736],[-82.2828958468561,29.8451236087007],[-82.28285475658,29.8450640813983],[-82.2827759243359,29.8450543405565],[-82.2827012440102,29.8450312236294],[-82.2826366128346,29.8449897884306],[-82.282557817109,29.8449783679472],[-82.2824770189339,29.8449702719107],[-82.2824064917141,29.8449337788018],[-82.2823419013857,29.8448906604095],[-82.2822221273976,29.8448146728499],[-82.2821692868931,29.8447633511952],[-82.2821144803739,29.844713676302],[-82.2820557822955,29.8446656182159],[-82.2820088370999,29.8446093542934],[-82.2819910625497,29.8445418188178],[-82.2819674720306,29.8444758648199],[-82.2819146307829,29.8444245439459],[-82.2818460327797,29.8443880814422],[-82.281767237622,29.8443766604821],[-82.2816880289457,29.8443837201858],[-82.2816093453217,29.8443672570283],[-82.2815373581665,29.8443962925454],[-82.2814974611184,29.8444561255753],[-82.2814615226834,29.8444824520627],[-82.2814168841761,29.8445425105165],[-82.2814134071514,29.8446033566263],[-82.2814129343738,29.8446116454792],[-82.2813588638397,29.8446631549819],[-82.2812860708021,29.8446912779772],[-82.2812066714721,29.8446920287154],[-82.2811326449332,29.8446677038361],[-82.2811099176495,29.8445923160816],[-82.2811114883513,29.8445220110455],[-82.2811306496863,29.8444542034514],[-82.2810967416416,29.8443920886608],[-82.2810346688418,29.8443492749004],[-82.2809648396763,29.8443151226435],[-82.2808841450605,29.8443159531636],[-82.2808034024954,29.8443189772736],[-82.2807255727829,29.8443044689726],[-82.2806450744405,29.8442965104246],[-82.2805673428853,29.8442776084712],[-82.2804865523263,29.8442828287312],[-82.2804177216771,29.8443168267601],[-82.2803513142684,29.8443552620113],[-82.2802752678953,29.8443737519493],[-82.280206390144,29.844409945328],[-82.2801972586307,29.8444801220196],[-82.2801332743499,29.8445229926169],[-82.2800742295604,29.8445703431626],[-82.2800176570544,29.8446199346182],[-82.2799784809806,29.8446808080908],[-82.2799293714853,29.8447349196258],[-82.2798533247029,29.8447534111221],[-82.2797726778139,29.844752041905],[-82.2797558966831,29.8447512995113],[-82.2796920841939,29.8447484736749],[-82.2796222531399,29.8447143206669],[-82.2795471410368,29.8446910682647],[-82.2794979642286,29.8446352861657],[-82.2794564458211,29.8445752388681],[-82.279399562718,29.844525919159],[-82.2793297360595,29.8444917660646],[-82.2792490413068,29.8444925946739],[-82.2791753688036,29.8445177166766],[-82.2790947721904,29.8445141525356],[-82.2790170376761,29.8444952487063],[-82.2789384726544,29.8445136932914],[-82.2788659753387,29.8444860887768],[-82.2788218899371,29.8444281957322],[-82.278741440796,29.8444180369793],[-82.2787237727335,29.8444259065151],[-82.2786701402146,29.8444497949839],[-82.2785939962871,29.8444726775186],[-82.2785133496634,29.844471306623],[-82.278456468082,29.844421988325],[-82.2783970641291,29.8443726253444],[-82.2783454015089,29.8443447365483],[-82.278329806384,29.8443363181897],[-82.2783012787211,29.8442988571439],[-82.2782857192917,29.8442784249287],[-82.2782619929236,29.8442120853248],[-82.2782534829864,29.8441416108228],[-82.278233123417,29.8440779668123],[-82.2782322749946,29.8440753139992],[-82.278224862195,29.8440685947655],[-82.2781497969246,29.8440431442781],[-82.2780691527046,29.8440417740457],[-82.277988507432,29.844040404648],[-82.2779101380322,29.8440500605838],[-82.2778295418839,29.844046493859],[-82.2777490461121,29.8440385308576],[-82.2776683506795,29.8440393584739],[-82.2775877085385,29.8440379879798],[-82.2775126434947,29.8440125353227],[-82.2774318519158,29.8440177554822],[-82.2773510592534,29.8440229773782],[-82.2772894941197,29.8440702820427],[-82.2772157712371,29.8440976010555],[-82.2771599618737,29.8440996914325],[-82.2771544964573,29.8440998953944],[-82.2771350297523,29.8441006238203],[-82.2771267607725,29.8440934541464],[-82.277078145963,29.8440513048691],[-82.2770661396276,29.8440483856768],[-82.2770004162924,29.8440324017151],[-82.2769253514032,29.8440069487208],[-82.2768710885286,29.8439532781039],[-82.2768694952402,29.8439383491157],[-82.276869003282,29.8439337361864],[-82.2768363828663,29.8438705421972],[-82.276813321378,29.8438025668709],[-82.2767749923023,29.8437409234572],[-82.2767193588287,29.8436921769203],[-82.276640048836,29.8436875313891],[-82.2765629240557,29.8436697354805],[-82.2764917988312,29.8436372064091],[-82.2764139746635,29.843650719134],[-82.2763598342298,29.8437041942931],[-82.2763563954676,29.843773370339],[-82.2763472859157,29.843842446346],[-82.2763118649335,29.8439044816418],[-82.2762876708569,29.8439716552926],[-82.2762541021761,29.8440353706206],[-82.2762152637972,29.8440766637742],[-82.2762037419727,29.8440889127097],[-82.2761385195737,29.8441306612913],[-82.2760660319626,29.8441590987991],[-82.2759908678233,29.8441380406098],[-82.2759216737611,29.8441038955271],[-82.2758583308823,29.8440616071831],[-82.2758123325023,29.8440047813902],[-82.2757431733657,29.8439689900603],[-82.2756636409491,29.8439742278389],[-82.2755885149329,29.8439515224166],[-82.275509131016,29.843950172042],[-82.2754402764136,29.8439852642973],[-82.2753955118847,29.8440421974679],[-82.2753285095282,29.844078970627],[-82.275293086771,29.8441410065304],[-82.2752408726112,29.8441928672666],[-82.2751780870796,29.8442248675061],[-82.2751720198153,29.8442279594153],[-82.2750926325592,29.8442266096372],[-82.2750133970576,29.8442186663933],[-82.2749539088293,29.8441731478993],[-82.2749040555032,29.8441195532841],[-82.2749150554216,29.8440505059174],[-82.2748882166731,29.8439824668609],[-82.2748537420581,29.8439175913545],[-82.2748350096802,29.8438509435533],[-82.2748169656519,29.8437867446433],[-82.2747575536564,29.8437379293501],[-82.2747019570981,29.8436875313104],[-82.2746386518626,29.8436435962578],[-82.2745694565197,29.8436094513255],[-82.2744923659686,29.8435900062221],[-82.2744172425998,29.8435672992597],[-82.274340117256,29.8435495029246],[-82.2742630288453,29.8435300586231],[-82.2741939075642,29.8434926158462],[-82.2741145599062,29.8434896166867],[-82.2740492940619,29.843448945067],[-82.2739782446529,29.8434131197063],[-82.2738988601534,29.8434117683366],[-82.2738257729156,29.843382501495],[-82.2737526518705,29.8433548843901],[-82.2736834908845,29.843319089211],[-82.2736143340667,29.8432832949677],[-82.2735509936665,29.8432410082279],[-82.2734758328437,29.8432199477255],[-82.2733980434836,29.8432318088961],[-82.2733229565219,29.8432074533665],[-82.2732435732302,29.8432061016167],[-82.2731641889059,29.8432047498012],[-82.2731450181822,29.8432044233405],[-82.2730848056185,29.843203397955],[-82.2730056428358,29.843192159422],[-82.2729325929298,29.8431612450624],[-82.2728846469402,29.8431434340876],[-82.2728181627924,29.8431045529615],[-82.2727565857171,29.8430615631728],[-82.2726975060792,29.8430144227833],[-82.2726857645358,29.8430016389557],[-82.2726117862314,29.8429752139127],[-82.2725323422603,29.8429780556078],[-82.272490102503,29.8430381510576],[-82.2725077889709,29.843107655319],[-82.272521041347,29.8431603061985],[-82.2725415561914,29.8432109864853],[-82.2725496237322,29.8432803268921],[-82.2725107115549,29.8433403265376],[-82.2724327752565,29.843358779735],[-82.2723556863323,29.8433393342915],[-82.2722805256479,29.8433182749062],[-82.2722268577958,29.8432662600953],[-82.2721615528467,29.8432272344984],[-82.2720865790651,29.8431979354353],[-82.2720069742217,29.8432064668486],[-82.2719275139565,29.8432084100876],[-82.2718481306829,29.8432070574908],[-82.2717685257512,29.8432155914648],[-82.2717163112733,29.843267450814],[-82.2716883706597,29.8433329103731],[-82.2716510555977,29.8433949139835],[-82.2715932820099,29.8434417329059],[-82.2715154932861,29.8434535929743],[-82.2714393340679,29.8434770215181],[-82.2713723316431,29.843513793571],[-82.271301621501,29.843547204397],[-82.2712236848565,29.8435656550698],[-82.2711441165209,29.8435725416456],[-82.2710647298633,29.8435711885204],[-82.2709915725273,29.843545215988],[-82.2709144467793,29.8435274176151],[-82.2708332089118,29.8435243842426],[-82.2707537894919,29.8435246780172],[-82.2706741451775,29.8435348592095],[-82.2705963562309,29.8435467205351],[-82.2705169357376,29.8435470150501],[-82.2704374761854,29.8435489583034],[-82.2703722538084,29.8435907031438],[-82.270325596312,29.8436476005464],[-82.2703154361569,29.843661868138],[-82.2702745658246,29.8437226711133],[-82.2702589178595,29.843791286081],[-82.2701931570018,29.8438295260418],[-82.2701140112404,29.8438355565772],[-82.2700348082501,29.8438440449282],[-82.269952620276,29.8438598642588],[-82.2698757919892,29.8438764543944],[-82.2697962510717,29.8438834868004],[-82.2697211919528,29.8439052737392],[-82.2696461348298,29.8439270624742],[-82.2695803162377,29.8439657847944],[-82.2695404788026,29.8440259193984],[-82.2695197372825,29.8440926707265],[-82.2695189803367,29.8440986348253],[-82.2695109701831,29.8441617242066],[-82.2695262042254,29.8442332849773],[-82.2695246506579,29.8443024614966],[-82.2695471924067,29.8443699510914],[-82.2695697299666,29.8444374442193],[-82.2695777966089,29.8445067830184],[-82.2695761960085,29.8445780566434],[-82.269600627727,29.8446176027364],[-82.2696352436884,29.8446736410967],[-82.2697009366067,29.844711013387],[-82.2697021139681,29.8447116822398],[-82.2697402258386,29.8447738339013],[-82.2697330397408,29.8448425931279],[-82.2696978244655,29.844876765475],[-82.2696782297493,29.844895778961],[-82.2696261600716,29.8449218190045],[-82.2696118011107,29.8449290029525],[-82.2696068822226,29.8449314627141],[-82.2695411224695,29.844969700576],[-82.2694592636223,29.8449707640698],[-82.2693802804194,29.8449694168227],[-82.2693163419593,29.8449265060447],[-82.2692527878966,29.8448663799905],[-82.2691889016454,29.8448210102968],[-82.2691131836921,29.8448000397523],[-82.2690339257074,29.8448109854126],[-82.268959866935,29.8448417021749],[-82.2689161747504,29.84490246021],[-82.2688641858021,29.844955692938],[-82.2688121978126,29.8450089265648],[-82.2687741485176,29.8450697781267],[-82.2687138625721,29.8451154909078],[-82.2686425124924,29.845151173197],[-82.2685739869447,29.8451869045478],[-82.2685653934033,29.8451925995705],[-82.2685196816415,29.8452490153103],[-82.2684864973215,29.8453130249379],[-82.2684138641227,29.8453431503395],[-82.2683639618842,29.8453976492589],[-82.2683119871889,29.8454502684366],[-82.2682851078512,29.8455162299704],[-82.2682561146526,29.8455821563259],[-82.2681896610721,29.8456197671978],[-82.2681191009559,29.8456517739812],[-82.2680424437671,29.8456726060197],[-82.2679607065486,29.8456838958259],[-82.2678825854065,29.8456991661085],[-82.2678044952571,29.845713055412],[-82.26772793113,29.8457297390565],[-82.2676482217147,29.8457449820882],[-82.2675699751188,29.8457657867201],[-82.2674904240827,29.8457741151244],[-82.2674112438585,29.8457658442946],[-82.2673389063727,29.8457355516602],[-82.2672632123287,29.8457135021788],[-82.2671851521532,29.8457260065544],[-82.2671056912338,29.8457301855608],[-82.267053158377,29.8457408112656],[-82.2670491984958,29.8458099475934],[-82.267050048785,29.8458791642517],[-82.2670910558886,29.8459372470178],[-82.2670920129619,29.8459385988034],[-82.2671170040254,29.8460040345501],[-82.2671353606869,29.8460727281034],[-82.2671475336154,29.8461493594089],[-82.2671956213791,29.8462061220218],[-82.2672708301838,29.8462274874082],[-82.2673494902857,29.8462417408853],[-82.2674228940007,29.846270247959],[-82.2674754873617,29.8462809451119],[-82.26749987788,29.8462859065244],[-82.2675790856223,29.8462757838358],[-82.2676521316092,29.8462469075313],[-82.2677311793342,29.8462439528089],[-82.2677977761939,29.8462823854685],[-82.2677995205426,29.8463512672696],[-82.2677979746355,29.8464200938097],[-82.2677783688176,29.8464871746677],[-82.2677326705858,29.8465437708426],[-82.2676899327907,29.8465910035652],[-82.2676622834753,29.84665591416],[-82.2676572634538,29.8466594603297],[-82.267600589859,29.8466994864636],[-82.2675251262994,29.8467199920964],[-82.2674441581879,29.8467206869736],[-82.2673720342452,29.8467516271913],[-82.2672943560532,29.8467648311534],[-82.267216605858,29.8467811468671],[-82.2671540471454,29.8468246509567],[-82.2670708234777,29.8468232290338],[-82.2669921961024,29.8468123371222],[-82.2669159715812,29.8467919359696],[-82.2668373453025,29.8467810430806],[-82.2667679933788,29.8467473894285],[-82.2666892802758,29.8467403163204],[-82.2666103945422,29.8467408793142],[-82.2665332712039,29.8467605701054],[-82.266455976155,29.8467878997238],[-82.2664260472825,29.8468523262898],[-82.2663874415757,29.846912784196],[-82.2663618494892,29.8469791941449],[-82.266288933989,29.8470065984725],[-82.2662502872893,29.8470689658655],[-82.2662138288747,29.8471313706272],[-82.266169566768,29.8471572692868],[-82.2661472259126,29.8471703422554],[-82.2660661954573,29.8471689580648],[-82.2660036282768,29.8471258705854],[-82.2659904303756,29.8471088212404],[-82.2659114080918,29.8470927913047],[-82.2658320528381,29.8470914355869],[-82.2657555294245,29.8470712542331],[-82.2656803255891,29.8470993292601],[-82.2656715555774,29.8471683815695],[-82.265711067785,29.8472298707765],[-82.2657061240647,29.8473003211977],[-82.2656566954926,29.847354865111],[-82.2655965335986,29.8473996753879],[-82.2655173908519,29.8474116910862],[-82.2654424695379,29.847417657485],[-82.2654383768091,29.8474179818677],[-82.2654272551137,29.8474254318275],[-82.2653482850255,29.84742981308],[-82.2652902684113,29.8474765673968],[-82.2652344001686,29.8475252722373],[-82.2652169065553,29.8475318463123],[-82.265161483957,29.8475526759355],[-82.265084400574,29.8475704563439],[-82.2650033687524,29.8475690723793],[-82.2649246551446,29.8475619973074],[-82.2648553033033,29.8475283435445],[-82.2648223610764,29.8474996233845],[-82.2647994354385,29.8474796402124],[-82.2647206789877,29.8474744736079],[-82.2646435614435,29.8474891699217],[-82.2645618162275,29.847493044882],[-82.2644867073929,29.8474706681461],[-82.2644078658788,29.8474798667491],[-82.2643600379815,29.8474790482063],[-82.2643262361178,29.8474784712392],[-82.2642480468207,29.847458677399],[-82.2642040013842,29.8473999209817],[-82.2641446504684,29.8473540885717],[-82.2640855734592,29.8473069416148],[-82.2640605819539,29.8472415070621],[-82.2640307844651,29.8471759885255],[-82.2639839181317,29.8471206622673],[-82.263939502497,29.8470632835945],[-82.263887780984,29.8470099712894],[-82.2638433654745,29.8469525916817],[-82.2637989521264,29.8468952102901],[-82.2637667493072,29.846829650556],[-82.2637466154959,29.8467622010934],[-82.263730349547,29.8467367579353],[-82.2636908084178,29.8467130011262],[-82.2636843731856,29.8466808124452],[-82.2636562881668,29.8466403599706],[-82.2636431013839,29.8466213651531],[-82.2635947777123,29.8465669784111],[-82.2635179414717,29.8465466604479],[-82.2634606062642,29.8465845530315],[-82.2634273499505,29.8466230802875],[-82.2633822593498,29.8466796059728],[-82.2633156995495,29.8467166684901],[-82.2632597663932,29.8467682326677],[-82.2632569053073,29.8467726547625],[-82.2632200446835,29.8468296261478],[-82.2631481693691,29.8468594349895],[-82.2630685643213,29.8468676217452],[-82.2629891741276,29.8468662627986],[-82.2629128986919,29.8468482477913],[-82.2628536933819,29.8468018731659],[-82.2627775792212,29.846776697261],[-82.2627155804869,29.8467326623394],[-82.2626507923955,29.8466909681251],[-82.2626329510566,29.8466755615289],[-82.2625943787222,29.8466422553864],[-82.2625238993371,29.846610013063],[-82.2624445114057,29.8466086547233],[-82.262365014948,29.846612070497],[-82.2622965078068,29.8466232077989],[-82.2622853036115,29.8466250291692],[-82.2622107969012,29.8466500164519],[-82.2621311392363,29.8466605892934],[-82.2620515890023,29.8466663906133],[-82.2619721999976,29.8466650319691],[-82.2618995719299,29.8466337117075],[-82.2618191530954,29.8466372232526],[-82.2617430551077,29.8466147467793],[-82.2616648329008,29.8466036348097],[-82.2615866840511,29.8465892666465],[-82.2615064098976,29.8465862638661],[-82.2614261357693,29.8465832601346],[-82.2613475122395,29.8465900586217],[-82.2612672747474,29.8465854285233],[-82.2612165432145,29.8465667219036],[-82.2611931545461,29.8465580985798],[-82.2611248194949,29.846522722328],[-82.2610564875354,29.8464873487994],[-82.2609803521001,29.8464665008398],[-82.260898172798,29.8464650928638],[-82.2608178651871,29.8464637177872],[-82.2607374821417,29.8464655987723],[-82.2607299007319,29.8464703568602],[-82.2606639457116,29.846495285776],[-82.2605886527388,29.8465200574571],[-82.2605098783333,29.8465333667604],[-82.2604992640235,29.8465422651103],[-82.260450843036,29.8465828509099],[-82.2603905246228,29.8466893158042],[-82.2603721733064,29.8467574114872],[-82.2603724641727,29.8468274542393],[-82.2603821296026,29.8468960297429],[-82.2603656458628,29.8469641556048],[-82.2603231637608,29.8470253213977],[-82.2603037368014,29.8470838222463],[-82.2603011138829,29.8470917241238],[-82.260254933171,29.8471511996538],[-82.260206956176,29.847207385195],[-82.260168208009,29.847268614893],[-82.2600957778991,29.8473136140897],[-82.2600252704034,29.8473471541339],[-82.2599455166408,29.8473486826878],[-82.2599043011985,29.84740878545],[-82.2598244179292,29.8474161028518],[-82.2597701170302,29.8474672947051],[-82.2596902326286,29.8474746138112],[-82.2596177728515,29.8474473114255],[-82.2595893249236,29.8473831206175],[-82.2595642636287,29.8473160904491],[-82.2595497084724,29.8472894128062],[-82.259529176275,29.847251785877],[-82.259470453477,29.8472044515718],[-82.2594218904792,29.8471486009933],[-82.2593631667789,29.8471012657199],[-82.2592851120668,29.847027537258],[-82.2592196205482,29.8469858779962],[-82.2591397344643,29.8469931949268],[-82.2590756705762,29.8470355306845],[-82.259008415876,29.8470720205917],[-82.2589346490559,29.8471026086278],[-82.258860885274,29.8471331975773],[-82.258785039403,29.8471087322617],[-82.2587054826389,29.8471015785267],[-82.2586479284417,29.8471498176911],[-82.2586067133523,29.8472099191608],[-82.2586051466024,29.847279386896],[-82.2586035787953,29.8473488555151],[-82.2586020120206,29.8474183241517],[-82.2585904844433,29.8474876211601],[-82.2585591667933,29.8475507878264],[-82.2585604169141,29.8476003632972],[-82.2585609192277,29.8476203133535],[-82.2585295994477,29.8476834799768],[-82.2584851301023,29.8477406300625],[-82.2583998095839,29.8477938649082],[-82.2583268600577,29.8478226953522],[-82.2583060269109,29.8478784079893],[-82.2583023785681,29.8478881681916],[-82.2582901680248,29.8479208270759],[-82.2582778970462,29.8479536410261],[-82.2582355083485,29.8480116451086],[-82.2581850042264,29.8480652131718],[-82.2581136329301,29.8480969345451],[-82.2580429553219,29.8481342892759],[-82.258041461579,29.8481355792616],[-82.2579240913533,29.8481682534184],[-82.2578535815247,29.8482017904686],[-82.2577917885297,29.8482225998159],[-82.2577799451556,29.8482265889675],[-82.2577062444975,29.8482542809915],[-82.2576682844076,29.8483173335614],[-82.2576009619375,29.8483567189793],[-82.2575955386841,29.8483618306135],[-82.2575466604345,29.8484079090226],[-82.2574825928663,29.8484502448633],[-82.2574152712673,29.848489630203],[-82.2573384438903,29.8485085816934],[-82.2572584299419,29.8485216864463],[-82.2571847268503,29.8485493781405],[-82.2571079677715,29.8485654369022],[-82.2570406459867,29.8486048202448],[-82.2569668784785,29.8486354062842],[-82.2568932415669,29.8486602042833],[-82.2568134866617,29.8486617327312],[-82.2567366631554,29.8486806848409],[-82.2566791029495,29.8487289230637],[-82.2566023436911,29.8487449797246],[-82.2565333980648,29.8487090510093],[-82.2564537095344,29.8487076830014],[-82.256440440469,29.848702146961],[-82.256381315114,29.8486774834725],[-82.2563016919187,29.848673222726],[-82.2562218073476,29.8486805388288],[-82.2561544840786,29.8487199225994],[-82.2560777247423,29.8487359789523],[-82.2560129707301,29.8487754428299],[-82.2559328890377,29.8487933631465],[-82.2558770656803,29.8488086705814],[-82.2557964318307,29.8488239501508],[-82.2557305577214,29.848862816277],[-82.25565029791,29.8488614388799],[-82.2555700401701,29.8488600614691],[-82.25548970718,29.8488620159183],[-82.2554128201354,29.8488806918588],[-82.2553365252194,29.8488947354389],[-82.2553050751937,29.8489583349166],[-82.2552512878456,29.849008415774],[-82.2552481465472,29.8490143181228],[-82.2552176829708,29.8490715893402],[-82.2551724959555,29.8491294668312],[-82.2551043773003,29.8491665463098],[-82.2550973591154,29.8491768215594],[-82.2550977811903,29.8492462070279],[-82.2550770117261,29.8493420332828],[-82.2550696078527,29.8494107583505],[-82.2550505088254,29.8494792817508],[-82.2549966625106,29.8495319087697],[-82.2549342784577,29.8495741892771],[-82.2548718923027,29.8496164688171],[-82.2548009046044,29.849650951616],[-82.2547335260352,29.8496744482331],[-82.2547242435851,29.8496776870321],[-82.2546504479949,29.8497070197774],[-82.2545712078455,29.8496999276466],[-82.2544915629988,29.8496985610113],[-82.2544228032153,29.8496973794336],[-82.2544119181952,29.8496971925234],[-82.2543325359116,29.8496842525233],[-82.2542670368448,29.8496445423888],[-82.254196715604,29.8496039030252],[-82.2541244908911,29.8495679347717],[-82.2540522039405,29.8495348600784],[-82.2539725581986,29.8495334931092],[-82.2538928502457,29.8495350160836],[-82.2538132024365,29.8495336489818],[-82.2537335577744,29.8495322800809],[-82.2536539141287,29.8495309120512],[-82.2535803184351,29.8495556962848],[-82.2535522651755,29.8496217737556],[-82.2534947397257,29.8496699832353],[-82.2534696639437,29.8496819107639],[-82.2534242649532,29.8497035022991],[-82.2533505373124,29.8497340689684],[-82.2533099191907,29.8497333720664],[-82.2532708914409,29.8497327006699],[-82.2531912476411,29.8497313323586],[-82.2531114699164,29.8497357501359],[-82.2530318271713,29.8497343808432],[-82.2529518552887,29.8497474764915],[-82.2528750053967,29.8497693088456],[-82.2528013429485,29.849796982561],[-82.252776609371,29.8498631205282],[-82.2527255870742,29.8499172289629],[-82.2526975340974,29.8499833098747],[-82.2526270599299,29.8500168258203],[-82.2525792903021,29.8500738856701],[-82.252528268804,29.850127994947],[-82.2524514860557,29.8501469326395],[-82.252371838831,29.8501455637758],[-82.2522925218802,29.850129729894],[-82.2522167173951,29.8501052777381],[-82.2521507751463,29.8500709070203],[-82.2521089080321,29.8500281785579],[-82.252060372904,29.8499723590727],[-82.2519915989222,29.8499306596074],[-82.2519119529119,29.8499292904815],[-82.2518323079385,29.8499279213248],[-82.25175851416,29.8499613815439],[-82.2516785419067,29.8499744773153],[-82.2516048789528,29.8500021512586],[-82.251528095091,29.8500210883913],[-82.2514484489943,29.8500197198852],[-82.2513687395781,29.8500212413034],[-82.2512887662109,29.8500343359168],[-82.2512091201272,29.8500329663628],[-82.2511294771498,29.8500315968138],[-82.2510500264406,29.8500215483134],[-82.2509913406527,29.8499742360689],[-82.2509360386872,29.8499240873203],[-82.2508563926966,29.8499227175516],[-82.2507827295523,29.8499503910319],[-82.250709067422,29.8499780635864],[-82.2506292270194,29.849985372546],[-82.2505497109421,29.8499782154828],[-82.2504700669625,29.8499768464164],[-82.2503903554556,29.8499783690068],[-82.2503144216638,29.8499596992478],[-82.2502422001872,29.8499237279848],[-82.250162752758,29.8499136789989],[-82.2500831046967,29.8499123096256],[-82.2500095088853,29.8499370909652],[-82.2499487287863,29.8499823473468],[-82.2498711864106,29.8499980148579],[-82.249791542445,29.8499966444764],[-82.2497139426823,29.8500148446477],[-82.2496435176427,29.8500461897469],[-82.249570698211,29.8500731534022],[-82.2495176997554,29.8500679011734],[-82.2494912015848,29.8500652741667],[-82.2494116537546,29.8500595650056],[-82.2493317619932,29.8500690423938],[-82.2492990863071,29.8501003286484],[-82.2492783168414,29.8501202140498],[-82.2492175515852,29.8501647493931],[-82.2491739117273,29.850222600072],[-82.249094070995,29.8502299089963],[-82.2490302934093,29.8501875720905],[-82.2489993624516,29.8501240950047],[-82.2489959561234,29.8500545795771],[-82.2489650262637,29.8499911025005],[-82.2489458346085,29.8499864328522],[-82.2488882628804,29.8499724185318],[-82.2488083711596,29.8499818946983],[-82.2487759213832,29.8499904081171],[-82.2487307251909,29.8500022635959],[-82.2486675173665,29.8500445856344],[-82.2486510117188,29.8501137564797],[-82.2486643716182,29.850183444176],[-82.2486578218525,29.8502527864144],[-82.2486264805598,29.8503173625545],[-82.2485657138563,29.8503618975767],[-82.2484905058424,29.8503844775086],[-82.2484108114027,29.8503852755243],[-82.24833404786,29.8503665894267],[-82.2482830579725,29.8503092789055],[-82.2481975697102,29.850236180925],[-82.2481207550779,29.8502196648242],[-82.248072633989,29.8502013499579],[-82.2479935687592,29.8502105646527],[-82.2479378596528,29.8502598370866],[-82.2479374062246,29.8502798456519],[-82.2479362425958,29.8503311934227],[-82.2479681547469,29.8503951956779],[-82.2480092828033,29.8504540689741],[-82.2479986306449,29.8505226249955],[-82.2479668144539,29.8505881736395],[-82.2479531305207,29.8506566792533],[-82.2479515134887,29.850728034686],[-82.2479047183827,29.8507853947962],[-82.24785192082,29.8508400049881],[-82.2478021568843,29.8508946710131],[-82.2477287362553,29.8509224886411],[-82.2476496095073,29.8509343450014],[-82.247570727536,29.8509356293267],[-82.2475142003941,29.8508870668651],[-82.2474669522829,29.8508307309223],[-82.2474166115517,29.8507769873219],[-82.247347660325,29.8507414308129],[-82.2472724051588,29.8507163382713],[-82.2472065477161,29.8506781902512],[-82.2471592977683,29.8506218559648],[-82.2471396316008,29.8505527768144],[-82.247123000229,29.850483750843],[-82.2470941812646,29.8504171560299],[-82.2470823498585,29.8504030527229],[-82.2470469325597,29.850360820818],[-82.2470134631666,29.8503655336729],[-82.2469885556423,29.8504085309831],[-82.2469326666941,29.8504574904013],[-82.2468670206425,29.8504975976727],[-82.2468654454187,29.8505670291573],[-82.2468763167549,29.8506366714727],[-82.2468830091474,29.8506493914165],[-82.246909737076,29.8507001910652],[-82.246945690933,29.8507615850965],[-82.2469267436413,29.8508285435763],[-82.2469102376457,29.8508977160206],[-82.2469261351636,29.8509652757228],[-82.2469797104296,29.8510182902121],[-82.2470176591792,29.8510803204415],[-82.2470178268555,29.8510805949313],[-82.2470202163207,29.8512002913076],[-82.2470200589382,29.8512006585514],[-82.2470044198359,29.851237666163],[-82.2469709325305,29.85129999876],[-82.2469814113658,29.8513683322377],[-82.2469320109084,29.8514251499443],[-82.2468885814827,29.8514838165133],[-82.2468471572642,29.8515425185185],[-82.2467998005021,29.8515976235757],[-82.2467484748299,29.8516509115191],[-82.2467209196617,29.8517168436935],[-82.2466597727511,29.8517612251278],[-82.2465794171853,29.8517685778101],[-82.2465104136852,29.8518058343548],[-82.2464302582011,29.8518044531366],[-82.2463922523559,29.8517796347286],[-82.2463670447727,29.8517631695529],[-82.2462885735299,29.8517757979659],[-82.2462101053712,29.8517884263852],[-82.2461233845746,29.8518113966969],[-82.2460583476981,29.8518504682791],[-82.245989423181,29.8518842311917],[-82.2459224215818,29.8519215210325],[-82.245845838663,29.8519394233628],[-82.2457655235186,29.8519450302373],[-82.245685763189,29.8519261790544],[-82.2456551268884,29.8518627414265],[-82.2456325713793,29.8518277509762],[-82.2456163964732,29.8518026580828],[-82.2456159762779,29.8517327509659],[-82.2456255783894,29.851663014811],[-82.2456211528031,29.8515930386477],[-82.245610673865,29.851524704142],[-82.2455921810575,29.8514562323905],[-82.245597772588,29.8513864280026],[-82.2455993586752,29.8513165572735],[-82.2455646755827,29.8512547958655],[-82.2454867615573,29.8512429667269],[-82.2454394031695,29.8512980703728],[-82.2454398133751,29.8513666328506],[-82.2454398211488,29.8513679783583],[-82.2454103006079,29.8514321276737],[-82.2453787372234,29.8514979877721],[-82.2453452477351,29.8515603217381],[-82.2452978891176,29.8516154253317],[-82.2452623963275,29.8516777247391],[-82.2452150375876,29.8517328292044],[-82.2452214285569,29.851804586182],[-82.2452784702664,29.8518527533678],[-82.2453478953024,29.8518854046084],[-82.2453523217236,29.8519553816997],[-82.2453049649708,29.8520104862323],[-82.2452418536487,29.8520530862389],[-82.2451865976802,29.8521028101983],[-82.2451990785949,29.8521711783543],[-82.245235766058,29.8522329735097],[-82.2452643582646,29.8522981256126],[-82.2453316980194,29.8523342356267],[-82.2454032048357,29.8523634289009],[-82.2453956078378,29.8524331978036],[-82.2453266826505,29.8524669621699],[-82.2452465266702,29.8524655793243],[-82.2451664082447,29.8524624501666],[-82.2450862522498,29.8524610681248],[-82.2450147454563,29.8524318746774],[-82.2449345884534,29.8524304925248],[-82.244876244194,29.852419007704],[-82.2448567538916,29.8524151696732],[-82.2447852868273,29.8523842298732],[-82.2447179472576,29.8523481186759],[-82.2446933993618,29.8522812910872],[-82.2446934998203,29.8522769102036],[-82.2446949851462,29.8522114167469],[-82.2447205416583,29.8521454514111],[-82.2447639705834,29.8520867855284],[-82.2447934927502,29.852022637281],[-82.2447930742085,29.8519527283761],[-82.2448084476389,29.8518935786728],[-82.2448040216034,29.8518236015629],[-82.2447387669688,29.8517840315989],[-82.2446621818528,29.8518019341026],[-82.24458551848,29.8518233290336],[-82.2445455493314,29.8518356404824],[-82.2445042177444,29.8518483714655],[-82.2444253484088,29.8518470112006],[-82.2443464801101,29.851845650906],[-82.2442719602731,29.8518181646146],[-82.2442090811793,29.851774502686],[-82.2442073730454,29.8517738722707],[-82.2441345614541,29.8517470154143],[-82.2440556188704,29.8517489309238],[-82.2439763058113,29.8517672109675],[-82.2439169663601,29.8517867261348],[-82.243900595862,29.8517921076472],[-82.2438765019786,29.8518604693878],[-82.2438338529442,29.8519186864455],[-82.2437912018314,29.8519769016494],[-82.2437671067728,29.8520452642533],[-82.2437318932812,29.8521068841156],[-82.2437041164297,29.8521719086325],[-82.2436845131935,29.852239017782],[-82.2436492902637,29.8523010480209],[-82.2435828378343,29.8523422730973],[-82.2435041709608,29.8523630237644],[-82.2434237675621,29.8523671613999],[-82.243345393371,29.8523750209217],[-82.2432675200113,29.8523607801483],[-82.2431873266773,29.8523557129852],[-82.2431087841441,29.85237093879],[-82.2430362886044,29.8523991632037],[-82.242974020892,29.8524423018512],[-82.2428994970152,29.8524668078732],[-82.2428191760402,29.8524672659568],[-82.2427592363779,29.8524563030733],[-82.242741304794,29.8524530231019],[-82.2426611940535,29.8524442719264],[-82.2425944270067,29.8524062737099],[-82.2425166373496,29.8523883515234],[-82.2424388926872,29.8523685866062],[-82.2423699720634,29.8523323936548],[-82.242292099891,29.8523181532204],[-82.2422400038536,29.8523098646625],[-82.2422141848397,29.8523057554597],[-82.2421452245838,29.8522714033593],[-82.2421243396902,29.8522516372714],[-82.2420976413424,29.8522263667544],[-82.2420503050178,29.8521702826535],[-82.2419791482912,29.8521395785587],[-82.2418988715387,29.8521381924732],[-82.2418223582352,29.8521571349541],[-82.2417600901271,29.8522002739263],[-82.2416875084863,29.8522321839342],[-82.2416630491046,29.8522478681574],[-82.2416231702615,29.8522734445371],[-82.2415691821199,29.8523240930298],[-82.2415028135042,29.8523616361019],[-82.2414363622133,29.8524028601235],[-82.2413674429656,29.8523666666617],[-82.2413393313744,29.8523017024302],[-82.2413361266938,29.8522934557275],[-82.2413133766745,29.8522349319828],[-82.2412980241952,29.8521665038893],[-82.2412334973626,29.8521230168829],[-82.2411533033305,29.8521179466508],[-82.2410729836846,29.8521184027781],[-82.2410454813389,29.852123733322],[-82.240994443105,29.8521336264473],[-82.2409197923677,29.8521636550263],[-82.2408432778233,29.8521825969166],[-82.2407687096531,29.8522089444265],[-82.2407113242246,29.8522692727357],[-82.2406780630761,29.8523345799756],[-82.2406339932551,29.8523949614347],[-82.2405660817821,29.8524310065849],[-82.240525061183,29.8524914406896],[-82.2404750153954,29.8525464041236],[-82.240427960559,29.8526040765797],[-82.2403719389586,29.8526536174885],[-82.2403069556864,29.852695030536],[-82.2402538624458,29.8527499394278],[-82.2402038174129,29.8528049027751],[-82.2401329145597,29.8528382359471],[-82.2400538357154,29.8528288937389],[-82.2399845082132,29.8527931364374],[-82.2399338926307,29.8527390928056],[-82.2398676708482,29.8527007317483],[-82.2397913202632,29.8526792135589],[-82.239712256839,29.852677847108],[-82.2396332535447,29.8526740191883],[-82.2395543591132,29.8526652690842],[-82.2394752957034,29.85266390249],[-82.2393961234313,29.8526674579845],[-82.2392864471994,29.8526153483098],[-82.2392119291554,29.8526010115253],[-82.2391232812791,29.8525839580391],[-82.2390393094029,29.8525702589888],[-82.2390295553625,29.8525725789844],[-82.2389592790261,29.8525892842801],[-82.2388797107392,29.8525879085958],[-82.238848433574,29.8525220634384],[-82.2388275087937,29.8524551719014],[-82.2388266104844,29.8524522977857],[-82.2387620118937,29.8524103648251],[-82.2387495489474,29.8523407628044],[-82.238769846343,29.8522717272306],[-82.238700477086,29.8522337929913],[-82.238683333129,29.8521641100226],[-82.2387452010945,29.8521202825092],[-82.2387654984481,29.8520512469352],[-82.2387670777325,29.8519818868102],[-82.2387404829727,29.8519161207771],[-82.2386711108504,29.8518781873697],[-82.2385920094311,29.8518564115574],[-82.2385642271159,29.8518419278711],[-82.2385640684173,29.8517942261152],[-82.2385639432883,29.8517572852348],[-82.238555709458,29.8493076492728],[-82.2385557068491,29.8493073090489],[-82.2385292308793,29.8493074557668],[-82.234342814567,29.8493307596411],[-82.234342810801,29.8493002327953],[-82.2343423329026,29.845665664927],[-82.2343422997028,29.8454256711651],[-82.234332799171,29.8454257501918],[-82.2301420528454,29.8454608094083],[-82.2197194576651,29.8455855744723]]]},"properties":{"link":"https://www.alachuaschools.net/o/santa-fe","Facility":"Santa Fe High","Address":"16213 NW US HWY 441","code_high":"010271","OBJECTID":4,"Shape__Area":1029759569.8222656,"Shape__Length":194048.41595311579}},{"type":"Feature","id":5,"geometry":{"type":"Polygon","coordinates":[[[-82.3891080341476,29.6553681876634],[-82.3891226450852,29.6541081206398],[-82.3891236749792,29.654019334397],[-82.3891435873036,29.6523021495302],[-82.3895984152463,29.6523094216579],[-82.3895942721332,29.6518763790995],[-82.3895936566178,29.6518119341074],[-82.3895828974623,29.6506824970676],[-82.389637939484,29.6506744893763],[-82.3896447680676,29.6506734953602],[-82.3896890881077,29.6506642387222],[-82.3897015984484,29.6506616257875],[-82.3899593789671,29.6506064981205],[-82.3899403529586,29.6504940357926],[-82.3899414935391,29.6504921277956],[-82.3899594799425,29.6504621108105],[-82.3899724320833,29.6504318211443],[-82.3899875381314,29.6503980166016],[-82.3899986019122,29.6503587571948],[-82.3900200727606,29.650314301787],[-82.3900408142044,29.6502864750303],[-82.3900517661125,29.6502718000205],[-82.3900879326285,29.6502114407099],[-82.3901135710701,29.650163449728],[-82.3901262265344,29.6501456955902],[-82.3901453021935,29.65011916107],[-82.3901643174895,29.6500925985019],[-82.390191660179,29.6500607521605],[-82.3902127889299,29.6500324362696],[-82.3902332584534,29.6500010562938],[-82.3902382373648,29.6499934084721],[-82.3902698238086,29.6499544807917],[-82.3903137871665,29.6499139656896],[-82.3903535504116,29.6498769567415],[-82.3903931978259,29.6498453651978],[-82.3904468534416,29.6498318766766],[-82.3905002855868,29.6498273760645],[-82.3905453457323,29.6498316802282],[-82.3905884039031,29.649832377058],[-82.3906315309427,29.6498312857012],[-82.390678711432,29.6498320491261],[-82.3907154038951,29.6498433949875],[-82.3907543697385,29.6498440238202],[-82.3907974599472,29.6498447201964],[-82.3908424049287,29.6498544137122],[-82.3908851597695,29.649869432457],[-82.3909746712221,29.649906742241],[-82.3910662348175,29.6499422705723],[-82.3911130742113,29.6499591427228],[-82.3911557081217,29.6499813391225],[-82.3911882773173,29.6499926191279],[-82.391239469218,29.6499988366751],[-82.3912453659003,29.6500014069921],[-82.3912821468587,29.6500174578758],[-82.3913056960971,29.6500354126943],[-82.3913205381306,29.6500467355948],[-82.3913344779897,29.650051636598],[-82.3913632914822,29.6500617830305],[-82.3914282230818,29.6500745513037],[-82.3914327761988,29.6500754459672],[-82.3914420415248,29.6501163115935],[-82.3914421643665,29.6501168522585],[-82.3914640123238,29.6501511980357],[-82.3914879031833,29.6501856598254],[-82.3915033924303,29.6502100821017],[-82.3915097200596,29.6502200601334],[-82.3915333028734,29.6502706331366],[-82.3915547381728,29.650322958923],[-82.3915707997895,29.6503688456172],[-82.3915818436471,29.6504004596826],[-82.3915965347823,29.6504813628219],[-82.3916076286994,29.6505389110491],[-82.3916269747183,29.6505947798367],[-82.3916503732856,29.6506525006644],[-82.3916719174384,29.6507012532267],[-82.3916852464241,29.6507498442054],[-82.3916906254573,29.6507857953004],[-82.3916956334719,29.6508086298054],[-82.3916981185935,29.6508199632889],[-82.3917165301451,29.6508632297112],[-82.3917428494325,29.6508902956254],[-82.3917749201544,29.6509266499011],[-82.3918007455564,29.6509665062215],[-82.3918039634581,29.6509720162862],[-82.391832435812,29.6510207850845],[-82.3918335061399,29.6510219988391],[-82.3918725326783,29.6510662352541],[-82.3919249406101,29.6511100940708],[-82.3919300788233,29.6511198038311],[-82.3919318216317,29.6511212621454],[-82.3919583034521,29.6511713008003],[-82.3919634000187,29.6511809286785],[-82.3920036915535,29.6512156272913],[-82.3920766983158,29.651256245584],[-82.392106608498,29.6512979543906],[-82.3922139616842,29.6513642106858],[-82.3922785252652,29.6514154453618],[-82.3923244554124,29.651475317403],[-82.392368757613,29.6515154701767],[-82.3923767900174,29.6515212934764],[-82.3924597115021,29.6515814605373],[-82.3925098477537,29.6516360370862],[-82.3925363538706,29.6516706951975],[-82.3925417729402,29.6516777792276],[-82.3925572915686,29.6517210439264],[-82.3925727802823,29.6517643072378],[-82.3925841401746,29.6518093211369],[-82.3925915968917,29.6518452768626],[-82.3925968686662,29.6518848011427],[-82.392599222102,29.6518911363787],[-82.3926182554308,29.6519424892996],[-82.3926225283953,29.6520321876583],[-82.3926438842263,29.6520898753108],[-82.3926510052293,29.6521401832016],[-82.3926538777581,29.6521993589944],[-82.3926572493342,29.6522334892478],[-82.3926687202761,29.6522731136165],[-82.3926646974366,29.6523095399686],[-82.3932852321263,29.6523085891518],[-82.3933367687518,29.6523089256385],[-82.3934455771945,29.6523093617733],[-82.3934601527065,29.6523094318987],[-82.3938787939063,29.6523111829387],[-82.394429790472,29.6523135556499],[-82.3949107717899,29.6523124589018],[-82.3949107845632,29.652324364209],[-82.3953220924766,29.6523240550782],[-82.3974547677253,29.6523224478496],[-82.3974617056248,29.6523224423137],[-82.3977934871349,29.6523235511946],[-82.3995284773305,29.652325586508],[-82.3995286596963,29.6523124355521],[-82.3996761051723,29.6523127736584],[-82.40011840493,29.6523138116529],[-82.4003019625189,29.6523142608495],[-82.400779464431,29.6523154514595],[-82.4009352871078,29.6523156215087],[-82.4015048961562,29.6523162822137],[-82.4015374331737,29.652316629398],[-82.4056869801729,29.6523608764347],[-82.4056867569103,29.6522068033899],[-82.4064564919525,29.6522060888258],[-82.4117499694563,29.6522563041799],[-82.4121189112493,29.6522648883032],[-82.4128112156266,29.6522809924907],[-82.4023433773983,29.6399040664541],[-82.4023438658676,29.6399040706964],[-82.4027438643608,29.6399060719575],[-82.4055138623963,29.6399230796054],[-82.4056768628616,29.6399240804512],[-82.4058038617662,29.6399280810293],[-82.4059128625012,29.6399320823192],[-82.4059728625341,29.6399340818491],[-82.4060698629224,29.639933082039],[-82.4063548622888,29.6399290826768],[-82.4072058602665,29.6399330850445],[-82.4077048607409,29.6399340871296],[-82.4079788610614,29.6399260874972],[-82.4083228608153,29.6398990877542],[-82.4085228600697,29.6398770880733],[-82.4089358608586,29.6398100905376],[-82.4091648593878,29.639760089379],[-82.4095318588368,29.639667090989],[-82.4099368586358,29.639533092891],[-82.410183858403,29.6394380922556],[-82.4103238578487,29.6393780937055],[-82.4105528567694,29.6392700951114],[-82.4105998570494,29.6392480949922],[-82.4106488565843,29.6392240948644],[-82.4108398565311,29.6391210943474],[-82.4109478557806,29.6390630948803],[-82.4111938553291,29.6389100957658],[-82.4112828546913,29.6388540964094],[-82.4114488558155,29.6387400972798],[-82.4116018546948,29.638626097401],[-82.4118578537836,29.6384120976728],[-82.412083851642,29.6382090984421],[-82.4122738513234,29.6380250985365],[-82.4124648519209,29.6378010987732],[-82.412719850774,29.6374721001754],[-82.4128508500922,29.6372830989824],[-82.4129598485579,29.6371090995005],[-82.4129908495061,29.6370550994372],[-82.4130498483116,29.6369520996828],[-82.4141688425609,29.6349861017323],[-82.4148768377277,29.6336631030204],[-82.4150148372433,29.6334161029829],[-82.4150358364739,29.6333831036097],[-82.4151668373852,29.633175103977],[-82.4152968368178,29.6329901043118],[-82.4153308362337,29.6329411044102],[-82.4155078358247,29.6327131051473],[-82.4156968335063,29.6324941038319],[-82.4158978338138,29.6322821054804],[-82.4161108326228,29.6321121060082],[-82.4163058334871,29.6319441061604],[-82.4162414500973,29.6318261307614],[-82.4162931639473,29.6317832730888],[-82.4164634029437,29.6316521249087],[-82.4166389890189,29.6315264730271],[-82.416819689429,29.6314064833406],[-82.4170052653529,29.6312923162358],[-82.4171954710103,29.6311841193561],[-82.4173682822561,29.6310941283768],[-82.4175442372287,29.6310089190485],[-82.4177231679854,29.6309285716906],[-82.4179048930505,29.6308531718211],[-82.4179841438265,29.6308222861794],[-82.4181510094585,29.6307610767924],[-82.4183198271941,29.6307041012886],[-82.4185096387497,29.6306460194662],[-82.4187015157234,29.6305933715312],[-82.4188952555532,29.630546214698],[-82.4190906506287,29.630504600688],[-82.4192669323645,29.6304720484747],[-82.419444226785,29.6304440128841],[-82.4196223837374,29.6304205140756],[-82.4198012509481,29.6304015748823],[-82.4200685469917,29.6303818821552],[-82.4202678247527,29.6303737912746],[-82.4204672974565,29.6303713498396],[-82.4212801054492,29.6303725841211],[-82.4222396414284,29.6303736485566],[-82.4223186305593,29.6303054628685],[-82.4223201836966,29.6299447423109],[-82.4223489517262,29.6235368956522],[-82.4223566590193,29.6220054731804],[-82.4223825030511,29.6166662357384],[-82.4227663473378,29.6104563450801],[-82.4227770894374,29.6101822417719],[-82.4227799720446,29.6101086711249],[-82.4227684329313,29.6100912903247],[-82.4227596278101,29.6100671884566],[-82.422759565522,29.6100595783076],[-82.4227595390892,29.6100563891328],[-82.4227593228214,29.6100300662884],[-82.4227715523195,29.6088923477792],[-82.4228012063617,29.60709235968],[-82.4228536580609,29.6043404766409],[-82.4228646238352,29.6033282102754],[-82.4228733714483,29.6024527822897],[-82.422877487855,29.602065420612],[-82.4228050575612,29.6019077224466],[-82.4227580790758,29.6017598505101],[-82.4227279415902,29.6016877499842],[-82.4226934788416,29.6016171442736],[-82.4226816658606,29.6015951194282],[-82.4226792704554,29.6015907628415],[-82.4226765418624,29.6015857973057],[-82.4226493903404,29.6015392534343],[-82.4226203381646,29.6014935942293],[-82.422617163247,29.6014888408452],[-82.4226165844572,29.6014879780456],[-82.4226107513874,29.6014793872275],[-82.4226051934679,29.6014712672835],[-82.4225509798076,29.6013979152866],[-82.4224918110424,29.6013275467837],[-82.4224279027527,29.6012604196519],[-82.4223594863374,29.6011967757788],[-82.4222868088823,29.6011368473762],[-82.4222101374203,29.6010808507326],[-82.4220648307305,29.6009772170638],[-82.4218552086408,29.600827703168],[-82.4217708960159,29.6007675593382],[-82.4216925689475,29.6007116650358],[-82.4215224229344,29.6005903080016],[-82.4214383556468,29.6005304990065],[-82.4212865409047,29.6004220579225],[-82.4211176705237,29.6003014650761],[-82.4210470619312,29.600246710279],[-82.4209845279341,29.6001925235538],[-82.4209011206361,29.6001101733528],[-82.4208527390191,29.6000534609863],[-82.4208146250543,29.5999993890877],[-82.4206433346285,29.5997565638597],[-82.4206124332699,29.5997127551189],[-82.4204725775946,29.599509345442],[-82.4270122373837,29.596076547228],[-82.4390365167378,29.5895219193863],[-82.4395115089102,29.5892721071902],[-82.4395115867137,29.5892376421927],[-82.4395153337585,29.587581118212],[-82.4395191123282,29.5859111820431],[-82.4395006905314,29.5817198731365],[-82.4394994896556,29.5812392841834],[-82.4395487000692,29.5752037672825],[-82.4396097903502,29.5725382785316],[-82.4396070421316,29.5680476331776],[-82.4395994966169,29.5557130908443],[-82.4375162588138,29.5549472061129],[-82.4364767532717,29.5545547205592],[-82.4354369141989,29.5541620832614],[-82.4338516060599,29.5535634946018],[-82.4333690563217,29.5533812621264],[-82.4293062649801,29.5500467719514],[-82.4229774167687,29.5446578410557],[-82.422979425598,29.5433417637961],[-82.4131162499831,29.5359865350511],[-82.4064230254746,29.5305572647668],[-82.4064026604804,29.5287327507857],[-82.4045789116866,29.5286184465378],[-82.405324555035,29.5262480198698],[-82.4055405523321,29.5255740201188],[-82.4056345519251,29.525303020967],[-82.4057175514094,29.5250170210184],[-82.4058025495765,29.5247820199711],[-82.4060295478593,29.524082020361],[-82.4061035465941,29.5238330218127],[-82.4061435473167,29.5236810210407],[-82.4062435450001,29.523243020498],[-82.4063015430087,29.5228760209728],[-82.4063555419309,29.5223360210024],[-82.4063555422758,29.5222190206377],[-82.4063545412813,29.5219480200541],[-82.4063725393049,29.5212300193935],[-82.4063675372445,29.520498019979],[-82.4063715354346,29.5198650192108],[-82.4063855309744,29.5177820182293],[-82.4063855287299,29.5172130179834],[-82.4063865276231,29.5171640189079],[-82.4063925265975,29.5166480182334],[-82.4063915241517,29.5157320162105],[-82.4063925240394,29.5156830180569],[-82.4064085217546,29.5151030176899],[-82.406404521049,29.5141850167867],[-82.4064075188031,29.5139470165399],[-82.4064145151311,29.5125800158847],[-82.4064205126465,29.5115280153123],[-82.4064275122308,29.5109680154295],[-82.4064315107011,29.5106300151084],[-82.4064335096912,29.5104830136347],[-82.4064315094339,29.5101030147423],[-82.4064285077045,29.5096660136897],[-82.4064475011444,29.5072490123132],[-82.406456498226,29.5061300125153],[-82.4064814851735,29.5010460085368],[-82.4064894836973,29.5005470091768],[-82.4064944788837,29.4993480110766],[-82.4064855614194,29.4989007164571],[-82.4064966728329,29.4988799912315],[-82.4065004460023,29.4973726980166],[-82.4065004467597,29.4973726619366],[-82.4065267163448,29.4963842169504],[-82.4065928831176,29.4955721668209],[-82.4067219783921,29.4949612815996],[-82.406868834442,29.4944392077142],[-82.4069482418048,29.4941569173046],[-82.4070406731923,29.4939143290662],[-82.4070541046221,29.4938803789803],[-82.4079533988,29.4924840799938],[-82.4083640319327,29.4918639303992],[-82.4094599147992,29.4902088857658],[-82.4096395012972,29.4899472433727],[-82.4105391852374,29.4886364700563],[-82.4119060071349,29.4866450782622],[-82.4119062868312,29.4866446740002],[-82.4123476956273,29.4860097399188],[-82.4129527890471,29.4851593429299],[-82.412972328279,29.4851332986754],[-82.4129751118441,29.4851279700364],[-82.4130059848274,29.485084580947],[-82.4130555532959,29.4849739943972],[-82.4142968880295,29.4849784364486],[-82.4245372976537,29.4850660025942],[-82.447858184821,29.4852547273489],[-82.4570553081189,29.4853332011502],[-82.4564291669785,29.5373373437227],[-82.4561799150754,29.5580314969302],[-82.4647515762279,29.5580691832249],[-82.4647517099886,29.5580566686059],[-82.4647722369459,29.5580804848896],[-82.4730822387206,29.5581538746964],[-82.4731209389735,29.5581542308374],[-82.4730436650488,29.5677778663847],[-82.4730561114566,29.5727975542576],[-82.4734938912475,29.5728157446523],[-82.4734033352413,29.5870094316606],[-82.4961723327085,29.5872360803788],[-82.4962392806915,29.5945255912277],[-82.4962463082284,29.595290659015],[-82.4962501100217,29.5957243783078],[-82.496156039275,29.6017098034894],[-82.4961831655494,29.6101231020677],[-82.496212889666,29.6163374862161],[-82.4961657249993,29.624792192738],[-82.4961125695573,29.63096262317],[-82.4961306202286,29.6346122882049],[-82.4961306101026,29.6346175141547],[-82.496137726535,29.6360600240024],[-82.4961442791741,29.6373834427301],[-82.4961530955946,29.6391702231497],[-82.4961531102831,29.6391788872332],[-82.4961534138634,29.639237360755],[-82.4971220274667,29.6392385179648],[-82.4971219273955,29.6392463700228],[-82.4971192093774,29.6394585079811],[-82.4971049570209,29.6408747007965],[-82.4970523987675,29.6410945987344],[-82.4970422871989,29.6420982418733],[-82.4986622639684,29.642100131273],[-82.498630401111,29.6452710439614],[-82.4985560049804,29.6452709479324],[-82.4970053676074,29.6452691323893],[-82.4962517242076,29.6452682342424],[-82.4961372287915,29.6452707947079],[-82.4961481126831,29.6488042099956],[-82.4961335632844,29.6500853904313],[-82.4961311836384,29.6502948646217],[-82.4961144550387,29.6517676794134],[-82.4961024766293,29.6539674235846],[-82.4961016767371,29.6541143540316],[-82.4960889560239,29.6541324248362],[-82.4960856398694,29.6551551748603],[-82.4960856385443,29.6551552407076],[-82.4960828253012,29.6560227166964],[-82.4960752341159,29.6583653709668],[-82.4960692789458,29.6602053354095],[-82.4960647812885,29.6615956334826],[-82.4960626110595,29.6622639552698],[-82.4960625827458,29.6622731131532],[-82.4960561466359,29.664261993509],[-82.496055171795,29.6645624661189],[-82.4960310663355,29.6719935443008],[-82.4960054705004,29.6747905808665],[-82.4960177824383,29.6760876580845],[-82.496005165275,29.6799796692759],[-82.4959994353609,29.6804990411195],[-82.4959944775656,29.6828464602649],[-82.4959955953042,29.6829521129792],[-82.4961196120213,29.6829489726634],[-82.496118622916,29.6832620122414],[-82.4961171428216,29.6869079067488],[-82.4961165196545,29.6884921994903],[-82.4961162253549,29.6892412912013],[-82.4959940767628,29.6892449782256],[-82.4959738245385,29.6892449705554],[-82.48368223752,29.6892373060439],[-82.4762123259647,29.6892326476773],[-82.4721981042394,29.6892276137529],[-82.4721971416052,29.6892271332153],[-82.4721971370499,29.6892276104616],[-82.4721958066728,29.689368703302],[-82.4721946044547,29.6898810695759],[-82.4721946037829,29.6898812040083],[-82.4721918582016,29.6910515282855],[-82.4721863994251,29.6928718404079],[-82.4721755448276,29.6965124393946],[-82.4699581001085,29.6964808443969],[-82.4679768411313,29.6964525833765],[-82.4642511686348,29.696399365201],[-82.4642245045656,29.7000440931182],[-82.4642078284844,29.70232396027],[-82.4641990639523,29.7038505802794],[-82.4637266001818,29.7038530326839],[-82.4637254419987,29.703680245502],[-82.4631612363971,29.7036724939742],[-82.4596523355358,29.7036242314869],[-82.4591018335171,29.7036137810362],[-82.4576616057453,29.7035968059724],[-82.4553628746277,29.703565060298],[-82.4540180061578,29.7035592071628],[-82.4521141097236,29.7035509203994],[-82.4495091234914,29.7035395826146],[-82.4472096132602,29.7035294726812],[-82.4471897374626,29.7035294065627],[-82.4388737519005,29.7035018494895],[-82.4356316009143,29.7034804759945],[-82.4353031333596,29.7034785285595],[-82.4347076874132,29.703474668027],[-82.4334185864251,29.7034662652887],[-82.4305477333275,29.7034475596468],[-82.4222305168987,29.7033924124162],[-82.4222493284538,29.6997389071238],[-82.4180698449844,29.6997219517896],[-82.4180733607657,29.6987813153741],[-82.4180835615567,29.6960752677724],[-82.4166228111944,29.6960715798634],[-82.4138989594091,29.6960648071507],[-82.4122265061826,29.6960604351985],[-82.4118073218802,29.6960593427143],[-82.4097157092894,29.6960543414423],[-82.4082128463936,29.6960502687753],[-82.4055309007273,29.6960429470468],[-82.4055311321114,29.6963508424311],[-82.4047619263312,29.6965525262371],[-82.4046977207586,29.6965693436638],[-82.4047819038984,29.6966255621755],[-82.4048399321263,29.6969456593559],[-82.4041500312506,29.6969428655121],[-82.4041498746068,29.6979944479163],[-82.4041496332067,29.6996635150744],[-82.4037552335623,29.6996620251156],[-82.400134541086,29.6996484039218],[-82.3992946826478,29.6996452367398],[-82.3989512794171,29.6996439472174],[-82.3985611319651,29.6996424829188],[-82.3973835721675,29.699638019854],[-82.3973804225162,29.699637996207],[-82.3972160508984,29.6996616968455],[-82.397192826513,29.6996650367635],[-82.3971859369012,29.6996660248306],[-82.3971829034042,29.6996664713489],[-82.3971766473415,29.6996673613406],[-82.3971744686773,29.6996676555995],[-82.3970694728832,29.6996825762783],[-82.3971123607607,29.6995775467553],[-82.397176740043,29.6994199490726],[-82.3972279303177,29.6992946465427],[-82.3972349039005,29.6968011069345],[-82.3971147176982,29.6967986219177],[-82.3969553932583,29.6965926190208],[-82.3968520179102,29.6965802553137],[-82.3967324686217,29.6965818775954],[-82.3966568132721,29.6966008183829],[-82.3966306560812,29.6966759737352],[-82.3964940474462,29.6967917593541],[-82.3964152472979,29.6968581190466],[-82.3964005867891,29.6968974591464],[-82.3963779772317,29.6969358446657],[-82.3963466872757,29.6969974141842],[-82.3963087266318,29.6970497177643],[-82.3962532484424,29.6971632343385],[-82.3961955678499,29.6971737733979],[-82.3961131051226,29.6972271473912],[-82.3960540559607,29.6972427795418],[-82.3959669315516,29.6973154401326],[-82.3957900305361,29.6974432541667],[-82.3957006709792,29.6974919790409],[-82.3956127838982,29.6975113826096],[-82.3955517205552,29.6975343792265],[-82.3954749881213,29.6975118831774],[-82.3955118348783,29.6976464152643],[-82.3953902448313,29.6976015235731],[-82.3952055258987,29.6975656803824],[-82.3950790970964,29.6975828119986],[-82.3949079518561,29.6975768903918],[-82.3947564552996,29.6976413345134],[-82.3946807463205,29.6976761413636],[-82.3944930619718,29.697659860194],[-82.3944230701428,29.6975941269636],[-82.3943034873215,29.6975884305576],[-82.3942644671595,29.6976028708164],[-82.3942096036949,29.6976231651153],[-82.3941737667907,29.6975795189318],[-82.3941513180354,29.6975521759697],[-82.394072652479,29.6975376784905],[-82.3940400799139,29.6975451016239],[-82.3939761716524,29.6975596646389],[-82.3939673946037,29.6975263829693],[-82.3939393130735,29.6974198804395],[-82.3938540037821,29.6974603076672],[-82.3937741032317,29.6974370719495],[-82.3937474818877,29.697319646983],[-82.3936254969932,29.6973530471753],[-82.3937082655158,29.69727938306],[-82.3935897481131,29.6972084678372],[-82.3934563846383,29.6972570028632],[-82.3932989705329,29.6972156033931],[-82.3932126959592,29.6971959215589],[-82.3931053443926,29.6971541737173],[-82.3930345920074,29.6971182768312],[-82.3929917732415,29.6970965656451],[-82.3929429301222,29.6971405249453],[-82.3928887334374,29.6971279058906],[-82.3928218360945,29.6970559804225],[-82.3927267883076,29.6969776309253],[-82.3926914757176,29.6969165835745],[-82.3925919630431,29.696864565372],[-82.3925525459155,29.6967668449388],[-82.3926361931826,29.6967737234166],[-82.3926761266573,29.6967816008308],[-82.3927032183594,29.6967517302961],[-82.392761573523,29.696698987193],[-82.3927682776035,29.6966441734584],[-82.3927880992191,29.6965872335232],[-82.3928377767441,29.6965798106307],[-82.3928643436686,29.6965509494034],[-82.3928958078423,29.6965005784824],[-82.3929620785268,29.6964681775215],[-82.3930517430795,29.6964749308663],[-82.3930582108942,29.6964729156993],[-82.3931505190532,29.6964441271576],[-82.3931287317027,29.6963930332004],[-82.3931204722539,29.6963397113501],[-82.3931249517305,29.6961936614299],[-82.3932020872212,29.6961122334923],[-82.3932023513682,29.6960089871038],[-82.3931078276717,29.6960087342073],[-82.3930778688654,29.6960086541359],[-82.3930764843201,29.6959743168722],[-82.3930812903547,29.6943172010885],[-82.3930869431146,29.6931423846896],[-82.3930887311796,29.6925905766924],[-82.3930904404051,29.6920634375323],[-82.3930939844604,29.6909739286583],[-82.393060328361,29.6905871346807],[-82.3923078584365,29.6905840113859],[-82.3895249915122,29.6905736375783],[-82.3893139980326,29.6905646632786],[-82.3893110432501,29.6905645767136],[-82.3891693592801,29.6905604274799],[-82.3890061372777,29.6904781415038],[-82.3889454259201,29.6904475397021],[-82.3889334861426,29.6889266557922],[-82.3889320135702,29.6887390556317],[-82.3890574420005,29.6887383125848],[-82.3889178343877,29.6770138125233],[-82.3888816054377,29.6739708404496],[-82.3891084805088,29.6611254636814],[-82.389135709824,29.6595835693423],[-82.3891176301832,29.6592956837613],[-82.389077784364,29.6586873976844],[-82.3890778000824,29.6586865100629],[-82.3890778102749,29.6586860780201],[-82.3891012295117,29.6564140447059],[-82.38911049987,29.6555146819],[-82.3891110682672,29.655397668366],[-82.3891080341476,29.6553681876634]]]},"properties":{"link":"https://www.alachuaschools.net/o/buchholz","Facility":"Buchholz High","Address":"5510 NW 27TH AV","code_high":"010431","OBJECTID":5,"Shape__Area":199283639.28515625,"Shape__Length":87643.819754698416}},{"type":"Feature","id":6,"geometry":{"type":"MultiPolygon","coordinates":[[[[-82.3887992529816,29.7319156027638],[-82.3888209040892,29.7287632723106],[-82.3888274841173,29.7278052124731],[-82.3887570695712,29.7248952769358],[-82.3887088853429,29.7229039124216],[-82.3887124611307,29.722797795139],[-82.3886117428709,29.7223381956962],[-82.3885950458515,29.7223017475648],[-82.3883631798365,29.7217956023739],[-82.3882994285027,29.7216891770532],[-82.3874876754312,29.7203340288743],[-82.3863560839297,29.7187760605865],[-82.3859320823008,29.718076058543],[-82.3859217687208,29.7178880102325],[-82.3858124368059,29.7178877175148],[-82.3766475767385,29.7178537763823],[-82.3766438903088,29.7178549499114],[-82.3758918231782,29.7178509767519],[-82.3757424435257,29.7178501884891],[-82.3750536588443,29.7178465549187],[-82.3736592446775,29.7178388257773],[-82.3730589201517,29.7178354957818],[-82.3724346333017,29.7178330332085],[-82.3723823466061,29.717832826586],[-82.3723822091323,29.717832826151],[-82.3721926266986,29.7178320772807],[-82.3721922194441,29.7178320760595],[-82.3721931821466,29.7178623725255],[-82.3716155951056,29.7178556942156],[-82.3673791118068,29.7177844413307],[-82.3666632933978,29.7177725152309],[-82.3610433046303,29.7176778874107],[-82.360832298585,29.7176752173877],[-82.3605536547807,29.7176716916927],[-82.3603981894991,29.7175361046156],[-82.3598935917117,29.7171623103905],[-82.3596215376563,29.7169318696022],[-82.3587385985088,29.7161374843818],[-82.3580356522801,29.7155050306731],[-82.3570680804315,29.7146317591533],[-82.356969684576,29.7145459430622],[-82.3569341469777,29.7145139673966],[-82.3565224947632,29.7141559252068],[-82.355637029645,29.713385766199],[-82.3540052979896,29.7119496625646],[-82.3537043263906,29.7117046973344],[-82.3536743182199,29.7116785945751],[-82.3524117461879,29.7106780734448],[-82.3487087122792,29.7076470033947],[-82.3440484097855,29.7036287880638],[-82.343627508113,29.7032493112763],[-82.3435638982395,29.7031936145922],[-82.3404007894372,29.7004239819137],[-82.3404001275787,29.7004234286734],[-82.3393284723197,29.6994850384175],[-82.3392023394101,29.6994215222094],[-82.3386173216353,29.699126924429],[-82.3378758168119,29.6987535229711],[-82.337020784443,29.6980606172728],[-82.3304414284851,29.6924049780057],[-82.3288845471693,29.6910666293648],[-82.3258662892763,29.6884655967076],[-82.3193624312161,29.6883792878368],[-82.3193610410562,29.6883118412425],[-82.3193540389585,29.6876818406074],[-82.3193580385825,29.6873028406293],[-82.3193560369374,29.6868298401778],[-82.3193620362156,29.6861988403542],[-82.3193750340933,29.6855598401234],[-82.3193720321933,29.6848798408993],[-82.319372032706,29.6848068411746],[-82.3193750305388,29.6840718399996],[-82.3193790286185,29.683079840558],[-82.3193740266725,29.6824178399415],[-82.3193640243431,29.6813738403771],[-82.3193660235951,29.6811788402651],[-82.3193600223148,29.6801308398492],[-82.3193640203263,29.6790788395206],[-82.3193840189763,29.6788778400366],[-82.3193670181033,29.6787108392605],[-82.3194410167871,29.6784368396816],[-82.3194870175867,29.6782088402651],[-82.3194800163259,29.6781208397748],[-82.3195120169216,29.6780438394534],[-82.3195140169629,29.6778888393337],[-82.3195770154928,29.6776488395683],[-82.3197160150264,29.67742784063],[-82.3198130139987,29.6770918410939],[-82.3198610135928,29.6769938401304],[-82.3201140136867,29.6764788421816],[-82.3201850125538,29.6763338414666],[-82.3204180110223,29.6759418421006],[-82.3204310119136,29.6759198421662],[-82.320687010047,29.6754318429302],[-82.3209860083707,29.6748778450396],[-82.321230007667,29.6745078452152],[-82.3213690067618,29.6742958453115],[-82.3215530060782,29.6738798456606],[-82.3217960041129,29.6735018461991],[-82.3220950032539,29.6728118479178],[-82.3223590015621,29.6723918482342],[-82.3229499983983,29.6713428491088],[-82.3229869993025,29.6712768486059],[-82.3237799945158,29.6698658515622],[-82.3240399933116,29.6693638520875],[-82.3241219921232,29.6691868523463],[-82.3243289911882,29.6685188529627],[-82.3244459893133,29.6679748537447],[-82.3245239856892,29.6666338527498],[-82.3244939861456,29.6663048524419],[-82.324533984958,29.6657978536227],[-82.3244989811844,29.6647618527725],[-82.324496982772,29.6647098529239],[-82.3245139807751,29.6638328534236],[-82.3245179776546,29.6629138525064],[-82.3245119741736,29.6610838519831],[-82.3245139724359,29.660631852529],[-82.3245559723302,29.6604268528401],[-82.3245725467712,29.6603769617681],[-82.3245704615877,29.6602250021206],[-82.3245849717876,29.6600228521786],[-82.324605970773,29.6599558528257],[-82.3246241497619,29.6598996623097],[-82.3246845957878,29.6597715320536],[-82.3247788594925,29.6596014569514],[-82.3248739693109,29.6594298538178],[-82.3248890982344,29.6594241280462],[-82.3249549686482,29.6592258531165],[-82.3250419399446,29.6592231471632],[-82.3249350476834,29.6527788390161],[-82.3249253917948,29.6521966622715],[-82.3250234959176,29.6454298797472],[-82.3250236504546,29.6454192096569],[-82.3250363519502,29.6445430500295],[-82.3251662963913,29.644490842541],[-82.3306669609555,29.6435928966774],[-82.3308923094339,29.6435557446521],[-82.3311600729192,29.6435115985311],[-82.3318624368834,29.6433865810056],[-82.3339913185518,29.6430368086267],[-82.3357446991456,29.6427149639888],[-82.3357912482605,29.642757648728],[-82.3357933766806,29.6427684117125],[-82.3358268312288,29.6429384376195],[-82.3358349672982,29.6429798546038],[-82.3361259646227,29.6430310772297],[-82.3368455133586,29.642911542421],[-82.3374153246329,29.6427586369407],[-82.3379748884254,29.6425874623024],[-82.3382863073337,29.6424578298516],[-82.3386353975267,29.6422838814322],[-82.3391865850273,29.6419857698567],[-82.3393274390961,29.6419095875163],[-82.3404794132651,29.6406135827227],[-82.3405373804344,29.6405726553601],[-82.3409664238948,29.6402695782373],[-82.3419564374172,29.6397655731805],[-82.3475904534491,29.6377543303498],[-82.3558518172793,29.6347516130509],[-82.3568193288606,29.634366930153],[-82.3584353834123,29.6338207728311],[-82.3616304249916,29.6323115665411],[-82.3623684338468,29.6319795725812],[-82.3625284183474,29.6319075789297],[-82.3632604381559,29.6315785633321],[-82.3640144207129,29.6311925853915],[-82.3648184258413,29.6308105852384],[-82.3650384251767,29.6307055776269],[-82.3661874375215,29.6301665629487],[-82.3663204333672,29.6301035850894],[-82.366587424955,29.6299825647462],[-82.3674244428057,29.6296015839758],[-82.3684484346381,29.6291665845251],[-82.3691984467849,29.6288215740779],[-82.3695384226477,29.6286655757098],[-82.3697354472497,29.6285745681333],[-82.3709964272812,29.6279095630104],[-82.3714004384807,29.6276675854208],[-82.3718902328114,29.6273531891234],[-82.3723662633895,29.6270971512094],[-82.3725116617618,29.6270189461376],[-82.3725444778868,29.6273324572094],[-82.3725284241982,29.6364118797897],[-82.3725014351866,29.6376585689681],[-82.3725024312284,29.6387555818256],[-82.3724984478778,29.6393045800491],[-82.3724824243182,29.6412615708253],[-82.3724744213809,29.6422345645067],[-82.3724511160164,29.6449124305325],[-82.3726377246107,29.6449170281088],[-82.3726446503594,29.6449170850597],[-82.3744224368207,29.6449278487248],[-82.3744256798117,29.6449278708647],[-82.3745263229593,29.6449284651203],[-82.3754644356108,29.6449341412413],[-82.376603867179,29.6449410236024],[-82.3786649164193,29.6449534189447],[-82.3786661441714,29.6449534389012],[-82.3829171819534,29.6449748340729],[-82.3835916287039,29.6449775981858],[-82.3835918146091,29.6449775993959],[-82.3892153846236,29.6449954343381],[-82.3892712076606,29.6412149583633],[-82.3895348415203,29.6411602559446],[-82.3897265340524,29.6410908333594],[-82.3898547239201,29.6408639191308],[-82.3900326633947,29.6407139652195],[-82.3903188115547,29.6405951045099],[-82.3904032083258,29.6406014748608],[-82.3907796076269,29.6405023610235],[-82.3909289421908,29.6405018862382],[-82.3912371795366,29.6403611592867],[-82.3914788611756,29.6401490589567],[-82.3917395798624,29.6400951044982],[-82.391908138815,29.6398660352224],[-82.3919871797649,29.6394918202473],[-82.3919912399145,29.6394725519907],[-82.3920501320753,29.6391398968443],[-82.3922596275801,29.6390783475456],[-82.3922578791166,29.6388351967371],[-82.3921602375317,29.6387882965252],[-82.3921540889481,29.6386548652658],[-82.3920841851516,29.6385737299438],[-82.3921500042889,29.6384581286451],[-82.3922976158009,29.6383633726057],[-82.3923988740286,29.6384273622697],[-82.3931596713892,29.6385698390387],[-82.3933503003679,29.6386863731963],[-82.3935452156021,29.6387973710935],[-82.3937441996627,29.6389027100971],[-82.3939470421536,29.6390022767112],[-82.3941535232499,29.6390959636051],[-82.3943634188598,29.6391836696965],[-82.3945765016573,29.6392653001683],[-82.3947925421347,29.6393407655836],[-82.394895254683,29.6393741883647],[-82.3950114239028,29.6394099999864],[-82.3951368977247,29.6394464840176],[-82.3953653913907,29.6395071465951],[-82.3955961028238,29.6395610203486],[-82.3958287698836,29.6396080441947],[-82.3960631250933,29.6396481650866],[-82.3962988988334,29.6396813335541],[-82.3965358242564,29.6397075155127],[-82.3967736272482,29.6397266785675],[-82.3970120375758,29.6397388021183],[-82.3972507786965,29.6397438708789],[-82.3979942986225,29.6397486431665],[-82.3980130463919,29.6397473832386],[-82.3980312752072,29.6397433547793],[-82.4023433776581,29.6399040594831],[-82.4128112156266,29.6522809924907],[-82.4121189112493,29.6522648883032],[-82.4117499694563,29.6522563041799],[-82.4064564919525,29.6522060888258],[-82.4056867569103,29.6522068033899],[-82.4056869801729,29.6523608764347],[-82.4015374331737,29.652316629398],[-82.4015048961562,29.6523162822137],[-82.4009352871078,29.6523156215087],[-82.400779464431,29.6523154514595],[-82.4003019625189,29.6523142608495],[-82.40011840493,29.6523138116529],[-82.3996761051723,29.6523127736584],[-82.3995286596963,29.6523124355521],[-82.3995284773305,29.652325586508],[-82.3977934871349,29.6523235511946],[-82.3974617056248,29.6523224423137],[-82.3974547677253,29.6523224478496],[-82.3953220924766,29.6523240550782],[-82.3949107845632,29.652324364209],[-82.3949107717899,29.6523124589018],[-82.394429790472,29.6523135556499],[-82.3938787939063,29.6523111829387],[-82.3934601527065,29.6523094318987],[-82.3934455771945,29.6523093617733],[-82.3933367687518,29.6523089256385],[-82.3932852321263,29.6523085891518],[-82.3926646974366,29.6523095399686],[-82.3926687202761,29.6522731136165],[-82.3926572493342,29.6522334892478],[-82.3926538777581,29.6521993589944],[-82.3926510052293,29.6521401832016],[-82.3926438842263,29.6520898753108],[-82.3926225283953,29.6520321876583],[-82.3926182554308,29.6519424892996],[-82.392599222102,29.6518911363787],[-82.3925968686662,29.6518848011427],[-82.3925915968917,29.6518452768626],[-82.3925841401746,29.6518093211369],[-82.3925727802823,29.6517643072378],[-82.3925572915686,29.6517210439264],[-82.3925417729402,29.6516777792276],[-82.3925363538706,29.6516706951975],[-82.3925098477537,29.6516360370862],[-82.3924597115021,29.6515814605373],[-82.3923767900174,29.6515212934764],[-82.392368757613,29.6515154701767],[-82.3923244554124,29.651475317403],[-82.3922785252652,29.6514154453618],[-82.3922139616842,29.6513642106858],[-82.392106608498,29.6512979543906],[-82.3920766983158,29.651256245584],[-82.3920036915535,29.6512156272913],[-82.3919634000187,29.6511809286785],[-82.3919583034521,29.6511713008003],[-82.3919318216317,29.6511212621454],[-82.3919300788233,29.6511198038311],[-82.3919249406101,29.6511100940708],[-82.3918725326783,29.6510662352541],[-82.3918335061399,29.6510219988391],[-82.391832435812,29.6510207850845],[-82.3918039634581,29.6509720162862],[-82.3918007455564,29.6509665062215],[-82.3917749201544,29.6509266499011],[-82.3917428494325,29.6508902956254],[-82.3917165301451,29.6508632297112],[-82.3916981185935,29.6508199632889],[-82.3916956334719,29.6508086298054],[-82.3916906254573,29.6507857953004],[-82.3916852464241,29.6507498442054],[-82.3916719174384,29.6507012532267],[-82.3916503732856,29.6506525006644],[-82.3916269747183,29.6505947798367],[-82.3916076286994,29.6505389110491],[-82.3915965347823,29.6504813628219],[-82.3915818436471,29.6504004596826],[-82.3915707997895,29.6503688456172],[-82.3915547381728,29.650322958923],[-82.3915333028734,29.6502706331366],[-82.3915097200596,29.6502200601334],[-82.3915033924303,29.6502100821017],[-82.3914879031833,29.6501856598254],[-82.3914640123238,29.6501511980357],[-82.3914421643665,29.6501168522585],[-82.3914420415248,29.6501163115935],[-82.3914327761988,29.6500754459672],[-82.3914282230818,29.6500745513037],[-82.3913632914822,29.6500617830305],[-82.3913344779897,29.650051636598],[-82.3913205381306,29.6500467355948],[-82.3913056960971,29.6500354126943],[-82.3912821468587,29.6500174578758],[-82.3912453659003,29.6500014069921],[-82.391239469218,29.6499988366751],[-82.3911882773173,29.6499926191279],[-82.3911557081217,29.6499813391225],[-82.3911130742113,29.6499591427228],[-82.3910662348175,29.6499422705723],[-82.3909746712221,29.649906742241],[-82.3908851597695,29.649869432457],[-82.3908424049287,29.6498544137122],[-82.3907974599472,29.6498447201964],[-82.3907543697385,29.6498440238202],[-82.3907154038951,29.6498433949875],[-82.390678711432,29.6498320491261],[-82.3906315309427,29.6498312857012],[-82.3905884039031,29.649832377058],[-82.3905453457323,29.6498316802282],[-82.3905002855868,29.6498273760645],[-82.3904468534416,29.6498318766766],[-82.3903931978259,29.6498453651978],[-82.3903535504116,29.6498769567415],[-82.3903137871665,29.6499139656896],[-82.3902698238086,29.6499544807917],[-82.3902382373648,29.6499934084721],[-82.3902332584534,29.6500010562938],[-82.3902127889299,29.6500324362696],[-82.390191660179,29.6500607521605],[-82.3901643174895,29.6500925985019],[-82.3901453021935,29.65011916107],[-82.3901262265344,29.6501456955902],[-82.3901135710701,29.650163449728],[-82.3900879326285,29.6502114407099],[-82.3900517661125,29.6502718000205],[-82.3900408142044,29.6502864750303],[-82.3900200727606,29.650314301787],[-82.3899986019122,29.6503587571948],[-82.3899875381314,29.6503980166016],[-82.3899724320833,29.6504318211443],[-82.3899594799425,29.6504621108105],[-82.3899414935391,29.6504921277956],[-82.3899403529586,29.6504940357926],[-82.3899593789671,29.6506064981205],[-82.3897015984484,29.6506616257875],[-82.3896890881077,29.6506642387222],[-82.3896447680676,29.6506734953602],[-82.389637939484,29.6506744893763],[-82.3895828974623,29.6506824970676],[-82.3895936566178,29.6518119341074],[-82.3895942721332,29.6518763790995],[-82.3895984152463,29.6523094216579],[-82.3895345530658,29.6523037971533],[-82.389526115902,29.6523037699039],[-82.3891435873036,29.6523021495302],[-82.3891236749792,29.654019334397],[-82.3891226450852,29.6541081206398],[-82.3891070412746,29.6553585439303],[-82.3891080341476,29.6553681876634],[-82.3891110682672,29.655397668366],[-82.38911049987,29.6555146819],[-82.3891012295117,29.6564140447059],[-82.3890778102749,29.6586860780201],[-82.3890778000824,29.6586865100629],[-82.389077784364,29.6586873976844],[-82.3891176301832,29.6592956837613],[-82.389135709824,29.6595835693423],[-82.3891084805088,29.6611254636814],[-82.3888816054377,29.6739708404496],[-82.3889178343877,29.6770138125233],[-82.3890574420005,29.6887383125848],[-82.3889320135702,29.6887390556317],[-82.3889334861426,29.6889266557922],[-82.3889454259201,29.6904475397021],[-82.3890061372777,29.6904781415038],[-82.3891693592801,29.6905604274799],[-82.3893110432501,29.6905645767136],[-82.3893139980326,29.6905646632786],[-82.3895249915122,29.6905736375783],[-82.3923078584365,29.6905840113859],[-82.393060328361,29.6905871346807],[-82.3930939844604,29.6909739286583],[-82.3930904404051,29.6920634375323],[-82.3930887311796,29.6925905766924],[-82.3930869431146,29.6931423846896],[-82.3930812903547,29.6943172010885],[-82.3930764843201,29.6959743168722],[-82.3930778688654,29.6960086541359],[-82.3931078276717,29.6960087342073],[-82.3932023513682,29.6960089871038],[-82.3932020872212,29.6961122334923],[-82.3931249517305,29.6961936614299],[-82.3931204722539,29.6963397113501],[-82.3931287317027,29.6963930332004],[-82.3931505190532,29.6964441271576],[-82.3930582108942,29.6964729156993],[-82.3930517430795,29.6964749308663],[-82.3929620785268,29.6964681775215],[-82.3928958078423,29.6965005784824],[-82.3928643436686,29.6965509494034],[-82.3928377767441,29.6965798106307],[-82.3927880992191,29.6965872335232],[-82.3927682776035,29.6966441734584],[-82.392761573523,29.696698987193],[-82.3927032183594,29.6967517302961],[-82.3926761266573,29.6967816008308],[-82.3926361931826,29.6967737234166],[-82.3925525459155,29.6967668449388],[-82.3925919630431,29.696864565372],[-82.3926914757176,29.6969165835745],[-82.3927267883076,29.6969776309253],[-82.3928218360945,29.6970559804225],[-82.3928887334374,29.6971279058906],[-82.3929429301222,29.6971405249453],[-82.3929917732415,29.6970965656451],[-82.3930345920074,29.6971182768312],[-82.3931053443926,29.6971541737173],[-82.3932126959592,29.6971959215589],[-82.3932989705329,29.6972156033931],[-82.3934563846383,29.6972570028632],[-82.3935897481131,29.6972084678372],[-82.3937082655158,29.69727938306],[-82.3936254969932,29.6973530471753],[-82.3937474818877,29.697319646983],[-82.3937741032317,29.6974370719495],[-82.3938540037821,29.6974603076672],[-82.3939393130735,29.6974198804395],[-82.3939673946037,29.6975263829693],[-82.3939761716524,29.6975596646389],[-82.3940400799139,29.6975451016239],[-82.394072652479,29.6975376784905],[-82.3941513180354,29.6975521759697],[-82.3941737667907,29.6975795189318],[-82.3942096036949,29.6976231651153],[-82.3942644671595,29.6976028708164],[-82.3943034873215,29.6975884305576],[-82.3944230701428,29.6975941269636],[-82.3944930619718,29.697659860194],[-82.3946807463205,29.6976761413636],[-82.3947564552996,29.6976413345134],[-82.3949079518561,29.6975768903918],[-82.3950790970964,29.6975828119986],[-82.3952055258987,29.6975656803824],[-82.3953902448313,29.6976015235731],[-82.3955118348783,29.6976464152643],[-82.3954749881213,29.6975118831774],[-82.3955517205552,29.6975343792265],[-82.3956127838982,29.6975113826096],[-82.3957006709792,29.6974919790409],[-82.3957900305361,29.6974432541667],[-82.3959669315516,29.6973154401326],[-82.3960540559607,29.6972427795418],[-82.3961131051226,29.6972271473912],[-82.3961955678499,29.6971737733979],[-82.3962532484424,29.6971632343385],[-82.3963087266318,29.6970497177643],[-82.3963466872757,29.6969974141842],[-82.3963779772317,29.6969358446657],[-82.3964005867891,29.6968974591464],[-82.3964152472979,29.6968581190466],[-82.3964940474462,29.6967917593541],[-82.3966306560812,29.6966759737352],[-82.3966568132721,29.6966008183829],[-82.3967324686217,29.6965818775954],[-82.3968520179102,29.6965802553137],[-82.3969553932583,29.6965926190208],[-82.3971147176982,29.6967986219177],[-82.3972349039005,29.6968011069345],[-82.3972279303177,29.6992946465427],[-82.397176740043,29.6994199490726],[-82.3971123607607,29.6995775467553],[-82.3970694728832,29.6996825762783],[-82.3971744686773,29.6996676555995],[-82.3971766473415,29.6996673613406],[-82.3971829034042,29.6996664713489],[-82.3971859369012,29.6996660248306],[-82.397192826513,29.6996650367635],[-82.3972160508984,29.6996616968455],[-82.3973804225162,29.699637996207],[-82.3973835721675,29.699638019854],[-82.3985611319651,29.6996424829188],[-82.3989512794171,29.6996439472174],[-82.3992946826478,29.6996452367398],[-82.400134541086,29.6996484039218],[-82.4037552335623,29.6996620251156],[-82.4041496332067,29.6996635150744],[-82.4041498746068,29.6979944479163],[-82.4041500312506,29.6969428655121],[-82.4048399321263,29.6969456593559],[-82.4047819038984,29.6966255621755],[-82.4046977207586,29.6965693436638],[-82.4047619263312,29.6965525262371],[-82.4055311321114,29.6963508424311],[-82.4055309007273,29.6960429470468],[-82.4082128463936,29.6960502687753],[-82.4097157092894,29.6960543414423],[-82.4118073218802,29.6960593427143],[-82.4122265061826,29.6960604351985],[-82.4138989594091,29.6960648071507],[-82.4166228111944,29.6960715798634],[-82.4180835615567,29.6960752677724],[-82.4180733607657,29.6987813153741],[-82.4180698449844,29.6997219517896],[-82.4222493284538,29.6997389071238],[-82.4222305168987,29.7033924124162],[-82.4305477333275,29.7034475596468],[-82.4334185864251,29.7034662652887],[-82.4347076874132,29.703474668027],[-82.4353031333596,29.7034785285595],[-82.4356316009143,29.7034804759945],[-82.4388737519005,29.7035018494895],[-82.4471897374626,29.7035294065627],[-82.4472096132602,29.7035294726812],[-82.4495091234914,29.7035395826146],[-82.4521141097236,29.7035509203994],[-82.4553628882572,29.7035696793999],[-82.4553645614919,29.7041312429758],[-82.4553898768614,29.7126353139601],[-82.4553902818201,29.7127750879045],[-82.4553905791633,29.7128710470473],[-82.4554062761947,29.7181488642967],[-82.4495394176849,29.7180145886578],[-82.449475555528,29.7180129526028],[-82.4488795087634,29.7179976009441],[-82.4389688987158,29.7177419367789],[-82.4379266781455,29.7177813156955],[-82.4369929886749,29.7178165970731],[-82.4360371337571,29.7178527314949],[-82.4350798565889,29.7178889194584],[-82.4343794072872,29.7179153835237],[-82.4333555968588,29.7179540544357],[-82.4331978436624,29.7179600009711],[-82.4322521367038,29.7179957197266],[-82.4314824435905,29.7180247028614],[-82.4309274181916,29.7180456403335],[-82.4305939349513,29.7180582332508],[-82.4305926100737,29.7180582672989],[-82.4304657931829,29.7180582925392],[-82.4271845379989,29.7180445689523],[-82.4240845882154,29.7180315253293],[-82.4238497507166,29.7192448830721],[-82.4237799767585,29.7192456443863],[-82.4235995868594,29.7192475615628],[-82.4221146747769,29.7192409893022],[-82.4221150953954,29.7187485183826],[-82.4221159371409,29.7180231559665],[-82.4221124810093,29.7180231289516],[-82.4221057558402,29.7180230751913],[-82.4180718995115,29.7179907935239],[-82.4138024796946,29.7179738203957],[-82.4054789809034,29.7179404069589],[-82.4054755295662,29.7179403976267],[-82.4054742977724,29.7184767289163],[-82.4054702131968,29.7202559643427],[-82.4054622968499,29.7272813614178],[-82.4054612244578,29.728232616903],[-82.4054233506541,29.7282325274901],[-82.4052095291855,29.7282320192512],[-82.4051985492904,29.7325599026592],[-82.3888025943015,29.7324804635402],[-82.3887992529816,29.7319156027638]]],[[[-82.3959071785339,29.630444496384],[-82.3970131556325,29.6304504174466],[-82.3971833776062,29.6304513172494],[-82.3975176224667,29.6304531281937],[-82.3990274731061,29.6304611654097],[-82.3996128022724,29.6304642857132],[-82.4058489552051,29.6304973593586],[-82.4058476067415,29.6304746482308],[-82.4055130825334,29.6248755508376],[-82.4054483371536,29.6246268518013],[-82.4052352850872,29.6243803375595],[-82.4052294287405,29.6242621753728],[-82.405213141524,29.6239335614741],[-82.4058318252533,29.6227900671434],[-82.4079611878624,29.6221191456773],[-82.4082838941967,29.6221188730969],[-82.4090048107766,29.6221040808066],[-82.4090088096252,29.6216300796342],[-82.4090048080813,29.620985079917],[-82.4096938050092,29.6201410807046],[-82.4108547981542,29.6177210839579],[-82.4106267978502,29.6176630823875],[-82.4105347982909,29.6176430828692],[-82.4104407963799,29.6169470808908],[-82.4105497961419,29.6169500825418],[-82.4117717951954,29.6169540854609],[-82.4118107928146,29.6164860855384],[-82.4121097932347,29.6164860857649],[-82.412727792708,29.6164880878108],[-82.41287879251,29.6164890885994],[-82.412863792506,29.6163950888356],[-82.4127917928082,29.6161280870858],[-82.4127317913159,29.6159070874585],[-82.4127217923076,29.6158690873684],[-82.4127037918133,29.6158020880923],[-82.4126857904388,29.6157210867711],[-82.4125857901718,29.6152540859137],[-82.4125547890515,29.6150810865117],[-82.4122777849482,29.6135450851434],[-82.412250785476,29.6133950845774],[-82.4122157837645,29.6132030843074],[-82.4121617829911,29.612934083735],[-82.4121037816022,29.6126500840973],[-82.4120247816684,29.6122580839734],[-82.411983780939,29.6120540834615],[-82.4119497813501,29.6118870831775],[-82.4118697794606,29.611520083423],[-82.41183577965,29.6113650820046],[-82.4116277778134,29.6104140801499],[-82.4115657768681,29.6101340820184],[-82.411408501508,29.6095279232144],[-82.4110967719779,29.6085040784109],[-82.4110357717524,29.6083360788737],[-82.4104617693274,29.6071860755695],[-82.4103457688354,29.6069550761758],[-82.4099237662563,29.6061080739977],[-82.409468764194,29.6051670722478],[-82.4094141293869,29.6050815267423],[-82.4090401087931,29.6052822234965],[-82.4090353964831,29.6052819693099],[-82.4088694765826,29.6049869210343],[-82.4085877648523,29.6044960693928],[-82.4084617635919,29.6042920691993],[-82.4083567622406,29.6041570686086],[-82.4082407630708,29.604030069215],[-82.4077647625961,29.6035860665289],[-82.407609761569,29.6034180671973],[-82.4074657608798,29.6032430653513],[-82.4073347607181,29.603060066286],[-82.4072167597557,29.6028700652673],[-82.4061457553748,29.6008110620207],[-82.4053987522318,29.5993530572185],[-82.4052297516499,29.598983058341],[-82.404840750027,29.5980220564371],[-82.4044447473703,29.5971020545451],[-82.4043207470173,29.5969520557011],[-82.4041687466664,29.5968460537417],[-82.4040697467796,29.5967970539352],[-82.4039197470112,29.5967540533145],[-82.4037277475046,29.596740052747],[-82.4026577485576,29.5967940500419],[-82.4024164162987,29.5968089069559],[-82.4024121912382,29.5961363365561],[-82.4024103509256,29.5954753504715],[-82.4024199704082,29.5950748244938],[-82.4024213345058,29.595051665184],[-82.4024197910343,29.5950425432753],[-82.4024140674221,29.59401004534],[-82.4024139481698,29.5940078634416],[-82.4022717400635,29.5940030482858],[-82.4021057411616,29.5940020469917],[-82.4019677032428,29.5940016332707],[-82.3981117459162,29.5939900354205],[-82.3971367459428,29.5939870344839],[-82.3971377458298,29.5939430340824],[-82.3966037460684,29.5939390323903],[-82.3964607462367,29.5939360316227],[-82.3943497486322,29.5939170259828],[-82.3943397483141,29.5938240266638],[-82.3934207489997,29.5938040244206],[-82.392543749477,29.5938090223897],[-82.3915987486939,29.5928170187904],[-82.3915367484783,29.5928010183934],[-82.3894247447426,29.5907040123549],[-82.3881397436942,29.5902550088634],[-82.3879927442253,29.5902000086202],[-82.3893487400068,29.5888650116758],[-82.390641734807,29.5875560138775],[-82.3911717334257,29.5867590156376],[-82.3915767307519,29.5860800157423],[-82.3917197297934,29.5857900153808],[-82.3918487285095,29.5854960160267],[-82.3919637275504,29.5851970161651],[-82.3920647265033,29.5848940164876],[-82.3921517249624,29.5845880176819],[-82.39222372489,29.5842790153752],[-82.3922807237021,29.5839680165279],[-82.392323723494,29.5836540159348],[-82.3923517225097,29.5833400165531],[-82.392363722174,29.5830250160275],[-82.3923617206224,29.5827100166336],[-82.392345719058,29.5823950165835],[-82.3922927183824,29.5820120159801],[-82.3922427180393,29.5816370150057],[-82.3920027112764,29.5790900136299],[-82.3920027103955,29.5787670133046],[-82.392015708751,29.5784460132739],[-82.392052707453,29.5781240134047],[-82.3921027071799,29.5777470130499],[-82.392160706566,29.5774410130965],[-82.3922907054317,29.5768640135596],[-82.3924937026298,29.5759240136447],[-82.3927506989261,29.5746850129178],[-82.3930166946825,29.5734690136633],[-82.393349691775,29.5720260138498],[-82.3935496894278,29.5711630134999],[-82.3935796874018,29.5709270132313],[-82.3936186874231,29.5707380144512],[-82.3936636868946,29.5704010136083],[-82.3936906858465,29.5700790143854],[-82.3937026846616,29.5697560131448],[-82.3937006841051,29.5694330140821],[-82.3936826820125,29.5691100128279],[-82.3936506824103,29.5687880135306],[-82.3936036807351,29.568468012344],[-82.3935416806358,29.5681490131577],[-82.393041675057,29.566105009704],[-82.3929596742044,29.5657640099444],[-82.3926566716047,29.5645080085869],[-82.392547670923,29.5640960079116],[-82.3920166653565,29.5619130052595],[-82.3912626589503,29.5589060023872],[-82.3909212151034,29.5577029956276],[-82.3909997034409,29.557703416055],[-82.3909066510188,29.5564549997334],[-82.3909056510502,29.5562840002006],[-82.3909086509567,29.5561930001654],[-82.3909276499066,29.5559280001713],[-82.3909416501438,29.5558270009046],[-82.390953650265,29.5557420006388],[-82.3909756503315,29.5555900004313],[-82.391038648222,29.5552530011965],[-82.3911156475763,29.5549190002957],[-82.3912076472113,29.5545879994233],[-82.3913136458798,29.5542600013058],[-82.3914346441042,29.5539360001953],[-82.3915686431729,29.5536170013893],[-82.3917496433826,29.5533290015654],[-82.3918396419585,29.553167001388],[-82.3919716419991,29.5529430003213],[-82.3935106345816,29.5505800037343],[-82.396038620163,29.5468540087064],[-82.398699607045,29.5430090130262],[-82.3991256052724,29.5423810136922],[-82.3994466027448,29.5418810147264],[-82.3998816004589,29.5412030158969],[-82.400020600148,29.5409850157685],[-82.4002735987658,29.5405610155857],[-82.4005135979471,29.5401320161573],[-82.4005468728868,29.5400670209382],[-82.4006205971508,29.5399230167554],[-82.4007395953303,29.5396970151897],[-82.4007755967188,29.5396210159527],[-82.4009515946756,29.5392570170835],[-82.400966594131,29.5392140163463],[-82.4011505940306,29.5388120172198],[-82.4013355915998,29.5383620166731],[-82.4015065901936,29.5379080171082],[-82.4014895908972,29.5379050166984],[-82.4015475910232,29.5377260182602],[-82.4021705845885,29.5358130189791],[-82.4028845768477,29.5336500187055],[-82.4042425637042,29.5295420185321],[-82.4045786618337,29.5286192401615],[-82.4045789116866,29.5286184465378],[-82.4064026604804,29.5287327507857],[-82.4064230254746,29.5305572647668],[-82.4131162499831,29.5359865350511],[-82.422979425598,29.5433417637961],[-82.4229774167687,29.5446578410557],[-82.4293062649801,29.5500467719514],[-82.4333690563217,29.5533812621264],[-82.4338516060599,29.5535634946018],[-82.4354369141989,29.5541620832614],[-82.4364767532717,29.5545547205592],[-82.4375162588138,29.5549472061129],[-82.4395994966169,29.5557130908443],[-82.4396070421316,29.5680476331776],[-82.4395487000692,29.5752037672825],[-82.4395379175822,29.575674244191],[-82.4394722405911,29.5785397548243],[-82.4394915092865,29.579630925238],[-82.4395006905314,29.5817198731365],[-82.4395153337585,29.587581118212],[-82.439511200339,29.5892243758224],[-82.4395110802222,29.5892719199573],[-82.4390365167378,29.5895219193863],[-82.4373733152766,29.5904285817045],[-82.4270122373837,29.596076547228],[-82.4204725775946,29.599509345442],[-82.4206124332699,29.5997127551189],[-82.4206433346285,29.5997565638597],[-82.4208146250543,29.5999993890877],[-82.4208527390191,29.6000534609863],[-82.4209011206361,29.6001101733528],[-82.4209845279341,29.6001925235538],[-82.4210470619312,29.600246710279],[-82.4211176705237,29.6003014650761],[-82.4212865409047,29.6004220579225],[-82.4214383556468,29.6005304990065],[-82.4215224229344,29.6005903080016],[-82.4216925689475,29.6007116650358],[-82.4217708960159,29.6007675593382],[-82.4218552086408,29.600827703168],[-82.4220648307305,29.6009772170638],[-82.4222101374203,29.6010808507326],[-82.4222868088823,29.6011368473762],[-82.4223594863374,29.6011967757788],[-82.4224279027527,29.6012604196519],[-82.4224918110424,29.6013275467837],[-82.4225509798076,29.6013979152866],[-82.4226051934679,29.6014712672835],[-82.4226107513874,29.6014793872275],[-82.4226165844572,29.6014879780456],[-82.422617163247,29.6014888408452],[-82.4226203381646,29.6014935942293],[-82.4226493903404,29.6015392534343],[-82.4226765418624,29.6015857973057],[-82.4226792704554,29.6015907628415],[-82.4226816658606,29.6015951194282],[-82.4226934788416,29.6016171442736],[-82.4227279415902,29.6016877499842],[-82.4227580790758,29.6017598505101],[-82.4228050575612,29.6019077224466],[-82.422877487855,29.602065420612],[-82.4228733714483,29.6024527822897],[-82.4228646238352,29.6033282102754],[-82.4228536580609,29.6043404766409],[-82.4228012063617,29.60709235968],[-82.4227775730927,29.6083322245305],[-82.4227715523195,29.6088923477792],[-82.4227593228214,29.6100300662884],[-82.4227595390892,29.6100563891328],[-82.422759565522,29.6100595783076],[-82.4227596278101,29.6100671884566],[-82.4227684329313,29.6100912903247],[-82.4227799720446,29.6101086711249],[-82.4227770894374,29.6101822417719],[-82.4227663473378,29.6104563450801],[-82.4223825030511,29.6166662357384],[-82.4223566590193,29.6220054731804],[-82.4223489517262,29.6235368956522],[-82.4223201836966,29.6299447423109],[-82.4223186305593,29.6303054628685],[-82.4222396414284,29.6303736485566],[-82.4212801054492,29.6303725841211],[-82.4204672974565,29.6303713498396],[-82.4202678247527,29.6303737912746],[-82.4200685469917,29.6303818821552],[-82.4198012509481,29.6304015748823],[-82.4196223837374,29.6304205140756],[-82.419444226785,29.6304440128841],[-82.4192669323645,29.6304720484747],[-82.4190906506287,29.630504600688],[-82.4188952555532,29.630546214698],[-82.4187015157234,29.6305933715312],[-82.4185096387497,29.6306460194662],[-82.4183198271941,29.6307041012886],[-82.4181510094585,29.6307610767924],[-82.4179841438265,29.6308222861794],[-82.4179048930505,29.6308531718211],[-82.4177231679854,29.6309285716906],[-82.4175442372287,29.6310089190485],[-82.4173682822561,29.6310941283768],[-82.4171954710103,29.6311841193561],[-82.4170052653529,29.6312923162358],[-82.416819689429,29.6314064833406],[-82.4166389890189,29.6315264730271],[-82.4164634029437,29.6316521249087],[-82.4162931639473,29.6317832730888],[-82.4162414500973,29.6318261307614],[-82.4163058334871,29.6319441061604],[-82.4161108326228,29.6321121060082],[-82.4158978338138,29.6322821054804],[-82.4156968335063,29.6324941038319],[-82.4155078358247,29.6327131051473],[-82.4153308362337,29.6329411044102],[-82.4152968368178,29.6329901043118],[-82.4151668373852,29.633175103977],[-82.4150358364739,29.6333831036097],[-82.4150148372433,29.6334161029829],[-82.4148768377277,29.6336631030204],[-82.4141688425609,29.6349861017323],[-82.4130498483116,29.6369520996828],[-82.4129908495061,29.6370550994372],[-82.4129598485579,29.6371090995005],[-82.4128508500922,29.6372830989824],[-82.412719850774,29.6374721001754],[-82.4124648519209,29.6378010987732],[-82.4122738513234,29.6380250985365],[-82.412083851642,29.6382090984421],[-82.4118578537836,29.6384120976728],[-82.4116018546948,29.638626097401],[-82.4114488558155,29.6387400972798],[-82.4112828546913,29.6388540964094],[-82.4111938553291,29.6389100957658],[-82.4109478557806,29.6390630948803],[-82.4108398565311,29.6391210943474],[-82.4106488565843,29.6392240948644],[-82.4105998570494,29.6392480949922],[-82.4105528567694,29.6392700951114],[-82.4103238578487,29.6393780937055],[-82.410183858403,29.6394380922556],[-82.4099368586358,29.639533092891],[-82.4095318588368,29.639667090989],[-82.4091648593878,29.639760089379],[-82.4089358608586,29.6398100905376],[-82.4085228600697,29.6398770880733],[-82.4083228608153,29.6398990877542],[-82.4079788610614,29.6399260874972],[-82.4077048607409,29.6399340871296],[-82.4072058602665,29.6399330850445],[-82.4063548622888,29.6399290826768],[-82.4060698629224,29.639933082039],[-82.4059728625341,29.6399340818491],[-82.4059128625012,29.6399320823192],[-82.4058038617662,29.6399280810293],[-82.4056768628616,29.6399240804512],[-82.4055138623963,29.6399230796054],[-82.4027438643608,29.6399060719575],[-82.3995008143894,29.6357259343989],[-82.3959071785339,29.630444496384]]]]},"properties":{"link":"https://www.alachuaschools.net/o/ghs","Facility":"Gainesville High","Address":"1900 NW 13TH ST","code_high":"010151","OBJECTID":6,"Shape__Area":133073272.37695313,"Shape__Length":98272.593896852515}}]}