{"type":"FeatureCollection","features":[{"type":"Feature","id":1,"geometry":{"type":"Polygon","coordinates":[[[-82.2833806382581,29.6937534299927],[-82.2826623166109,29.6948188838759],[-82.2816775312941,29.6962639151829],[-82.2797226840482,29.6991593799654],[-82.2792279656515,29.6999208323477],[-82.2775035497506,29.7024522498675],[-82.2773521926084,29.7026744282334],[-82.277121130646,29.7030038870864],[-82.2773904419749,29.703006077337],[-82.2849475390655,29.7030673060165],[-82.2882952457191,29.7030942889148],[-82.2892031954346,29.7031015993666],[-82.3057634625259,29.7030372854755],[-82.3059365472199,29.7030366027293],[-82.3114298377087,29.703109863321],[-82.3128964658691,29.7031270927],[-82.3171767639248,29.703177315453],[-82.3171721627539,29.7033842252835],[-82.3171680206221,29.7055840283772],[-82.3171995460987,29.7057264431812],[-82.3171999674086,29.7057735623202],[-82.3171594551859,29.7072285020317],[-82.317094846554,29.7096412403359],[-82.3170338428614,29.7119181723888],[-82.3170335158747,29.7119302141857],[-82.3169917343325,29.7134902216837],[-82.3167959537028,29.7141293057795],[-82.3163792342257,29.7154896441062],[-82.3157341612067,29.7175953964621],[-82.3145742672916,29.7213815112011],[-82.3132198854226,29.7258020166263],[-82.3126993970554,29.7275006796979],[-82.3081530126227,29.7423360195763],[-82.3036583972014,29.756997802997],[-82.3009996588449,29.7619922637645],[-82.3000903544699,29.7637003429781],[-82.2979931215565,29.7676400214108],[-82.2959468132382,29.7714833894203],[-82.2915912947522,29.7716414272775],[-82.2914401639854,29.7865477272307],[-82.2890976074561,29.7865645836477],[-82.2885144068006,29.7865686603415],[-82.2877871558994,29.7865737349634],[-82.287188871632,29.7865769439269],[-82.2873242001346,29.7903460959687],[-82.2872836151484,29.7903462893101],[-82.2873617676798,29.7931964789675],[-82.2864872056484,29.7931481442177],[-82.286537262471,29.7947537347624],[-82.2864581882681,29.7947448593821],[-82.2865004531039,29.7962996573078],[-82.2865112724132,29.7964680209506],[-82.2851345189003,29.7962838611674],[-82.2846922028275,29.7962246873984],[-82.2829653542888,29.7959936461081],[-82.2832837854975,29.7988444489973],[-82.283515192413,29.8015740279096],[-82.283522737363,29.8016683811046],[-82.2835199912132,29.8016685549362],[-82.2833744605439,29.8016784079922],[-82.2792250802628,29.8017364981301],[-82.2771182722067,29.8020051726663],[-82.2762288358709,29.7943267169892],[-82.2787618370371,29.7938883764122],[-82.2785138975271,29.7721150083476],[-82.2631739881561,29.7748201927844],[-82.24762246984,29.7750645701786],[-82.2464389313684,29.7750830830971],[-82.2132052444944,29.7615768512188],[-82.2121988879327,29.7612158955434],[-82.2090124432457,29.7600729240866],[-82.2090232715381,29.7596411900861],[-82.2086144374725,29.7598367592627],[-82.2082268602415,29.7596898318921],[-82.1964968182633,29.7537914169178],[-82.1964209348763,29.7459100167525],[-82.1922535658316,29.7458974892256],[-82.1913104434794,29.7458946314954],[-82.1911900350954,29.7458942750591],[-82.191058260328,29.7458938858649],[-82.1880914896606,29.7458848454849],[-82.1839186678422,29.745872044193],[-82.1797513005941,29.7458591235673],[-82.1801668594479,29.7422475928915],[-82.1805045676043,29.7393125285226],[-82.17263534458,29.7393273313501],[-82.1726157038146,29.7315543942446],[-82.1726021850679,29.7170400032932],[-82.1725162701942,29.7071514813016],[-82.172507200803,29.706107567711],[-82.172490894584,29.7042291418116],[-82.1724900528626,29.7041304435832],[-82.1724899531496,29.7041198521586],[-82.1724891868866,29.7040327627346],[-82.1725054086641,29.6878338335488],[-82.1724685525846,29.6732139282458],[-82.1724106444864,29.6586531075683],[-82.172432416954,29.6528157257629],[-82.1724327439407,29.6527249687879],[-82.1724352987494,29.6520377565497],[-82.1724397238505,29.6508516322394],[-82.1724370872951,29.6506316665609],[-82.1724021077963,29.6477273272551],[-82.1723595716692,29.6440767343449],[-82.1723795951169,29.6367852338227],[-82.1723846741915,29.6349366170291],[-82.1723995431061,29.6295264899363],[-82.1723605472396,29.622136355974],[-82.172341250529,29.6185425333961],[-82.1723219457336,29.6002855725134],[-82.1723117768046,29.5987124355964],[-82.1723075017221,29.59804946953],[-82.1722940566373,29.595965999455],[-82.1722819338725,29.5940899310665],[-82.1722815718514,29.5940340648945],[-82.172280017766,29.5937921160514],[-82.1722796377786,29.5937316012151],[-82.1722502844284,29.5891852624459],[-82.1722277888171,29.5857032147359],[-82.1887687250617,29.5857368090801],[-82.1889027321426,29.5857358825875],[-82.1890833105826,29.5857362497473],[-82.1973121040623,29.5856910242453],[-82.2023299090848,29.5856632052354],[-82.2031950370091,29.5856583923139],[-82.2033633417674,29.585657450978],[-82.2046895767237,29.5856500484058],[-82.2056174250211,29.58564486598],[-82.2139871668637,29.5856880057217],[-82.2194629375096,29.5857156575498],[-82.2223633253725,29.5857709588397],[-82.2341065564157,29.5856920515119],[-82.2348786745721,29.5856895118587],[-82.2363769342103,29.5856845536369],[-82.2388318466255,29.585676393311],[-82.2390302925566,29.5856769456133],[-82.2392721289126,29.5856761862952],[-82.2414177064596,29.5856799422638],[-82.2517618105495,29.5856975714099],[-82.2525093912239,29.5856988220972],[-82.255499273747,29.5857037178231],[-82.261523024801,29.5857569645875],[-82.2615245663101,29.585756991148],[-82.3001372752739,29.5860946525216],[-82.2989523578882,29.6009532876475],[-82.2983743027827,29.6031876633835],[-82.2983050480642,29.6076116098755],[-82.2982874904919,29.6087278515272],[-82.2982389787717,29.6118142395132],[-82.3006290966037,29.6118175907373],[-82.3006301323612,29.6133987445553],[-82.2987720067219,29.6133906762837],[-82.298774671125,29.6143384411375],[-82.2987754391846,29.6146112865272],[-82.29824047267,29.6146089779875],[-82.2982424848962,29.6153238956792],[-82.2981591625604,29.6155435315982],[-82.297501828436,29.6155406592266],[-82.2975036807621,29.6161216630487],[-82.2975057028699,29.6172516301115],[-82.297492790486,29.6236237651974],[-82.297486451075,29.6243958879854],[-82.2974843975263,29.6250410726032],[-82.2974836007206,29.6252864128134],[-82.2975065392014,29.6261907403741],[-82.2975181014174,29.6270900341339],[-82.2975282128542,29.6288748724518],[-82.2975271968597,29.6299885056237],[-82.2975271663169,29.6335587764359],[-82.2975264431731,29.63545713244],[-82.2975257433855,29.6372930237078],[-82.2975243447086,29.6409764727189],[-82.2945205077559,29.6409660885697],[-82.2943473925192,29.640965500655],[-82.2940326120639,29.6409644153943],[-82.2927659273261,29.6409561986426],[-82.291505780527,29.6409441202351],[-82.2913180658703,29.6409417404685],[-82.2893650197465,29.6409343872393],[-82.2893680722218,29.6419400031052],[-82.2893701760763,29.6426409528748],[-82.2893671757032,29.6428488999957],[-82.2893665136448,29.6428948119027],[-82.2943413818917,29.6453995590853],[-82.2936172400597,29.6464591179734],[-82.2934481178344,29.6467635758806],[-82.2933536204564,29.6472623544066],[-82.2933312721687,29.6477156923229],[-82.2933301196302,29.6477584846336],[-82.293337413052,29.6478601081011],[-82.2933295303354,29.6482410242159],[-82.2933145356567,29.6489657024663],[-82.2932920921476,29.6498670912299],[-82.2933219781988,29.6509788340892],[-82.2933156531609,29.6509939442556],[-82.2933241125959,29.6514075372395],[-82.2933320069906,29.6517934636003],[-82.2933332727169,29.6518553566058],[-82.2926826948218,29.6518515773403],[-82.2916409338582,29.6518456746284],[-82.2900996862404,29.6518369411747],[-82.2892375443161,29.6518320564672],[-82.2892371831934,29.6520269917903],[-82.289203259215,29.6549306246601],[-82.2891963969845,29.6555190727414],[-82.2891748805368,29.6573603374167],[-82.2891536443635,29.6591776251689],[-82.289153158375,29.6593951928382],[-82.2891456313912,29.6627889373044],[-82.2891455685091,29.6628130287699],[-82.2891450546728,29.6630496287756],[-82.2891447977546,29.6631553216354],[-82.2891436793521,29.6636724111165],[-82.2891421773689,29.6643498943469],[-82.289141094899,29.66483830238],[-82.2891373776704,29.6664536291443],[-82.2891455999502,29.6737372545774],[-82.2891085749874,29.6769303586467],[-82.2890611187876,29.6810199138626],[-82.2890740859687,29.6843799010186],[-82.2890766991679,29.6850720321643],[-82.2865257110347,29.6890580379385],[-82.2855399663173,29.6905982552452],[-82.2840848276093,29.6927244911975],[-82.2833806382581,29.6937534299927]]]},"properties":{"OBJECTID":1,"code_elem":"010071","link":"http://www.edline.net/pages/LAK0071","Facility":"Lake Forest Elementary School","Address":"4401 SE 4TH AV","Descrip":"Lake Forest,(Grades K-5)","EntityID":"0071","Entity":71,"Label":"Lake Forest Elementary","Capacity2025":598,"Attendance2025":267,"PctCap2025":45,"Shape__Area":326395541.8125,"Shape__Length":89810.1238823876}},{"type":"Feature","id":2,"geometry":{"type":"Polygon","coordinates":[[[-82.3393525301128,29.6286591854981],[-82.339289594144,29.6304795853493],[-82.3392914563516,29.6306445948211],[-82.3393036617614,29.6317264393904],[-82.3393197892157,29.6324016030864],[-82.339336110706,29.6329652620469],[-82.3393448387373,29.6344097446643],[-82.3393395036429,29.635920257773],[-82.3393367071874,29.6365145839558],[-82.3390583839595,29.6365271579203],[-82.3385708332206,29.6365346434262],[-82.3382353115636,29.6365407531663],[-82.3362354254843,29.6366218069355],[-82.3354762727124,29.6366230296633],[-82.3354755082461,29.6366202859433],[-82.3350632102767,29.6366155082474],[-82.3346053506545,29.6366102035134],[-82.3340615150731,29.6365986758272],[-82.3338679101631,29.63659419171],[-82.3337653450155,29.6365918165254],[-82.3335655228654,29.636573279621],[-82.3330082682503,29.6365196318125],[-82.3328624114925,29.6365058616649],[-82.3324165803119,29.636466696844],[-82.3316217455587,29.6364383851039],[-82.3313985294819,29.6364304334543],[-82.3304859696124,29.6363979210079],[-82.3303545155436,29.6363839626712],[-82.3286846166007,29.6362438560624],[-82.3275218867042,29.6356872458099],[-82.3274851725586,29.6357865445174],[-82.3274192631662,29.6359698496351],[-82.3271796636153,29.6366296562856],[-82.3268762172039,29.6374834734367],[-82.3261588998731,29.639541437963],[-82.3259924887633,29.6402981333454],[-82.3257453253978,29.6422844765622],[-82.3254969259503,29.6431232437255],[-82.3253386922046,29.6437082849748],[-82.3253380382311,29.6437365384576],[-82.3250397750989,29.6445486306345],[-82.3249681551162,29.6447529933703],[-82.3250096150615,29.6504980532528],[-82.3250074034093,29.6509342709908],[-82.3250013972733,29.6514739756111],[-82.3250038954881,29.6516262794576],[-82.3250094300086,29.6519637178712],[-82.3203444374156,29.6519718681476],[-82.3203431456383,29.6519718736123],[-82.311944713402,29.6519955945038],[-82.311848110373,29.6519526384907],[-82.3117284017765,29.6518994212237],[-82.311516440692,29.6518967833116],[-82.311126521553,29.6518919321761],[-82.3100882244932,29.651879006483],[-82.3072518469841,29.6519391678921],[-82.3071679093023,29.6519331652586],[-82.3015466106821,29.6518995953149],[-82.295417184513,29.6518671628088],[-82.2933332727169,29.6518553566058],[-82.2932942346296,29.6499468109959],[-82.2933470043643,29.6473965528606],[-82.2933536204564,29.6472623544066],[-82.2934481178344,29.6467635758806],[-82.2936172400597,29.6464591179734],[-82.2943413818917,29.6453995590853],[-82.2943430509615,29.6453987096524],[-82.2938252180142,29.6451355990326],[-82.2893665136448,29.6428948119027],[-82.2893671757032,29.6428488999957],[-82.2893701760763,29.6426409528748],[-82.2893680722218,29.6419400031052],[-82.2893650197465,29.6409343872393],[-82.2913180658703,29.6409417404685],[-82.291505780527,29.6409441202351],[-82.2927659273261,29.6409561986426],[-82.2940326120639,29.6409644153943],[-82.2943473925192,29.640965500655],[-82.2945205077559,29.6409660885697],[-82.2975243447086,29.6409764727189],[-82.2975257433855,29.6372930237078],[-82.2975264431731,29.63545713244],[-82.2975271663169,29.6335587764359],[-82.2975271968597,29.6299885056237],[-82.2975282128542,29.6288748724518],[-82.2975181014174,29.6270900341339],[-82.2975065392014,29.6261907403741],[-82.2974836007206,29.6252864128134],[-82.2974843975263,29.6250410726032],[-82.297486451075,29.6243958879854],[-82.297492790486,29.6236237651974],[-82.2975057028699,29.6172516301115],[-82.2975036807621,29.6161216630487],[-82.297501828436,29.6155406592266],[-82.2981591625604,29.6155435315982],[-82.2982424848962,29.6153238956792],[-82.29824047267,29.6146089779875],[-82.2987754391846,29.6146112865272],[-82.298774671125,29.6143384411375],[-82.2987720067219,29.6133906762837],[-82.3006301323612,29.6133987445553],[-82.3006290966037,29.6118175907373],[-82.2982389787717,29.6118142395132],[-82.2982874904919,29.6087278515272],[-82.2983050480642,29.6076116098755],[-82.2983743027827,29.6031876633835],[-82.2989523578882,29.6009532876475],[-82.3224748621805,29.6010941790955],[-82.3238852531092,29.601100058225],[-82.329085945242,29.6011217353158],[-82.3370826086624,29.6011684676176],[-82.3371725515819,29.6021600572705],[-82.3408990283835,29.6019102516513],[-82.3419197930239,29.6049132283843],[-82.3419864417298,29.605521651652],[-82.3420265344393,29.6059399488664],[-82.3419864417298,29.606627146048],[-82.3418498771454,29.6076851274149],[-82.3410947919451,29.6120494981397],[-82.3405766778252,29.6146345070283],[-82.34053927557,29.6150655547189],[-82.3404006367756,29.6160460165271],[-82.3396015323298,29.6213803698799],[-82.3392574236771,29.623694106864],[-82.3391401189723,29.6255123342122],[-82.3391382522732,29.6262477030417],[-82.3393437481826,29.6285603506222],[-82.3393525301128,29.6286591854981]]]},"properties":{"OBJECTID":2,"code_elem":"010111","link":"http://www.edline.net/pages/WMS0111","Facility":"Williams Elementary School","Address":"1245 SE 7TH AV","Descrip":"Williams,(Grades K-5)","EntityID":"0111","Entity":111,"Label":"Williams Elementary","Capacity2025":590,"Attendance2025":388,"PctCap2025":66,"Shape__Area":28272044.55859375,"Shape__Length":24642.418693313542}},{"type":"Feature","id":3,"geometry":{"type":"Polygon","coordinates":[[[-82.4728187164394,29.6747098318612],[-82.4728071775796,29.6694858888661],[-82.4728106810092,29.669481510026],[-82.47281064328,29.6694914705211],[-82.4806922648518,29.6695355765895],[-82.4806894683963,29.666773932875],[-82.4890600214177,29.6668168201159],[-82.4890901913365,29.6601013784158],[-82.4959327891114,29.6601592843985],[-82.4958667961756,29.6672832208018],[-82.4958982857196,29.6672834721418],[-82.4958864890433,29.6718719818045],[-82.4960949188505,29.6718678302006],[-82.5065288805199,29.6720275774574],[-82.5066487849491,29.6812040286497],[-82.5066727061868,29.6830345299878],[-82.5230507284631,29.6832387544614],[-82.5230806324806,29.6832013310288],[-82.5233334094184,29.6832018679684],[-82.5403820635802,29.6831098421032],[-82.5403828621825,29.6829383489204],[-82.5470140702013,29.6830740434912],[-82.5479577441191,29.6830689495826],[-82.5528685238586,29.6831540303875],[-82.5571090867343,29.6832098447986],[-82.557107193984,29.6836634187582],[-82.5571064241278,29.683847804976],[-82.5570823268203,29.6907507776662],[-82.5570814500646,29.6910018089631],[-82.5570724588269,29.6935918116328],[-82.5570674606007,29.6941188118995],[-82.5569904758791,29.6980328145329],[-82.5569228021955,29.7016001638895],[-82.5570343873269,29.7016368711845],[-82.5570159844399,29.7041701048458],[-82.5569727970343,29.7101190864182],[-82.556954897204,29.7125859250657],[-82.5567144208974,29.7125840065363],[-82.5567133536988,29.7126402594592],[-82.5308055833753,29.7125571385376],[-82.5308055070185,29.7125571970531],[-82.5280691075091,29.7125483947528],[-82.525614172636,29.7125404974925],[-82.5238782762658,29.712534913547],[-82.5238785394722,29.7124525228131],[-82.5235499438261,29.712449933302],[-82.5235089078856,29.7053202184679],[-82.5235078326022,29.7051331742755],[-82.5235074508182,29.7050668283132],[-82.5215331209103,29.7050737516096],[-82.5180332423426,29.7050860244057],[-82.5167037339255,29.705074560745],[-82.5167023217738,29.7050745966372],[-82.5166701881378,29.712173706438],[-82.5166468067876,29.7121732531358],[-82.5166445960337,29.7124559034553],[-82.5143637645442,29.7124577533288],[-82.5100823921034,29.7124612026292],[-82.5056143775944,29.7124544218399],[-82.4993943976514,29.712401650884],[-82.4963582716541,29.7123758922934],[-82.4961048542175,29.7123737420379],[-82.4960979389865,29.718242756921],[-82.4728721994365,29.7181356864841],[-82.466131827246,29.7162543664477],[-82.4601913491205,29.7050886492186],[-82.4601912314412,29.7050883277493],[-82.4594135904425,29.7036265701844],[-82.4593058716601,29.7036251235512],[-82.4591227357164,29.7036226742623],[-82.4591070196905,29.7036224565651],[-82.4586042910165,29.7036153412205],[-82.4586038652151,29.7036153498035],[-82.4553663369311,29.7035706508522],[-82.4495125848581,29.703545173237],[-82.4472130738005,29.7035350631819],[-82.4471931976765,29.7035349976386],[-82.4388772101221,29.7035074405742],[-82.4356350582094,29.7034860672046],[-82.4353065901241,29.703484119631],[-82.4347111445329,29.7034802595962],[-82.4334220432356,29.7034718560025],[-82.430551188386,29.7034531511767],[-82.4304748504515,29.7034526478973],[-82.4304173897143,29.698537116295],[-82.422273387316,29.6984077850227],[-82.4222498334892,29.6995361191112],[-82.4180736771245,29.699625789791],[-82.4180768122448,29.6987869061659],[-82.4180870126149,29.6960808580269],[-82.4166262621314,29.6960771693814],[-82.4139024093915,29.6960703968499],[-82.4122299565382,29.6960660254104],[-82.4118107720839,29.6960649329407],[-82.4116840081192,29.6960646309508],[-82.4097191581326,29.6960599317701],[-82.4082162955269,29.6960558591987],[-82.4055343482967,29.6960485373095],[-82.405534580062,29.696356432318],[-82.4047653742438,29.6965581162716],[-82.4047011689555,29.696574933979],[-82.4047853518774,29.6966311529513],[-82.4048433794515,29.6969512497348],[-82.4043683458377,29.6969493270049],[-82.4042770949711,29.6993564006217],[-82.4041531256653,29.6993573089026],[-82.3973809234693,29.6994067836629],[-82.3972371606845,29.6974695309806],[-82.3972364950329,29.6974695481477],[-82.3972383491557,29.6968066976504],[-82.3971181635538,29.6968042123001],[-82.396958838355,29.6965982097064],[-82.396855462927,29.6965858461351],[-82.3967359142307,29.6965874684443],[-82.3966602590158,29.6966064094283],[-82.396634100973,29.6966815646709],[-82.3964974923712,29.6967973500797],[-82.3964186930528,29.6968637093076],[-82.3964040325473,29.696903049603],[-82.3963814228499,29.6969414355409],[-82.396350132732,29.697003005019],[-82.3963121717247,29.697055308847],[-82.3962566935694,29.6971688254146],[-82.3961990136433,29.6971793645099],[-82.3961165500968,29.6972327380738],[-82.3960575011383,29.6972483703525],[-82.3959703771321,29.6973210311937],[-82.3957934754965,29.6974488453531],[-82.3957041164819,29.697497569601],[-82.3956396938013,29.6975117925729],[-82.3956162289078,29.6975169731457],[-82.3955551659263,29.6975399700792],[-82.3954784327331,29.6975174741139],[-82.3955152798294,29.697652005826],[-82.3953936901607,29.6976071146024],[-82.3952089704872,29.6975712712139],[-82.3950825415941,29.6975884032222],[-82.3949113963628,29.6975824813454],[-82.3947598999817,29.6976469251415],[-82.3946841908679,29.6976817322341],[-82.3944965067539,29.697665450794],[-82.3944265154168,29.6975997179151],[-82.3943069325845,29.6975940215526],[-82.3942679115652,29.6976084614409],[-82.3942130487559,29.6976287560935],[-82.3941772113659,29.6975851094758],[-82.394154762467,29.6975577669288],[-82.3941229279699,29.6975519012336],[-82.3940760969975,29.6975432692893],[-82.3940435249836,29.6975506925117],[-82.3940271082718,29.6975544341652],[-82.3939796161394,29.6975652556973],[-82.3939771098398,29.6975557552537],[-82.3939708395991,29.6975319740981],[-82.393942757365,29.6974254715018],[-82.3938574479557,29.6974658985694],[-82.3937775482011,29.6974426628396],[-82.3937509266276,29.6973252379298],[-82.3936289417002,29.697358638207],[-82.3937117097756,29.6972849738938],[-82.3935931923452,29.6972140586171],[-82.3934598293565,29.69726259414],[-82.3933024148743,29.6972211939234],[-82.3932161406744,29.6972015125252],[-82.3931087884047,29.6971597642576],[-82.3930380361946,29.6971238676472],[-82.3929952179966,29.6971021565982],[-82.3929463747979,29.6971461155566],[-82.3928921776402,29.6971334968857],[-82.392825280101,29.6970615709777],[-82.3927302320557,29.6969832221353],[-82.3926949201802,29.6969221746851],[-82.392595407508,29.6968701563883],[-82.3925559903316,29.6967724357054],[-82.3926396369593,29.6967793143144],[-82.392679570667,29.6967871917453],[-82.3927066629576,29.6967573214918],[-82.3927650175185,29.6967045781825],[-82.3927717216454,29.6966497638471],[-82.3927915438705,29.696592823859],[-82.3928412207057,29.6965854013462],[-82.3928677874819,29.6965565400016],[-82.3928992518731,29.6965061687965],[-82.3929655223882,29.6964737678416],[-82.3930551877283,29.6964805216179],[-82.3930616555983,29.6964785067999],[-82.393153963782,29.6964497179955],[-82.3931321760431,29.6963986241486],[-82.3931239169324,29.6963453016437],[-82.3931283959324,29.696199252006],[-82.3932055315709,29.6961178240691],[-82.3932057956756,29.6960145778762],[-82.3931112722464,29.6960143250474],[-82.3930813134317,29.6960142446727],[-82.3930799282295,29.6959799075452],[-82.3930847342163,29.6943227914499],[-82.3930903873144,29.6931479745299],[-82.3930921758601,29.6925961661334],[-82.3930938844558,29.6920690275592],[-82.3930974283096,29.6909795183332],[-82.3930986706796,29.6905928753192],[-82.3930637729275,29.6905927239259],[-82.3923172351971,29.6905726541617],[-82.3923078361243,29.6905840531452],[-82.389172802021,29.690566017045],[-82.389008527105,29.6905682255153],[-82.3890097155761,29.6904837994816],[-82.3890095799305,29.6904837308082],[-82.3890089924323,29.6904837823133],[-82.3890103039726,29.688747972145],[-82.3931479513578,29.6886755368807],[-82.3936528907857,29.6886771624391],[-82.3961848975169,29.6886861658317],[-82.3972635154583,29.6886878647469],[-82.3973883417569,29.6886894153874],[-82.3974387875501,29.6886900818429],[-82.3993336120637,29.688713918158],[-82.3993478063435,29.6887139829306],[-82.3993378889427,29.6885384748179],[-82.3993421864831,29.6880572218643],[-82.3993495562616,29.6868885928944],[-82.3993616745348,29.6850650427144],[-82.3997397619632,29.6850681472289],[-82.400243846195,29.685072276436],[-82.4005904099434,29.6850751202897],[-82.4007952312181,29.6850767958533],[-82.4014335336348,29.6850820238925],[-82.401437933583,29.6832626935259],[-82.4014387043376,29.6830408991317],[-82.4014504004025,29.6814417061152],[-82.401456695796,29.6805215742832],[-82.4014636900789,29.6803454875942],[-82.4014937468099,29.6795887070122],[-82.4014996918605,29.6760361345142],[-82.4015027470308,29.6742102598069],[-82.4015028081162,29.6741118544407],[-82.4039740743611,29.6741314826033],[-82.4079655972906,29.6741584272222],[-82.4097774013023,29.6741706959894],[-82.4103504006895,29.6741776979042],[-82.4139147468536,29.6742469568143],[-82.4139382539679,29.6775640293567],[-82.4139627555173,29.6810210673712],[-82.413966136776,29.6814981333488],[-82.4141024201878,29.6814997137573],[-82.4146851788722,29.6814975846934],[-82.4151410622008,29.6814959184355],[-82.4157414197799,29.6814937199116],[-82.415924420078,29.6814787204673],[-82.419580795948,29.6815497116259],[-82.4218717828918,29.681594140974],[-82.4222438210651,29.6816068076427],[-82.4222911326361,29.6797044223624],[-82.4223979575948,29.6797053862337],[-82.4263357082696,29.6797353396021],[-82.4306309084776,29.6797333767392],[-82.4306227966905,29.6832141364125],[-82.4355295807237,29.6832536342366],[-82.4389575895771,29.6832811180325],[-82.4389552880934,29.6817691406551],[-82.4391409411165,29.6814606757089],[-82.4373066172389,29.6794969806593],[-82.4375987188266,29.6794042817635],[-82.437823709076,29.6793328801259],[-82.4397527117913,29.6793560693129],[-82.4444870390528,29.6793765487198],[-82.4478672377702,29.67940971536],[-82.4480281125628,29.6793944775629],[-82.448024636981,29.6793848356981],[-82.4481852925847,29.6793594409229],[-82.4480945079438,29.6791484013362],[-82.4479911693468,29.678862871021],[-82.4478685816499,29.6784875177515],[-82.4477130859691,29.6779546092626],[-82.4476686687699,29.6778023733702],[-82.4475615527571,29.6774352447445],[-82.4474238131763,29.6769631522422],[-82.4474204004765,29.67695145513],[-82.4475730817355,29.6769179372414],[-82.4475368445952,29.6767920950112],[-82.4479221859195,29.6767273615494],[-82.4482827103857,29.676667187646],[-82.4486605004717,29.6766693293],[-82.4490383228971,29.6766714155394],[-82.4494141304012,29.6766734955349],[-82.4499263057588,29.676597574501],[-82.4502789394236,29.6763332053596],[-82.4504809408866,29.6760380311075],[-82.4506827438219,29.6757431572593],[-82.4508322692992,29.6756914893684],[-82.4512761861699,29.6756939744604],[-82.4517232507374,29.6756964517474],[-82.4521073667596,29.6756986262028],[-82.4521072841146,29.6757097630663],[-82.4521142846856,29.675709802091],[-82.4521124170881,29.6759598812902],[-82.4521100554172,29.6762760922989],[-82.4521070775021,29.6766748005076],[-82.4521000409985,29.6766747607029],[-82.4520989809864,29.676821221153],[-82.4520738021073,29.6768510778202],[-82.4518590337875,29.6771057082976],[-82.451821715974,29.6771499780498],[-82.4516069449592,29.6774045796731],[-82.4513922062838,29.6776592095294],[-82.4514027965227,29.677666023106],[-82.4511520506758,29.6779633162542],[-82.4511025813514,29.6780219682348],[-82.4510994776721,29.6784344269087],[-82.4511173173153,29.6784766707508],[-82.4512616487337,29.6788184365635],[-82.4512852708324,29.6788336112299],[-82.4516643005935,29.679077425652],[-82.4519685779465,29.6792730652353],[-82.4521713977747,29.6794035262735],[-82.4521727138066,29.6794110983437],[-82.4521783174974,29.6794147025304],[-82.4522140641575,29.6796203836782],[-82.4522444685366,29.6797953266996],[-82.4523391069501,29.6800148891146],[-82.4524503237722,29.6802560713079],[-82.452603756921,29.6803776447835],[-82.4529737801731,29.6806708731078],[-82.4530320736485,29.6807170565261],[-82.4536429909237,29.6806479495788],[-82.4539811356613,29.6801677522675],[-82.4541137835911,29.6799797340608],[-82.4543838513015,29.6795966248138],[-82.4545498958986,29.6791320177739],[-82.4545941729606,29.6790081263631],[-82.4546534312267,29.6788387061336],[-82.4550660957086,29.6788407431584],[-82.4552658064676,29.6788417257693],[-82.4555083399163,29.6788429191068],[-82.4555758734627,29.6745903659127],[-82.4555772487834,29.6745903752788],[-82.4555781641667,29.6744640337355],[-82.455571244444,29.6744528600503],[-82.4561813810833,29.6744624586799],[-82.4630686889082,29.6745706340329],[-82.4639505228018,29.6745844739009],[-82.4693261007507,29.6746685667466],[-82.4706548932106,29.6746893530648],[-82.4710267319578,29.6746951693618],[-82.4710292840716,29.6746974335965],[-82.4728187164394,29.6747098318612]]]},"properties":{"OBJECTID":3,"code_elem":"010520","link":"http://www.edline.net/pages/MBK0520","Facility":"Meadowbrook Elementary School","Address":"11525 NW 39TH AV","Descrip":"Meadowbrook,(Grades K-5)","EntityID":"0520","Entity":520,"Label":"Meadowbrook Elementary","Capacity2025":758,"Attendance2025":764,"PctCap2025":101,"Shape__Area":70843627.228515625,"Shape__Length":59100.997837812007}},{"type":"Feature","id":4,"geometry":{"type":"Polygon","coordinates":[[[-82.3391150092635,29.6739788186682],[-82.3391069298158,29.6739787663742],[-82.3391617252515,29.6667015855926],[-82.3308380562031,29.6666190901443],[-82.3275140444118,29.6666083363116],[-82.3246231158088,29.6665989156815],[-82.3245432708515,29.6666008304057],[-82.3245476977492,29.6664890816389],[-82.324556165269,29.6662210024263],[-82.3245618686728,29.665566604737],[-82.3245672819207,29.6647436580387],[-82.3245682781523,29.6645343058351],[-82.3245697001854,29.6645327282823],[-82.3245830877781,29.6610134577817],[-82.3245710629297,29.6600250327068],[-82.3247981237959,29.6596074182645],[-82.324970470973,29.6592251127285],[-82.3249888702667,29.658735294957],[-82.3250119399015,29.6581211337775],[-82.3250198648389,29.6579101589109],[-82.3250126037565,29.6578930701006],[-82.3250268645116,29.6577238274131],[-82.32501383894,29.655873155561],[-82.3250148450531,29.6540381550272],[-82.3250139521277,29.652583397736],[-82.3250096617739,29.6521225802217],[-82.3250074034093,29.6509342709908],[-82.3250041497113,29.6497407334678],[-82.3249904647763,29.6478444072477],[-82.324972793118,29.645395679644],[-82.3249681551162,29.6447529933703],[-82.3250397625225,29.6445511032233],[-82.3250397750989,29.6445486306345],[-82.3252669024404,29.6439302223172],[-82.3253386922046,29.6437082849748],[-82.3255677661953,29.6428840375773],[-82.3257391503785,29.6423358742938],[-82.325838053993,29.6415127048197],[-82.3258371161518,29.6413169082564],[-82.3259239598836,29.6408488764364],[-82.3260049780407,29.6402413410232],[-82.3261588998731,29.639541437963],[-82.3265131307425,29.6385251748225],[-82.3275218867042,29.6356872458099],[-82.3278207157751,29.6358302983819],[-82.3286846166007,29.6362438560624],[-82.3297148764337,29.6363327172806],[-82.3299708998829,29.6363547998371],[-82.3307470299154,29.6364072210991],[-82.3315422006386,29.6364355484639],[-82.331898947689,29.6364482567355],[-82.3323256411608,29.636463457313],[-82.3327605470309,29.6364969137228],[-82.3333614876166,29.6365497042278],[-82.3338510586667,29.6365927113188],[-82.3341552776292,29.6366013328793],[-82.3345296711851,29.6366093266784],[-82.3348867730701,29.6366134641212],[-82.3352389827301,29.6366175453464],[-82.3354286629006,29.6366197432895],[-82.3354330242213,29.636623099935],[-82.3359545106168,29.6366222597977],[-82.3361626978788,29.6366212291459],[-82.3362617955294,29.6366207380247],[-82.3366074331148,29.6366045271197],[-82.3373461680786,29.6365698784684],[-82.3377755951237,29.6365468488518],[-82.3382734477424,29.6365392079682],[-82.3385708332206,29.6365346434262],[-82.3390583839595,29.6365271579203],[-82.3393367071874,29.6365145839558],[-82.3393112345592,29.6416277378655],[-82.3408145292546,29.6403062978392],[-82.3422824788368,29.6395051709959],[-82.3492125671304,29.6371610948245],[-82.3549722970342,29.634764057117],[-82.3558545082202,29.6343969010546],[-82.3632964700375,29.6314766859575],[-82.3725440015584,29.6270089750371],[-82.3725487464597,29.6270055345179],[-82.3725727602239,29.6342487672439],[-82.3725618358117,29.6350328541433],[-82.3725048718429,29.6376641465501],[-82.3725058671763,29.6387611596766],[-82.3725018840463,29.6393101575512],[-82.3725447884826,29.6393689413761],[-82.3725013908712,29.6393703889339],[-82.3724858607965,29.6412671488216],[-82.3724778577057,29.6422401430601],[-82.3724545527123,29.6449180099045],[-82.3724508795011,29.6452021492846],[-82.3724446424981,29.6455594498645],[-82.3723598612982,29.6504171722568],[-82.3724250241906,29.6521272744301],[-82.3723910310419,29.6529417752031],[-82.3722630750128,29.6529692680637],[-82.3722124621331,29.6529772714927],[-82.3719727925136,29.6530151410056],[-82.3718832825821,29.6530457221745],[-82.3718783346615,29.6530474021751],[-82.3717645783021,29.6530839679441],[-82.3715732757742,29.6532837355171],[-82.3714823905219,29.65337864982],[-82.3713986244183,29.6535529436955],[-82.3713782937468,29.6535951854976],[-82.3712100006665,29.6535905155583],[-82.3711320484594,29.6536356965479],[-82.3711051070857,29.6536513176508],[-82.3710915209654,29.6536682580745],[-82.3710473229551,29.6536221301529],[-82.370992697301,29.653618984073],[-82.3708902318664,29.6535927256216],[-82.3708733794717,29.6536033418871],[-82.370869134932,29.6536059945872],[-82.3708565594163,29.6536139300476],[-82.370873693882,29.6536475431366],[-82.3708820985198,29.6537345333561],[-82.3708909891462,29.6537737874817],[-82.3709175442443,29.6538910517035],[-82.3709042752293,29.6539328600959],[-82.370743846001,29.6539181961292],[-82.3706541555081,29.6539336477845],[-82.3705609561956,29.6539762134016],[-82.370470887512,29.6540107725319],[-82.3704486497171,29.6540184948398],[-82.3704397375312,29.6540318254215],[-82.3704322887009,29.6540429529742],[-82.3703845692947,29.6540584288108],[-82.3702738204949,29.6540470233443],[-82.3700830192268,29.6540730076649],[-82.370075315275,29.6540872102383],[-82.3700570884578,29.6541208785961],[-82.3701116727894,29.6541774897818],[-82.3701190389748,29.6541878413418],[-82.3701457252269,29.6542253778378],[-82.3701538442005,29.6542947894436],[-82.3701121264387,29.654332914517],[-82.3699972229307,29.6543641252775],[-82.3699667547712,29.6543724018263],[-82.3699790949282,29.6543975749583],[-82.36998025106,29.6545068897926],[-82.3699807038109,29.6545505160812],[-82.369952696137,29.654589497439],[-82.3699001186417,29.6546201031106],[-82.3698562592963,29.6546406187806],[-82.3697713217895,29.6547134345431],[-82.3697121973725,29.6547851323535],[-82.3696941978291,29.6548081601403],[-82.3696722519867,29.6548404753809],[-82.3696533640096,29.6548682745204],[-82.3696613724903,29.6549119147041],[-82.3697382341427,29.6550134442966],[-82.3697679306493,29.6550265241566],[-82.3697782235459,29.6550310660019],[-82.3698579409425,29.6550992256644],[-82.3698603008168,29.6551684610205],[-82.3698236100273,29.6552056232181],[-82.3698028517577,29.6552266539995],[-82.3698086270267,29.6552981445715],[-82.3698603628005,29.6553628223476],[-82.3699127282934,29.65546430933],[-82.3699413908391,29.6555743201259],[-82.3699385539595,29.6556141800985],[-82.3700936031775,29.6557303516097],[-82.3700998240108,29.6557544908235],[-82.3701048536781,29.6557740164003],[-82.3700592309398,29.6559122980004],[-82.3700589291059,29.6559131731059],[-82.3700569878465,29.6559258476932],[-82.3700487916179,29.6559793157605],[-82.3700408478158,29.656031222507],[-82.3701421014231,29.6561230553525],[-82.3702278716681,29.6561850424954],[-82.3702343835556,29.6561897427594],[-82.3702397249382,29.656209439213],[-82.3702495632872,29.6562455448141],[-82.37024627186,29.6563022851721],[-82.3701420241679,29.6564240429528],[-82.3700597061486,29.6566349381873],[-82.3700444195174,29.6566385666094],[-82.3700325509758,29.6566413987771],[-82.3699959329499,29.6567060366577],[-82.3699764628645,29.6567403723679],[-82.3699884005763,29.6567770078334],[-82.3699928328639,29.6567905847321],[-82.3700184537141,29.6568043411763],[-82.370042646243,29.6568509680294],[-82.3700484834957,29.6568622295404],[-82.3700447402159,29.6568885160224],[-82.3699573610883,29.657007744605],[-82.3698681206513,29.6570534829974],[-82.3698540701019,29.6570508600525],[-82.3697779495597,29.6570367468902],[-82.3697179735398,29.6569671482611],[-82.3696385184512,29.6568749555303],[-82.3695912176599,29.65685754414],[-82.3695445726388,29.6568109914507],[-82.3694494679997,29.6567834762204],[-82.3694230638185,29.6567857681808],[-82.3694019426296,29.6591590666627],[-82.3694002645766,29.659349357152],[-82.3693189472805,29.6596236332716],[-82.3693155264958,29.6604162599438],[-82.3693152857473,29.6604761016625],[-82.3659822404975,29.6604668935652],[-82.3640913227571,29.6621071916383],[-82.3640888784412,29.6631195245055],[-82.364400682778,29.6631200334511],[-82.3643998805824,29.6633365489466],[-82.3643291562201,29.6637401754127],[-82.3643289487093,29.6637982580552],[-82.3643186153886,29.6666274538886],[-82.3642242590461,29.6667511849267],[-82.3640782882023,29.6669027280189],[-82.3640772263936,29.6669859889652],[-82.3640492465675,29.6692032643973],[-82.3649572250291,29.6692577221628],[-82.3650363118084,29.6701721584688],[-82.3648396418466,29.6701046131535],[-82.3647737656919,29.6703965765305],[-82.364884498322,29.6704271836379],[-82.3647172724403,29.6708853095642],[-82.3648675920284,29.6709261898686],[-82.365334157224,29.6712844793656],[-82.3653532922379,29.6713321243403],[-82.3654098483715,29.6713425919949],[-82.365425537448,29.6714569298396],[-82.3655018268735,29.6714547950993],[-82.3655655434783,29.6714530030102],[-82.3656060009037,29.6714887854664],[-82.3656100496107,29.6714923727654],[-82.3655870635192,29.6716420229651],[-82.3656084658809,29.6716881925786],[-82.365713126798,29.6717083043591],[-82.3657485410814,29.671795654395],[-82.3658359750063,29.6718025565681],[-82.3658989487044,29.671807547238],[-82.3659265359668,29.6717340702548],[-82.3661214937396,29.671717180485],[-82.3661524874136,29.6717419722839],[-82.3661523059539,29.6717548126897],[-82.3661509441079,29.6718566054929],[-82.3662343320208,29.6718465546914],[-82.3662673585822,29.671842584168],[-82.3662795657886,29.6718607703662],[-82.3663789032893,29.6720087902871],[-82.3666516857085,29.672079805304],[-82.3667449514963,29.672104074064],[-82.366809967065,29.672128403699],[-82.3670162633733,29.672205537134],[-82.3670239179178,29.6722083844738],[-82.3671929107857,29.6722715957083],[-82.367257301127,29.6722956958298],[-82.3674816248265,29.6723795853128],[-82.3675029319667,29.6723875520744],[-82.3677163519153,29.6724673578068],[-82.3681770924346,29.6726396236113],[-82.3681795053095,29.6723225027885],[-82.3721294218682,29.673547391707],[-82.372352241788,29.6737210996031],[-82.3723515482885,29.67403948668],[-82.3721246895433,29.6740384564114],[-82.370125151112,29.6740329124731],[-82.3699213997308,29.6740323629965],[-82.3695580168253,29.6740313584845],[-82.3687110770906,29.674029002135],[-82.3681673511037,29.6741519997581],[-82.3675547620636,29.674152252642],[-82.3673974850237,29.6741521597618],[-82.3667321136725,29.6741523985965],[-82.366735821918,29.674908204668],[-82.3660702484459,29.6748999953708],[-82.3660719812961,29.6752716671607],[-82.3660801335073,29.6770071356197],[-82.3646940671599,29.6770125248582],[-82.3646412300515,29.6773937551895],[-82.3640011013598,29.6773569906483],[-82.3640013465999,29.6774248440649],[-82.3628873206632,29.6774113971695],[-82.3598846344524,29.6773751352642],[-82.3598809630379,29.677950320546],[-82.3596022140086,29.6779467959154],[-82.3591592331824,29.6779411827303],[-82.3590302360059,29.6779394243173],[-82.3589672605112,29.6779387492053],[-82.3588413786922,29.677937096937],[-82.3581486841833,29.6779281269226],[-82.358142828066,29.6779280590211],[-82.3579513270104,29.6779256598367],[-82.3574559833863,29.6779194558298],[-82.3557240746376,29.6778975946826],[-82.3557261892718,29.6776575853537],[-82.3557264039691,29.6776549208002],[-82.3537766474759,29.6776405662389],[-82.3518873817372,29.6776266276706],[-82.3507799305701,29.6776323829205],[-82.3489776810398,29.6776507475816],[-82.3489748773978,29.6776507842641],[-82.348858851894,29.6776521727354],[-82.3482708470484,29.6768621747513],[-82.3482268646337,29.6768031716563],[-82.3478398470532,29.6762121663117],[-82.3476758658862,29.6759611675404],[-82.3475658734679,29.6758161755052],[-82.3474418592463,29.6755971611939],[-82.3473738549827,29.6754781630359],[-82.3473608500723,29.6754561663322],[-82.3472328751786,29.6752631597433],[-82.3471215496604,29.6751375893969],[-82.3470298711958,29.6750341788188],[-82.346981845464,29.6749801690659],[-82.3467794586238,29.6748144002551],[-82.3467793050119,29.674814259765],[-82.3467108533872,29.6747581800054],[-82.3464678662894,29.6745941614952],[-82.3463515865624,29.6745259338685],[-82.3462378580508,29.6744591782246],[-82.345798422875,29.6742714272021],[-82.345694853411,29.6742271717927],[-82.3456200758501,29.6742131492372],[-82.3451558498675,29.6741261689195],[-82.3449230838009,29.674043009106],[-82.344745998909,29.6740078792818],[-82.3447395085811,29.6740065898847],[-82.3444253865908,29.6739776408831],[-82.3432282925415,29.6739696399052],[-82.3391150092635,29.6739788186682]]]},"properties":{"OBJECTID":4,"code_elem":"010031","link":"http://www.edline.net/pages/JJF0031","Facility":"Parker Elementary School","Address":"1912 NW 5TH AV","Descrip":"Parker,(Grades K-5)","EntityID":"0031","Entity":31,"Label":"Parker Elementary","Capacity2025":489,"Attendance2025":465,"PctCap2025":95,"Shape__Area":24202519.693359375,"Shape__Length":24936.8633026238}},{"type":"Feature","id":5,"geometry":{"type":"Polygon","coordinates":[[[-82.4089945491766,29.6053496552619],[-82.3994773110681,29.610349639281],[-82.399474911668,29.6105392425749],[-82.3994674080404,29.6109309229417],[-82.3990217107088,29.611166784995],[-82.3990676164165,29.6112107034072],[-82.3991467669762,29.6114826021098],[-82.3991668021019,29.6118145503468],[-82.3993197672285,29.6119234474994],[-82.3994264134224,29.6122153703238],[-82.399396139299,29.6131718869403],[-82.3993259135017,29.6136663232521],[-82.3992614971093,29.6143612095203],[-82.3992081659275,29.6147663154665],[-82.399182626824,29.6150012704371],[-82.3994193068502,29.6149972156699],[-82.3994495306679,29.6164731003118],[-82.3989108217718,29.6164780398393],[-82.3992688138873,29.6179276576932],[-82.4003542096175,29.6179461746003],[-82.4004301154624,29.618338040945],[-82.4004718359191,29.6186106287319],[-82.4005303476852,29.6188810674312],[-82.4004678716538,29.6194543137634],[-82.4002270665638,29.6199625908459],[-82.3994072047467,29.6200445240005],[-82.399341263015,29.620873873415],[-82.3992410819962,29.6254155062438],[-82.3990592279483,29.6254157959517],[-82.3990410451487,29.6264772861526],[-82.3955758487374,29.6294733506134],[-82.3950254383864,29.6298932217915],[-82.3950230291048,29.6298946226345],[-82.3952311687562,29.6301905561493],[-82.3953324708724,29.6302951575343],[-82.3958865993504,29.6310931679112],[-82.3958858582403,29.6310943469791],[-82.3957732894537,29.6312416241642],[-82.3956143047164,29.6315357827852],[-82.3953809834911,29.6319674866984],[-82.3954243325934,29.6320173537982],[-82.3957204478538,29.6323580343507],[-82.3958710405297,29.6325312909799],[-82.3955275301549,29.6325293763883],[-82.3953143311919,29.632528175474],[-82.3952058147056,29.6325275640853],[-82.3951022856657,29.6325959591777],[-82.3950074424363,29.6326586120181],[-82.3948070130251,29.63265068818],[-82.3946018818317,29.632755572012],[-82.3941916194448,29.6329233863848],[-82.3939623550112,29.6329863169952],[-82.3938537558799,29.6328814326226],[-82.3937210235084,29.6329968050361],[-82.3936124252754,29.6331226653452],[-82.3934917590749,29.6331121773175],[-82.3933107611216,29.6331436421782],[-82.3931780287501,29.6333009671154],[-82.3931297631682,29.6334687805794],[-82.3929970307968,29.633647081737],[-82.3928401660836,29.6336785464306],[-82.3926591672319,29.6337309878252],[-82.3925264357588,29.6338148946243],[-82.3926056878281,29.6340599885922],[-82.3922114594707,29.6343065334983],[-82.392223788848,29.6344260667981],[-82.3922228015995,29.634472750085],[-82.392032967817,29.6347420960183],[-82.3924010471148,29.6348907514655],[-82.392508654506,29.6351389683911],[-82.3924523642737,29.6352729581314],[-82.3925025809964,29.6355643612304],[-82.3926458739623,29.6356704421244],[-82.3927060979173,29.63605281995],[-82.3928384278435,29.6363974181736],[-82.3928023820444,29.6367383649974],[-82.3928023649764,29.6367383931061],[-82.3928023613831,29.6367384243379],[-82.3927863965239,29.6368895339995],[-82.3926819359311,29.6369612210814],[-82.392673430682,29.6369769556445],[-82.3927300721556,29.6373063330807],[-82.3929087973713,29.6374207416146],[-82.3929831922498,29.6376944099169],[-82.3929311528454,29.6377687893634],[-82.3926228591248,29.6380301726162],[-82.3924858471793,29.6381463308476],[-82.3924702650024,29.6381951353635],[-82.3918374944112,29.6378072353534],[-82.3908447967334,29.6371986798325],[-82.3906948364715,29.6371193364642],[-82.3900902900482,29.6367994685053],[-82.3896375813658,29.6365552814633],[-82.3884432586192,29.6358431379048],[-82.3878449878265,29.6354863954772],[-82.3874709877327,29.6352633823106],[-82.3871404571154,29.6351293433666],[-82.3862791676924,29.6347800606225],[-82.3858885658338,29.6346216550089],[-82.3849365223126,29.6343821444485],[-82.3849945319203,29.6318774683376],[-82.3850318371575,29.6302666597797],[-82.3815156227263,29.6302140752483],[-82.3795015217058,29.6301839111439],[-82.3791712507017,29.6301789621372],[-82.3777409558013,29.6302213519565],[-82.3768034883439,29.6302779664304],[-82.376007039318,29.6303530314703],[-82.3725651622732,29.6302297031088],[-82.3725599529429,29.6283504882178],[-82.3725440015584,29.6270089750371],[-82.3632964700375,29.6314766859575],[-82.3558545082202,29.6343969010546],[-82.3492125671304,29.6371610948245],[-82.3422824788368,29.6395051709959],[-82.3408145292546,29.6403062978392],[-82.3393112345592,29.6416277386462],[-82.3393367071874,29.6365145839558],[-82.3393036617614,29.6317264393904],[-82.3392939366001,29.6304794541674],[-82.3392931379978,29.6303770908763],[-82.3393525301128,29.6286591854981],[-82.3393437481826,29.6285603506222],[-82.3391382522732,29.6262477030417],[-82.3391401189723,29.6255123342122],[-82.3392574236771,29.623694106864],[-82.3396015323298,29.6213803698799],[-82.3404006367756,29.6160460165271],[-82.34053927557,29.6150655547189],[-82.3405766778252,29.6146345070283],[-82.3410947919451,29.6120494981397],[-82.3418498771454,29.6076851274149],[-82.3419864417298,29.606627146048],[-82.3420265344393,29.6059399488664],[-82.3419864417298,29.605521651652],[-82.3419197930239,29.6049132283843],[-82.3408990283835,29.6019102516513],[-82.3371725515819,29.6021600572705],[-82.3370826086624,29.6011684676176],[-82.329085945242,29.6011217353158],[-82.3224748621805,29.6010941790955],[-82.2989523578882,29.6009532876475],[-82.3001372752739,29.5860946525216],[-82.2615245663101,29.585756991148],[-82.261523024801,29.5857569645875],[-82.255499273747,29.5857037178231],[-82.2525093912239,29.5856988220972],[-82.2517618105495,29.5856975714099],[-82.2414177064596,29.5856799422638],[-82.2393301735546,29.5856762886313],[-82.243234256271,29.5819052107889],[-82.244462255061,29.5807892121327],[-82.2449432543866,29.5803712121786],[-82.245466253545,29.5798992122429],[-82.245994251828,29.5794382130817],[-82.2465162520598,29.5789642150501],[-82.2484172488978,29.5772712158518],[-82.2490652477297,29.5766862162898],[-82.2493202479978,29.5764612159762],[-82.2494632472146,29.5763352161754],[-82.2496912468202,29.5761352163546],[-82.2499092454818,29.5759362161593],[-82.2503542457207,29.5755302167309],[-82.2517992415508,29.5742352213443],[-82.2526312378108,29.5735232227116],[-82.2534252371308,29.5727942251949],[-82.2542342356212,29.5720932279958],[-82.2549072327708,29.5714752282989],[-82.2555552316027,29.5708942305983],[-82.256101229429,29.5703962328106],[-82.2565772296301,29.5698812335258],[-82.2569272285361,29.5693602350008],[-82.2572092258735,29.5688572338776],[-82.2574892253576,29.5683232350601],[-82.257731222512,29.567740235427],[-82.2579382213029,29.5670652364644],[-82.2580882192942,29.5662532357385],[-82.2581182194314,29.5658772361778],[-82.2581782161126,29.5651572361879],[-82.2582322165393,29.5645102362408],[-82.2583212135328,29.5635722359707],[-82.2583972119041,29.5626922374292],[-82.2584042115768,29.5626622375302],[-82.2585012098646,29.5618242378464],[-82.2586142071475,29.5608602378862],[-82.2586932067902,29.5602852372204],[-82.2587072070339,29.5601142373531],[-82.2587382060978,29.5597312371075],[-82.2587522036465,29.5595592376815],[-82.2587892034564,29.5589472390029],[-82.2588022020786,29.5587222374535],[-82.2588702018507,29.5581852383776],[-82.2589591997425,29.5574022386391],[-82.2590031992251,29.5571132383302],[-82.2590281993395,29.556824237976],[-82.2590561980302,29.5565642383002],[-82.2591251976272,29.5562792380221],[-82.2591851970034,29.5559322381859],[-82.2592641966461,29.555584239279],[-82.2593291942485,29.5552362391736],[-82.2594021949417,29.5549692392772],[-82.2595151940213,29.5544962391511],[-82.2596361943951,29.5541812399997],[-82.2604711874349,29.5521882410581],[-82.2605511860042,29.5520202415467],[-82.2608691851232,29.5513552425635],[-82.2613731831167,29.5502552420429],[-82.2616741807206,29.5495392435973],[-82.2617501808886,29.5493572442928],[-82.2622351777172,29.5482662450044],[-82.2625711754813,29.5475632457794],[-82.2631431732469,29.5463152465848],[-82.2633871709494,29.5457632478874],[-82.2638221693459,29.5447782487568],[-82.2643001656036,29.5437312502005],[-82.2647071635127,29.5428202509046],[-82.2651821611939,29.5417312513354],[-82.2654831596962,29.5411122523195],[-82.2655761595826,29.5408972530409],[-82.2656371578853,29.5407582517445],[-82.2660901558252,29.5397712531065],[-82.266566152433,29.538944253082],[-82.2668151537517,29.538491255366],[-82.2668771518793,29.538402255583],[-82.2671151506324,29.5380592569163],[-82.2672441514022,29.5378402558032],[-82.2673321503674,29.5376992557563],[-82.2673981495913,29.5375922566538],[-82.2676271499202,29.5373162573137],[-82.2681201471447,29.5366142589448],[-82.268428146218,29.5361582581413],[-82.2684561458071,29.5361162578816],[-82.2686521447273,29.5358032585605],[-82.2686711449939,29.5357792594465],[-82.2688741444852,29.5355032590659],[-82.2690971431696,29.5351592603008],[-82.270336138237,29.5333162624474],[-82.2708851364364,29.5324992641689],[-82.2760741145379,29.524776274986],[-82.277646106098,29.521739278434],[-82.2788910983183,29.5188202803639],[-82.278950238905,29.5186994695913],[-82.2791448032158,29.5177477511026],[-82.2792964208694,29.5171067851012],[-82.2794096885453,29.5161703985378],[-82.2794673783528,29.5147957485497],[-82.2794944320159,29.5135352544406],[-82.2727100926822,29.51356926522],[-82.2727100001557,29.5126309517311],[-82.2727079007929,29.509561945002],[-82.2717830825129,29.5091222631626],[-82.2714110838656,29.5088872619312],[-82.2713690831345,29.5088572617014],[-82.2712390834381,29.5087662610544],[-82.2710780837797,29.5086342610701],[-82.2709190828727,29.5084912611535],[-82.2707180830312,29.5083242600986],[-82.2704310820777,29.5080612602803],[-82.2703390829145,29.5079702596996],[-82.2696040831457,29.5072022576653],[-82.2684050801764,29.5059602556974],[-82.2680350793823,29.5055492545916],[-82.2675980795393,29.5050242530864],[-82.2673790792561,29.5047972528375],[-82.2657260767254,29.5030182490798],[-82.2644840758951,29.5016472460339],[-82.2611200711073,29.4986692421836],[-82.2592540681412,29.4970192437355],[-82.2567790640064,29.4947552440134],[-82.2563120631279,29.4942252449493],[-82.2553580621776,29.4933372460764],[-82.2541050587816,29.4922052465779],[-82.2528470580578,29.4911582473795],[-82.2488740512029,29.4875622505974],[-82.2442718122208,29.4842772182856],[-82.3896196626709,29.4848757465784],[-82.3897398761205,29.4993486282031],[-82.3897148104291,29.5139123633481],[-82.3898090508889,29.5284472548851],[-82.3898056615454,29.5284489666637],[-82.3898153058583,29.5533310279261],[-82.3898141937439,29.5538575182409],[-82.3899344790588,29.5540432908108],[-82.3900280035614,29.5542023074896],[-82.390114806869,29.5543642105346],[-82.3901947722006,29.5545287842562],[-82.3902677926568,29.5546958074967],[-82.3903337685245,29.5548650559735],[-82.3903926135655,29.5550363038424],[-82.3904442469314,29.555209319791],[-82.3904886012485,29.5553838732894],[-82.3906980587284,29.5562859144653],[-82.3930217901626,29.5660880568228],[-82.3934797899221,29.5680047122586],[-82.3937404468815,29.5691503259542],[-82.3936732528983,29.5700831161962],[-82.3933718627306,29.5719875036644],[-82.3927202221285,29.5747370964224],[-82.3924122733609,29.5762141772484],[-82.3921172378755,29.5774855502315],[-82.3920426848935,29.578893323433],[-82.392198487798,29.5818112892705],[-82.3921955952228,29.5822928595566],[-82.3921990025327,29.5834962604033],[-82.3919477006286,29.5848281517191],[-82.3914113255556,29.5861350219786],[-82.3910496737037,29.5867537974835],[-82.3905535539352,29.5874286616905],[-82.3894589855076,29.5885628162947],[-82.387542526867,29.5905228678102],[-82.3860556461885,29.5919198473356],[-82.4013439626178,29.5923141910623],[-82.402405769487,29.5924114249916],[-82.4027488783148,29.5935391136305],[-82.4028193313859,29.5937252404805],[-82.4026498381564,29.5937316433961],[-82.4030324926197,29.5943944339674],[-82.4040688151826,29.5961894151547],[-82.4048719377927,29.5980509411142],[-82.4052237863299,29.5988370538311],[-82.4063838715861,29.6012442979192],[-82.406804784399,29.6021648209788],[-82.4077660877542,29.6035589087219],[-82.4085921506418,29.6044057665913],[-82.4089945491766,29.6053496552619]]]},"properties":{"OBJECTID":5,"code_elem":"010321","link":"http://www.edline.net/pages/IDY0321","Facility":"Idylwild Elementary School","Address":"4601 SW 20TH TER","Descrip":"Idylwild,(Grades K-5)","EntityID":"0321","Entity":321,"Label":"Idylwild Elementary","Capacity2025":655,"Attendance2025":664,"PctCap2025":101,"Shape__Area":234406003.91796875,"Shape__Length":82068.218201956988}},{"type":"Feature","id":6,"geometry":{"type":"Polygon","coordinates":[[[-82.2794944320159,29.5135352544406],[-82.2794586422367,29.5152027588737],[-82.2794096885453,29.5161703985378],[-82.2792964208694,29.5171067851012],[-82.2791448032158,29.5177477511026],[-82.2788910983183,29.5188202803639],[-82.277646106098,29.521739278434],[-82.2760741145379,29.524776274986],[-82.2708851364364,29.5324992641689],[-82.270336138237,29.5333162624474],[-82.2690971431696,29.5351592603008],[-82.2688741444852,29.5355032590659],[-82.2686711449939,29.5357792594465],[-82.2686521447273,29.5358032585605],[-82.2684561458071,29.5361162578816],[-82.268428146218,29.5361582581413],[-82.2681201471447,29.5366142589448],[-82.2676271499202,29.5373162573137],[-82.2673981495913,29.5375922566538],[-82.2673321503674,29.5376992557563],[-82.2672441514022,29.5378402558032],[-82.2671151506324,29.5380592569163],[-82.2668771518793,29.538402255583],[-82.2668151537517,29.538491255366],[-82.266566152433,29.538944253082],[-82.2660901558252,29.5397712531065],[-82.2656371578853,29.5407582517445],[-82.2655761595826,29.5408972530409],[-82.2654831596962,29.5411122523195],[-82.2651821611939,29.5417312513354],[-82.2647071635127,29.5428202509046],[-82.2643001656036,29.5437312502005],[-82.2638221693459,29.5447782487568],[-82.2633871709494,29.5457632478874],[-82.2631431732469,29.5463152465848],[-82.2625711754813,29.5475632457794],[-82.2622351777172,29.5482662450044],[-82.2617501808886,29.5493572442928],[-82.2616741807206,29.5495392435973],[-82.2613731831167,29.5502552420429],[-82.2608691851232,29.5513552425635],[-82.2605511860042,29.5520202415467],[-82.2604711874349,29.5521882410581],[-82.2596361943951,29.5541812399997],[-82.2595151940213,29.5544962391511],[-82.2594021949417,29.5549692392772],[-82.2593291942485,29.5552362391736],[-82.2592641966461,29.555584239279],[-82.2591851970034,29.5559322381859],[-82.2591251976272,29.5562792380221],[-82.2590561980302,29.5565642383002],[-82.2590281993395,29.556824237976],[-82.2590031992251,29.5571132383302],[-82.2589591997425,29.5574022386391],[-82.2588702018507,29.5581852383776],[-82.2588022020786,29.5587222374535],[-82.2587892034564,29.5589472390029],[-82.2587522036465,29.5595592376815],[-82.2587382060978,29.5597312371075],[-82.2587072070339,29.5601142373531],[-82.2586932067902,29.5602852372204],[-82.2586142071475,29.5608602378862],[-82.2585012098646,29.5618242378464],[-82.2584042115768,29.5626622375302],[-82.2583972119041,29.5626922374292],[-82.2583212135328,29.5635722359707],[-82.2582322165393,29.5645102362408],[-82.2581782161126,29.5651572361879],[-82.2581182194314,29.5658772361778],[-82.2580882192942,29.5662532357385],[-82.2579382213029,29.5670652364644],[-82.257731222512,29.567740235427],[-82.2574892253576,29.5683232350601],[-82.2572092258735,29.5688572338776],[-82.2569272285361,29.5693602350008],[-82.2565772296301,29.5698812335258],[-82.256101229429,29.5703962328106],[-82.2555552316027,29.5708942305983],[-82.2549072327708,29.5714752282989],[-82.2542342356212,29.5720932279958],[-82.2534252371308,29.5727942251949],[-82.2526312378108,29.5735232227116],[-82.2517992415508,29.5742352213443],[-82.2503542457207,29.5755302167309],[-82.2499092454818,29.5759362161593],[-82.2496912468202,29.5761352163546],[-82.2494632472146,29.5763352161754],[-82.2493202479978,29.5764612159762],[-82.2490652477297,29.5766862162898],[-82.2484172488978,29.5772712158518],[-82.2465162520598,29.5789642150501],[-82.245994251828,29.5794382130817],[-82.245466253545,29.5798992122429],[-82.2449432543866,29.5803712121786],[-82.244462255061,29.5807892121327],[-82.243234256271,29.5819052107889],[-82.2393301735546,29.5856762886313],[-82.2392721289126,29.5856761862952],[-82.2390302925566,29.5856769456133],[-82.2388318466255,29.585676393311],[-82.2363769342103,29.5856845536369],[-82.2348786745721,29.5856895118587],[-82.2341065564157,29.5856920515119],[-82.2223633253725,29.5857709588397],[-82.2194629375096,29.5857156575498],[-82.2139871668637,29.5856880057217],[-82.2056174250211,29.58564486598],[-82.2046895767237,29.5856500484058],[-82.2033633417674,29.585657450978],[-82.2031950370091,29.5856583923139],[-82.2023299090848,29.5856632052354],[-82.1973121040623,29.5856910242453],[-82.1890833105826,29.5857362497473],[-82.1889027321426,29.5857358825875],[-82.1887687250617,29.5857368090801],[-82.1722277888171,29.5857032147359],[-82.1722502844284,29.5891852624459],[-82.1722796377786,29.5937316012151],[-82.172280017766,29.5937921160514],[-82.1722815718514,29.5940340648945],[-82.1722819338725,29.5940899310665],[-82.1722940566373,29.595965999455],[-82.1723075017221,29.59804946953],[-82.1723117768046,29.5987124355964],[-82.1723219457336,29.6002855725134],[-82.172341250529,29.6185425333961],[-82.1723605472396,29.622136355974],[-82.1723995431061,29.6295264899363],[-82.1723846741915,29.6349366170291],[-82.1723795951169,29.6367852338227],[-82.1723595716692,29.6440767343449],[-82.1724021077963,29.6477273272551],[-82.1724370872951,29.6506316665609],[-82.1724397238505,29.6508516322394],[-82.1724352987494,29.6520377565497],[-82.1724327439407,29.6527249687879],[-82.172432416954,29.6528157257629],[-82.1724106444864,29.6586531075683],[-82.1724685525846,29.6732139282458],[-82.1725054086641,29.6878338335488],[-82.1724891868866,29.7040327627346],[-82.1724899531496,29.7041198521586],[-82.1724900528626,29.7041304435832],[-82.172490894584,29.7042291418116],[-82.172507200803,29.706107567711],[-82.1725162701942,29.7071514813016],[-82.1726021850679,29.7170400032932],[-82.1726157038146,29.7315543942446],[-82.17263534458,29.7393273313501],[-82.1805045676043,29.7393125285226],[-82.1801668594479,29.7422475928915],[-82.1797513005941,29.7458591235673],[-82.1839186678422,29.745872044193],[-82.1880914896606,29.7458848454849],[-82.191058260328,29.7458938858649],[-82.1911900350954,29.7458942750591],[-82.1913104434794,29.7458946314954],[-82.1922535658316,29.7458974892256],[-82.1964209348763,29.7459100167525],[-82.1964968182633,29.7537914169178],[-82.2082268602415,29.7596898318921],[-82.2086144374725,29.7598367592627],[-82.2090124432457,29.7600729240866],[-82.2121988879327,29.7612158955434],[-82.2132052444944,29.7615768512188],[-82.2464389313684,29.7750830830971],[-82.24762246984,29.7750645701786],[-82.2631739881561,29.7748201927844],[-82.2785138975271,29.7721150083476],[-82.2787618370371,29.7938883764122],[-82.2762288358709,29.7943267169892],[-82.2771182722067,29.8020051726663],[-82.2792250802628,29.8017364981301],[-82.2833744605439,29.8016784079922],[-82.2835199912132,29.8016685549362],[-82.283522737363,29.8016683811046],[-82.283515192413,29.8015740279096],[-82.2832837854975,29.7988444489973],[-82.2834481170073,29.7988722916797],[-82.2848572547862,29.7990551199314],[-82.2856139587506,29.7995270473439],[-82.2865516885161,29.7995380083238],[-82.2871643404382,29.8000715971348],[-82.287469711041,29.8002446440533],[-82.2874769918863,29.801620822946],[-82.2877321547495,29.8016172208101],[-82.2878404906745,29.8053285422537],[-82.2880089167054,29.8103110738602],[-82.2883166058599,29.8163397784011],[-82.2883374773172,29.8210056178349],[-82.2883425662733,29.8219648675427],[-82.2904740178125,29.8219587449237],[-82.2904826757752,29.8240737554993],[-82.2883677828816,29.8241218804702],[-82.2883250823629,29.8280201092928],[-82.2902339933585,29.8296886432821],[-82.2924726579286,29.8317308972856],[-82.2926656070685,29.8389825111688],[-82.293039854199,29.8512056789255],[-82.2929833878969,29.8512136462848],[-82.2929061669184,29.8512378093664],[-82.292870436428,29.8512428510999],[-82.2928258207011,29.851249147228],[-82.2928255799526,29.8512491807305],[-82.2927590255698,29.8512862554978],[-82.2926819447285,29.8513040562117],[-82.29241883447,29.8513497675767],[-82.2922310542363,29.8513823911582],[-82.2921510314125,29.8513683068912],[-82.2920708657565,29.8513605865274],[-82.2919909112046,29.8513433203043],[-82.2919106063098,29.8513419646241],[-82.2918304424505,29.8513342442582],[-82.2917542096189,29.8513138576277],[-82.2916931457391,29.851268261557],[-82.291635801783,29.851219546618],[-82.2915784569285,29.8511708300969],[-82.2915433696318,29.8511065738364],[-82.2914897473959,29.8510547360701],[-82.291424890829,29.8510154430362],[-82.2913600342621,29.8509761499868],[-82.2912990413492,29.8509273717957],[-82.2912228103142,29.850906984303],[-82.2911425036228,29.8509056278376],[-82.2910622696949,29.8509010894052],[-82.2909899705859,29.8508680371448],[-82.290943790892,29.8508099584174],[-82.2909489975274,29.8507400158245],[-82.2909175609841,29.8506758208382],[-82.290856496206,29.850630223697],[-82.2907991522498,29.8505815084466],[-82.2908007081319,29.8505115041422],[-82.2907949652023,29.8504413766856],[-82.2907819198678,29.8503711252973],[-82.2907615038563,29.8503039343009],[-82.2907616781294,29.8502960946472],[-82.2907628144983,29.8502449561234],[-82.2907630597384,29.8502339298018],[-82.2908081354027,29.8501773941734],[-82.2908532128636,29.8501208569547],[-82.2908839011104,29.8500545282941],[-82.2909290477416,29.849994809789],[-82.2909669629348,29.8499317869256],[-82.2910335173176,29.8498947132136],[-82.2911001399723,29.8498544559292],[-82.2911053466077,29.8497845142253],[-82.2910812798429,29.8497172597238],[-82.2910165652098,29.8496716021511],[-82.2909517814065,29.8496291257861],[-82.2908717585827,29.8496150412717],[-82.2907981182889,29.8496424451831],[-82.2907209682774,29.8496634250801],[-82.2906508368032,29.8496972568788],[-82.2906465096184,29.8496988665809],[-82.2905807834824,29.8497233253229],[-82.2905771956111,29.8497246592093],[-82.2905758041207,29.8497239252601],[-82.290508620019,29.8496884868849],[-82.2904438371139,29.849646010527],[-82.2904207638859,29.8496341364351],[-82.2903451868244,29.8496124599806],[-82.2902714593941,29.849639264734],[-82.290268162577,29.8496901822924],[-82.2902670055469,29.8497080409473],[-82.29023342203,29.8497712252336],[-82.2902231201503,29.8498399031845],[-82.2902196194156,29.8498464900198],[-82.2901895366334,29.8499030873874],[-82.2901242955876,29.8499427852315],[-82.2900533789858,29.8499747384356],[-82.2899910053624,29.8500170354521],[-82.2899907987498,29.8500171118074],[-82.2899172788304,29.8500438393178],[-82.2898380986263,29.8500527012186],[-82.2897592588837,29.8500462686661],[-82.2897048344522,29.8499943485398],[-82.28967408512,29.8499300767185],[-82.2896756158493,29.8498612507934],[-82.2896683736314,29.8497922767844],[-82.2896080445736,29.8497428061394],[-82.2895461793966,29.8497019636601],[-82.289544619023,29.8497009328587],[-82.2895370255639,29.849700717037],[-82.2894271373501,29.8497208764883],[-82.289298699824,29.8497444360984],[-82.2892450793847,29.849692598404],[-82.2892539376717,29.8496227173595],[-82.2892551674654,29.8495674132061],[-82.2892554944521,29.849552713162],[-82.2892643536374,29.8494828335779],[-82.2892476584479,29.8494125207422],[-82.2892088512276,29.8493513838144],[-82.2891477900428,29.8493057860684],[-82.2890754235601,29.8492759137405],[-82.289014663311,29.8492481349608],[-82.2890031280444,29.8492428609421],[-82.2889226102489,29.8492510473972],[-82.2888615472674,29.8492054503844],[-82.2888667556994,29.8491355074467],[-82.2888719632331,29.8490655660182],[-82.2888735209118,29.8489955622092],[-82.2888347145899,29.8489344250261],[-82.2887736516085,29.8488888278687],[-82.2887393233882,29.8488510159182],[-82.288723751991,29.8488338676914],[-82.2887184627106,29.8488225022854],[-82.2886923882112,29.8487664917818],[-82.2886535818893,29.8487053529002],[-82.288655139568,29.8486353496177],[-82.28864209603,29.8485650992962],[-82.2885847556671,29.8485163814799],[-82.2885044507723,29.8485150234238],[-82.2884282233306,29.8484946346593],[-82.2883596486367,29.8484584603309],[-82.2882793455385,29.848457102274],[-82.2882414267521,29.8485201252891],[-82.2881818900083,29.8485700484459],[-82.2881040869215,29.84857947536],[-82.2880248555135,29.848570974074],[-82.2879572114743,29.8485340175082],[-82.287892410603,29.8484923361703],[-82.2878131800932,29.8484838333185],[-82.2877337878867,29.8484824900658],[-82.2876543947819,29.8484811468131],[-82.2875895436049,29.8484418519871],[-82.2875636541584,29.8483745661944],[-82.287481683787,29.8483660181419],[-82.2874022403766,29.8483670622027],[-82.2873940378597,29.8483637157542],[-82.2873289612056,29.8483371724527],[-82.2873029226388,29.848289479108],[-82.2872947551562,29.848274521756],[-82.2872826072386,29.8482050807186],[-82.2872786744143,29.8481357791011],[-82.2872334083071,29.8480777167049],[-82.2871542846969,29.8480644399525],[-82.2870876773136,29.8481039001071],[-82.2870371776215,29.8481579553123],[-82.2869705720348,29.8481974130925],[-82.2869235488229,29.8482388156176],[-82.2869147040106,29.8482466040089],[-82.2868427812957,29.8482788094214],[-82.28676575615,29.8482942179008],[-82.2866860459399,29.8483071938706],[-82.2866098723971,29.8482844177467],[-82.2865673973555,29.8482240148675],[-82.2865457569403,29.8481611560664],[-82.2865442477706,29.8481567748978],[-82.2865184122231,29.8480871023704],[-82.2864619872434,29.8480383991248],[-82.2864073319449,29.8480292285007],[-82.2863828618366,29.8480251239255],[-82.2863292252276,29.8479740800744],[-82.2862559478532,29.8479441902067],[-82.2861740331774,29.8479332547921],[-82.286109286205,29.8478891858768],[-82.2860584415599,29.8478358005986],[-82.2860380291417,29.8477686086751],[-82.2860395706507,29.8476994010324],[-82.2860411121598,29.8476301917833],[-82.2860508678638,29.8475611219553],[-82.2860878380293,29.8474996753478],[-82.28609485477,29.8474305594593],[-82.2861018724089,29.8473614427437],[-82.2861504191635,29.8473062845986],[-82.2862651439068,29.8472854226382],[-82.2863317512902,29.8472459644977],[-82.2863578778919,29.8471795591279],[-82.2863722545297,29.8471649756062],[-82.2864111147506,29.847125551701],[-82.2864776664384,29.8470884777262],[-82.2865308511948,29.8470368568178],[-82.2865840880535,29.846982846197],[-82.2866585862383,29.8469578476044],[-82.2867171384285,29.8469110893734],[-82.2867323684658,29.8468421125474],[-82.2867009516854,29.8467771210886],[-82.2866612174038,29.8467167632682],[-82.2866270104561,29.846654112334],[-82.2865844851088,29.8465960934885],[-82.2865253220642,29.8465473451033],[-82.2864716863536,29.8464963020551],[-82.2864291619046,29.8464382846763],[-82.2863866347608,29.8463802657054],[-82.2863161502486,29.8463480370847],[-82.2862366538376,29.8463514646341],[-82.2861699952502,29.8463933097112],[-82.2861007593963,29.8464279498328],[-82.2860210500845,29.846440925266],[-82.2859416066741,29.8464419677886],[-82.2858606900265,29.8464386391963],[-82.285806083237,29.8463868948438],[-82.2857514728543,29.8463351496852],[-82.2857045646268,29.846279117528],[-82.2856858221767,29.8462103023321],[-82.2856363285978,29.8461564354102],[-82.2855739720424,29.8461111876096],[-82.2854927975783,29.8461142325959],[-82.2854409441252,29.8461663830357],[-82.2853940583556,29.8462230393686],[-82.2853371851166,29.8462728966656],[-82.2852589876695,29.8462561056333],[-82.2852402452194,29.8461872896423],[-82.2852418208644,29.8461166106148],[-82.2852393190563,29.8460883689098],[-82.2852357437615,29.8460480111364],[-82.2852186012109,29.8459972810585],[-82.2852444771827,29.8459317412942],[-82.2853049382929,29.8458661664242],[-82.2852707573963,29.8458032679595],[-82.2852167569696,29.8457498659827],[-82.285147322588,29.84571370001],[-82.2851034497679,29.8456560935788],[-82.2850234961143,29.8456416196976],[-82.2849489458272,29.8456097391282],[-82.2848795114457,29.8455735699881],[-82.2848508785443,29.8455074775126],[-82.2848222501345,29.8454413842142],[-82.2847422946843,29.8454269071852],[-82.2846908751175,29.8454828969662],[-82.284639453754,29.845538888274],[-82.2845592063513,29.8455375286191],[-82.2844793506141,29.8455186788906],[-82.2844354786923,29.8454610754635],[-82.2843814791639,29.8454076725245],[-82.2843171570946,29.8453672178585],[-82.284236812674,29.8453702309213],[-82.2841706391769,29.8454128493492],[-82.2840903917742,29.8454114896926],[-82.2840261676213,29.8453666615288],[-82.2839925221206,29.8453004832073],[-82.2839334084834,29.8452513687569],[-82.2838639732035,29.845215199487],[-82.2837835335614,29.8452225837227],[-82.2837125379078,29.8452563733922],[-82.2836909163573,29.8453259894568],[-82.2836345776159,29.8453775200865],[-82.283563484046,29.8454156808634],[-82.2835598719202,29.8454211374107],[-82.2834824048034,29.84543663204],[-82.2834159743881,29.8454758477938],[-82.2833420592099,29.8455048501441],[-82.2833002354469,29.8455646500309],[-82.2832808345317,29.8456217819997],[-82.283277535918,29.8456315006021],[-82.2832242972627,29.8456843844938],[-82.2831475389166,29.8456679564562],[-82.2830809054821,29.8456298479801],[-82.2830300302943,29.8455768791299],[-82.2829712921528,29.8455305004882],[-82.2829224184115,29.8454742037401],[-82.2829148815462,29.8454366546361],[-82.2829085376437,29.8454050529451],[-82.2829139275354,29.8453362301343],[-82.2829077552111,29.8452672109242],[-82.2828977291142,29.8451981246573],[-82.2828992652333,29.8451292378115],[-82.2828581744956,29.8450697103754],[-82.2827793419396,29.8450599691222],[-82.282704662295,29.8450368525369],[-82.2826400312053,29.844995416738],[-82.2825612345818,29.8449839963527],[-82.2824804365119,29.8449759007114],[-82.282409909779,29.8449394072043],[-82.2823453191134,29.844896289122],[-82.2822255449399,29.8448203014236],[-82.2821727042383,29.8447689801053],[-82.2821178980228,29.8447193051644],[-82.2820592003055,29.8446712469944],[-82.2820122543488,29.8446149832666],[-82.2819944802825,29.844547447116],[-82.2819708896249,29.8444814934346],[-82.2819180480249,29.8444301727214],[-82.2818494499749,29.844393710182],[-82.2817706551481,29.8443822889488],[-82.2816914461979,29.8443893491068],[-82.2816127627621,29.8443728857931],[-82.2815407753685,29.8444019211892],[-82.2815008784918,29.8444617544621],[-82.2814649404906,29.8444880806233],[-82.2814203014074,29.8445481390275],[-82.2814168249273,29.8446089851457],[-82.2814163515151,29.8446172740531],[-82.2813622819182,29.8446687832314],[-82.2812894878375,29.8446969069028],[-82.2812100893427,29.8446976572517],[-82.2811360627735,29.8446733328557],[-82.2811133353968,29.8445979449557],[-82.2811149056519,29.8445276395887],[-82.2811340667169,29.8444598322243],[-82.2811001589082,29.8443977175089],[-82.2810380862204,29.8443549038525],[-82.2809682574784,29.8443207515586],[-82.2808875627147,29.8443215813868],[-82.2808068203404,29.8443246061689],[-82.2807289903041,29.8443100978108],[-82.2806484922715,29.8443021392509],[-82.2805707601517,29.844283237084],[-82.2804899692683,29.8442884576012],[-82.2804211385546,29.8443224556283],[-82.2803547314955,29.844360890301],[-82.2802786855135,29.8443793802664],[-82.2802098071891,29.8444155739936],[-82.2802006758142,29.8444857508749],[-82.2801366915115,29.8445286213552],[-82.2800776470445,29.8445759720989],[-82.2800210747411,29.8446255629599],[-82.2799818983133,29.8446864370813],[-82.279932788315,29.8447405486789],[-82.2798567414346,29.8447590393532],[-82.27977609518,29.8447576703375],[-82.2797593137522,29.8447569277808],[-82.2796955010276,29.8447541024814],[-82.279625670489,29.8447199495448],[-82.2795505578566,29.8446966965246],[-82.279501381383,29.8446409151228],[-82.2794598630472,29.844580867683],[-82.2794029799267,29.8445315479544],[-82.2793331529814,29.8444973949417],[-82.2792524582177,29.8444982232101],[-82.2791787855846,29.8445233455288],[-82.2790981887374,29.8445197807811],[-82.2790204548209,29.8445008770971],[-82.2789418890645,29.8445193218442],[-82.2788693923261,29.8444917178359],[-82.2788253066052,29.8444338247405],[-82.2787448570816,29.8444236657844],[-82.2787271899149,29.8444315355081],[-82.2786735568992,29.844455423622],[-82.2785974130007,29.8444783058086],[-82.2785167667461,29.8444769352307],[-82.278459884524,29.8444276170091],[-82.2784004807309,29.8443782543499],[-82.2783488186189,29.8443503651224],[-82.2783332229673,29.8443419468487],[-82.2783046951688,29.8443044853665],[-82.2782891363481,29.8442840536664],[-82.2782654091465,29.8442177141159],[-82.2782568994058,29.8441472393986],[-82.2782365399882,29.8440835957312],[-82.2782356919786,29.8440809426122],[-82.2782282790808,29.8440742229355],[-82.2781532131608,29.8440487732467],[-82.2780725696011,29.8440474026629],[-82.2779919242447,29.8440460328582],[-82.277913554321,29.8440556892793],[-82.2778329583721,29.8440521221774],[-82.2777524621361,29.8440441597009],[-82.2776717673724,29.8440449871939],[-82.2775911247111,29.84404361661],[-82.2775160596893,29.8440181637966],[-82.2774352679076,29.8440233843277],[-82.2773544752276,29.8440286056376],[-82.2772929100879,29.8440759106466],[-82.2772191871491,29.8441032295888],[-82.2771633784138,29.844105320137],[-82.2771579130636,29.8441055242829],[-82.2771384456731,29.8441062528191],[-82.2771301766809,29.8440990827762],[-82.2770815625527,29.8440569336354],[-82.2770695556706,29.8440540140349],[-82.2770038322295,29.8440380298638],[-82.2769287672077,29.8440125770489],[-82.2768745044729,29.8439589068543],[-82.2768729117599,29.8439439776835],[-82.2768724194832,29.8439393649122],[-82.2768397989603,29.843876170702],[-82.2768167374103,29.8438081953704],[-82.276778408992,29.8437465524364],[-82.2767227745299,29.8436978049977],[-82.2766434649684,29.8436931594891],[-82.2765663401097,29.8436753636517],[-82.2764952150987,29.8436428349504],[-82.2764173904524,29.843656347605],[-82.2763632507869,29.8437098231657],[-82.2763598120359,29.8437789985102],[-82.2763507022207,29.8438480748502],[-82.2763152807507,29.8439101104306],[-82.2762910864251,29.8439772839124],[-82.2762575181796,29.8440409993324],[-82.2762186795183,29.8440822921576],[-82.2762071577265,29.8440945409177],[-82.2761419355453,29.844136290322],[-82.27606944779,29.8441647273747],[-82.2759942839536,29.8441436691832],[-82.2759250894222,29.8441095238296],[-82.2758617465166,29.8440672359985],[-82.2758157482824,29.8440104101388],[-82.2757465887853,29.8439746183237],[-82.2756670564417,29.8439798567782],[-82.2755919312328,29.8439571513522],[-82.2755125471111,29.843955801026],[-82.2754436921429,29.8439908931406],[-82.275398928194,29.8440478265387],[-82.2753319255519,29.8440845993193],[-82.2752965022853,29.8441466347528],[-82.2752442886077,29.8441984955851],[-82.2751815026576,29.8442304958199],[-82.2751754354361,29.8442335883936],[-82.2750960486195,29.8442322380711],[-82.2750168127199,29.8442242950886],[-82.2749573244851,29.8441787768154],[-82.2749074715801,29.8441251815116],[-82.2749184714508,29.8440561349723],[-82.2748916324851,29.8439880950909],[-82.2748571578394,29.8439232202107],[-82.2748384252708,29.8438565718631],[-82.2748203808116,29.8437923732305],[-82.2747609689337,29.843743558025],[-82.2747053722008,29.8436931602682],[-82.2746420679227,29.8436492250603],[-82.2745728715947,29.8436150803169],[-82.2744957817703,29.8435956349266],[-82.274420658358,29.8435729278549],[-82.274343532601,29.8435551312169],[-82.2742664445732,29.8435356873734],[-82.2741973228053,29.8434982442892],[-82.2741179755146,29.8434952451953],[-82.2740527093159,29.8434545739194],[-82.2739816597635,29.8434187484001],[-82.2739022756418,29.8434173972873],[-82.2738291887103,29.8433881301859],[-82.2737560667445,29.8433605126187],[-82.2736869063491,29.8433247174539],[-82.2736177495469,29.8432889238347],[-82.2735544084379,29.8432466364353],[-82.2734792481947,29.8432255764918],[-82.2734014585827,29.8432374373203],[-82.2733263720014,29.8432130821803],[-82.273246988778,29.8432117302855],[-82.2731676037581,29.8432103783908],[-82.2731484337099,29.8432100519101],[-82.2730882205347,29.843209026496],[-82.273009058297,29.843197788237],[-82.2729360081964,29.8431668738627],[-82.2728880615164,29.8431490623478],[-82.2728215781005,29.8431101815115],[-82.2727600003844,29.8430671912059],[-82.2727009208831,29.8430200509078],[-82.2726891799024,29.8430072674905],[-82.2726152009438,29.8429808427608],[-82.2725357575333,29.8429836836942],[-82.272493516952,29.8430437796251],[-82.2725112038816,29.8431132834702],[-82.272524456727,29.8431659349382],[-82.2725449706549,29.8432166150278],[-82.2725530384244,29.8432859551228],[-82.2725141261013,29.8433459550316],[-82.2724361900639,29.843364408563],[-82.2723591011377,29.843344963124],[-82.2722839408946,29.8433239032012],[-82.2722302728445,29.8432718884144],[-82.2721649680183,29.8432328626966],[-82.2720899937264,29.8432035635943],[-82.2720103886192,29.8432120957257],[-82.271930929039,29.8432140390256],[-82.2718515458157,29.8432126863517],[-82.2717719407085,29.8432212200407],[-82.2717197261326,29.8432730797952],[-82.2716917858323,29.8433385387105],[-82.2716544707137,29.8434005426606],[-82.2715966964645,29.8434473617536],[-82.2715189077508,29.8434592217767],[-82.271442748581,29.8434826504023],[-82.2713757459389,29.8435194218326],[-82.2713050359497,29.8435528326142],[-82.2712270990139,29.8435712837699],[-82.2711475307376,29.8435781702265],[-82.2710681448194,29.8435768175575],[-82.2709949869209,29.8435508449071],[-82.2709178611639,29.8435330459277],[-82.2708366238178,29.8435300125506],[-82.2707572037635,29.8435303070835],[-82.2706775591304,29.8435404879476],[-82.2705997704167,29.843552349518],[-82.2705203503625,29.8435526440509],[-82.2704408907823,29.843554586565],[-82.2703756677028,29.8435963315198],[-82.2703290110036,29.8436532293003],[-82.2703188501594,29.8436674969852],[-82.2702779804072,29.8437283000055],[-82.2702623326533,29.8437969151028],[-82.2701965714829,29.8438351544022],[-82.2701174254148,29.8438411852954],[-82.2700382227528,29.843849673738],[-82.2699560340909,29.843865492752],[-82.2698792056762,29.8438820831566],[-82.2697996652477,29.8438891152993],[-82.2697246065141,29.8439109028613],[-82.2696495486789,29.8439326911978],[-82.2695837300163,29.8439714135394],[-82.2695438933267,29.8440315486143],[-82.2695231512268,29.8440982996972],[-82.269522393947,29.8441042635647],[-82.269514384568,29.8441673532201],[-82.2695296181985,29.844238914103],[-82.2695280650114,29.8443080906393],[-82.2695506064368,29.8443755802009],[-82.269573144269,29.8444430728336],[-82.269581210242,29.8445124120771],[-82.2695796103424,29.8445836859747],[-82.2696040418232,29.8446232316562],[-82.2696386575044,29.8446792701968],[-82.2697043504028,29.8447166419329],[-82.2697055280941,29.8447173112471],[-82.2697436400183,29.8447794631642],[-82.2697364534961,29.8448482216871],[-82.2697012386386,29.8448823940593],[-82.2696816436873,29.844901407535],[-82.2696295746385,29.8449274484016],[-82.2696152150687,29.844934631631],[-82.2696102967925,29.8449370914915],[-82.2695445365205,29.8449753295752],[-82.2694626775402,29.8449763931509],[-82.2693836949655,29.844975045955],[-82.2693197555785,29.8449321351491],[-82.2692562024671,29.8448720091875],[-82.2691923160807,29.8448266392532],[-82.2691165979837,29.8448056684692],[-82.2690373396262,29.8448166143556],[-82.2689632807176,29.8448473310875],[-82.2689195884588,29.8449080889763],[-82.2688676002583,29.8449613223221],[-82.2688156120579,29.8450145556395],[-82.2687775621174,29.8450754069277],[-82.2687172761787,29.845121119586],[-82.2686459265889,29.8451568026848],[-82.2685774004041,29.8451925333006],[-82.2685688071201,29.8451982290667],[-82.2685230954486,29.8452546444049],[-82.268489911682,29.8453186543167],[-82.2684172775014,29.8453487795014],[-82.2683673760873,29.8454032779891],[-82.2683154013616,29.8454558978622],[-82.2682885219717,29.8455218594709],[-82.2682595288459,29.8455877859733],[-82.2681930750744,29.845625396575],[-82.2681225142055,29.8456574033651],[-82.268045857369,29.845678235278],[-82.2679641205597,29.8456895246831],[-82.2678859994693,29.8457047956488],[-82.2678079089216,29.8457186843638],[-82.2677313446116,29.8457353679609],[-82.2676516352999,29.8457506116486],[-82.2675733884453,29.845771416271],[-82.2674938372371,29.8457797440405],[-82.267414657033,29.8457714739296],[-82.2673423201947,29.8457411805716],[-82.2672666254539,29.8457191316076],[-82.267188565449,29.8457316357348],[-82.2671091049705,29.8457358144255],[-82.2670565714927,29.8457464407503],[-82.267052611719,29.8458155765046],[-82.2670534624235,29.8458847932447],[-82.2670944696179,29.8459428763953],[-82.2670954263237,29.845944228253],[-82.2671204174549,29.8460096636007],[-82.2671387745278,29.8460783573847],[-82.2671509475982,29.8461549884969],[-82.2671990344153,29.846211751582],[-82.2672742440658,29.8462331171083],[-82.2673529041454,29.8462473703996],[-82.2674263072839,29.8462758777552],[-82.2674789009488,29.8462865749266],[-82.2675032911071,29.8462915358768],[-82.267582499159,29.8462814129514],[-82.2676555456663,29.8462525370516],[-82.2677345929197,29.8462495824529],[-82.2678011895233,29.8462880148255],[-82.2678029340516,29.8463568969761],[-82.267801388051,29.8464257229793],[-82.2677817823199,29.846492804386],[-82.2677360841231,29.846549400538],[-82.2676933467735,29.8465966326698],[-82.2676656975273,29.8466615439922],[-82.2676606768432,29.8466650899636],[-82.2676040030302,29.8467051163434],[-82.2675285400548,29.8467256215685],[-82.2674475722033,29.8467263165816],[-82.2673754473674,29.8467572571247],[-82.2672977691465,29.8467704608096],[-82.2672200190604,29.8467867764665],[-82.267157460384,29.8468302801968],[-82.2670742368628,29.8468288590056],[-82.2669956091226,29.8468179663226],[-82.2669193852741,29.8467975655242],[-82.2668407584322,29.8467866728379],[-82.2667714066957,29.8467530192604],[-82.2666926936155,29.8467459460237],[-82.2666138080588,29.846746508579],[-82.2665366840984,29.846766199571],[-82.2664593894581,29.8467935294646],[-82.2664294602878,29.8468579560206],[-82.2663908551885,29.8469184134883],[-82.2663652630844,29.8469848237066],[-82.2662923468327,29.8470122283398],[-82.2662537004109,29.8470745954351],[-82.2662172422851,29.8471369998911],[-82.2661729804944,29.8471628991469],[-82.2661506393933,29.8471759718794],[-82.2660696086597,29.8471745880928],[-82.2660070410002,29.8471314998045],[-82.2659938438503,29.8471144510148],[-82.2659148208514,29.8470984213631],[-82.2658354663742,29.8470970656252],[-82.2657589424884,29.8470768838277],[-82.2656837382278,29.847104958513],[-82.265674968874,29.8471740115151],[-82.2657144812717,29.8472355003975],[-82.2657095369444,29.8473059511189],[-82.2656601089425,29.8473604945088],[-82.2655999469713,29.8474053054151],[-82.2655208035982,29.8474173207996],[-82.2654458823068,29.8474232868063],[-82.2654417895824,29.8474236117148],[-82.2654306684392,29.8474310612364],[-82.2653516975426,29.8474354424369],[-82.2652936816466,29.8474821973057],[-82.2652378136224,29.8475309016017],[-82.2652203198306,29.8475374761228],[-82.2651648964725,29.8475583053059],[-82.2650878138346,29.8475760864265],[-82.2650067822027,29.8475747018663],[-82.2649280682242,29.8475676271295],[-82.2648587164877,29.847533973036],[-82.2648257734696,29.8475052533298],[-82.2648028484635,29.8474852695206],[-82.2647240913659,29.8474801037115],[-82.2646469745921,29.8474947993858],[-82.2645652287995,29.8474986749108],[-82.2644901206586,29.8474762983099],[-82.2644112791194,29.8474854962552],[-82.264363451017,29.8474846781407],[-82.2643296492095,29.8474841007855],[-82.2642514598472,29.8474643070864],[-82.2642074145505,29.8474055508497],[-82.2641480628597,29.8473597184678],[-82.2640889860533,29.8473125716251],[-82.2640639949221,29.8472471363521],[-82.2640341969058,29.8471816184454],[-82.2639873308991,29.8471262919025],[-82.2639429154965,29.8470689130217],[-82.2638911931974,29.847015600546],[-82.2638467777948,29.8469582216016],[-82.2638023641889,29.8469008402867],[-82.2637701613826,29.846835280078],[-82.2637500283404,29.8467678311369],[-82.2637337616472,29.8467423875886],[-82.2636942214017,29.8467186309211],[-82.263687785871,29.846686442147],[-82.263659700942,29.8466459895574],[-82.2636465136736,29.8466269951139],[-82.2635981897012,29.8465726079353],[-82.2635213541,29.8465522904572],[-82.263464019127,29.846590182753],[-82.2634307625969,29.8466287100525],[-82.2633856716612,29.8466852360028],[-82.2633191118885,29.8467222976607],[-82.2632631782873,29.8467738626321],[-82.2632603180515,29.8467782843778],[-82.2632234565821,29.846835255924],[-82.2631515814779,29.8468650643117],[-82.2630719763707,29.8468732509617],[-82.2629925868592,29.8468718928832],[-82.2629163109084,29.8468538771096],[-82.262857105643,29.8468075029568],[-82.2627809913889,29.8467823266713],[-82.262718992363,29.8467382923104],[-82.2626542049664,29.8466965977563],[-82.2626363635265,29.8466811913678],[-82.2625977907665,29.8466478852616],[-82.2625273116443,29.8466156427024],[-82.2624479239294,29.8466142846205],[-82.2623684275183,29.846617699694],[-82.2622999201981,29.8466288378352],[-82.2622887155115,29.84663065874],[-82.2622142092419,29.8466556465063],[-82.2621345511341,29.8466662189709],[-82.2620550008241,29.8466720206191],[-82.2619756122108,29.8466706617588],[-82.2619029843184,29.8466393417363],[-82.2618225653376,29.8466428526461],[-82.2617464672532,29.8466203761205],[-82.2616682446532,29.8466092644699],[-82.2615900957151,29.846594895914],[-82.2615098222613,29.8465918937964],[-82.2614295479092,29.8465888901204],[-82.2613509237623,29.8465956883235],[-82.2612706862411,29.8465910577538],[-82.2612199547837,29.8465723515903],[-82.261196566247,29.8465637278047],[-82.2611282314033,29.8465283521992],[-82.2610598992546,29.8464929781396],[-82.2609837643393,29.8464721300343],[-82.2609015846605,29.846470722863],[-82.2608212770707,29.8464693476375],[-82.2607408940225,29.8464712285408],[-82.2607333122415,29.8464759861199],[-82.260667357035,29.8465009154875],[-82.2605920638412,29.8465256866786],[-82.2605132896756,29.8465389963605],[-82.2605026760805,29.8465478944139],[-82.2604542550901,29.8465884802803],[-82.2603939359137,29.846694945931],[-82.2603755851291,29.8467630416261],[-82.2603758761832,29.8468330836209],[-82.2603855411573,29.8469016591852],[-82.2603690570719,29.8469697851266],[-82.2603265748438,29.8470309515624],[-82.2603071487758,29.847089451676],[-82.2603045256951,29.8470973539143],[-82.2602583442047,29.8471568294964],[-82.2602103678803,29.8472130146554],[-82.2601716199489,29.8472742448331],[-82.2600991896858,29.8473192435553],[-82.2600286818175,29.8473527839641],[-82.2599489275899,29.8473543126716],[-82.2599077128847,29.8474144153222],[-82.2598278292997,29.8474217331669],[-82.2597735288358,29.847472924561],[-82.2596936443525,29.8474802439597],[-82.259621184445,29.8474529415245],[-82.2595927365966,29.847388750658],[-82.2595676753968,29.8473217204986],[-82.2595531199943,29.8472950429049],[-82.2595325881001,29.8472574157905],[-82.25947386523,29.8472100811223],[-82.2594253014074,29.8471542310002],[-82.2593665785373,29.8471068955039],[-82.259288523024,29.8470331674942],[-82.2592230313482,29.8469915073462],[-82.2591431459666,29.8469988244427],[-82.2590790817138,29.8470411608986],[-82.2590118266451,29.8470776505211],[-82.2589380605872,29.8471082387751],[-82.258864296326,29.8471388270199],[-82.2587884506682,29.8471143621907],[-82.25870889407,29.8471072079469],[-82.2586513390098,29.8471554472678],[-82.2586101243045,29.847215549259],[-82.2586085576427,29.8472850166968],[-82.2586069900825,29.8473544856446],[-82.2586054234207,29.8474239537649],[-82.2585938953406,29.8474932512016],[-82.2585625773749,29.8475564181897],[-82.2585638278297,29.8476059935457],[-82.258564329988,29.8476259430479],[-82.2585330102256,29.8476891099521],[-82.2584885409241,29.8477462601843],[-82.258403220735,29.8477994951336],[-82.2583302712458,29.8478283253951],[-82.258309438416,29.8478840380091],[-82.2583057894593,29.8478937984657],[-82.2582935786597,29.84792645668],[-82.2582813076729,29.8479592707143],[-82.2582389197679,29.848017274743],[-82.2581884155843,29.848070843025],[-82.2581170435367,29.8481025646408],[-82.2580463658868,29.8481399195127],[-82.2580448719884,29.8481412097878],[-82.257927502605,29.8481738835043],[-82.2578569920417,29.8482074205093],[-82.2577951996282,29.8482282300739],[-82.2577833562395,29.8482322193265],[-82.2577096548604,29.848259911124],[-82.2576716947514,29.8483229638712],[-82.2576043723091,29.8483623491253],[-82.2575989491797,29.8483674611274],[-82.2575500709468,29.848413539258],[-82.257486003999,29.8484558751142],[-82.2574186815567,29.8484952603158],[-82.2573418549386,29.8485142115509],[-82.2572618401997,29.8485273168307],[-82.2571881379222,29.8485550085463],[-82.2571113786778,29.8485710675718],[-82.2570440562355,29.8486104503906],[-82.2569702892793,29.8486410366168],[-82.2568966525788,29.8486658345472],[-82.2568168974529,29.8486673632345],[-82.2567400735298,29.848686315216],[-82.256682513978,29.848734553774],[-82.2566057547336,29.8487506096541],[-82.2565368090355,29.8487146808498],[-82.256457120385,29.8487133134466],[-82.2564438504716,29.8487077776062],[-82.2563847251563,29.8486831136996],[-82.2563051020827,29.8486788533217],[-82.2562252175995,29.8486861687363],[-82.2561578942588,29.848725553068],[-82.2560811350144,29.8487416089495],[-82.2560163808555,29.8487810735114],[-82.2559362996412,29.8487989931022],[-82.2558804756345,29.8488143009915],[-82.2557998419562,29.848829580829],[-82.2557339675981,29.8488684469721],[-82.2556537085174,29.8488670694421],[-82.2555734503349,29.8488656919121],[-82.2554931175924,29.8488676460101],[-82.2554162298889,29.848886322136],[-82.2553399350735,29.8489003654584],[-82.2553084850554,29.8489639655403],[-82.2552546975294,29.8490140458624],[-82.2552515570192,29.849019948663],[-82.2552210933513,29.8490772196799],[-82.2551759062959,29.8491350968379],[-82.2551077870479,29.849172177065],[-82.2551007694089,29.8491824516304],[-82.2551011916171,29.8492518374481],[-82.2550804216694,29.8493476634106],[-82.2550730177548,29.8494163884014],[-82.2550539186735,29.8494849123264],[-82.2550000727571,29.8495375393982],[-82.2549376883539,29.8495798194588],[-82.254875302154,29.8496220995015],[-82.2548043145853,29.8496565818958],[-82.2547369355491,29.84968007919],[-82.2547276532573,29.849683317294],[-82.254653857555,29.8497126503356],[-82.2545746180621,29.8497055586092],[-82.2544949725307,29.8497041912196],[-82.2544262127839,29.8497030100443],[-82.2544153278976,29.8497028230508],[-82.2543359455726,29.8496898831028],[-82.2542704467103,29.8496501726919],[-82.2542001256915,29.8496095335303],[-82.2541279011427,29.8495735652989],[-82.2540556137118,29.8495404907831],[-82.2539759681804,29.8495391233912],[-82.2538962597669,29.8495406466112],[-82.2538166124389,29.8495392792193],[-82.2537369678058,29.8495379110483],[-82.253657324071,29.8495365428772],[-82.2535837277947,29.8495613265606],[-82.253555675205,29.8496274046658],[-82.2534981488908,29.849675613941],[-82.253473073318,29.8496875410095],[-82.2534276742602,29.8497091333006],[-82.2533539468299,29.8497396997118],[-82.253313328606,29.8497390023823],[-82.2532743012985,29.8497383315435],[-82.2531946575637,29.8497369633752],[-82.2531148799799,29.8497413803149],[-82.2530352362452,29.8497400113675],[-82.2529552646253,29.8497531071368],[-82.2528784146511,29.8497749393886],[-82.2528047518994,29.8498026136171],[-82.2527800185847,29.8498687515562],[-82.2527289969715,29.8499228595664],[-82.2527009434835,29.8499889405489],[-82.2526304697512,29.8500224566868],[-82.2525827000393,29.8500795167618],[-82.2525316784261,29.8501336254369],[-82.2524548958255,29.8501525631156],[-82.2523752484975,29.8501511941739],[-82.2522959308512,29.8501353605729],[-82.2522201265159,29.8501109081648],[-82.2521541847842,29.850076538123],[-82.2521123170037,29.85003380949],[-82.2520637819272,29.8499779897754],[-82.2519950078074,29.8499362903409],[-82.251915362276,29.8499349213962],[-82.2518357176429,29.8499335524514],[-82.251761922839,29.84996701251],[-82.2516819512191,29.8499801082496],[-82.2516082884675,29.8500077816421],[-82.2515315040703,29.8500267193447],[-82.2514518585389,29.8500253504012],[-82.2513721483288,29.8500268720555],[-82.2512921749123,29.8500399670081],[-82.2512125293809,29.8500385972856],[-82.2511328856461,29.8500372275632],[-82.2510534350491,29.8500271790355],[-82.2509947499082,29.849979866717],[-82.2509394478227,29.8499297183152],[-82.250859801393,29.8499283485912],[-82.2507861386414,29.8499560219981],[-82.2507124767881,29.8499836946182],[-82.2506326354239,29.8499910037041],[-82.2505531201482,29.8499838465499],[-82.2504734755151,29.8499824768267],[-82.2503937644067,29.84998400004],[-82.2503178307141,29.8499653295733],[-82.2502456088602,29.8499293591328],[-82.2501661609581,29.8499193098151],[-82.2500865136301,29.8499179400909],[-82.2500129173538,29.8499427213422],[-82.2499521373417,29.8499879783145],[-82.2498745947664,29.8500036459827],[-82.2497949510316,29.8500022754806],[-82.2497173509641,29.8500204753416],[-82.2496469257407,29.8500518207942],[-82.2495741065072,29.8500787843735],[-82.2495211086004,29.8500735322144],[-82.2494946100961,29.8500709049661],[-82.2494150624811,29.8500651962326],[-82.2493351708113,29.8500746728703],[-82.2493024945928,29.8501059590915],[-82.2492817255435,29.8501258449841],[-82.2492209599044,29.8501703803936],[-82.2491773206462,29.8502282312064],[-82.2490974792821,29.8502355402744],[-82.2490337015918,29.8501932028354],[-82.2490027708,29.850129725861],[-82.2489993643884,29.8500602105376],[-82.2489684344949,29.8499967334785],[-82.2489492428872,29.8499920633306],[-82.2488916716572,29.8499780497689],[-82.2488117799874,29.8499875256358],[-82.2487793301444,29.8499960384882],[-82.2487341332075,29.8500078946169],[-82.2486709259475,29.8500502165518],[-82.2486544203025,29.8501193875039],[-82.2486677800474,29.8501890749751],[-82.2486612304306,29.8502584172408],[-82.2486298891087,29.8503229934923],[-82.2485691225713,29.8503675288139],[-82.2484939138191,29.8503901081208],[-82.2484142197787,29.8503909067332],[-82.2483374560427,29.85037222076],[-82.2482864658705,29.850314909971],[-82.2482009776965,29.8502418115338],[-82.2481241636549,29.8502252954246],[-82.2480760418034,29.850206981068],[-82.2479969765837,29.8502161951236],[-82.2479412675613,29.8502654684129],[-82.2479408139121,29.8502854765979],[-82.2479396505938,29.8503368246881],[-82.2479715632443,29.8504008266672],[-82.248012690813,29.8504597003487],[-82.2480020385903,29.8505282562813],[-82.2479702229579,29.8505938047157],[-82.2479565389212,29.8506623099126],[-82.2479549219536,29.8507336659042],[-82.2479081260156,29.8507910255381],[-82.2478553293314,29.8508456363668],[-82.2478055644613,29.8509003017047],[-82.2477321442548,29.8509281197603],[-82.2476530179496,29.8509399757784],[-82.2475741350879,29.8509412605633],[-82.2475176085986,29.8508926981742],[-82.2474703599096,29.8508363623762],[-82.2474200192194,29.8507826187153],[-82.2473510681315,29.8507470615087],[-82.2472758126669,29.8507219695836],[-82.2472099553767,29.8506838209632],[-82.2471627057894,29.8506274873848],[-82.2471430398712,29.8505584079432],[-82.2471264084621,29.8504893814348],[-82.2470975887111,29.8504227873344],[-82.2470857578988,29.8504086834537],[-82.2470503400221,29.8503664520504],[-82.2470168705913,29.8503711642541],[-82.2469919630034,29.850414162323],[-82.246936074318,29.8504631215239],[-82.246870428132,29.8505032289693],[-82.2468688533853,29.8505726598379],[-82.2468797247968,29.8506423025822],[-82.2468864172457,29.8506550226915],[-82.2469131448203,29.850705822083],[-82.2469490989913,29.8507672160739],[-82.2469301517253,29.8508341745776],[-82.246913645182,29.8509033473241],[-82.2469295426675,29.8509709064454],[-82.2469831181911,29.8510239215193],[-82.247021066622,29.8510859518626],[-82.2470212346069,29.8510862261159],[-82.2470236241256,29.8512059220134],[-82.2470234669204,29.8512062897616],[-82.2470078272513,29.8512432975399],[-82.2469743398541,29.8513056300481],[-82.2469848187019,29.8513739633487],[-82.2469354185478,29.8514307811223],[-82.2468919894954,29.8514894477283],[-82.2468505654827,29.8515481501395],[-82.2468032080976,29.851603254519],[-82.2467518828538,29.8516565427297],[-82.2467243270325,29.8517224753103],[-82.2466631805077,29.8517668565203],[-82.2465828253072,29.8517742091066],[-82.2465138212187,29.8518114659937],[-82.2464336663425,29.8518100846086],[-82.2463956604195,29.8517852656438],[-82.2463704527943,29.8517688012121],[-82.246291981361,29.8517814292414],[-82.2462135135209,29.851794057269],[-82.24612679196,29.8518170281522],[-82.2460617557301,29.8518560995998],[-82.2459928306932,29.8518898628718],[-82.2459258289495,29.8519271524388],[-82.2458492457748,29.8519450551035],[-82.2457689309986,29.8519506616645],[-82.2456891704828,29.8519318108094],[-82.2456585343384,29.8518683731173],[-82.2456359785399,29.8518333819406],[-82.2456198043732,29.8518082895093],[-82.2456193839616,29.8517383818973],[-82.2456289860537,29.8516686464227],[-82.2456245600543,29.85159867015],[-82.2456140812065,29.8515303354448],[-82.2455955884881,29.8514618635668],[-82.2456011805007,29.851392059336],[-82.2456027660272,29.8513221880514],[-82.2455680829724,29.8512604266538],[-82.2454901693929,29.8512485979432],[-82.2454428102111,29.851303701709],[-82.2454432207412,29.8513722640742],[-82.245443228826,29.8513736096254],[-82.2454137074908,29.8514377589738],[-82.245382144285,29.8515036192402],[-82.2453486550912,29.8515659531442],[-82.2453012968077,29.8516210567347],[-82.2452658034725,29.8516833562839],[-82.2452184451891,29.8517384605888],[-82.245224835804,29.8518102178387],[-82.2452818779262,29.8518583847664],[-82.2453513024263,29.85189103623],[-82.2453557293241,29.851961013077],[-82.2453083719389,29.8520161180078],[-82.2452452607986,29.8520587172375],[-82.2451900045272,29.8521084415074],[-82.2452024857197,29.8521768100981],[-82.2452391729159,29.8522386052101],[-82.2452677653931,29.8523037567289],[-82.2453351049034,29.8523398673346],[-82.2454066125967,29.8523690601334],[-82.2453990155444,29.8524388294],[-82.2453300905075,29.852472593254],[-82.2452499338347,29.8524712110991],[-82.2451698157895,29.8524680813828],[-82.2450896591167,29.8524666992278],[-82.2450181523218,29.8524375064575],[-82.244937995649,29.852436124302],[-82.2448796518679,29.8524246393219],[-82.2448601611212,29.8524208013858],[-82.2447886938521,29.8523898610395],[-82.2447213543418,29.8523537504519],[-82.2446968069783,29.8522869223011],[-82.2446969066913,29.8522825420927],[-82.2446983925048,29.8522170485263],[-82.2447239486763,29.8521510827702],[-82.2447673777287,29.8520924173321],[-82.2447968999622,29.8520282684044],[-82.2447964813473,29.8519583601673],[-82.2448118551151,29.851899210002],[-82.2448074291157,29.8518292331117],[-82.2447421736968,29.8517896630148],[-82.2446655887256,29.8518075657041],[-82.2445889256009,29.8518289604187],[-82.244548956859,29.8518412721166],[-82.2445076253727,29.8518540029808],[-82.2444287559858,29.8518526426328],[-82.2443498874971,29.8518512822847],[-82.2442753677527,29.8518237956135],[-82.2442124883777,29.8517801343386],[-82.2442107797821,29.8517795032488],[-82.2441379686333,29.8517526468687],[-82.2440590255845,29.851754561954],[-82.2439797124297,29.8517728425244],[-82.2439203733153,29.8517923572225],[-82.2439040033159,29.8517977386255],[-82.2438799087034,29.851866101196],[-82.2438372593886,29.8519243179928],[-82.2437946082772,29.8519825331973],[-82.2437705136647,29.8520508956413],[-82.2437352997055,29.852112515529],[-82.243707523797,29.8521775401337],[-82.2436879198625,29.8522446488407],[-82.2436526969202,29.8523066792047],[-82.2435862449454,29.852347904724],[-82.2435075776793,29.8523686549918],[-82.2434271739698,29.8523727928906],[-82.2433488004529,29.8523806526383],[-82.2432709272975,29.8523664119093],[-82.2431907337938,29.8523613445217],[-82.2431121913935,29.8523765700573],[-82.2430396955535,29.8524047951804],[-82.2429774279313,29.852447933394],[-82.2429029036953,29.8524724397678],[-82.2428225826308,29.8524728971099],[-82.2427626434418,29.8524619349221],[-82.2427447112721,29.8524586548358],[-82.2426646004133,29.8524499037833],[-82.2425978340282,29.8524119054139],[-82.2425200444161,29.852393983355],[-82.2424422988216,29.8523742178984],[-82.2423733782763,29.8523380254977],[-82.2422955069176,29.8523237847626],[-82.242243410021,29.8523154964949],[-82.2422175915414,29.8523113874211],[-82.2421486314703,29.8522770352775],[-82.2421277465383,29.8522572690187],[-82.2421010477097,29.8522319982756],[-82.2420537109858,29.85217591411],[-82.2419825545339,29.8521452097612],[-82.2419022774868,29.8521438237062],[-82.2418257643808,29.8521627664575],[-82.2417634967586,29.8522059055547],[-82.2416909146803,29.8522378151828],[-82.2416664553517,29.8522534996386],[-82.2416265764413,29.852279075791],[-82.241572588591,29.8523297247653],[-82.2415062201595,29.8523672673815],[-82.2414397681847,29.8524084920967],[-82.2413708494361,29.8523722981503],[-82.2413427375576,29.8523073336647],[-82.241339533267,29.8522990874681],[-82.2413167825341,29.8522405639168],[-82.2413014303259,29.8521721353775],[-82.2412369034407,29.8521286487779],[-82.241156709937,29.8521235782618],[-82.2410763897708,29.8521240340473],[-82.2410488878484,29.8521293647896],[-82.2409978491672,29.8521392580608],[-82.2409231982688,29.8521692861351],[-82.2408466842645,29.8521882288816],[-82.240772116011,29.8522145763792],[-82.2407147307324,29.8522749043862],[-82.2406814688124,29.8523402117051],[-82.2406373992611,29.8524005933953],[-82.240569487524,29.85243663852],[-82.2405284668548,29.8524970723527],[-82.2404784217104,29.8525520359673],[-82.2404313661591,29.8526097085406],[-82.2403753445231,29.8526592494437],[-82.2403103612938,29.8527006625845],[-82.2402572681655,29.852755571549],[-82.240207223021,29.8528105342422],[-82.2401363207923,29.8528438678991],[-82.2400572420978,29.8528345255321],[-82.2399879137175,29.8527987680445],[-82.2399372981428,29.8527447247013],[-82.239871077035,29.8527063633761],[-82.239794726524,29.8526848449701],[-82.2397156631009,29.8526834784004],[-82.2396366589666,29.8526796506027],[-82.2395577653251,29.8526709003487],[-82.239478701902,29.8526695337787],[-82.2393995288845,29.8526730896652],[-82.2392898526731,29.8526209800215],[-82.2392153347253,29.8526066434954],[-82.2391266871765,29.8525895894076],[-82.2390427153587,29.8525758909739],[-82.239032960553,29.8525782104051],[-82.23896268445,29.8525949162296],[-82.2388831161737,29.8525935403092],[-82.2388518386321,29.8525276947859],[-82.2388309141742,29.852460803643],[-82.238830015859,29.8524579294771],[-82.2387654171086,29.8524159965638],[-82.2387529547806,29.8523463940128],[-82.2387732522145,29.852277358612],[-82.2387038825116,29.8522394248439],[-82.2386867381644,29.8521697419204],[-82.2387486069346,29.852125914065],[-82.2387689043685,29.8520568785119],[-82.2387704827084,29.8519875187964],[-82.2387438880845,29.8519217523438],[-82.238674516585,29.8518838192197],[-82.2385954145343,29.8518620427468],[-82.2385676323375,29.8518475596366],[-82.2385674733357,29.8517998578402],[-82.2385673484699,29.8517629164938],[-82.238559114512,29.8493132806398],[-82.238559111817,29.8493129401545],[-82.238532636669,29.8493130866333],[-82.2343462188487,29.849336390781],[-82.2343462152554,29.8493058639826],[-82.2343457364534,29.8456712952033],[-82.234345704114,29.8454313009404],[-82.2343362035316,29.845431380416],[-82.2301454558317,29.8454664392869],[-82.2135265332439,29.845665379738],[-82.2093582479177,29.8456751630075],[-82.2093584644117,29.8455226690306],[-82.2093594579484,29.8448232350269],[-82.2093602071433,29.8442958715143],[-82.2093604559767,29.8441203342146],[-82.209360456875,29.8441199999451],[-82.2093462868497,29.8441204565463],[-82.2093233205211,29.8441200537087],[-82.2092666116739,29.8441190602504],[-82.2091948596389,29.8440883253734],[-82.2091182297519,29.8440596085721],[-82.2090386039834,29.8440561077008],[-82.2089617800603,29.8440358107488],[-82.2088956703436,29.8440746608366],[-82.208815850539,29.8440795790415],[-82.2087389295979,29.844063491243],[-82.208659060386,29.8440705155812],[-82.2085873083509,29.8440397775725],[-82.2085186007064,29.8440748197899],[-82.208441231506,29.8440898595852],[-82.2083681670323,29.8441159536479],[-82.2082904699468,29.8441335429232],[-82.2082107471603,29.8441342512005],[-82.2081307809303,29.8441454823415],[-82.2080530838447,29.8441630723908],[-82.2079822894138,29.8441955230044],[-82.2079137641273,29.8442343293958],[-82.2078337017776,29.8442497712249],[-82.2077559552847,29.8442694658259],[-82.2076874794056,29.8443061660609],[-82.2076307328291,29.8443578125357],[-82.2076177863092,29.8443954890518],[-82.2075516756942,29.8444343374413],[-82.2075242447387,29.8444717591366],[-82.207465084389,29.84452336345],[-82.207398925265,29.8445643163535],[-82.2073233014911,29.8445966819062],[-82.2072456529146,29.8446121657549],[-82.2071657828043,29.8446191884961],[-82.2070838869931,29.8446093295428],[-82.2070120864491,29.8445806954844],[-82.2069379700483,29.8445478125512],[-82.2068583433815,29.8445443101387],[-82.2068511478761,29.8445420785682],[-82.2067734992995,29.8445575608671],[-82.2066980695618,29.8445815066101],[-82.2066390062301,29.8446289009627],[-82.2065894551591,29.8446827803963],[-82.2065249336638,29.8447574513885],[-82.2064541392329,29.8447899010298],[-82.2063718059421,29.8447989854626],[-82.2062986920612,29.8448271815607],[-82.2062491418884,29.8448810616665],[-82.2062133574991,29.8449439630496],[-82.2061794604701,29.8450070038655],[-82.2061084351722,29.8450387537259],[-82.2060322247984,29.845060984388],[-82.2059849770078,29.8451167195838],[-82.2059218434096,29.8451580361186],[-82.205845576442,29.8451826237576],[-82.2057745502457,29.8452143743413],[-82.2056957455374,29.8452318449886],[-82.2056273154723,29.8452683547516],[-82.2055433768922,29.8452739523375],[-82.2054646251845,29.8452890690903],[-82.2053831165472,29.8453064945326],[-82.2053094969147,29.8453334843269],[-82.2052463633165,29.8453747999929],[-82.20519376516,29.8454280845153],[-82.2051818732623,29.8454380415634],[-82.2051358714349,29.8454765630741],[-82.2050752207802,29.8455273487376],[-82.2050041981772,29.8455590976533],[-82.2049384127523,29.8455980094822],[-82.2049205668209,29.8456684029211],[-82.2049135285206,29.8457389840905],[-82.20494789986,29.8457725834678],[-82.2050118320605,29.8458137727266],[-82.2050325732621,29.845837858419],[-82.2050592262765,29.8458688117041],[-82.2050729453476,29.8459331212022],[-82.2050738625275,29.8459374175389],[-82.2051239579776,29.8459925039775],[-82.2051767555601,29.8460476394732],[-82.2052200687299,29.8460952684387],[-82.2052268510102,29.846102725851],[-82.2052171123742,29.8461732607425],[-82.2051434388429,29.8462026065028],[-82.2050776543163,29.8462415196392],[-82.2050661361177,29.8462542262842],[-82.2049890444967,29.8462719725745],[-82.2049096010862,29.8462729660113],[-82.2048301585741,29.8462739594482],[-82.2047506046708,29.8462797260567],[-82.204671143294,29.8462838782329],[-82.204590068543,29.8462824546965],[-82.2045088868925,29.8462857435565],[-82.2044302968815,29.8462937923416],[-82.2043492239271,29.8462923695845],[-82.2042653374493,29.8462956093567],[-82.2041842644949,29.8462941865996],[-82.2040690618479,29.8463117256246],[-82.2039929107629,29.8463361727298],[-82.203919910968,29.8463664066907],[-82.20385328472,29.8464053446966],[-82.2037866557771,29.8464442842456],[-82.2037264668564,29.8464890659548],[-82.2036534697564,29.8465192983112],[-82.2035711436522,29.8465264471428],[-82.2034951264162,29.8465451665607],[-82.2034201638024,29.8465180656734],[-82.2033520382662,29.8464796255976],[-82.2032939666747,29.8464327681888],[-82.2032172110235,29.8464497719033],[-82.2031101111804,29.8464810257563],[-82.2029746021164,29.8465165875988],[-82.202902689283,29.8465463680316],[-82.2028363513942,29.8465917706885],[-82.2027531709922,29.8465954841826],[-82.2026755637381,29.8466148167891],[-82.2026151583235,29.8466603238228],[-82.20254324549,29.8466901057711],[-82.2024828409737,29.8467356127704],[-82.2024166225608,29.8467758432625],[-82.2023336802123,29.8467692110333],[-82.2022503803344,29.8467780965997],[-82.2021673194082,29.8467766372288],[-82.2020952870989,29.8468115896614],[-82.2020124642263,29.8467997861361],[-82.2019294015036,29.8467983267656],[-82.2018516756719,29.8468228306304],[-82.2017796442609,29.8468577846051],[-82.2017250518444,29.8469085680078],[-82.2016646446331,29.8469540733493],[-82.2015984244237,29.8469943029742],[-82.2015322051125,29.847034533362],[-82.2014718005962,29.8470800386461],[-82.2013940747645,29.8471045440001],[-82.2013278536567,29.8471447727851],[-82.2013080835339,29.8471818740095],[-82.2012543292456,29.84723249752],[-82.2011861264543,29.847268542173],[-82.2011179542057,29.8473031562788],[-82.2010434102068,29.8473290625039],[-82.2009720534305,29.8473593210973],[-82.2009086431513,29.847401179777],[-82.2008694101296,29.8474626872192],[-82.2008441234526,29.847529507691],[-82.2007953422377,29.8475855656379],[-82.2007174951335,29.8476152436825],[-82.2006344342074,29.8476137835448],[-82.2005513714847,29.8476123226278],[-82.2004872928588,29.8476111959686],[-82.2004683096603,29.84761086249],[-82.2003962764526,29.8476458138514],[-82.200335868343,29.8476913188569],[-82.2003237913923,29.8476995849129],[-82.2002695277592,29.8477367194349],[-82.2002141115877,29.8477337508553],[-82.2001319840111,29.8477323063023],[-82.2000534074749,29.8477194650516],[-82.1999919842691,29.8476754092877],[-82.1999339800512,29.8476256867057],[-82.1998550055613,29.8476300266023],[-82.199814192403,29.8476894722592],[-82.199757219451,29.8477371752404],[-82.1997033977891,29.8477906610823],[-82.1996446246133,29.8478343872132],[-82.1996432061735,29.8478354414086],[-82.1996440496915,29.8478343770842],[-82.1995378535536,29.8478066384195],[-82.199419312767,29.8477993790396],[-82.1993362509426,29.8477979181254],[-82.1992587622662,29.8478120769157],[-82.1991925411584,29.8478523038574],[-82.199114933006,29.8478716369998],[-82.1990430174776,29.8479014154702],[-82.1989655305979,29.8479155742458],[-82.19890512159,29.8479610799076],[-82.1988330883823,29.8479960327047],[-82.1987552412781,29.8480257067316],[-82.1987006452683,29.8480764887612],[-82.1986286111623,29.8481114391804],[-82.198556695634,29.8481412199168],[-82.1984788476314,29.8481708939005],[-82.1984069330014,29.84820067384],[-82.198335017473,29.8482304529915],[-82.1982572889464,29.8482549572839],[-82.1981798011683,29.8482691152303],[-82.1981019522675,29.848298789176],[-82.198024463591,29.8483129486744],[-82.1979414008683,29.8483114862095],[-82.1979277985783,29.8483129369872],[-82.1978580991937,29.8483203677428],[-82.1977750373693,29.8483189060571],[-82.1976860412741,29.848317339186],[-82.1976027395995,29.848326221498],[-82.1975251314471,29.8483455506529],[-82.1974360140793,29.8483491557798],[-82.1973697929715,29.8483893840635],[-82.1972923042951,29.8484035419908],[-82.1972345345375,29.8484471416312],[-82.1972292632234,29.8484511199669],[-82.197223412496,29.8484516700462],[-82.1970990272702,29.8484633393626],[-82.1970836508075,29.8484647823466],[-82.197016268178,29.8484262043317],[-82.1969345071141,29.8484213665932],[-82.1968924012801,29.8484058490525],[-82.1968208585526,29.8483730749017],[-82.196745965109,29.8483431064593],[-82.1967218103094,29.8483347204674],[-82.1966677200511,29.8483159445071],[-82.1965995963116,29.8482774996694],[-82.196541592992,29.8482277742707],[-82.1964868748114,29.8481781072835],[-82.1964221017878,29.8481368566678],[-82.1963472083443,29.8481068889337],[-82.1962857878334,29.8480628333407],[-82.1962277189368,29.8480159704416],[-82.1961730672315,29.8479634391828],[-82.1961084289552,29.8479164609224],[-82.1960300509467,29.8478950264117],[-82.1959618616301,29.8478594455813],[-82.1958797349519,29.8478579986927],[-82.1957972085234,29.8478737344815],[-82.1957179016568,29.8478923905353],[-82.1956357758769,29.8478909436472],[-82.1955535153497,29.8478952243166],[-82.1954746073352,29.847896697696],[-82.1953924797586,29.8478952508079],[-82.1953242895437,29.8478596699776],[-82.1952455144799,29.8478554173561],[-82.1952355261122,29.8478609711643],[-82.195156883999,29.8478509925415],[-82.1950747573207,29.8478495433153],[-82.1949996635529,29.8478281641102],[-82.1949383113139,29.8477812450018],[-82.1948902972603,29.8477259639822],[-82.1948288767494,29.847681907442],[-82.1947504331638,29.8476633354976],[-82.1946683064856,29.8476618870479],[-82.1945861807057,29.8476604393773],[-82.1945040531292,29.8476589917066],[-82.1944250786393,29.8476633292644],[-82.1943459047234,29.8476762585668],[-82.1942669293352,29.8476805953447],[-82.1941939277436,29.8477108226653],[-82.1941148203031,29.8477208870093],[-82.1940228391062,29.8477192648088],[-82.1939404456283,29.8477292730527],[-82.1938770317558,29.8477711284607],[-82.1938104010163,29.847810062023],[-82.1937311597267,29.8478258546976],[-82.1936837735955,29.8478851818066],[-82.1936332352759,29.8479387252265],[-82.193608709472,29.8480041849792],[-82.1935743956248,29.8480666091122],[-82.1935077648852,29.8481055417801],[-82.1934347605987,29.848135768193],[-82.1933810045138,29.8481863888823],[-82.1933143046039,29.8482281864415],[-82.1932351962651,29.8482382515124],[-82.1931566206272,29.8482254048727],[-82.1930745613226,29.8482210930514],[-82.1929924328478,29.8482196446098],[-82.1929103052712,29.8482181953889],[-82.1928279126917,29.8482282004662],[-82.1927487387758,29.8482411296956],[-82.1926696969123,29.8482483298279],[-82.1925966926258,29.8482785554184],[-82.1925397169788,29.8483262534432],[-82.1925216940793,29.848394693189],[-82.1924873820287,29.8484571170779],[-82.1924693582309,29.8485255575132],[-82.1924384777446,29.8485917773297],[-82.1924072136778,29.8486100452337],[-82.1923990237374,29.848614829981],[-82.192299467946,29.848614255749],[-82.1922979722511,29.8486141365394],[-82.192215355991,29.8486075254693],[-82.1921376256678,29.8485851654789],[-82.192059774072,29.8485680491515],[-82.1919883050063,29.8485353046616],[-82.1919168350423,29.8485025601608],[-82.1918701657667,29.8484954558822],[-82.1918388639706,29.8484906898287],[-82.1917510114308,29.8484807252935],[-82.1917184178573,29.8484644738036],[-82.1916536457321,29.8484232194104],[-82.1916089859877,29.8483651338069],[-82.1915643262434,29.8483070466112],[-82.1915196629057,29.8482489586026],[-82.1914683008311,29.8481964835652],[-82.1913968272738,29.8481608428475],[-82.1913182498393,29.8481479969771],[-82.1912399401027,29.8481236936795],[-82.1911613644648,29.8481108478042],[-82.1910897570585,29.8480809330446],[-82.1910249885266,29.8480396816096],[-82.1909395767093,29.8480381731706],[-82.1908541630955,29.8480366655107],[-82.1907687512783,29.8480351570716],[-82.1906833394611,29.8480336486325],[-82.1905979258472,29.8480321401934],[-82.19051948316,29.8480135659768],[-82.1904614169583,29.8479667007171],[-82.1904033498584,29.8479198354354],[-82.1903246412698,29.8479127163114],[-82.1902459326813,29.8479055964076],[-82.19022102689,29.8479164243021],[-82.1901425662365,29.8479255333834],[-82.190089634805,29.8478721270874],[-82.1900181675359,29.847839380811],[-82.1899896702801,29.8477706648638],[-82.1899792219751,29.8477022683228],[-82.189926533987,29.847638370579],[-82.189873726523,29.8475797196308],[-82.189869415508,29.8475061844218],[-82.1898409191506,29.8474374674661],[-82.1898124200982,29.8473687520215],[-82.189747214985,29.8473256233008],[-82.1896881453651,29.8472773544541],[-82.189622937557,29.8472342256939],[-82.1895450895545,29.8472171099141],[-82.1894736213871,29.8471843642019],[-82.189402154118,29.8471516184791],[-82.1893245477623,29.8471240113026],[-82.1892593426491,29.847080881697],[-82.1892247063067,29.8470173045697],[-82.18922039619,29.8469437681674],[-82.1891918971376,29.8468750531621],[-82.1891814497308,29.8468066552286],[-82.1891102277018,29.846763420299],[-82.1890326231427,29.8467358122361],[-82.1889796935079,29.8466824045246],[-82.1889144874964,29.8466392755075],[-82.1888645941672,29.8465985057791],[-82.1888554196732,29.8465910086665],[-82.1887839542007,29.846558262749],[-82.1887063469467,29.8465306546294],[-82.1886221155158,29.8465291664258],[-82.1885442684116,29.846512049746],[-82.1884790606034,29.8464689198761],[-82.1884262549361,29.8464102666826],[-82.1883794652862,29.8463517225379],[-82.1883779920491,29.8463481711012],[-82.1883509680304,29.8462830047877],[-82.1883526757278,29.8462095745904],[-82.1883543834251,29.8461361451184],[-82.1883137337602,29.8460724614227],[-82.1882485268504,29.8460293313629],[-82.1881641732486,29.8460330877321],[-82.1880862021768,29.846021215548],[-82.1880147367044,29.8459884694437],[-82.1879679461562,29.8459299227142],[-82.1879574996478,29.8458615249124],[-82.1879787187531,29.8458054784644],[-82.1879831510407,29.8457937659831],[-82.1880024234968,29.8457416356071],[-82.1880195274198,29.8456390055786],[-82.1879687357754,29.8455855840346],[-82.1879067744786,29.8455415148624],[-82.1878566332144,29.8455248959042],[-82.1878306790892,29.8455162946241],[-82.1877545836998,29.8454910751586],[-82.1877408044417,29.8454835000455],[-82.1877114510915,29.8454616621804],[-82.1876322861587,29.8454507132479],[-82.1875703212688,29.8454066440162],[-82.1875195862181,29.8453508341816],[-82.1874799678192,29.8452880608393],[-82.1874706298318,29.8452186590213],[-82.1874648797156,29.8451967268181],[-82.1874530210556,29.8451514988413],[-82.1874105540988,29.8450934502933],[-82.1873598190482,29.845037641842],[-82.1873006506137,29.8449912341204],[-82.1872245004271,29.8449684003602],[-82.1871916508338,29.8449678198738],[-82.1871451136105,29.8449669962845],[-82.1870659477794,29.8449560457394],[-82.1869865600645,29.8449546416634],[-82.1869103568773,29.8449341937338],[-82.1868540361022,29.8448830610347],[-82.1867892819433,29.8448413290846],[-82.1867130760611,29.8448208811317],[-82.1866340225195,29.844805158887],[-82.1865635703467,29.8447728752156],[-82.186484516805,29.8447571529633],[-82.1864112142779,29.8447295934339],[-82.1863379701412,29.8446996472735],[-82.1862760088445,29.8446555769311],[-82.1862280118588,29.8445998173234],[-82.186177222011,29.8445463944443],[-82.1861236949964,29.8444929240067],[-82.1860729051486,29.8444395010704],[-82.1860025643669,29.8444024455779],[-82.1859349616502,29.8443654376017],[-82.1858702056946,29.8443237054352],[-82.1858166256795,29.844272620733],[-82.1857403650001,29.8442545585187],[-82.1856632158869,29.8442746808895],[-82.1855836071864,29.8442828202218],[-82.1855043317609,29.84427664209],[-82.1854281824726,29.8442538066081],[-82.1853329269165,29.8442282486587],[-82.1852625870331,29.8441911907503],[-82.1852113381461,29.8441725830935],[-82.1851865500342,29.8441635819762],[-82.1851093443271,29.8441860902221],[-82.1850323057066,29.844201439336],[-82.1849342725597,29.8441650780068],[-82.1849078863448,29.8441347763697],[-82.1848848059302,29.844067518842],[-82.1848864175079,29.8439983109717],[-82.1848495371739,29.8439355850887],[-82.1848098774524,29.8438608690684],[-82.1847894686274,29.8438103739727],[-82.1847791326118,29.8437869064648],[-82.1847608563873,29.8437454070331],[-82.1847460449649,29.843675908303],[-82.1847202273837,29.8436086021567],[-82.184699885034,29.8435413941427],[-82.1846574189756,29.8434833431004],[-82.1846205404383,29.8434206168939],[-82.1845725461476,29.8433648550383],[-82.1845105839525,29.843320784107],[-82.1844312007292,29.8433193784496],[-82.1843518139126,29.8433179720131],[-82.1842727055737,29.8433046354095],[-82.1841934867421,29.8432960697809],[-82.1841336149267,29.8432950093041],[-82.1841141026204,29.8432946641232],[-82.1840348837888,29.8432860969354],[-82.1839137863969,29.8432259325816],[-82.183879177004,29.8431641708512],[-82.1838777675473,29.8430947075594],[-82.1838684322548,29.8430253049963],[-82.183862520442,29.8429631971805],[-82.1838618323324,29.8429559538116],[-82.1838394948246,29.8429149433675],[-82.1838344660556,29.8429057099375],[-82.1838276927584,29.8428932732462],[-82.1838046123438,29.8428260179992],[-82.1837538251909,29.842772593392],[-82.1836891276258,29.8427284738893],[-82.1836190536438,29.8426955381403],[-82.1835768256389,29.8426253405213],[-82.1835148661388,29.8425812692635],[-82.1834386629516,29.8425608192895],[-82.1834293240659,29.8425603728107],[-82.1833593345254,29.8425570269468],[-82.1832888859459,29.8425247409902],[-82.183232511272,29.8424759929551],[-82.1832112328778,29.8424120264147],[-82.1831599121256,29.8423581161465],[-82.1831549758832,29.8422878372538],[-82.1831229940624,29.842226629732],[-82.1830998570539,29.8421997481857],[-82.18307500067,29.8421708664306],[-82.1830074554455,29.8421314709425],[-82.182928182715,29.8421252911192],[-82.1828577332371,29.8420930065814],[-82.1827985665992,29.8420465967122],[-82.1827589526918,29.8419838220722],[-82.1827599408387,29.8419414616546],[-82.1827605669644,29.8419146143164],[-82.1827216232002,29.8418809372794],[-82.1827178817171,29.8418661083148],[-82.1827140198596,29.8417968054149],[-82.1826992075389,29.841727306108],[-82.1826816607465,29.8416577584422],[-82.182653050303,29.8415927908815],[-82.1826217053878,29.8415277741887],[-82.182559746786,29.8414837024466],[-82.1825240073124,29.8414496247536],[-82.1825224631085,29.8414368800955],[-82.1825156044713,29.8413802600075],[-82.1825090072438,29.8413109069013],[-82.1825106215164,29.8412416994584],[-82.1824902782685,29.8411744898515],[-82.1824726757805,29.8411073292894],[-82.1824633413864,29.8410379292413],[-82.1824181417545,29.8409798276538],[-82.1823590308122,29.8409310328913],[-82.1822886397248,29.8408963596947],[-82.1822154539786,29.8408640264488],[-82.1821507591085,29.8408199061029],[-82.1821331539256,29.8407527453025],[-82.1821046018726,29.8406853904336],[-82.1820621394074,29.8406273385104],[-82.1820113531528,29.8405739142855],[-82.181947143373,29.8405018567566],[-82.1818739648133,29.8404666052361],[-82.1818006299467,29.8404381406372],[-82.1817276912372,29.8403927055725],[-82.1816901820825,29.840330923389],[-82.1816448126691,29.8402723943814],[-82.1815796596582,29.8402270987206],[-82.181510374397,29.8401919148947],[-82.1814491928379,29.8401432942913],[-82.181408776735,29.8401173324363],[-82.1813839607752,29.8401013912711],[-82.1813066526602,29.8400762522557],[-82.1812246589327,29.8400849841331],[-82.1811965165114,29.8401041044953],[-82.1811613393832,29.8401280029948],[-82.1810820172453,29.8401162181599],[-82.1810080212187,29.840150008778],[-82.1809268242968,29.8401216851266],[-82.1808471069002,29.8401345959251],[-82.1807708659837,29.8401170815293],[-82.1807021673224,29.8400807607907],[-82.1806297343644,29.84004756469],[-82.1805760438565,29.8399955544306],[-82.1805148874502,29.8399497934525],[-82.1804944965916,29.8398824177825],[-82.180422064532,29.8398492208367],[-82.180375841719,29.8397909611559],[-82.1803370084476,29.8397296391175],[-82.1802982506346,29.8396651300411],[-82.1802483671869,29.8396068040194],[-82.1801872089841,29.8395610436424],[-82.1801222455177,29.8395215964757],[-82.1800830592084,29.8395177899916],[-82.1800286033358,29.8394561132407],[-82.1799599064711,29.8394197914826],[-82.179883444569,29.8394024787793],[-82.1798072054492,29.8393755964729],[-82.1797423147463,29.8393329614427],[-82.179669883585,29.8392997627559],[-82.1796311248738,29.8392352526226],[-82.1795812423243,29.8391769279082],[-82.1795275545114,29.8391249171954],[-82.1794961143747,29.8390605355209],[-82.179438765927,29.8390084592927],[-82.1793851490809,29.8389532591314],[-82.1793279488552,29.8388948033428],[-82.1792780672041,29.8388364768713],[-82.1792207178581,29.8387844013055],[-82.1791633694104,29.8387323241543],[-82.1790985532677,29.8386864979217],[-82.1790260493428,29.8386564915073],[-82.1789461522831,29.8386295419867],[-82.1788697658395,29.8386090413331],[-82.178793527618,29.8385821572547],[-82.1787070638736,29.838558370594],[-82.1786894003002,29.8385446180271],[-82.178647083362,29.83851166921],[-82.178587280717,29.8384573648853],[-82.1785272993071,29.8384106611165],[-82.1784851171163,29.8383490616048],[-82.1784073400807,29.8383172566302],[-82.1783292082106,29.8383006567298],[-82.1782510763404,29.8382840560474],[-82.1781727666038,29.8382750598541],[-82.1780949895682,29.8382432525183],[-82.1780396425669,29.8382117101103],[-82.1780261121421,29.8382039996384],[-82.1779908694369,29.8381737335957],[-82.1779089062521,29.8381495580021],[-82.1778269448639,29.8381253816234],[-82.1777444507747,29.8381239166715],[-82.1776576169244,29.8381223745758],[-82.177586345488,29.8381094642964],[-82.1775072982346,29.8380937363198],[-82.1774279177062,29.8380923259135],[-82.1773485362795,29.8380909162864],[-82.1772714464551,29.8381086468843],[-82.1771915062763,29.8381311003902],[-82.1771191784212,29.8381600924057],[-82.1770764311901,29.8381491013735],[-82.1770269349162,29.8381425020783],[-82.1769475525912,29.8381410916728],[-82.1768782852963,29.8381756723183],[-82.1768223678648,29.8382248151837],[-82.1767584060199,29.8382666527567],[-82.1767009803171,29.8383124261943],[-82.1766998071173,29.8383133612682],[-82.1766358443741,29.8383551995834],[-82.1765586431586,29.8383777029045],[-82.1764966890484,29.8383336266556],[-82.1764570814292,29.8382708489028],[-82.1764062987679,29.8382174226383],[-82.1763444003532,29.8381709610976],[-82.176268148657,29.8381528938837],[-82.1762312773061,29.8380901651088],[-82.1762268602899,29.8380755662335],[-82.1762109403464,29.8380229549397],[-82.1761574223151,29.8379694794511],[-82.1760869782271,29.8379371912323],[-82.1760361973624,29.8378837632309],[-82.1760075932071,29.8378187947739],[-82.175993682795,29.8377782443052],[-82.1759845208774,29.8377515353306],[-82.1759709042143,29.837711838874],[-82.1759614476493,29.8376842766213],[-82.1759217834362,29.8376238860322],[-82.1758430173555,29.8375962232341],[-82.1757658709372,29.8376163391541],[-82.1757627861225,29.8376161404496],[-82.1756755776747,29.8376145897745],[-82.1755883710236,29.8376130398786],[-82.1755040973719,29.8375687123789],[-82.1754393530944,29.8375269750348],[-82.1753913659902,29.8374712106679],[-82.1753405851255,29.8374177831965],[-82.1752898042608,29.8373643580343],[-82.1752473489822,29.8373063026225],[-82.1752160085586,29.8372412839187],[-82.1751366271318,29.8372398727212],[-82.1750572484001,29.8372384607444],[-82.1749801576773,29.8372561922728],[-82.174913513463,29.8372955935799],[-82.1748531547608,29.8373413549947],[-82.1748403501747,29.8373527840462],[-82.1747661080097,29.8373797027418],[-82.1747032807371,29.8374222240581],[-82.1746176892568,29.8374309701938],[-82.1745384039498,29.8374218585968],[-82.1744937585785,29.8373659796237],[-82.1744926338878,29.8373645699863],[-82.1744928144492,29.8373568719169],[-82.1744648822337,29.8372922000062],[-82.1744702847019,29.8372760277361],[-82.1744870445701,29.8372258495777],[-82.1744171906753,29.8371912350961],[-82.1743411473882,29.8371693463258],[-82.1742613823808,29.8371807637085],[-82.1741845027622,29.8372049847323],[-82.1741842575221,29.837205062656],[-82.1741784786599,29.8372043971877],[-82.1741296857669,29.8371987905779],[-82.1741049731135,29.8371959510384],[-82.1740979725424,29.8371904994964],[-82.1740442461019,29.837148663031],[-82.1739713271554,29.8371191291519],[-82.1738918019982,29.837120280865],[-82.173831856521,29.8371654220873],[-82.1738137680444,29.8371830788219],[-82.1737776198374,29.8372183650084],[-82.173700495877,29.8372426631676],[-82.1736243933011,29.8372233404353],[-82.1735544765242,29.8371912904219],[-82.1734795588261,29.8371771324635],[-82.1734198370294,29.8371306275809],[-82.1733645457237,29.8370804142837],[-82.1732866617885,29.8370676682888],[-82.1732269417884,29.8370211641345],[-82.1731444503942,29.8370196960494],[-82.1730741859693,29.8370525276937],[-82.173055223432,29.8371203525549],[-82.1730189853935,29.8371840824793],[-82.1729470743566,29.8372197333482],[-82.1729085393259,29.8372388394534],[-82.1728290734575,29.8372374251389],[-82.1727492464665,29.837251406202],[-82.172669600935,29.8372576907446],[-82.1725871302021,29.8372587902472],[-82.1725185977291,29.837293509123],[-82.1724391291658,29.8372920948093],[-82.1723598447571,29.8372829816412],[-82.1722958784207,29.8372693870837],[-82.1722807391132,29.837266171175],[-82.1722012723465,29.8372647568609],[-82.1721270930636,29.8372891064383],[-82.1720670281104,29.8373393780734],[-82.172012848919,29.8373897541007],[-82.1720200552042,29.8374591933076],[-82.1720184319485,29.8375284742818],[-82.1720404146218,29.8375956099771],[-82.1720802369384,29.8376553616118],[-82.1720580728054,29.8377217101966],[-82.1720241937428,29.8377852838909],[-82.1719757799388,29.8378408969114],[-82.1718964946319,29.8378317837933],[-82.1718204531414,29.8378098936049],[-82.1717409270859,29.8378110445309],[-82.1716612204691,29.8378198942704],[-82.1715898026073,29.8378519931737],[-82.1715136991331,29.8378326690009],[-82.1714649277997,29.8377778920922],[-82.1714191595343,29.8377206021275],[-82.1713785350222,29.8377172498675],[-82.1713398131419,29.8377140550125],[-82.1712712770756,29.8377487729508],[-82.1712286897446,29.8378070571997],[-82.1711674875243,29.8378582130022],[-82.1711153636782,29.8379118693321],[-82.1710478310301,29.8379550153652],[-82.1709675261353,29.8379686791809],[-82.1709115125841,29.8380175766905],[-82.170837589321,29.8380481723949],[-82.1707636678546,29.8380787657523],[-82.1707246962426,29.83810771025],[-82.1706434642864,29.8381062632201],[-82.1705698707051,29.8380803070695],[-82.1705109115781,29.8380330498707],[-82.1704409948012,29.8380009977794],[-82.170405535602,29.8379972870828],[-82.1703739589214,29.8379967244782],[-82.1702891229243,29.8379982922904],[-82.1702143750078,29.8380216060916],[-82.1701328528958,29.8380324747986],[-82.1700580322158,29.8380588665514],[-82.1699763663733,29.8380758942894],[-82.1698915285796,29.8380774628796],[-82.1698098609404,29.8380944913936],[-82.1697316527135,29.8381146602009],[-82.1696809068831,29.8381692070523],[-82.1696061580683,29.8381925176968],[-82.1695312673197,29.8382219889202],[-82.1694530599911,29.8382421592603],[-82.1693816987232,29.8382716935866],[-82.1693035650564,29.8382887828473],[-82.1692187263644,29.8382903506549],[-82.1691405181374,29.8383105209812],[-82.1690725444165,29.8383462766439],[-82.1690148770668,29.8383945365605],[-82.1689469051425,29.8384302906347],[-82.1688688415443,29.8384443011415],[-82.1687838582235,29.8384520271793],[-82.168702263348,29.8384659761241],[-82.1686309029784,29.8384955088258],[-82.1685595417106,29.8385250407396],[-82.1684782351942,29.8385266732193],[-82.1683967831508,29.8385344623681],[-82.168318649484,29.8385515515839],[-82.1682405849875,29.8385655620737],[-82.1681726103682,29.8386013168659],[-82.168088429243,29.8386732612198],[-82.1680098832495,29.8386855059679],[-82.1679359492066,29.8386841875185],[-82.1679378042277,29.8386432010348],[-82.1679369086073,29.8386431402552],[-82.1679286090724,29.8386429906439],[-82.1679203805044,29.8386434714261],[-82.1679149762397,29.8386444875364],[-82.1678649939773,29.8386565943651],[-82.1678362685494,29.8386635520701],[-82.1678295608292,29.8386656645505],[-82.1677631555668,29.8386916517181],[-82.1676903965204,29.8386933730268],[-82.1676844182321,29.8386938467958],[-82.1676764124463,29.8386955642083],[-82.1676695556058,29.8386981450024],[-82.1676006233824,29.8387299420634],[-82.1675369346254,29.8387519956873],[-82.1674643480555,29.8387507006156],[-82.167384459979,29.8387492987901],[-82.1673822132925,29.8387492115169],[-82.1673046329879,29.8387446024017],[-82.1673024042677,29.83874442318],[-82.1672261849108,29.8387366971648],[-82.1671563085581,29.8387201355161],[-82.1670869056175,29.838689942877],[-82.1670828685886,29.8386883875432],[-82.1670749499394,29.8386863864925],[-82.1670712318124,29.8386858784376],[-82.1669938868665,29.8386780589108],[-82.1669205762545,29.8386574522924],[-82.166915226787,29.8386562444928],[-82.1669115050667,29.8386557372169],[-82.1668295266105,29.8386474517109],[-82.1668250476105,29.8386471859949],[-82.1667429083559,29.8386457202714],[-82.1666607708979,29.8386442561064],[-82.166658623026,29.8386442592233],[-82.1665724934549,29.8386461324818],[-82.1665653455602,29.8386467628754],[-82.1664867977701,29.8386590084059],[-82.1664796813164,29.8386606245197],[-82.1664127810822,29.8386807667191],[-82.1663390788048,29.8386794513866],[-82.1663345899233,29.8386795558028],[-82.1662522916668,29.8386849098604],[-82.1662485501837,29.8386852854471],[-82.1662405443979,29.8386870020805],[-82.1662329994478,29.8386899062534],[-82.1662309279327,29.8386909613244],[-82.1661635542864,29.8387272856853],[-82.166159361849,29.8387298282965],[-82.1660954458182,29.8387732435881],[-82.1660889581852,29.8387786732255],[-82.1660797378772,29.8387881618434],[-82.1660365855059,29.8388325729581],[-82.1660334997929,29.8388361207659],[-82.1659905459492,29.8388914776159],[-82.1659400696134,29.8389434292293],[-82.1659380861333,29.8389456180677],[-82.165889788212,29.8390027507061],[-82.1658886859792,29.8390041112292],[-82.1658466484171,29.8390582866849],[-82.1657988086367,29.8391011789757],[-82.1657338505602,29.8391311431785],[-82.1657266568514,29.8391353065609],[-82.165724752423,29.8391367169525],[-82.1656692787592,29.8391800362229],[-82.1656031977886,29.8392105162466],[-82.1655988382646,29.8392127985856],[-82.1655631257404,29.8392338445701],[-82.1655329728896,29.8392516131469],[-82.1655313720918,29.8392525178224],[-82.1655215391327,29.8392578157454],[-82.1654827076579,29.8392787378242],[-82.1654656109214,29.8392879505506],[-82.165460073706,29.8392914414591],[-82.165454033434,29.8392958635361],[-82.1654022266933,29.839333779624],[-82.1653343697533,29.8393572754511],[-82.1653290211841,29.8393594728518],[-82.1653269496691,29.8393605271366],[-82.1652623060029,29.8393954338531],[-82.1652595499716,29.8393968107345],[-82.1651911252964,29.839428316145],[-82.16513885233,29.8394524322084],[-82.1651195780773,29.8394613223219],[-82.1651120079744,29.8394657576381],[-82.1650855822337,29.8394850924041],[-82.1650575925261,29.8395055757351],[-82.1649960776921,29.8395151632448],[-82.1649186249483,29.8395137824689],[-82.1648364847953,29.8395123151997],[-82.1648342354138,29.839512319875],[-82.1647560397633,29.8395141666238],[-82.1647444101736,29.8395127102637],[-82.1646783130333,29.8394899430431],[-82.1646672520773,29.8394861318824],[-82.164659185206,29.8394840801985],[-82.1646509853841,29.8394833056547],[-82.1645590095771,29.8394816630607],[-82.1644807187051,29.8394802643623],[-82.1644026083945,29.8394577745364],[-82.1643959213356,29.8394563103832],[-82.1643129376646,29.8394436589771],[-82.164236616798,29.8394255678376],[-82.1641623422937,29.8394079629279],[-82.1640979546474,29.8393810471165],[-82.1640977758827,29.8393809723114],[-82.16405684774,29.8393568710359],[-82.1640489847863,29.8393522401305],[-82.1640427935974,29.839348596497],[-82.1640297931786,29.8393409414376],[-82.164029176036,29.8393405946846],[-82.1640289379825,29.8393405861131],[-82.1640034509812,29.8393749341359],[-82.163911121238,29.8393679086883],[-82.1638324216326,29.8393607741494],[-82.1637470187985,29.8393592484364],[-82.1636687216384,29.8393349281948],[-82.1636039701744,29.8392936630171],[-82.1635392160154,29.8392523970432],[-82.1634669752969,29.8392228536561],[-82.1633955727065,29.8391920611684],[-82.1633258212197,29.8391535987923],[-82.1632449881155,29.8391483047598],[-82.1631673063013,29.8391340839619],[-82.1630469060021,29.8390761300983],[-82.1629758654327,29.8390462679571],[-82.1629259011366,29.8389917628836],[-82.1628549459073,29.8389583279786],[-82.1627923971124,29.8389161080965],[-82.1627149578433,29.8388968534805],[-82.162658764629,29.8388458111974],[-82.1626025723131,29.8387947696674],[-82.1625250908232,29.8387773017901],[-82.1624476102316,29.8387598339097],[-82.1623719595083,29.838740050949],[-82.1623063762043,29.8386989912411],[-82.1622321403276,29.8386722801749],[-82.1621582682685,29.8386465867704],[-82.1621578514502,29.8386464410552],[-82.1621573367156,29.8386462618333],[-82.1620783837852,29.838647238203],[-82.1619994299566,29.8386482137936],[-82.1619204788229,29.8386491901633],[-82.1618415258926,29.8386501657538],[-82.1617584173557,29.8386511927732],[-82.1616794662221,29.8386521683637],[-82.1615358345913,29.8386539434396],[-82.1473518611582,29.8388286293043],[-82.1473436784042,29.8388287181358],[-82.1472083184606,29.8388302009996],[-82.1466904594622,29.8388336365991],[-82.1466904504791,29.8388239414911],[-82.1466866856397,29.835203458832],[-82.1387198094559,29.8350307809992],[-82.1384044765366,29.8350239375914],[-82.1374592593132,29.8350194919478],[-82.1373636516175,29.835019041539],[-82.1363257363416,29.8350139366461],[-82.134250578628,29.835003697248],[-82.1342499048915,29.835003694131],[-82.1342251958313,29.83300504483],[-82.1342019240755,29.8311225710688],[-82.1325134812102,29.8311404462917],[-82.1300298559436,29.831166701932],[-82.1299969973672,29.8280327426628],[-82.1299783690031,29.8262560454373],[-82.1299666217342,29.8251354375843],[-82.1299666073611,29.8251340355678],[-82.1299493462329,29.8234779456942],[-82.1298052016641,29.8234793407199],[-82.1262996295741,29.8235132546458],[-82.1256284110887,29.8235197364471],[-82.1249662009091,29.8235261286234],[-82.1237138721479,29.8235382100071],[-82.1236978641695,29.8216935243329],[-82.1236873251346,29.8204791004621],[-82.1236823682309,29.8198643655601],[-82.1236779997237,29.8180397342854],[-82.1236765480461,29.817432694899],[-82.1236736303181,29.8162146667575],[-82.1236692303698,29.8143758450936],[-82.1236649516942,29.812588835674],[-82.1236562380359,29.8089480579677],[-82.1236477013457,29.8053815184091],[-82.1214931918498,29.8054011466198],[-82.1214622655495,29.8016759657752],[-82.1193763397305,29.8016892635021],[-82.1193501987558,29.7980956972158],[-82.1173033316853,29.7981031784782],[-82.1172714603574,29.7908373883629],[-82.1172714495776,29.7908351898955],[-82.1130924581298,29.7908414952869],[-82.1089306891826,29.7908482013915],[-82.1089082771146,29.7871959920636],[-82.1088973221597,29.785410814955],[-82.1088859818275,29.7835624188891],[-82.1088825143305,29.7829973903889],[-82.1088789857481,29.7824221326285],[-82.106606911036,29.7824163342679],[-82.1049582006557,29.782412102252],[-82.1048845145478,29.78240632884],[-82.1048845118529,29.7823960146642],[-82.1049223120618,29.78234634693],[-82.1049752911039,29.7822949241456],[-82.1050242474903,29.7822101745364],[-82.1051005926114,29.7820996327144],[-82.1051126938166,29.7820789232131],[-82.1051220129393,29.782035062281],[-82.1051554850651,29.781985836439],[-82.1051694844105,29.7819543277397],[-82.1051784855296,29.781907928934],[-82.1052269496392,29.7817860394784],[-82.1051624964159,29.7817378270841],[-82.1051652901764,29.7816218106767],[-82.1051579105164,29.7816010192112],[-82.1051256322516,29.7815102694465],[-82.1050930090337,29.7813566686843],[-82.1050512382713,29.7810815523962],[-82.1049994494969,29.780969789916],[-82.1050801442605,29.7808488224549],[-82.1051302361174,29.7807731704496],[-82.1051524748106,29.7807439013806],[-82.1051758911951,29.7807443286435],[-82.1051895869099,29.7807241459236],[-82.1051945527968,29.780699949421],[-82.1051934101398,29.7806871673903],[-82.1051875800736,29.7806857686491],[-82.105061907562,29.7806385505938],[-82.1051020541703,29.7805137591879],[-82.1052037452571,29.7804438913703],[-82.105264456099,29.7803764381724],[-82.1053750791346,29.7802656175391],[-82.1054627798592,29.7801535227834],[-82.1054675220656,29.7798949932978],[-82.1054499186793,29.7798470606791],[-82.1054114177845,29.7797423638839],[-82.1054345395216,29.7795992425071],[-82.1054350551546,29.7795961167463],[-82.1054398000559,29.7794750220959],[-82.1054429540409,29.7793518634655],[-82.1054439412894,29.779313485665],[-82.1053916332887,29.7791054506281],[-82.1053729312628,29.7790310409116],[-82.1054291343585,29.7789581951996],[-82.1054815097328,29.7788963345068],[-82.1055092128779,29.7788299811912],[-82.1055190512269,29.7788064266971],[-82.1054792540632,29.7787151005455],[-82.1055316977095,29.7785560711643],[-82.1055316321325,29.7785549125389],[-82.1055269321469,29.7784764963424],[-82.1055600683028,29.7782957972724],[-82.1055683256169,29.7782801628064],[-82.1056295071759,29.7781641728007],[-82.1056120834527,29.7780616761126],[-82.1055694637823,29.7779526953454],[-82.1055301588954,29.777867043847],[-82.1054709635114,29.7777996746802],[-82.1054099777851,29.7777320801346],[-82.1053720994228,29.7775467249012],[-82.1053262350377,29.777440378189],[-82.1052542934582,29.777412655856],[-82.1052114878365,29.7773742211735],[-82.1052102346867,29.7773582458333],[-82.1052070106332,29.7773167102486],[-82.1051666187847,29.7772317537025],[-82.1051411964622,29.7771942935814],[-82.1050797445102,29.7771565051905],[-82.1050791830632,29.7771561660189],[-82.1050076690817,29.7770872229282],[-82.104973481897,29.7770118121288],[-82.1050301943375,29.776951710031],[-82.1050318741871,29.7769396409535],[-82.1049359341147,29.7768205773474],[-82.1047275950374,29.7768194264991],[-82.1046521760794,29.7767843248399],[-82.1046997499585,29.7766665452294],[-82.1046670557738,29.7766286233091],[-82.104632703299,29.7765887458635],[-82.1045500277501,29.7765027930102],[-82.1044740419552,29.7764336865101],[-82.1044493912855,29.7764112596937],[-82.104258597204,29.7762968940016],[-82.1042406048471,29.7762860840794],[-82.1039934828041,29.7762446166647],[-82.1038870989182,29.77623320246],[-82.1036777645076,29.7762107163406],[-82.1035090438292,29.7761812478909],[-82.1033960213934,29.7761000174103],[-82.1033576633308,29.7760720849634],[-82.10327707367,29.776013427891],[-82.1031626049466,29.7759923491059],[-82.1031295514358,29.7759862704557],[-82.1030541881733,29.7759724009018],[-82.1029453060727,29.7759300561784],[-82.1029402773037,29.7759280944168],[-82.1029094677844,29.7759257942592],[-82.1029095028187,29.7759191128856],[-82.1027511954111,29.7759089461872],[-82.1026830851463,29.7759081384028],[-82.1024502310449,29.7758804055094],[-82.1023255403918,29.7758621383485],[-82.1022158614855,29.7758500590033],[-82.1020786923349,29.7758419850535],[-82.1019798183649,29.7758447920279],[-82.101851304482,29.7758490352374],[-82.1017433422562,29.7758757116259],[-82.1016021405683,29.7759615995215],[-82.1015606671482,29.7759962648293],[-82.1015133555772,29.7760454273403],[-82.1014092363442,29.7760971465066],[-82.1012831928283,29.7761689299922],[-82.1011962700448,29.7761898036757],[-82.1011003254809,29.7762162632135],[-82.1010420122425,29.7762549899526],[-82.1009624143219,29.7762911818343],[-82.1008445427802,29.7762489705764],[-82.1007768942494,29.7761244005963],[-82.1006702498521,29.77600893518],[-82.1005508511744,29.775879649186],[-82.1003695172512,29.7758504628957],[-82.1002157634038,29.7758410384793],[-82.1000412297272,29.7758162427549],[-82.0998506593262,29.7757164789077],[-82.0996977597767,29.7756364410167],[-82.0995914270948,29.7755289562272],[-82.0996005333168,29.7754024945339],[-82.0996025680009,29.7753181227127],[-82.0996715128007,29.7752191380892],[-82.0997397218802,29.7751517959906],[-82.0998611803948,29.7751329033608],[-82.0999888453698,29.7751088723673],[-82.1000569295834,29.7750468104676],[-82.1000690837893,29.7749990361507],[-82.1000709316238,29.774991727819],[-82.1000836427851,29.7749417928658],[-82.1001222954951,29.7748490737235],[-82.1001126826232,29.7747418235655],[-82.1000839580937,29.7746779821077],[-82.1000371127483,29.7746138084464],[-82.1000696030155,29.774430127751],[-82.10006680656,29.7743824584031],[-82.1000643766172,29.7743410299661],[-82.1000569762958,29.7742923227589],[-82.1000894872243,29.7741979507718],[-82.1001208869367,29.7741510251742],[-82.1001269343952,29.7741511382348],[-82.1001579514254,29.7741200512423],[-82.1001777565824,29.7740518202932],[-82.1001796511294,29.7740321071809],[-82.1001822274976,29.7740050341987],[-82.1001858117756,29.7739675564963],[-82.100211071503,29.7739203017446],[-82.100297673588,29.7737636070615],[-82.1004990183825,29.7736009074129],[-82.1005787169145,29.7735761314069],[-82.1006812901469,29.7734787255815],[-82.1007680117078,29.7734137051404],[-82.1008873924192,29.7732312074418],[-82.1009178668669,29.7732212330653],[-82.1010088437473,29.7732123425203],[-82.1010094806528,29.7731859788761],[-82.1010162943743,29.7731544463548],[-82.1010895034767,29.7731294144849],[-82.1012120049353,29.773068347862],[-82.101285234699,29.7730569590267],[-82.101360306009,29.7730330600903],[-82.1014118675096,29.7729971508556],[-82.1014984417468,29.7729838898627],[-82.1015472867421,29.772967869377],[-82.1015899306669,29.7729539097353],[-82.1017231364505,29.7729511011204],[-82.1017891482508,29.7729734086322],[-82.1018132239988,29.7729791311253],[-82.1018978974008,29.7729806859217],[-82.1019530288064,29.7730019119313],[-82.1019698659298,29.7730083837503],[-82.1021001773416,29.7730355981342],[-82.1021083259595,29.7730372995203],[-82.102216566663,29.7730656616689],[-82.1022855959044,29.773081972201],[-82.1023242962252,29.7732276276762],[-82.1023384042667,29.773343349713],[-82.102378619147,29.7734276171542],[-82.1024904162808,29.7735033511231],[-82.1025618449223,29.7735521335683],[-82.1025974128176,29.7735676642883],[-82.102644742355,29.7735385545179],[-82.1027065707011,29.7735225247641],[-82.1027679274316,29.7735158120408],[-82.1028029195069,29.7734648837508],[-82.1028676664793,29.7734416508045],[-82.1029518691641,29.7733882686533],[-82.1030189068405,29.7733577038461],[-82.1031959522066,29.7733031091623],[-82.1032934580425,29.7732470859736],[-82.1033229569198,29.7732239753952],[-82.1033475366226,29.7732047323005],[-82.1034202857876,29.7732118411503],[-82.1034742296204,29.773175234116],[-82.1035909917427,29.773145579196],[-82.1036610890809,29.7731266230291],[-82.1037544186491,29.7731052036713],[-82.1037935609409,29.7731319384911],[-82.1038410225307,29.7730894654697],[-82.1038587121553,29.773043528059],[-82.1038635540746,29.7729800005325],[-82.1038844120572,29.7729399243604],[-82.1039255755585,29.7728828381854],[-82.1039569168804,29.7728198244047],[-82.1040008597692,29.7727859463135],[-82.1040484309533,29.7727376711052],[-82.1040591936688,29.7727031582781],[-82.1041028598764,29.7726808280938],[-82.1041894314187,29.7726650874862],[-82.1042223726401,29.7726743554739],[-82.104253716657,29.7726113423418],[-82.10428508942,29.7725483003196],[-82.104407013262,29.7724875787677],[-82.10446210604,29.7725157625113],[-82.104509950312,29.772455939202],[-82.1045344689294,29.7724014625473],[-82.1045889634295,29.7723417615892],[-82.104642906364,29.772305151118],[-82.1046817683815,29.7723434629871],[-82.1046890061077,29.7723373794369],[-82.1047088265362,29.7723208278431],[-82.1047627667757,29.7722842189237],[-82.1047506835368,29.7722348487142],[-82.1047418710639,29.7721884243516],[-82.1047367515651,29.7721247411136],[-82.1047192326204,29.7720261213734],[-82.1047208370115,29.7719596465438],[-82.1047782923588,29.7719144657482],[-82.1048285045899,29.7718951436475],[-82.1049185238662,29.7718736624264],[-82.1049710618356,29.7718508634295],[-82.1049889014788,29.7718431579773],[-82.1050560774958,29.7718067937236],[-82.1051202208003,29.771758818246],[-82.1052005382715,29.7717304479299],[-82.105202542413,29.7717047965847],[-82.1052053074274,29.7716698334873],[-82.1051595490434,29.7715041931233],[-82.105161428319,29.7714261706374],[-82.105182746239,29.7713800250504],[-82.105210420638,29.7713201059331],[-82.1052882479793,29.771255029508],[-82.1053559638837,29.7711647928005],[-82.1053738735955,29.7711409706081],[-82.1053888485113,29.7709315555845],[-82.1054014922989,29.7708516409694],[-82.1054020061353,29.770848393294],[-82.1055079363719,29.7707782200867],[-82.1054290310523,29.7707330286213],[-82.1054448422996,29.7706747333473],[-82.1054545485962,29.7705831861268],[-82.105459354583,29.7705381411676],[-82.1055472933611,29.7703633430165],[-82.105558746881,29.7703080238646],[-82.1055794099291,29.7702079285911],[-82.1056851533162,29.7700648941767],[-82.1057648248988,29.7699571367295],[-82.1058506310764,29.7698304566851],[-82.1059740910374,29.7696481419401],[-82.10604339157,29.7695953386909],[-82.1062768322713,29.7694174026791],[-82.1063624165651,29.769352164386],[-82.106614492817,29.7692788336369],[-82.1066785597647,29.7692602042401],[-82.1070402457526,29.7691397341613],[-82.1070749692316,29.7691208411772],[-82.1073356279877,29.768978938994],[-82.1073409478108,29.7689701252695],[-82.1076742641037,29.7689255115769],[-82.1079090073622,29.7688569480263],[-82.1084867956681,29.7686067337119],[-82.1088234123714,29.7684136777069],[-82.1089015208853,29.7683688812994],[-82.1089066511639,29.7683664990919],[-82.1090911381738,29.7682810647497],[-82.1092486999797,29.7682839163832],[-82.1092533397781,29.7681300652998],[-82.1092565728149,29.7680231892574],[-82.1092645094304,29.767704704057],[-82.1089125333324,29.76769177143],[-82.1079240909741,29.7676554423188],[-82.107527677914,29.7676408705901],[-82.107426211406,29.7675434652309],[-82.1072847680713,29.7673649040888],[-82.1072850726001,29.7673522459008],[-82.1072904121862,29.767130374502],[-82.1072038190844,29.7670016922965],[-82.1068563821735,29.7669953300391],[-82.1066808495704,29.766835673815],[-82.1066745712448,29.7666302688121],[-82.1065464642988,29.7663639416173],[-82.1063148777203,29.7662032839162],[-82.1058806518748,29.7660779965104],[-82.1055126372558,29.7659601372474],[-82.1051684953654,29.7659558639868],[-82.1049096026971,29.7660443305815],[-82.1048280707036,29.7660721831672],[-82.104500148794,29.7659311554913],[-82.1043954393678,29.7658153695257],[-82.1041514174108,29.7655455373241],[-82.1039447671662,29.7653169868611],[-82.1039081275807,29.7653605408575],[-82.1035887576326,29.7652755008685],[-82.103319726578,29.7651305699594],[-82.1031508298299,29.7648776544662],[-82.102971836018,29.764686767702],[-82.1027946900405,29.7644964092809],[-82.1025660445462,29.7644076379755],[-82.1023222390832,29.7644756384338],[-82.1023220145044,29.7644078095324],[-82.102067740075,29.7642981331382],[-82.1018134360012,29.7641884566239],[-82.1015222614749,29.7641370713039],[-82.1012441771989,29.7640880129006],[-82.1009793718195,29.764041290775],[-82.1007268446133,29.7639285906645],[-82.1004742814746,29.7638159169407],[-82.1002217551667,29.7637032446497],[-82.1001053532688,29.7636513139937],[-82.0999691983162,29.7635905714523],[-82.0997166720083,29.7634778981282],[-82.0994569205507,29.763378485384],[-82.0991971735846,29.7632790436881],[-82.0989374266185,29.7631796018935],[-82.0986745014129,29.76309432221],[-82.0984132327008,29.7630095657098],[-82.0981514339826,29.7629246336793],[-82.0978855676928,29.7628383899258],[-82.0976847933284,29.7626635970548],[-82.0974840234557,29.7624887758055],[-82.09719829272,29.7624341245095],[-82.0969551079928,29.7623017032711],[-82.0968899082695,29.762290968261],[-82.0967326527891,29.762265073534],[-82.096453929811,29.7622191600128],[-82.0964257334908,29.7621990336059],[-82.0963010958384,29.7621100723279],[-82.0962824108805,29.7620967475079],[-82.0961167768135,29.7619785412191],[-82.0959541485094,29.7618624527928],[-82.0958907481116,29.7618171988184],[-82.0957897550158,29.7617451219709],[-82.0955995807718,29.7616093832223],[-82.0954474915026,29.761500832954],[-82.0953274163935,29.7613758991683],[-82.0952628535757,29.7613016338051],[-82.0952483772249,29.7612511165136],[-82.0952206704866,29.7612249454584],[-82.0951984210137,29.7612038542033],[-82.0951161712663,29.7612080878952],[-82.095079486765,29.7612312581734],[-82.0950869634431,29.7612831588906],[-82.0951139218848,29.7613232607816],[-82.0951177172669,29.7613827117432],[-82.0951170543102,29.7614100938292],[-82.095033052848,29.7614907568118],[-82.0949818982841,29.7615126418701],[-82.0949812919213,29.7615134770645],[-82.0949510815783,29.7615550652124],[-82.0947829519914,29.7616732072753],[-82.0946538928312,29.7616598301489],[-82.0944964343315,29.7616435083991],[-82.0942098843323,29.7616137822203],[-82.0939233666725,29.7615840552528],[-82.0936554001215,29.7615029330274],[-82.0933874003329,29.7614218115163],[-82.0931167621923,29.7613403920451],[-82.0928400442539,29.761306993565],[-82.0925558119081,29.7612727123079],[-82.092280140507,29.7612143842348],[-82.092014282302,29.7611281834595],[-82.0917483953509,29.7610419802705],[-82.0915796764692,29.76099555384],[-82.0915189692206,29.7609354366729],[-82.0914378818932,29.7608551725172],[-82.0913713517649,29.760720440887],[-82.0913117054267,29.7605996439264],[-82.0912364625385,29.7604941284604],[-82.0910815866953,29.7602769879576],[-82.091072197504,29.7602638063838],[-82.0908498761493,29.7600904205279],[-82.090777206036,29.7599177869168],[-82.0906517724763,29.7598074918736],[-82.0904454465235,29.7596882542741],[-82.0903174716298,29.7595071454243],[-82.0901499160664,29.7593737416144],[-82.0900421918942,29.7592376986334],[-82.0900185617106,29.7591578877675],[-82.0901173314761,29.7590572300026],[-82.0912571938586,29.758600672144],[-82.0918727006267,29.7583541411874],[-82.0926335296549,29.7582570465388],[-82.0934761502897,29.758560233828],[-82.0935793990552,29.7591198032496],[-82.0939442480112,29.7591988038872],[-82.0943187107374,29.7592426373878],[-82.0946944086471,29.7592250207025],[-82.0950276476849,29.7591251280332],[-82.0953249011107,29.758804319455],[-82.0953425763623,29.7583926634927],[-82.0951628279655,29.7581661890585],[-82.0946507927451,29.7581556633858],[-82.0946677331747,29.7580756083439],[-82.0946853284762,29.7579671275537],[-82.0947171548884,29.7578893799518],[-82.0947188383313,29.7578197708611],[-82.0947458641466,29.7577332201296],[-82.0947327927609,29.7576546207427],[-82.094729037803,29.7575790806743],[-82.0942071813016,29.7575758520651],[-82.0942131820477,29.7575245600563],[-82.0942284066952,29.7574482930619],[-82.0942359938661,29.7574102882197],[-82.0942244909388,29.757334605253],[-82.0941658911379,29.7572812683288],[-82.0940939145241,29.7572296392697],[-82.0939943335799,29.7572181222964],[-82.0939423651424,29.7571682096777],[-82.0939269248993,29.7571640475622],[-82.0938641694919,29.7571899810407],[-82.0938331497668,29.7571874862675],[-82.0937926609003,29.7571189973493],[-82.0938186374834,29.7570536870993],[-82.09385671617,29.7570490040316],[-82.0939143395021,29.7570419174307],[-82.0939431224222,29.7570443739943],[-82.0939968829987,29.7570240741986],[-82.0940351790776,29.7570047024343],[-82.0940485478056,29.7569979347936],[-82.0940895433219,29.7569541884356],[-82.0940637643682,29.7569188926481],[-82.0939721793283,29.756944270928],[-82.0938901784143,29.7569408356348],[-82.0938717018655,29.7568785846704],[-82.0940783619916,29.7567740245184],[-82.094113978396,29.756768876639],[-82.0944189214006,29.7566500089791],[-82.0946211878666,29.7565434146998],[-82.0947154310214,29.7565006476546],[-82.0948454388026,29.7563540522953],[-82.0949208254212,29.7562802183764],[-82.0950930441393,29.7562833877574],[-82.0949459764525,29.7562555706642],[-82.0950185881753,29.7561844334568],[-82.0950843762951,29.7561256594566],[-82.095136226155,29.7560917655816],[-82.095188332933,29.7560212708703],[-82.0951912650341,29.7560173075739],[-82.0952030105065,29.7559904309296],[-82.0952093238663,29.7559131528357],[-82.0952064259012,29.7558492362089],[-82.0952081560564,29.7557776744631],[-82.0952425803964,29.7557305343507],[-82.0952518725697,29.7557178045046],[-82.0953246504808,29.7556436729856],[-82.0953683966385,29.7555786893208],[-82.0953669054351,29.755547719005],[-82.095373065183,29.7555107319567],[-82.0953698294514,29.7554685907094],[-82.0953777867282,29.7554392541956],[-82.0953838431698,29.7554168663517],[-82.0953536660645,29.7553729929639],[-82.0953456000915,29.7553286438332],[-82.0953951924851,29.7552994960081],[-82.0954344614394,29.7552605872554],[-82.0955272017127,29.7552251621919],[-82.0955780921719,29.7551710910616],[-82.0955818435365,29.7551670879579],[-82.0956334346816,29.7550735628373],[-82.0956690636624,29.7549857393139],[-82.0956851084717,29.7549504709086],[-82.0957086128911,29.7548988375294],[-82.0957340621631,29.7548448496701],[-82.0957861096523,29.754745390147],[-82.0958223216398,29.7546556501707],[-82.0958380161061,29.7546166920356],[-82.0958984610466,29.7545036350579],[-82.0959352479558,29.7544501281727],[-82.0959533499071,29.7544223261682],[-82.0959735799673,29.7543912611294],[-82.0961802059574,29.7541012670107],[-82.0962504892469,29.7540377610076],[-82.0962523577427,29.7540360616385],[-82.0963269691152,29.7539054979091],[-82.0963343460803,29.753773697109],[-82.0964117907393,29.7535258822798],[-82.096413815542,29.7534421432412],[-82.0964145341942,29.7534123140238],[-82.0965664105626,29.7532135324164],[-82.0966585229136,29.7530539719964],[-82.0966930658312,29.7529269531635],[-82.096723318395,29.7528157129935],[-82.0968483629842,29.7525101343205],[-82.0969579322961,29.7523442938219],[-82.0969966676511,29.7522856251959],[-82.0971039785983,29.7521922986006],[-82.0971395393072,29.7521123386225],[-82.0972963375451,29.751848050499],[-82.097297519728,29.7518460360124],[-82.0974292962919,29.7516102214763],[-82.0974499800014,29.7514493459239],[-82.0974506016356,29.7514471013574],[-82.0974822070622,29.751332661931],[-82.0975483724744,29.7510296578935],[-82.09755099825,29.7509208723316],[-82.0975511132344,29.7509160907088],[-82.0975597280779,29.7507329881538],[-82.0975854306749,29.7505392285463],[-82.0976025184282,29.750498561583],[-82.0976389370281,29.7504119351171],[-82.0977225737743,29.7503016420912],[-82.0977431164483,29.7502745704956],[-82.0978126730007,29.7501534029633],[-82.0978710491211,29.750037087922],[-82.0979035393883,29.7499094077962],[-82.0979140874064,29.7498316289864],[-82.0979188862066,29.7497960717579],[-82.0979377445394,29.7497121174657],[-82.0979913982164,29.7496594456557],[-82.0980367272056,29.7496149785689],[-82.0980592443765,29.7495530974159],[-82.0981090577557,29.7494037301954],[-82.0981191494296,29.749334277435],[-82.0981006998303,29.7492276621169],[-82.0981115901064,29.7491252465712],[-82.0981504781751,29.7490706238642],[-82.0981811772016,29.7490275666186],[-82.0982594429207,29.7489190456184],[-82.0983372549907,29.7487130407828],[-82.0983390417397,29.7487082613944],[-82.0983518023084,29.7486744437838],[-82.0983097252205,29.7485727054298],[-82.0983042877181,29.7484349756214],[-82.0983042140562,29.7484327746633],[-82.0983328999581,29.7483517517628],[-82.0983529503553,29.748258910521],[-82.0983797192524,29.7480599978049],[-82.0983608510382,29.7479198222039],[-82.0983610603457,29.747919001715],[-82.0983855286574,29.7478193099191],[-82.0983888084065,29.7476834454584],[-82.0984122625202,29.7476571406113],[-82.0984866834499,29.7473814638071],[-82.0985346130619,29.7470541386854],[-82.0987264312229,29.7468949810497],[-82.0985125746931,29.7467542438219],[-82.0984231986105,29.7466088392197],[-82.0984333055558,29.7465989027499],[-82.0984633470155,29.7465595476123],[-82.0984642192796,29.7465233137924],[-82.0984741133242,29.7464582017638],[-82.0985299238561,29.7463866707508],[-82.0985390282816,29.7463541907421],[-82.0985649105415,29.7463147871518],[-82.0985627303303,29.7463007185041],[-82.0985547011883,29.7462494152659],[-82.0985541298598,29.7462456637282],[-82.0985289285228,29.7461889827349],[-82.0985265093598,29.7461834911356],[-82.0985537346011,29.746089683092],[-82.0986425204905,29.7460296490177],[-82.0987342375827,29.7460204729391],[-82.0987880008541,29.745968597076],[-82.0987895809907,29.7459670582393],[-82.0987957515184,29.7458837519973],[-82.0986844125255,29.745845427671],[-82.0985762895012,29.745843441922],[-82.0984549675305,29.7458738591328],[-82.098283536635,29.7459106149727],[-82.0981973127407,29.7458789412762],[-82.0981983610747,29.7458354482284],[-82.0982073801601,29.7458065971433],[-82.0982093079447,29.7457268153599],[-82.0982360948082,29.7456511500898],[-82.0982829769845,29.7456048717401],[-82.0982990864726,29.7456269217171],[-82.0982981216819,29.7456667865281],[-82.0983219036808,29.7457143923234],[-82.0983460674636,29.7457474840197],[-82.0983495241808,29.7457765628671],[-82.0984151865365,29.7458140479947],[-82.0984407175552,29.7457891036682],[-82.0984414191394,29.7457600989197],[-82.0984387484481,29.7456984150545],[-82.0985075602972,29.7456053685686],[-82.0986209465506,29.7455602835225],[-82.0987227319605,29.7454787365131],[-82.0988670337345,29.7453580615741],[-82.0989844893562,29.7453167069307],[-82.0989894202088,29.7452482028819],[-82.0989531040168,29.7451818849966],[-82.0989224651774,29.745125900681],[-82.0989183356221,29.7450997511538],[-82.0988972045517,29.7449658586349],[-82.0988982978014,29.744748242255],[-82.0988588878115,29.7444863681902],[-82.0987658205514,29.7442694379152],[-82.0987265300376,29.7439972811287],[-82.0987607387819,29.7437239154376],[-82.09877667759,29.7435963707855],[-82.098771101747,29.7435048159853],[-82.0987676611995,29.7434488112342],[-82.0987596661934,29.74331788273],[-82.0987547182729,29.7432368744153],[-82.0985694281691,29.7430528218708],[-82.0985432135325,29.7429520629159],[-82.0985161904121,29.7428480958354],[-82.098562350343,29.7426763552356],[-82.0985262928658,29.7426098227165],[-82.09849895803,29.7425593170633],[-82.0983779980804,29.7423359899372],[-82.0983774402266,29.7421802255124],[-82.0983764502831,29.7419052504504],[-82.098346610046,29.741873677666],[-82.0983165748745,29.7418645979245],[-82.0983031441627,29.7418229860069],[-82.0982680191368,29.7417414242583],[-82.0982654517517,29.7416766585559],[-82.0982633218461,29.7415938877168],[-82.0982217747642,29.7414702652281],[-82.0981669703454,29.7412925998502],[-82.0981453299302,29.7412673931041],[-82.0980192136508,29.7411205679918],[-82.097913362466,29.7406868109679],[-82.0978191184129,29.740394827229],[-82.0976366499174,29.7399623852566],[-82.0973883313184,29.7394614271773],[-82.0972894501618,29.739242987652],[-82.097151194948,29.7390953046946],[-82.0970149456722,29.7389455716739],[-82.0968716131804,29.7386662992783],[-82.0967245194425,29.7383966396859],[-82.0964931008489,29.7380796078739],[-82.0962965413799,29.7378839307282],[-82.0961756910248,29.737678699613],[-82.0960160424325,29.7375166246666],[-82.0958592172451,29.7374972904734],[-82.0957100501955,29.7374231993021],[-82.0956371680799,29.7373523022362],[-82.0955699857748,29.7372176419776],[-82.0955733158295,29.7370797990699],[-82.0956869814591,29.7367371566208],[-82.0960561333453,29.7361808912433],[-82.0967383454131,29.7352150198392],[-82.0967813253078,29.7345263419116],[-82.0968477368585,29.7334129395414],[-82.0974956781982,29.732416539076],[-82.0974788231085,29.7321266678323],[-82.0974653627523,29.7318957992856],[-82.0968177546876,29.7310689985629],[-82.0965618147817,29.7306158368079],[-82.0962449008275,29.7302305609629],[-82.0958815134305,29.7297236865626],[-82.0957908267059,29.7293857002263],[-82.0957486966174,29.7290830682757],[-82.0959111919708,29.728904972974],[-82.0962306742083,29.728772866283],[-82.096487573515,29.728777593576],[-82.0966905056326,29.7289710519969],[-82.0967853623367,29.7291366651454],[-82.0967527741532,29.7292567784451],[-82.0967114013444,29.7293336340005],[-82.096797822868,29.7294387212382],[-82.096857103592,29.7294398117847],[-82.0970967570418,29.7293407233401],[-82.0971505167199,29.7291606283749],[-82.0971836968933,29.7290146139846],[-82.0972265582104,29.7288774166325],[-82.0972687619608,29.7287660873759],[-82.0973452193713,29.7284656627535],[-82.0974975817283,29.7282959897148],[-82.0977176896341,29.7281879330535],[-82.0978381213744,29.7281125322618],[-82.0979699006333,29.7279769695198],[-82.0980297976015,29.7278989404527],[-82.0984564910733,29.7273250778838],[-82.0991927987891,29.7247692536474],[-82.0983978885774,29.7247853348849],[-82.0986685967866,29.7224953006299],[-82.098686890079,29.7223405694946],[-82.0986161773948,29.7223028002077],[-82.0985533429356,29.7221671500434],[-82.0982618764568,29.7219215717668],[-82.097877855656,29.7215967567312],[-82.0974103292631,29.7210790041171],[-82.0971540884215,29.7208154783252],[-82.0967059368926,29.7206727104544],[-82.0962740367854,29.7206463891615],[-82.0960020071545,29.7206309321567],[-82.0957614284399,29.720559255561],[-82.0953153690873,29.7203300494169],[-82.0952935184663,29.720316335212],[-82.0952575112948,29.7202937522914],[-82.0947945618181,29.7200033935387],[-82.0945818560302,29.7198690493592],[-82.0943714499294,29.7197361560819],[-82.0937926096963,29.7195333500056],[-82.0933636937926,29.7195062217353],[-82.0931276093494,29.7197036401378],[-82.0930505213216,29.7198408359898],[-82.0929779877523,29.7199699243381],[-82.092691691078,29.7201756605491],[-82.0925850026632,29.7202484483489],[-82.0920911888701,29.7205854263088],[-82.091707731313,29.7208606852741],[-82.0913439612336,29.7211218096738],[-82.0910459352566,29.7216061605039],[-82.0910112396254,29.7219472085474],[-82.0909842380646,29.7222126395715],[-82.090973038768,29.7223225851246],[-82.0910876682898,29.7228121538949],[-82.0912825479092,29.7233035582488],[-82.0913504928841,29.7239071195547],[-82.0914911780407,29.7241159393007],[-82.0915334886906,29.7241787964734],[-82.0915464037694,29.7244536048181],[-82.0915697869163,29.7245980461153],[-82.0915908155787,29.7247278148439],[-82.0916100368309,29.7250480381578],[-82.0916102937491,29.7252770158765],[-82.0915859556931,29.7254923334025],[-82.091579106039,29.7255526356448],[-82.0915090446334,29.7257496450801],[-82.0915656169367,29.7258613365315],[-82.0915603905384,29.7259652322878],[-82.0915517442538,29.7261362861476],[-82.0915323038127,29.7264395167415],[-82.0915367720329,29.7266870802318],[-82.0914742295262,29.7269784033473],[-82.091333189535,29.7272240808025],[-82.0910290217765,29.7275709066078],[-82.0909377044346,29.7276761033441],[-82.0905654758185,29.7277700924298],[-82.0905363964545,29.7283672184767],[-82.0906396227621,29.7284143948565],[-82.0908911860759,29.7284768475936],[-82.0909149968208,29.7284877937269],[-82.0910218864582,29.7285528589165],[-82.091210809349,29.7287140223888],[-82.0912438826227,29.7288407934045],[-82.0912949141174,29.7289731223287],[-82.091375927783,29.729111282167],[-82.0913786388985,29.7292480002316],[-82.091374568632,29.7294161099475],[-82.091381765934,29.7296159793522],[-82.091381002366,29.729647512311],[-82.0913633756235,29.7298784671591],[-82.0913526533323,29.7300727479926],[-82.0912424534031,29.7301442906417],[-82.0910736806225,29.7301464303756],[-82.0909295144941,29.7301280136853],[-82.0906953928698,29.7300921475826],[-82.0904740650518,29.7300249974798],[-82.0903196455528,29.7299327890713],[-82.0900520347347,29.7297859309851],[-82.0898922513951,29.7296811616015],[-82.0898580336676,29.7296549518817],[-82.0898246037627,29.7296039474778],[-82.0897483853041,29.7295320214263],[-82.0897118454316,29.7294910541952],[-82.089683519754,29.7294700685946],[-82.0896664616451,29.7294574586663],[-82.0895673370451,29.7293775468654],[-82.0894843758319,29.7293457883795],[-82.089402634531,29.7293001359286],[-82.0893989954558,29.729302160229],[-82.0892354472768,29.7290860395963],[-82.0890617966442,29.7288565869197],[-82.0888881433166,29.7286271337183],[-82.0887145250234,29.7283976799922],[-82.088540875289,29.7281682280816],[-82.0883672282497,29.727938773306],[-82.0882514731388,29.7277858049843],[-82.0881936099564,29.727709321126],[-82.0881356874852,29.727632806786],[-82.088019962917,29.727479865301],[-82.0879331551179,29.7273651403121],[-82.0878463185726,29.7272504120716],[-82.0877131002126,29.7270743690661],[-82.0876727029743,29.7270209856208],[-82.0874747556082,29.7268009003037],[-82.0874124745112,29.7266908886681],[-82.0873512489347,29.726623252628],[-82.0873261230562,29.7265522137522],[-82.0870566796749,29.7262060755956],[-82.0870340951304,29.7261770839062],[-82.0869344261513,29.7260924834188],[-82.0868885114605,29.7260653413195],[-82.086884173496,29.7260636102722],[-82.0868071501469,29.7260327845203],[-82.0867452580204,29.7259886509827],[-82.0867050880559,29.7259520727263],[-82.0866831026876,29.725892627278],[-82.0866819609289,29.7258895411875],[-82.086680496675,29.7258369816819],[-82.0866791339307,29.7258281001954],[-82.086678188903,29.7258216736964],[-82.0866733227291,29.7258013964432],[-82.0866319319541,29.7257462282208],[-82.0865813316508,29.725701782515],[-82.0865270141188,29.7256650520335],[-82.0864901239033,29.7256425857721],[-82.0864673848485,29.7256250864397],[-82.0864610229797,29.7255938884425],[-82.0865008452963,29.7255681940855],[-82.0865687264907,29.7255601238858],[-82.0866240186948,29.7255580378814],[-82.086654135613,29.7255648099844],[-82.0866552594054,29.7255912618253],[-82.0866372751334,29.7255986860947],[-82.0866263704842,29.7256078078742],[-82.086631091131,29.7256327595604],[-82.086650682489,29.7256331207493],[-82.0866722941581,29.7256241963389],[-82.0866844366858,29.7256368519951],[-82.0866894501834,29.7256509438242],[-82.0867230166323,29.7256624285386],[-82.0867461662172,29.7256628552563],[-82.0867871446655,29.7256636135189],[-82.0868050166481,29.7256608363432],[-82.0868162949965,29.7256361818843],[-82.0868437223587,29.7256071759884],[-82.0868829032782,29.7256079007067],[-82.0868912144912,29.7256329163616],[-82.0868778754075,29.7256683994662],[-82.0868825574268,29.7256949168087],[-82.0868762575417,29.7257352022177],[-82.0868779571542,29.7257495093419],[-82.0868792121007,29.7257601203277],[-82.0869093299172,29.7257668931971],[-82.0869450307632,29.7257644460086],[-82.0869688963054,29.7257353738408],[-82.087031988581,29.7257038934798],[-82.0870842840053,29.7256784550255],[-82.0870930039518,29.7256645059596],[-82.0871102156726,29.7256369619901],[-82.0870778529662,29.7255720049045],[-82.0870608065353,29.7255499076127],[-82.0870517928398,29.725538244241],[-82.0870243277483,29.7255026425141],[-82.0869522208787,29.7254640131791],[-82.0868878395207,29.7254550427273],[-82.0868492425062,29.7254496529669],[-82.0867982640121,29.7254207398498],[-82.0867708851589,29.7253751815662],[-82.0867865140482,29.7253179614248],[-82.0867713495879,29.7252819250993],[-82.0866723085312,29.72525212261],[-82.0866088551328,29.7252374191196],[-82.0866067863127,29.7252369409129],[-82.0865718912554,29.7251321659991],[-82.0865915014781,29.7249848874277],[-82.0865988991045,29.7249657708105],[-82.0866656250655,29.7247935635097],[-82.0867760360987,29.7246352271128],[-82.0867896168292,29.7246157297336],[-82.0868646063925,29.7245043762456],[-82.0869645879853,29.7244096032056],[-82.0869637363824,29.7243746282912],[-82.0869698494179,29.7243408032553],[-82.0869712723493,29.7243328538748],[-82.086965612963,29.7242997168873],[-82.0870099933313,29.7242434088691],[-82.0870249143482,29.7242244871398],[-82.0870763824241,29.7241643791287],[-82.0870768738025,29.7241440079266],[-82.0870774900468,29.7241186065226],[-82.0870409618524,29.7240786566953],[-82.0870026864348,29.7241106797479],[-82.0869469837007,29.7241401798907],[-82.0869247063799,29.7241310478364],[-82.0868885491897,29.7240758404698],[-82.0868920921452,29.7240323122234],[-82.086924883348,29.7240198248704],[-82.0869825776471,29.7240121719095],[-82.0870132497242,29.7239843817489],[-82.0870254147098,29.7239297086833],[-82.0870272553578,29.7239214089968],[-82.0870030691171,29.723888262512],[-82.0869550775214,29.7239091564459],[-82.0869428900779,29.7238958678951],[-82.0869321067012,29.7238623344625],[-82.0869266251814,29.7238453988461],[-82.0869110456994,29.7237666168706],[-82.0869112756681,29.7237219237699],[-82.0869116790117,29.7236431081522],[-82.0869123958673,29.7235043907985],[-82.0869451664088,29.7234134893448],[-82.0869499050219,29.723370093432],[-82.086950435028,29.7233651536908],[-82.0870153706466,29.7233161018599],[-82.087069034205,29.7232303186323],[-82.0870992463447,29.7231174774683],[-82.0871087981311,29.7231056913341],[-82.0871842943442,29.7230121963801],[-82.0872387232673,29.7229325337675],[-82.0872515476162,29.7229195415355],[-82.0872874065658,29.72288326641],[-82.0873259963937,29.7228381836323],[-82.0873437426122,29.7227937077739],[-82.0873490525538,29.7225962751661],[-82.0873507943872,29.7225315049038],[-82.0873577087199,29.7222736170384],[-82.0873651692283,29.7219957999882],[-82.0873670547921,29.7219255683964],[-82.0873726306351,29.7217179821689],[-82.087378374463,29.7215044914289],[-82.0873803795027,29.7214296083079],[-82.0873881095057,29.7211419505678],[-82.0873883870852,29.7211318352632],[-82.0874049888499,29.7210124440107],[-82.0874103517922,29.7209341278966],[-82.0874112932266,29.7209265261898],[-82.0874189998734,29.7208634391783],[-82.0874208261484,29.7207880843725],[-82.0874322706851,29.7206721744953],[-82.087433187865,29.7206498857692],[-82.0874364891737,29.7205697157475],[-82.0874073056051,29.7204892492062],[-82.0873794389666,29.720403941012],[-82.0872522312342,29.7204041485309],[-82.0868297319965,29.7204462904711],[-82.0866653151467,29.7204683350567],[-82.0866608604012,29.7204745013298],[-82.0866082568548,29.7205473177783],[-82.0866137356797,29.720613785356],[-82.0866379821075,29.7209080313533],[-82.0867023526858,29.7212044483983],[-82.0867804656914,29.7214656124709],[-82.0867787804519,29.7215351391401],[-82.0866951607737,29.7215567801555],[-82.0865519675208,29.7215715434756],[-82.0864754876524,29.7215730179351],[-82.0864231679736,29.7215696594439],[-82.0863918625843,29.7213222323355],[-82.0863804979976,29.7212437729174],[-82.0863631623093,29.7211362141932],[-82.0863414644019,29.7210720319952],[-82.0863244808532,29.7209500123727],[-82.0862962009897,29.7207465924355],[-82.0862862368766,29.7206988827329],[-82.0862134589655,29.7201295530002],[-82.0861257402746,29.7197812425935],[-82.0861105057458,29.7196844507407],[-82.0859009278916,29.7194669269614],[-82.0858690682418,29.7194338585811],[-82.0858622015197,29.7194267310943],[-82.0858608082327,29.7194252862491],[-82.0858579794379,29.7194210523531],[-82.0857993041785,29.7193328129897],[-82.0857746894414,29.7192957962007],[-82.0857366305178,29.7192385608907],[-82.0856702593913,29.7191387454092],[-82.085565008281,29.7190860871889],[-82.0852360353425,29.718921495843],[-82.0850672122562,29.718837016405],[-82.0847879808316,29.718688804106],[-82.0847339372858,29.7186435509296],[-82.0846842119416,29.718598269647],[-82.0846011941346,29.7185303667988],[-82.0845179706134,29.7184696936611],[-82.08442606757,29.7184161199599],[-82.0843501114194,29.7183675182043],[-82.0843349245012,29.7183779380507],[-82.084321201837,29.7183850539096],[-82.0842909160355,29.7184022065522],[-82.0842265203043,29.7184485988734],[-82.0841820635792,29.7184860341413],[-82.0841274666712,29.7185207247888],[-82.0840628068354,29.7185649926776],[-82.0840247622848,29.7185668455592],[-82.0839757493046,29.7185674244384],[-82.0839272735169,29.7185771171545],[-82.0838806401738,29.7185940770647],[-82.0837935817447,29.718632869757],[-82.0837846542874,29.7186358398268],[-82.083776364634,29.7186373088684],[-82.0837676644505,29.7186374766029],[-82.0837559603006,29.7186380047713],[-82.0837484180455,29.7186384705268],[-82.0837401274937,29.7186399395684],[-82.0837225294973,29.7186431343241],[-82.0837138472801,29.7186438247658],[-82.0837077351429,29.7186439324279],[-82.0836929515683,29.7186428347426],[-82.0836830512355,29.7186430087183],[-82.0836691345351,29.7186452282737],[-82.0836519614419,29.7186478230862],[-82.0836359786163,29.7186481078446],[-82.0836203641001,29.7186462487232],[-82.0835802174917,29.7186464975942],[-82.0835530200982,29.7186478636545],[-82.0835360140915,29.71865398401],[-82.0835273857732,29.7186564103077],[-82.0835178564447,29.7186595083229],[-82.0835057462563,29.7186625556278],[-82.083455128885,29.7186761959435],[-82.0834229862658,29.7186814612421],[-82.083387456998,29.7186977736022],[-82.0833761220558,29.7187000672716],[-82.0833601311454,29.7187058482545],[-82.0833426148957,29.7187135273653],[-82.0833182022795,29.7187274048425],[-82.083300891744,29.7187383348758],[-82.0832842423685,29.7187492493047],[-82.0832785398631,29.7187518651787],[-82.0832751406381,29.7187529574017],[-82.0832700930045,29.7187558065432],[-82.0832671186826,29.7187575954483],[-82.0832628130574,29.7187597432266],[-82.0832542871471,29.7187631603238],[-82.0832373494124,29.7187676883676],[-82.0832174113046,29.7187712786598],[-82.0832033526705,29.718774128581],[-82.0831771658816,29.7187820323724],[-82.0831561381174,29.7187889040129],[-82.0831381394724,29.7187892316796],[-82.0831042523249,29.7187898409838],[-82.0830778634152,29.7187930942466],[-82.0830354970697,29.7187938502206],[-82.0830207099018,29.7187941256167],[-82.0830153846888,29.7187942200159],[-82.0829868919246,29.7187984235121],[-82.0829555236532,29.7188042512989],[-82.0829106608896,29.7188092528972],[-82.0828824142638,29.7188097467377],[-82.0828358572776,29.7188091608384],[-82.0827927282625,29.7188128439682],[-82.0827529634381,29.7188179126596],[-82.0826857990993,29.7188277254958],[-82.0826264069843,29.7188432951212],[-82.0826137551118,29.7188478738716],[-82.0826012209186,29.718852729578],[-82.0825916646407,29.7188595668867],[-82.0825819457676,29.7188705265516],[-82.0825756503741,29.7188780823848],[-82.0825697268831,29.7188884787734],[-82.0825486003043,29.7189279688132],[-82.082533911951,29.7189527809517],[-82.0825282552597,29.718985901761],[-82.0825227890112,29.7190266985257],[-82.0825153788084,29.7190528259843],[-82.0824989782663,29.7190820904462],[-82.0824773073084,29.7191232764698],[-82.0824510154166,29.7191497159658],[-82.0824279287138,29.7191609509941],[-82.0824228397577,29.7191617085256],[-82.0823999372096,29.7191641168674],[-82.0823623858341,29.7191637525345],[-82.0823375150771,29.7191641987838],[-82.0823081015398,29.7191647277296],[-82.0823001676192,29.7191658722185],[-82.0822765446221,29.7191692588758],[-82.0822623135114,29.7191728187277],[-82.0822450218405,29.7191750843006],[-82.0822232215252,29.719178778339],[-82.0822066341335,29.7191832572142],[-82.0821515179992,29.7192042402852],[-82.082111066862,29.7192220013093],[-82.0820583941453,29.719246190811],[-82.0820199336747,29.719271692528],[-82.0819816366975,29.7193136952959],[-82.0819234923424,29.7193425992503],[-82.0818858969495,29.7193622544651],[-82.0818338314939,29.7193821679071],[-82.0818132771419,29.7193929254549],[-82.0817965451214,29.719404661315],[-82.0817850098549,29.719415148147],[-82.0817667345287,29.7194177538617],[-82.0817524728753,29.7194237321823],[-82.0817478717044,29.7194340988686],[-82.081738636125,29.7194433335505],[-82.081727418862,29.719448488027],[-82.0817086000551,29.7194579052637],[-82.0816948935605,29.71947087922],[-82.0816601988276,29.7194748033929],[-82.0816349355069,29.719482285066],[-82.0816127237632,29.7194911975401],[-82.0815964319172,29.7195016765615],[-82.0815839390465,29.7195100538487],[-82.0815805407198,29.7195098541295],[-82.081577310378,29.7195105632888],[-82.0815758461241,29.7195137829818],[-82.0815682005627,29.7195262662145],[-82.0815550097011,29.7195323194233],[-82.081543883168,29.7195349735044],[-82.0815344966716,29.7195388157587],[-82.0815079451667,29.7195460789842],[-82.0814682360379,29.7195541722919],[-82.0814407538784,29.7195673342527],[-82.0814044035505,29.7195812373569],[-82.0813721836762,29.7195883702938],[-82.0813485058819,29.7196057809614],[-82.0813404426039,29.7196172655875],[-82.0813326290576,29.7196224567223],[-82.0813182874541,29.7196252184621],[-82.0813095405582,29.7196247519309],[-82.0813024025449,29.7196292955387],[-82.0812803309384,29.7196480847284],[-82.081261901102,29.7196570127907],[-82.0812435664871,29.7196697924635],[-82.0811616958287,29.7197168215828],[-82.0811400194809,29.7197219198744],[-82.0811109473033,29.7197317513459],[-82.0810872317798,29.7197430292173],[-82.0810573286607,29.7197559773918],[-82.0810484613905,29.7197552916387],[-82.0810396722737,29.7197603548216],[-82.0810318057268,29.7197637562817],[-82.0810183516588,29.7197689263448],[-82.080975257678,29.7197814688374],[-82.0809640844325,29.7197821413278],[-82.0809537780612,29.719783628296],[-82.0809400643801,29.7197864540038],[-82.0809141264246,29.7197919415873],[-82.0808708464925,29.7198120702657],[-82.0808522351964,29.7198284768402],[-82.0808341970256,29.7198497601344],[-82.0808147188553,29.7198577324944],[-82.0807997295664,29.7198690353165],[-82.0807779292511,29.7198934945943],[-82.080763349594,29.7199216080897],[-82.0807479650465,29.7199400804836],[-82.0807356868732,29.7199552567408],[-82.080731480961,29.7199687377303],[-82.0807282191782,29.7199837493716],[-82.0807087517877,29.719999065269],[-82.0806918023749,29.7200080213856],[-82.0806673430464,29.7200083389064],[-82.0806131054645,29.7200099740997],[-82.0805593161419,29.7199971226966],[-82.0805264395991,29.7199768481672],[-82.0804866316556,29.7199733882031],[-82.0804596462645,29.7199752824067],[-82.0804262639702,29.7199744991363],[-82.0803751830682,29.7199643376853],[-82.0803460372288,29.7199629451178],[-82.0803190114135,29.7199535333897],[-82.0802694774104,29.7199639203051],[-82.0802349803069,29.7199753822659],[-82.0801988527611,29.7199941308229],[-82.0801791536052,29.7200035292847],[-82.0801632767809,29.7200084613899],[-82.0801472643109,29.7200074222308],[-82.0801111080191,29.7200106013399],[-82.0800662551369,29.7200216248514],[-82.0800462397741,29.7200269751158],[-82.079955645576,29.7200285408755],[-82.0799142368347,29.7200247766549],[-82.0798608364826,29.7200257409195],[-82.0798296308062,29.7200171023253],[-82.0798086605343,29.7200047502187],[-82.0797862799073,29.7200051597972],[-82.0797360263536,29.7199880846633],[-82.0797005869174,29.7199904524174],[-82.0796343011309,29.7199692284445],[-82.0796331423042,29.7199688781572],[-82.0795529119695,29.7199354300092],[-82.079502137393,29.7199152662487],[-82.0794557169507,29.7199090976008],[-82.0794190001101,29.7198886958892],[-82.0793727018387,29.7198877815529],[-82.0793411637857,29.7198735016784],[-82.0793111070546,29.7198758592934],[-82.0792782080539,29.7198695829822],[-82.0791910085893,29.7198570490824],[-82.0791296734183,29.7198603943684],[-82.0790761814381,29.7198702952597],[-82.0790278763303,29.7198845540706],[-82.078984228089,29.7198952148259],[-82.0789430888422,29.7198986318845],[-82.0788486974654,29.7198929211838],[-82.0787523118287,29.7198773283168],[-82.0786827067673,29.7198720763434],[-82.0786371567925,29.7198611651572],[-82.0785869364765,29.7198557516918],[-82.0785581535565,29.7198537599671],[-82.0784618595479,29.7198369024695],[-82.0783138683931,29.7198248343157],[-82.0782244015807,29.7198265857545],[-82.078175774876,29.7198294801143],[-82.078127084391,29.7198362502634],[-82.0780134007951,29.7198412642927],[-82.0779197622066,29.7197956863128],[-82.0778191823358,29.7197503649822],[-82.0776883777489,29.7196885871065],[-82.0776525196977,29.7196847581206],[-82.0775961180743,29.719680767643],[-82.0775495619864,29.7196750093406],[-82.0774910735766,29.7196661686568],[-82.0774445866589,29.7196652800635],[-82.0773799744338,29.7196504376676],[-82.0773621446721,29.719647714156],[-82.0773178128128,29.7196360017289],[-82.0772197221736,29.719617871766],[-82.0771808781224,29.7196059299705],[-82.0771343570688,29.7195793766925],[-82.0770990487866,29.7195722866633],[-82.0770624819646,29.7195495779707],[-82.0769649267214,29.7195665252341],[-82.0769020823807,29.7195360126684],[-82.0768143349438,29.7194787993398],[-82.0767230688059,29.7194898127676],[-82.0766348281938,29.7195278631881],[-82.0765401313898,29.719542526167],[-82.0764207650515,29.7195000717859],[-82.0763410853841,29.7194843204867],[-82.0762365322648,29.7194442861184],[-82.0760675645498,29.7194952769627],[-82.0760428375233,29.718619309792],[-82.0760408827892,29.7184873635362],[-82.076114286826,29.7179523711705],[-82.076179653636,29.7172919191373],[-82.0772303609215,29.7163554720911],[-82.0773885713111,29.7162144642017],[-82.0777703220692,29.7157306810726],[-82.077833107121,29.7153687380438],[-82.0773088763723,29.7153724626495],[-82.076969193719,29.715077038725],[-82.0770007353652,29.7147677039207],[-82.0770408846686,29.7143739341211],[-82.0772749092748,29.7141067846627],[-82.0779853670701,29.7141345112416],[-82.0781413244849,29.7141180140139],[-82.0783259983443,29.713835479942],[-82.0784461004029,29.7109218050432],[-82.0784609073337,29.710562580919],[-82.0783629738998,29.7102016998708],[-82.0780069904173,29.7097961221253],[-82.0774695930615,29.7084742684203],[-82.0772790352369,29.7081031423116],[-82.0769647254988,29.7078071141547],[-82.0765942719537,29.7079937039469],[-82.076287736236,29.7082878917465],[-82.0762259258563,29.7083752560261],[-82.0760580594758,29.7086125220173],[-82.0759724859618,29.7089397985776],[-82.0757446893754,29.7091870954788],[-82.0755946078409,29.7091735006878],[-82.0755111696224,29.7090911711748],[-82.0752855945697,29.7089937729151],[-82.0750140140964,29.708740172783],[-82.0749402327671,29.7085524101188],[-82.0750597320561,29.7077406193717],[-82.0751427435749,29.7075495208461],[-82.0754435713972,29.7074805423669],[-82.0755184729256,29.7073533253782],[-82.0736375363663,29.7076767407072],[-82.0734333852348,29.7078108257768],[-82.073245379524,29.7082040213112],[-82.0723829483422,29.7092417555083],[-82.0721341374664,29.7097340728458],[-82.0715913214728,29.7104721741101],[-82.071647816521,29.7110427227028],[-82.071552438794,29.7111862548397],[-82.0710849797747,29.7113859850016],[-82.0709856081379,29.7114994619664],[-82.0707371655714,29.711889524547],[-82.0706236679268,29.7119583743834],[-82.0705177098424,29.712133776043],[-82.0699593116719,29.7125180696443],[-82.0693504533353,29.7126797113862],[-82.068730330125,29.71276311152],[-82.0686976862459,29.7126110414921],[-82.0674110319594,29.7126052047635],[-82.067307128322,29.7124979543272],[-82.066758045681,29.7124554088033],[-82.0666001703631,29.7124527709193],[-82.0665845666266,29.7126062260544],[-82.0665567673618,29.7128797327145],[-82.066528141647,29.7131612536521],[-82.065802737682,29.7131420115109],[-82.0657931041489,29.7132975893014],[-82.0655713846654,29.7132898536018],[-82.064926746431,29.7132727468977],[-82.0647617825072,29.7134667649634],[-82.0645537641284,29.713492600514],[-82.0642072587705,29.7135356347836],[-82.0630152743386,29.7138140174876],[-82.0617759316231,29.713863329867],[-82.06098681285,29.7138043391355],[-82.0599418745452,29.7141452880766],[-82.0598970001035,29.7140761838356],[-82.0598921042852,29.7138748736649],[-82.0597663482303,29.7137020231755],[-82.0595950134544,29.7134665254419],[-82.0595614236493,29.7134203508349],[-82.0592471785899,29.7133825181159],[-82.0590965257269,29.7134549808169],[-82.0589908200691,29.7137385294371],[-82.0589535238151,29.7138385749853],[-82.0586789312906,29.7142650635507],[-82.0582289103676,29.7149490667761],[-82.0578987795007,29.7150409456697],[-82.0575984367686,29.7151245544926],[-82.0572980643921,29.7152081577845],[-82.0569977225583,29.7152917360408],[-82.0566982044797,29.7153751090388],[-82.0567172254075,29.7154768740436],[-82.0564393558288,29.7156063900835],[-82.0561614826569,29.7157359051761],[-82.0561827880006,29.7158498944847],[-82.0557498090167,29.715964845627],[-82.055099995588,29.7161242520658],[-82.0551094278985,29.7154506067813],[-82.0550710213268,29.7151696477566],[-82.0550523516403,29.7150331515902],[-82.0550251686198,29.7149545031316],[-82.0548518431773,29.7146659584819],[-82.0550512107799,29.7145780746069],[-82.0549393786118,29.7143207701763],[-82.0549038116148,29.7142505769051],[-82.0548754293434,29.7141945644042],[-82.0548389577429,29.7140439578514],[-82.0547556533733,29.713937807469],[-82.0546656107408,29.7138230716807],[-82.0544251173662,29.7135855262077],[-82.0540482148157,29.7134204015479],[-82.0537529996672,29.7132853260911],[-82.0533111462267,29.7131707175105],[-82.0532073449974,29.7131392605156],[-82.0528613525775,29.7130280698408],[-82.0526724620261,29.7129999154046],[-82.0525937866751,29.712985897479],[-82.0522630162077,29.7129847591613],[-82.0520550867622,29.7129915602],[-82.0517397448598,29.7130611489136],[-82.0513746228159,29.713201146969],[-82.0511682258963,29.7133287747367],[-82.0511083648607,29.7133657726607],[-82.050792705853,29.7135046085735],[-82.0507183055845,29.7135280192531],[-82.0506878751543,29.7135328955021],[-82.0506587338065,29.7135340806256],[-82.0506261312499,29.7135400990868],[-82.0505717077167,29.7135520322415],[-82.0504980979657,29.7135664121005],[-82.0503953810028,29.7135996915072],[-82.0503195937356,29.7136373244134],[-82.0503126084359,29.713640768992],[-82.0502414367126,29.7136866860321],[-82.0501871128924,29.7137366616425],[-82.0501257013646,29.7138161224608],[-82.0500782155204,29.7139020892787],[-82.050088123938,29.7139429528659],[-82.050087873308,29.7139426056784],[-82.0500873980992,29.7139419471924],[-82.0500871016552,29.71394154071],[-82.0500850319368,29.7139390854311],[-82.0500826747575,29.7139368252014],[-82.0500801738477,29.7139347100882],[-82.0500774483591,29.7139328142101],[-82.0500745800385,29.7139310657893],[-82.0500651270667,29.7139258720196],[-82.0500629854831,29.7139247337125],[-82.0500608196449,29.7139236289539],[-82.0500586187725,29.7139225780288],[-82.0500563972388,29.7139215637729],[-82.0500541550438,29.7139205776042],[-82.0500519128489,29.7139195953364],[-82.050049665264,29.71391861853],[-82.0500474176792,29.713917643284],[-82.0500410207761,29.7139148759258],[-82.0500355689006,29.7139125298738],[-82.050030108042,29.7139101978653],[-82.0500246337087,29.7139078861419],[-82.0500191521888,29.7139055900224],[-82.0500101941888,29.7139018583405],[-82.0500084604403,29.7139011468009],[-82.0500067230985,29.7139004477444],[-82.0500049758753,29.7138997635116],[-82.0500032214655,29.7138990909818],[-82.0500014688524,29.7138984161114],[-82.0499997234258,29.7138977310985],[-82.049997988779,29.7138970226796],[-82.0499962613187,29.7138963025578],[-82.049991899998,29.7138944519305],[-82.0499881576165,29.7138928821741],[-82.0499844053536,29.713891333483],[-82.049980634226,29.7138898175602],[-82.0499768541153,29.7138883195818],[-82.0499728754769,29.7138867669897],[-82.0499710725581,29.7138860671529],[-82.0499692660461,29.7138853735577],[-82.0499674568391,29.7138846901051],[-82.0499656431406,29.7138840113336],[-82.049965225424,29.7138838560744],[-82.0499636111514,29.7138832787285],[-82.0499619843024,29.7138827279094],[-82.0499603430804,29.7138822137595],[-82.0499586910786,29.7138817245759],[-82.0499570202122,29.7138812923467],[-82.049955335871,29.7138809038086],[-82.0499536344619,29.7138805847079],[-82.049951919578,29.7138803139795],[-82.049926786513,29.7138768772111],[-82.0499244661646,29.7138765690333],[-82.0499221431213,29.713876274899],[-82.0499198191796,29.7138759994894],[-82.0499174907464,29.7138757350025],[-82.0499151632115,29.7138754712959],[-82.0499128383715,29.7138751919853],[-82.0499105180232,29.7138748923896],[-82.0499082003697,29.7138745771899],[-82.0498968178168,29.7138729754451],[-82.0498915536892,29.713872128151],[-82.0498863272909,29.7138711451025],[-82.0498811511982,29.7138699615434],[-82.0498797821657,29.7138696073339],[-82.0498760182247,29.7138686414498],[-82.0498733942457,29.7138679111851],[-82.0498727762048,29.7138677333002],[-82.0498696150333,29.7138668157882],[-82.0498658600754,29.7138656665577],[-82.0498621392535,29.7138644346263],[-82.0498584390929,29.7138631473009],[-82.0498547533053,29.7138618287674],[-82.0498510639244,29.7138605164757],[-82.0498473700519,29.7138592182274],[-82.0498436698913,29.7138579285613],[-82.0498199444863,29.7138496990399],[-82.0498194441247,29.7138495266163],[-82.0498192473937,29.7138494540579],[-82.0498189482547,29.7138493495115],[-82.049818453283,29.7138491692859],[-82.0498179574129,29.7138489906207],[-82.0498174714243,29.7138487955713],[-82.0498169971139,29.7138485817972],[-82.0498165371764,29.7138483446173],[-82.0498160889171,29.7138480887125],[-82.0498154969274,29.7138477274811],[-82.0498147737836,29.7138472648241],[-82.0498140695044,29.7138467826621],[-82.049813390378,29.713846272413],[-82.0498127283197,29.7138457434392],[-82.0498033139755,29.7138378587641],[-82.049799819529,29.713834930683],[-82.0497959172474,29.7138322116948],[-82.0497917490645,29.7138299522428],[-82.0497871829279,29.7138283817052],[-82.0497823517883,29.7138272714842],[-82.0497812028431,29.7138271014011],[-82.0497767930134,29.713826283754],[-82.049772464032,29.7138252492121],[-82.0497682527299,29.7138238916684],[-82.0497666977462,29.7138233002786],[-82.0497641204796,29.7138223211307],[-82.049760203825,29.713820403405],[-82.049756488393,29.7138182539607],[-82.0497543081818,29.7138166576764],[-82.0497530712016,29.7138157526471],[-82.04975149376,29.713814409927],[-82.0497498561312,29.7138130180545],[-82.0497442227961,29.7138076502945],[-82.0497424423352,29.7138058995309],[-82.0497407058918,29.7138041167792],[-82.0497390332287,29.7138022879957],[-82.0497374054814,29.7138004280043],[-82.0497358073785,29.7137985461673],[-82.0497342011908,29.7137966682313],[-82.0497325851216,29.7137947949764],[-82.0497309699507,29.7137929279631],[-82.0497300842118,29.7137919105852],[-82.0497279803574,29.7137895637502],[-82.0497258244007,29.7137872582656],[-82.0497235866974,29.7137850073947],[-82.0497212995867,29.713782796314],[-82.0497191939356,29.7137808224133],[-82.0497157408117,29.7137777203465],[-82.0497121942629,29.7137747095627],[-82.0497085003905,29.7137718314124],[-82.0497071089001,29.7137708116937],[-82.049752271701,29.7134097830159],[-82.0497553026168,29.7133855608997],[-82.0497600582979,29.7133475495016],[-82.0498767027409,29.7124151243056],[-82.0500397487616,29.7112282516282],[-82.0500475775793,29.7111712793333],[-82.050138920074,29.7103442945997],[-82.0503256205328,29.7086539432865],[-82.0503465683469,29.7084642821392],[-82.0503643900238,29.7083029730155],[-82.0504166198711,29.7078302015812],[-82.0504469694529,29.7075555154784],[-82.0506211815326,29.7059789125271],[-82.0507044814106,29.7052250371831],[-82.0507329103944,29.7049677298511],[-82.0507817005924,29.704526150391],[-82.0508453803663,29.7039498141509],[-82.0508454001292,29.7039496206428],[-82.0509122662274,29.7033420613559],[-82.0509821632414,29.702706947352],[-82.0510464098521,29.7021231731069],[-82.0511131025755,29.7015171493127],[-82.0512451324644,29.700317410952],[-82.0513445795596,29.699413736221],[-82.0516478112736,29.6966581430409],[-82.0516478328332,29.6966579487385],[-82.052218175902,29.6914877807661],[-82.0524447049655,29.6894341477315],[-82.0524447247285,29.6894339541956],[-82.0530404586788,29.6838738658852],[-82.053222741223,29.6821724629137],[-82.0532228669871,29.6821713062965],[-82.0532229020214,29.6821709636819],[-82.0534050866493,29.6804704301929],[-82.0540009418722,29.674908189058],[-82.0540009616351,29.6749079947136],[-82.0555183922198,29.6604185377703],[-82.0555184101861,29.6604183433979],[-82.0555192159749,29.6603107437474],[-82.0555428057343,29.6571627613793],[-82.0555430752288,29.6571268044285],[-82.0555445296013,29.6569324605599],[-82.0555448700628,29.6568869469367],[-82.0555725750045,29.6531899374804],[-82.0556009752422,29.649400083618],[-82.0556010965147,29.6493837639115],[-82.0556147688734,29.6475584414329],[-82.0556284843511,29.6457272186982],[-82.0556284879444,29.6457268837667],[-82.0555798908841,29.6384804625472],[-82.0555793770478,29.6384036959919],[-82.0555693509509,29.636906264087],[-82.0555687481813,29.636816479694],[-82.0555623557698,29.6358640602958],[-82.0555553992162,29.6348272247247],[-82.0555547551242,29.6347314566818],[-82.0555307018341,29.6311425747487],[-82.0555304565941,29.6311059315157],[-82.0555299795886,29.6310347634291],[-82.0555301314039,29.6309657308915],[-82.0555340193125,29.6293088569291],[-82.0555381219184,29.6275593816244],[-82.055538420159,29.6274315465767],[-82.055543448928,29.6252946355288],[-82.0555637014461,29.6166881596949],[-82.0555637023444,29.6166878246667],[-82.055549104721,29.6067410036477],[-82.0555424149671,29.6021803391536],[-82.0555424131705,29.6021800032962],[-82.0555271121662,29.6001511121251],[-82.0554894583828,29.5951578180887],[-82.0554883300988,29.5950083939946],[-82.0554861346162,29.5947172680911],[-82.0554854527949,29.5946265993732],[-82.0554826877805,29.5942601422602],[-82.0554823230645,29.5942118999667],[-82.0554776042143,29.5935990044592],[-82.055476643017,29.5934714177042],[-82.0554451795241,29.5892982976414],[-82.0554327872648,29.5876546523044],[-82.0555164967745,29.5839567769948],[-82.0555655429924,29.5817941281784],[-82.0555659939467,29.5817742304639],[-82.0555999502644,29.5802741557062],[-82.055600567407,29.580246819568],[-82.0556431700094,29.578364720648],[-82.0557686925023,29.5728187389842],[-82.0557688721654,29.5715896334156],[-82.0557689305559,29.5711796482674],[-82.0557689799632,29.5708382593917],[-82.0557689808616,29.5708379242112],[-82.0557689988278,29.5706851755843],[-82.0557690410487,29.5703380705342],[-82.0557690401504,29.5703377353521],[-82.0557690617099,29.5701907473585],[-82.0557691039307,29.5698801279668],[-82.0557691039307,29.5698797927833],[-82.0557691066257,29.5698574495519],[-82.0557691739993,29.5694013651217],[-82.0557691739993,29.5694010299366],[-82.055769224305,29.5692259599859],[-82.0557692467629,29.5691469264335],[-82.0557692476612,29.5691465904661],[-82.0557692817972,29.5689043522499],[-82.0557693141365,29.568670831456],[-82.0557693150348,29.5686704962684],[-82.0557693258146,29.568603657181],[-82.0557694174428,29.5680342495872],[-82.0557694174428,29.5680339143975],[-82.0557694219343,29.5679959551312],[-82.0557694767316,29.567484057996],[-82.0557694767316,29.5674837228044],[-82.0557694902063,29.5674185041971],[-82.0557696087839,29.5667551747105],[-82.0557696087839,29.5667548387352],[-82.0557696195637,29.5666896454413],[-82.0557696249536,29.5666490306809],[-82.0557696321401,29.5665928539731],[-82.0557697426329,29.5657679197439],[-82.0557697614975,29.5656172168275],[-82.0557698486341,29.5650120447945],[-82.0557698692954,29.5648662413933],[-82.0557699034313,29.5646352397249],[-82.0557699169061,29.5645775968569],[-82.0557699672117,29.5643702907255],[-82.0557699770932,29.5643295054779],[-82.0557700282972,29.56409251972],[-82.0557700453652,29.5640085603692],[-82.0557700588399,29.5639048489521],[-82.055770150468,29.5631448508571],[-82.0557701612478,29.5630056840355],[-82.0557701648411,29.5629248726926],[-82.0557701864007,29.5627945233124],[-82.0557704945228,29.5607987687707],[-82.055770503506,29.5607328566657],[-82.0557705466251,29.5603858549351],[-82.0557705556082,29.5603205754847],[-82.0557705565066,29.5603202410508],[-82.0557706328633,29.5599729401932],[-82.0557706382533,29.5599464940324],[-82.0557706382533,29.5599461588159],[-82.0557706553212,29.5598425455901],[-82.0557707182033,29.5594253801851],[-82.0557707182033,29.5594208316869],[-82.0557707963567,29.5588766146363],[-82.0557707963567,29.5588762794162],[-82.0557708556455,29.5583301145199],[-82.0557708556455,29.5583299113551],[-82.0557660864897,29.5518002821394],[-82.0557632028976,29.5478528821774],[-82.0557603354753,29.5439266680798],[-82.0557603076275,29.5438895469177],[-82.0557603094241,29.5438892546312],[-82.0557602734915,29.5438419456249],[-82.0557605384945,29.5437785858302],[-82.0557608358369,29.5437065832089],[-82.0557611412641,29.543632996402],[-82.0557819651107,29.5393266435645],[-82.0558303034561,29.5293285317705],[-82.0558127692401,29.5244537144202],[-82.0558022230186,29.5215215653796],[-82.0558022203237,29.5215212300356],[-82.0557786557171,29.5148439920321],[-82.0557786530222,29.5148436699555],[-82.0557767243393,29.5143343866939],[-82.0557633529163,29.5108051129643],[-82.0557533259211,29.5081584431813],[-82.0557530357653,29.5080814484823],[-82.0557529100011,29.5080484193528],[-82.0557526171503,29.5079705974338],[-82.0557235916852,29.5003156469441],[-82.0557235907869,29.5003152974564],[-82.0557198439138,29.4997109948956],[-82.0556809262008,29.4934308682412],[-82.0556796182537,29.4932199711664],[-82.0556338392085,29.4858321530581],[-82.0556338365136,29.4858318043025],[-82.055644149173,29.4849412264264],[-82.0556478529269,29.4846211749597],[-82.0556509925389,29.484352111931],[-82.0556509970305,29.4843517772459],[-82.0556758776689,29.4822072431507],[-82.055718904276,29.4784982256401],[-82.0557212749301,29.4782938226696],[-82.0557224445366,29.4781922169307],[-82.0557412328007,29.4765731655888],[-82.0557651037328,29.4745160127991],[-82.0557667862773,29.4743709157386],[-82.055768611654,29.4742135605751],[-82.0557686161455,29.4742132258565],[-82.0558059213827,29.4709963201504],[-82.0558059258742,29.470995984639],[-82.0558136971998,29.4690003108705],[-82.0558550978563,29.4583697984833],[-82.0558555856415,29.458248813925],[-82.0558558946619,29.4581718125838],[-82.0558564507191,29.4580288290453],[-82.0558570705566,29.4578692373024],[-82.0558611821457,29.4568107990488],[-82.0558611821457,29.4568104642728],[-82.0558627263497,29.4543881131412],[-82.0558695804953,29.4436162017576],[-82.0558097284429,29.4427950846891],[-82.0558556332522,29.44273389042],[-82.0558953163299,29.4426694488031],[-82.0559284821301,29.4426022448562],[-82.0559548809214,29.4425327800261],[-82.0559978167987,29.4424123766071],[-82.0560475026171,29.442293979642],[-82.0561038162056,29.4421778778067],[-82.0561666183254,29.4420643543018],[-82.0562357580596,29.4419536891998],[-82.0563110638299,29.4418461508399],[-82.0563448171284,29.4418044392498],[-82.0563824197078,29.4417653319294],[-82.0564236101585,29.4417291003408],[-82.0564588259143,29.4416960065589],[-82.0564880247543,29.4416586953663],[-82.0565105562983,29.4416179967831],[-82.0565259192863,29.441574817496],[-82.0565337714602,29.4415301181723],[-82.0565339385468,29.4414848931197],[-82.0565264160546,29.4414401499473],[-82.0565165660275,29.4414114980034],[-82.0565021498638,29.4413843676364],[-82.0564834604143,29.4413593142851],[-82.0564523903836,29.4413186249695],[-82.0564271836567,29.4412749386202],[-82.0564082130346,29.4412288998546],[-82.0563957578932,29.4411811884946],[-82.0563900014888,29.4411325070505],[-82.0563910300598,29.441083574462],[-82.0563988274365,29.4410351104528],[-82.0564132786345,29.4409878316186],[-82.0564341698547,29.4409424349988],[-82.0564611947717,29.440899590253],[-82.0565281677694,29.440816189747],[-82.0565888184241,29.4407291615964],[-82.0566428925127,29.4406388726962],[-82.0566901636595,29.4405457048059],[-82.0567304288455,29.4404500490744],[-82.0567635218823,29.4403523091684],[-82.0567893017343,29.440252895015],[-82.0568076606038,29.4401522267126],[-82.0568185221339,29.4400507282728],[-82.0568218360189,29.4399481532633],[-82.056824850765,29.4399162308121],[-82.0568338482909,29.4398851837641],[-82.0568485806616,29.4398558632819],[-82.0568686427368,29.4398290759368],[-82.0568934847477,29.4398055578921],[-82.0569224239746,29.4397859545627],[-82.0569598486876,29.439768104405],[-82.0569999494819,29.4397554730912],[-82.0570417858213,29.4397483571218],[-82.0570843740506,29.4397469231318],[-82.05712671165,29.4397512055436],[-82.0571567252619,29.4397583434178],[-82.0571852216193,29.4397692512838],[-82.0572115862746,29.4397836944452],[-82.0572352496958,29.4398013607553],[-82.0572714994125,29.4398287152883],[-82.0573116594956,29.4398515034251],[-82.0573549852417,29.4398693003705],[-82.0574006744554,29.4398817775536],[-82.0574478755337,29.4398887026282],[-82.0574926574489,29.4398934880642],[-82.0576032697048,29.4399043466297],[-82.057714464069,29.4399087064843],[-82.0578257410782,29.4399065496354],[-82.0579366057606,29.4398978839058],[-82.0580465595514,29.4398827499743],[-82.0581551110721,29.4398612158998],[-82.0582617761306,29.4398333763385],[-82.0583660750266,29.4397993564562],[-82.0584675424329,29.4397593095811],[-82.0585657238019,29.4397134132925],[-82.0586921607798,29.4396540939496],[-82.0588222476128,29.4396011645595],[-82.0589555629908,29.4395547972428],[-82.0590916757227,29.4395151422137],[-82.0592301438372,29.4394823269985],[-82.0593705199734,29.4394564587818],[-82.059512350482,29.4394376204948],[-82.0596551745273,29.4394258739449],[-82.0598336122821,29.4394134765025],[-82.0600124461939,29.4394067649692],[-82.0601914409042,29.4394057471693],[-82.0603703583593,29.43941042545],[-82.0605489649974,29.4394207927696],[-82.0607270209682,29.4394368358269],[-82.0609042954046,29.4394585334965],[-82.0610805502533,29.439485856829],[-82.0611792104243,29.4395001412196],[-82.0612786638077,29.4395093006274],[-82.0613785600606,29.4395133029785],[-82.0614785524332,29.4395121341919],[-82.0615782914808,29.4395057989612],[-82.0616774295556,29.4394943191905],[-82.0617905310431,29.439464917234],[-82.0619057004524,29.439442493572],[-82.0620223763365,29.4394271553868],[-82.0621399900617,29.4394189793493],[-82.0622579685029,29.4394180030126],[-82.0623339740608,29.4394169664371],[-82.0624097541415,29.4394221774779],[-82.0624846421952,29.4394335907595],[-82.0625579743668,29.4394511061426],[-82.0626291065642,29.43947456716],[-82.0626974099669,29.4395037680573],[-82.0628120385904,29.4395401756798],[-82.0629289336633,29.4395705649022],[-82.0630476828591,29.4395948285521],[-82.0631678675626,29.4396128821433],[-82.0632890655658,29.439624661529],[-82.0634108474739,29.4396301252483],[-82.0634968162466,29.43962692165],[-82.0635827769345,29.4396302840592],[-82.0636680764623,29.4396401866586],[-82.0637520671447,29.439656555126],[-82.0638341102796,29.4396792642873],[-82.0639135806395,29.439708142028],[-82.0639898763532,29.439742967729],[-82.0640715619587,29.439774856595],[-82.0641562182927,29.4398001129578],[-82.0642431491611,29.4398185302904],[-82.0642893396347,29.4398246926093],[-82.064339925565,29.4398330696698],[-82.0643884669296,29.4398480846964],[-82.0644338318515,29.4398693895547],[-82.0644749657084,29.4398964882515],[-82.0645109117944,29.4399287494523],[-82.0645408319816,29.4399654205632],[-82.0645640309738,29.440005650419],[-82.0645799652903,29.4400485010184],[-82.0645882684185,29.4400929749053],[-82.0645975048963,29.4401563737667],[-82.0646126756448,29.4402188917019],[-82.0646336764595,29.4402801039158],[-82.0646858155769,29.4404215853885],[-82.0647311409729,29.4405648534652],[-82.064769571799,29.4407096585812],[-82.0648010415801,29.4408557441322],[-82.0648254946204,29.4410028558621],[-82.0648428886993,29.4411507348229],[-82.0648531932739,29.4412991212852],[-82.064856390378,29.4414477563037],[-82.064852472825,29.4415963770231],[-82.064849105041,29.4416432268712],[-82.0648458288852,29.4417214548904],[-82.0648506160073,29.4417996226119],[-82.0648634241867,29.4418770955889],[-82.0648841528118,29.4419532440702],[-82.0649126303047,29.4420274492588],[-82.064948628493,29.4420991080051],[-82.064991850933,29.4421676382836],[-82.0650419499763,29.4422324838855],[-82.0650985168898,29.442293115984],[-82.0651610917358,29.4423490425208],[-82.0652291660681,29.4423998089884],[-82.0653021874226,29.4424450046883],[-82.0653554736886,29.4424712625099],[-82.0654118555491,29.4424919824415],[-82.065470586504,29.4425068883354],[-82.0655308868158,29.44251578462],[-82.0655919542888,29.4425185500407],[-82.0656529813376,29.4425151509592],[-82.0657131558853,29.4425056296191],[-82.0657739215243,29.4424964642233],[-82.0658355342747,29.4424943582787],[-82.0658969305311,29.4424993469891],[-82.0659570475866,29.4425113458654],[-82.0660148460903,29.4425301460317],[-82.066069325319,29.442555422831],[-82.0661195447367,29.4425867389546],[-82.066164634774,29.4426235530479],[-82.0662038138968,29.4426652275335],[-82.0662364074703,29.442711044258],[-82.0662618495558,29.4427602060568],[-82.0662796999788,29.4428118664819],[-82.0663080301479,29.4429205303222],[-82.0663431048681,29.4430276756149],[-82.0663848190367,29.4431329816249],[-82.0664330468894,29.443236134659],[-82.0664876464923,29.4433368265011],[-82.0665484525556,29.4434347536299],[-82.0666152836195,29.443529625824],[-82.0666879402579,29.4436211583391],[-82.0667473889668,29.4436969667813],[-82.0667885228237,29.4437477904641],[-82.0668350241144,29.4437949365884],[-82.0668864643425,29.4438379725549],[-82.0669423709942,29.4438765048783],[-82.0670022320298,29.4439101807528],[-82.0670654994769,29.4439386896154],[-82.0671315921256,29.4439617709691],[-82.0671999036131,29.4439792136007],[-82.0672698087119,29.4439908555796],[-82.0673406642282,29.443996592864],[-82.0674105783102,29.444000785916],[-82.0674801806767,29.4440079203622],[-82.0676572224495,29.4440270042209],[-82.0678349379588,29.4440404634436],[-82.0680130936426,29.4440482808222],[-82.0681914559389,29.4440504461882],[-82.068411316808,29.4440458181876],[-82.0686309369287,29.4440356742918],[-82.0688501330445,29.4440200223218],[-82.0689520684731,29.4440086134673],[-82.0690529825171,29.4439916222198],[-82.0691524781214,29.4439691127239],[-82.069316991091,29.4439235860132],[-82.069479075016,29.4438718111578],[-82.0697004962588,29.4437981987268],[-82.0699242899523,29.4437303071138],[-82.0701502647552,29.4436681950019],[-82.0703782230384,29.4436119148151],[-82.0704554233556,29.443596477127],[-82.0705336836848,29.4435858896284],[-82.0706126060724,29.4435802062987],[-82.0706989386628,29.4435732376677],[-82.0707841914782,29.4435594349582],[-82.0708676584428,29.4435389092522],[-82.0709486505488,29.4435118318673],[-82.0710264976531,29.4434784265329],[-82.0711005556634,29.4434389701737],[-82.0711702119288,29.4433937874331],[-82.0712348915276,29.4433432530207],[-82.0712940590638,29.4432877846721],[-82.0713472249556,29.4432278408023],[-82.0713939490284,29.4431639189409],[-82.0714338459052,29.4430965447816],[-82.071466585904,29.4430262760923],[-82.0714918977338,29.4429536956759],[-82.0714961027476,29.4428909799399],[-82.0715052143595,29.4428286654824],[-82.0715191903487,29.442767043318],[-82.0715332570678,29.4427011341352],[-82.0715404022675,29.4426343769004],[-82.0715405684558,29.4425673270427],[-82.0715337538361,29.4425005423395],[-82.0715200132055,29.4424345797874],[-82.0714994624468,29.4423699877793],[-82.0714722731381,29.4423073037569],[-82.0714386716549,29.4422470487351],[-82.0714136751338,29.4422121863427],[-82.0713840379159,29.4421802325292],[-82.0713501974808,29.4421516566773],[-82.071312647902,29.4421268796673],[-82.0712758214669,29.4421014674232],[-82.0712442501762,29.4420711157266],[-82.0712187910228,29.442036643642],[-82.071200132116,29.4419989836683],[-82.0711887774108,29.4419591574876],[-82.071185036826,29.4419182415449],[-82.0711890073795,29.4418773412318],[-82.0712005848669,29.4418375635062],[-82.0712194548778,29.4417999856004],[-82.0712266629596,29.4417552887227],[-82.0712260763597,29.4417101506062],[-82.0712177076546,29.4416656085851],[-82.0712017499818,29.4416226827849],[-82.0711785680576,29.4415823604756],[-82.0711486954811,29.44154556478],[-82.0711128158704,29.441513139809],[-82.0710717538788,29.4414858303214],[-82.071026449144,29.4414642629477],[-82.0709266319429,29.441433128755],[-82.0708782217323,29.441411415079],[-82.0708335970222,29.441384190053],[-82.0707935716864,29.4413519465255],[-82.0707588769535,29.4413152766977],[-82.0707301452374,29.4412748470904],[-82.070707902951,29.4412313969791],[-82.0706865895226,29.4411708237017],[-82.0706729890292,29.4411085707729],[-82.0706672649642,29.4410453884233],[-82.0706694855996,29.4409820386203],[-82.0706796230876,29.4409192817683],[-82.0706975579522,29.4408578767092],[-82.0707230710046,29.440798560382],[-82.0707558586141,29.4407420493871],[-82.0707955219289,29.44068902434],[-82.0708257107123,29.44064204497],[-82.0708490938592,29.4405921811938],[-82.0708653192298,29.4405401848093],[-82.0708741424826,29.4404868396908],[-82.0708754297683,29.4404329500542],[-82.0708691622226,29.440379329505],[-82.0708554341684,29.4403267846093],[-82.0708344531167,29.4402761086357],[-82.0708065352743,29.4402280651265],[-82.0707721019511,29.4401833792914],[-82.0706728533836,29.4400844726956],[-82.07061977912,29.4400221408689],[-82.0705728160952,29.4399561571484],[-82.0705322894995,29.4398869807474],[-82.0704984814038,29.439815092785],[-82.0704716262684,29.4397409915922],[-82.0704519100445,29.4396651903658],[-82.0704267733862,29.439565608123],[-82.070393684841,29.4394678235556],[-82.0703528079024,29.4393723224904],[-82.0702989781556,29.4392512472194],[-82.0702514491922,29.439128165927],[-82.0702103198269,29.4390033328614],[-82.0701756745014,29.4388769991423],[-82.0701562583148,29.4387906624701],[-82.0701405297125,29.4387037514968],[-82.0701285111523,29.4386163890462],[-82.0700933834314,29.4382814530593],[-82.0700656605235,29.4379459855459],[-82.0700453532081,29.4376101116745],[-82.0700324704687,29.4372739566152],[-82.0700289903953,29.4372106803455],[-82.0700265865036,29.4371392653675],[-82.0700311840812,29.4370679332672],[-82.0700427480938,29.4369972082125],[-82.0700611932016,29.4369276120256],[-82.0700863837588,29.436859654795],[-82.0701181347125,29.4367938372225],[-82.070156213399,29.4367306435818],[-82.0702003386458,29.4366705385892],[-82.0702621283643,29.4365758939053],[-82.0703170217164,29.4364780470001],[-82.070364804903,29.4363773812134],[-82.0704052874813,29.4362742931856],[-82.0704383140427,29.4361691866003],[-82.0704637507382,29.4360624760948],[-82.0704815005499,29.435954579438],[-82.0704914925109,29.4358459214412],[-82.0704936888917,29.4357369292649],[-82.0704880780145,29.4356280300714],[-82.0704746850319,29.4355196541539],[-82.070453561148,29.4354122239844],[-82.0704247890078,29.4353061643832],[-82.0703884817989,29.4352018907846],[-82.0703621602628,29.4351251074441],[-82.0703421538831,29.4350468790362],[-82.0703285641695,29.4349676014296],[-82.0703214620888,29.4348876783172],[-82.0703134068957,29.4348035640574],[-82.070297383646,29.4347203275328],[-82.0702735037308,29.4346385476905],[-82.070241935135,29.4345587893968],[-82.0702028934545,29.4344816081315],[-82.0701566508786,29.4344075382523],[-82.0701035299026,29.4343370914294],[-82.0700544243959,29.4342492096457],[-82.0700116717749,29.4341588195345],[-82.0699754409228,29.4340662723699],[-82.0699458701803,29.4339719280329],[-82.0699230763283,29.4338761526649],[-82.069920818862,29.4338561546616],[-82.0699220369775,29.4338360862415],[-82.0699266992339,29.433816409782],[-82.0699347014264,29.4337975751427],[-82.0699458585022,29.4337800118424],[-82.0699599153398,29.4337641235818],[-82.0699765503422,29.4337502757261],[-82.0700095957683,29.4337302831745],[-82.0700458499765,29.4337151397177],[-82.0700843894988,29.4337052294991],[-82.0701242405615,29.4337008060065],[-82.0701643871698,29.4337019787719],[-82.0702038115327,29.4337087204122],[-82.0702415111302,29.4337208595884],[-82.0702765301549,29.4337380864821],[-82.0703079774781,29.4337599645311],[-82.0703350553957,29.4337859382537],[-82.0703664811593,29.4338180637],[-82.0704292653128,29.4338806966339],[-82.0704867296432,29.4339471286852],[-82.0705385741132,29.4340170132598],[-82.0705845283299,29.4340899888993],[-82.0706243533414,29.4341656730222],[-82.0706578425352,29.4342436752242],[-82.0706848216381,29.4343235863257],[-82.0707009913132,29.4343677200466],[-82.0707229955461,29.4344098767254],[-82.070750524418,29.4344494688127],[-82.0707831943482,29.4344859431835],[-82.0708268677424,29.4345241989723],[-82.0708755339729,29.4345575188465],[-82.0709284716926,29.4345854075784],[-82.070984893079,29.4346074481753],[-82.0710439600038,29.4346233151803],[-82.07110479122,29.4346327715417],[-82.0711664875137,29.4346356780015],[-82.0712281290102,29.4346319899661],[-82.0712887985295,29.4346217629819],[-82.0713611066217,29.4346088493788],[-82.0714345259298,29.4346023159055],[-82.071508324327,29.4346022282815],[-82.0717823607944,29.4346107278208],[-82.0720565580601,29.4346128894763],[-82.0723307247831,29.4346087132485],[-82.0726046705206,29.4345982007012],[-82.0728782030331,29.4345813612209],[-82.0731511327759,29.4345582041927],[-82.0734232693064,29.4345287460416],[-82.0734993961368,29.4345228486209],[-82.0735758176147,29.4345233595013],[-82.0736518321557,29.4345302747706],[-82.073726741769,29.4345435294921],[-82.0737998565482,29.4345630039623],[-82.0738900572842,29.4345947708427],[-82.0739771435612,29.4346326181996],[-82.0740605781864,29.4346763152306],[-82.0741398518153,29.434725592015],[-82.0742144766626,29.434780148902],[-82.0742839972824,29.4348396502522],[-82.0743458220352,29.4349020783611],[-82.0744012534781,29.4349689494279],[-82.0744498774878,29.4350397619545],[-82.0744913302466,29.4351139886258],[-82.0745253009374,29.4351910723985],[-82.0745691827407,29.4352954015553],[-82.0746196321271,29.4353974297074],[-82.0746764918913,29.4354968423566],[-82.0747395859636,29.4355933281349],[-82.0748087194095,29.4356865897579],[-82.0748836766335,29.4357763369827],[-82.0749642258701,29.4358622928674],[-82.0750501182859,29.4359441898586],[-82.0751123805183,29.4359964499011],[-82.0751787561363,29.4360446730057],[-82.0752489073735,29.4360886119566],[-82.0753224722087,29.4361280414435],[-82.0753755383875,29.4361580326907],[-82.075424141736,29.4361933477934],[-82.0754675914496,29.4362334813508],[-82.075505264996,29.436277862245],[-82.0755366278775,29.4363258575536],[-82.0755612318348,29.4363767835021],[-82.075578726525,29.4364299125062],[-82.0755888622164,29.4364844888185],[-82.0755914933818,29.4365397332225],[-82.0755865840888,29.4365948586804],[-82.0755742044059,29.4366490789381],[-82.075531708703,29.4367926519754],[-82.0754961515875,29.4369376643156],[-82.0754675995345,29.4370838577808],[-82.0754461001548,29.4372309734119],[-82.0754316929742,29.4373787506868],[-82.0754244031457,29.4375269283025],[-82.0754242441439,29.4376752426105],[-82.0754226702955,29.4378167863884],[-82.0754213273142,29.4379296371433],[-82.0754274978419,29.4380423649467],[-82.075441163014,29.4381545848923],[-82.0754622752198,29.4382659191162],[-82.0754907625941,29.4383759866272],[-82.0755265281188,29.4384844142588],[-82.0755694514197,29.4385908327575],[-82.0756193851731,29.4386948814773],[-82.0756761604957,29.4387962075963],[-82.0757395842497,29.4388944645527],[-82.0758094417377,29.4389893198674],[-82.075885494008,29.4390804512328],[-82.0759674841423,29.4391675496412],[-82.0761166646666,29.439299543881],[-82.076271196455,29.4394267337158],[-82.0764308773867,29.4395489548764],[-82.0765954990524,29.4396660446583],[-82.0767648467548,29.439777852092],[-82.0769386995084,29.4398842309014],[-82.077116829141,29.4399850410689],[-82.0772990047857,29.4400801527467],[-82.0774849874905,29.4401694407803],[-82.0776745338121,29.4402527886202],[-82.0777683529621,29.440295488911],[-82.0778588573286,29.44034335715],[-82.0779456768059,29.4403961985339],[-82.078012696516,29.4404353556676],[-82.0780839275281,29.4404683293842],[-82.0781586269355,29.4404947770369],[-82.0782360167973,29.4405144209097],[-82.0783152922228,29.4405270599523],[-82.0783956258637,29.4405325596095],[-82.0784761813885,29.4405308627736],[-82.0785561197707,29.4405219890021],[-82.078634608272,29.4405060290415],[-82.0787108312222,29.4404831495209],[-82.0787839918155,29.4404535898236],[-82.0788055289245,29.4404424285616],[-82.0788533291791,29.4404176558283],[-82.0789344838801,29.4403745714729],[-82.0790193486233,29.4403373661894],[-82.0791073682498,29.4403062801545],[-82.0791979696344,29.4402815191227],[-82.0792905598891,29.4402632426907],[-82.0794132284344,29.4402461835372],[-82.0795366848022,29.4402342532369],[-82.0796606505148,29.440227479955],[-82.0797848435011,29.4402258769917],[-82.0799089834869,29.4402294506061],[-82.080032788401,29.4402381914096],[-82.0801156220534,29.4402476801052],[-82.0801977828676,29.4402609043524],[-82.080279055248,29.4402778273807],[-82.0803656564346,29.4402942810175],[-82.080453613179,29.4403037524971],[-82.0805421888627,29.4403061643719],[-82.080630646867,29.4403014955203],[-82.0807182496752,29.4402897850569],[-82.0808042678552,29.4402711307685],[-82.0808879845515,29.4402456875496],[-82.0809687008747,29.4402136674026],[-82.0810457448851,29.4401753386554],[-82.0811184742871,29.4401310181384],[-82.081167651659,29.4400996058147],[-82.081218453185,29.4400702400201],[-82.0813008987651,29.4400220282154],[-82.0813800430366,29.4399697475578],[-82.0814556218947,29.4399135709333],[-82.0815273874044,29.4398536853094],[-82.0815951024106,29.4397902878235],[-82.0816582917043,29.4397230405076],[-82.0817159958848,29.4396521154641],[-82.0817679373729,29.4395778569061],[-82.081813867335,29.4395006223467],[-82.0818535620908,29.4394207825994],[-82.0818868302991,29.4393387249073],[-82.0819135111613,29.4392548419908],[-82.0819422374875,29.4391646034126],[-82.0819780910471,29.4390763385569],[-82.0820208957704,29.4389904808368],[-82.0820704414516,29.4389074472376],[-82.0821264891388,29.4388276445754],[-82.0821887648458,29.4387514601095],[-82.0822569622473,29.4386792670178],[-82.0823307516613,29.4386114173562],[-82.0824097719653,29.438548242058],[-82.0824936359853,29.438490048587],[-82.0825819367844,29.4384371225017],[-82.0826529854386,29.4383945184382],[-82.0827204417299,29.4383476545735],[-82.0827782007077,29.4383085287101],[-82.0828399311374,29.4382743674974],[-82.0829050796568,29.4382454760492],[-82.0829730623608,29.4382221141038],[-82.083043264802,29.438204492894],[-82.0831150599561,29.438192768889],[-82.0831877992396,29.4381870484878],[-82.083264461466,29.4381806396354],[-82.0833399172549,29.4381671616422],[-82.0834133194951,29.4381467662775],[-82.0834838417364,29.4381196827602],[-82.0836003433473,29.4380654632878],[-82.0837139820274,29.4380067704123],[-82.0837796803157,29.4379742848538],[-82.0838481975174,29.4379466215822],[-82.0839190754916,29.4379239660143],[-82.0839918354364,29.4379064730553],[-82.0840659904648,29.4378942584932],[-82.0841548572025,29.437879398862],[-82.084241899462,29.4378577931701],[-82.0843264488965,29.4378296088328],[-82.0844078587192,29.4377950586392],[-82.084485505499,29.4377544085764],[-82.0845587936532,29.437707972353],[-82.0846271608362,29.4376561020119],[-82.0846900842286,29.4375991981002],[-82.0847470823334,29.437537695588],[-82.084797717671,29.4374720638686],[-82.0848416021692,29.437402809106],[-82.0848788014052,29.4373570721311],[-82.0849215522295,29.4373152186582],[-82.0849693327212,29.4372777642524],[-82.085021552687,29.4372451658039],[-82.0850775734247,29.4372178262216],[-82.0851367059266,29.4371960795681],[-82.0851982234556,29.4371801941891],[-82.0852613723251,29.4371703641072],[-82.0853253754925,29.4371667105866],[-82.0853894469318,29.4371692782215],[-82.0854528015155,29.4371780364999],[-82.0855146586077,29.4371928766753],[-82.0855742618268,29.4372136164604],[-82.0856181939358,29.4372284073434],[-82.0856639810658,29.437237958125],[-82.0857108120382,29.4372420982572],[-82.0857578568096,29.4372407557654],[-82.0858042799469,29.4372339525549],[-82.0858848049289,29.43721398103],[-82.0859630338171,29.4371879424678],[-82.08603837552,29.4371560379249],[-82.0861102533191,29.4371185083558],[-82.0861781237338,29.4370756400906],[-82.0862414693344,29.437027757011],[-82.0862998077256,29.4369752260275],[-82.0863526942413,29.4369184461262],[-82.0863997291312,29.4368578475877],[-82.086440552171,29.4367938919864],[-82.0864748552385,29.436727066715],[-82.0865023760255,29.4366578787256],[-82.0865229052247,29.4365868560949],[-82.0865365209895,29.4365511170991],[-82.086556583963,29.4365177877085],[-82.086582563241,29.4364877527564],[-82.0866137698157,29.4364618078893],[-82.0866493736436,29.4364406439202],[-82.0866884314939,29.4364248202281],[-82.0867299058122,29.4364147577169],[-82.0867726961625,29.4364107239499],[-82.0868202601601,29.4364078081526],[-82.0869190317223,29.4363944996928],[-82.087016331844,29.4363745483437],[-82.0871115811118,29.436348075365],[-82.0872042072991,29.4363152387852],[-82.0872936579418,29.4362762326197],[-82.0873793976441,29.4362312939123],[-82.087460913468,29.4361806902174],[-82.0875377185264,29.4361247219474],[-82.0876093519838,29.4360637262853],[-82.087675386242,29.4359980670133],[-82.0877354269407,29.4359281368613],[-82.0877891147536,29.4358543551592],[-82.087836128084,29.4357771615787],[-82.0878761866575,29.435697018481],[-82.0879110394939,29.4355979432209],[-82.0879389824891,29.4354972045852],[-82.0879599132352,29.4353951694922],[-82.0879737544771,29.4352922134673],[-82.0879804559091,29.4351887143845],[-82.0879799923785,29.435085049337],[-82.08797236658,29.4349815985491],[-82.0879576054633,29.4348787398993],[-82.0879466828477,29.4348308385718],[-82.0879312309265,29.4347839026501],[-82.0879113557009,29.4347382599431],[-82.0878851168097,29.4346787303686],[-82.0878640782658,29.4346176383901],[-82.0878483595449,29.4345553329367],[-82.0878380495804,29.4344921676324],[-82.0878332085593,29.4344285007964],[-82.0878355316027,29.4343811516026],[-82.0878455621911,29.4343345792706],[-82.0878630910173,29.4342897382812],[-82.087887758755,29.4342475502581],[-82.0879190587544,29.4342088812784],[-82.08796191558,29.4341594728065],[-82.0880002772359,29.4341073103962],[-82.0880339137534,29.4340527069882],[-82.0880626239099,29.4339959888241],[-82.0880862361271,29.4339374962282],[-82.0881296948239,29.4338454480101],[-82.088179527966,29.4337559095347],[-82.0882355478054,29.4336692172258],[-82.0882975423398,29.4335857004667],[-82.0883652780072,29.4335056737766],[-82.0883964872768,29.4334691364643],[-82.088425458843,29.4334312120018],[-82.0884612072998,29.4333872194824],[-82.0885022728847,29.4333469400619],[-82.0885481570327,29.4333108658545],[-82.0885983000936,29.4332794342085],[-82.0886520930094,29.4332530277065],[-82.0887088809084,29.433231967906],[-82.0887679729861,29.4332165106449],[-82.088828649692,29.4332068444768],[-82.0888585716758,29.433201423442],[-82.0888871407968,29.433191936435],[-82.0889136410976,29.43317861973],[-82.0889374078251,29.4331618097442],[-82.0889578462945,29.4331419258261],[-82.0889744435677,29.433119467908],[-82.0889867819281,29.4330949977297],[-82.0889945541519,29.4330691294504],[-82.0889975653048,29.4330425108714],[-82.0889955845196,29.4329973258507],[-82.0889876640737,29.4329526430922],[-82.0889739099684,29.4329090564161],[-82.0889511394726,29.4328554131163],[-82.088920973147,29.4328046426583],[-82.0888838745224,29.4327575211601],[-82.088840411334,29.4327147731039],[-82.0887912492335,29.4326770517767],[-82.088737141009,29.4326449345754],[-82.0886789158055,29.4326189136186],[-82.0886174647519,29.4325993879213],[-82.0885537292825,29.4325866555718],[-82.0884886849677,29.4325809129483],[-82.0884233289375,29.4325822461132],[-82.0883762787762,29.4325837036756],[-82.0883292968868,29.4325810569051],[-82.0882828485967,29.4325743308374],[-82.0882373947417,29.4325635927558],[-82.0881189455832,29.432532935429],[-82.0880583003184,29.4325201921178],[-82.0879988417281,29.4325076983825],[-82.0878774029764,29.4324879465576],[-82.0877549572133,29.4324737362884],[-82.0876318350187,29.4324651035665],[-82.0875083669728,29.4324620734294],[-82.0873848854522,29.4324646529187],[-82.0873345384738,29.4324643305803],[-82.087284560703,29.4324589869611],[-82.0872356052149,29.4324486916915],[-82.0871883098135,29.4324335801209],[-82.0871432907431,29.4324138470586],[-82.0870901976148,29.4323904775123],[-82.0870344805076,29.4323723913418],[-82.0869768185479,29.4323598107447],[-82.0869179205063,29.4323528898508],[-82.0868627307102,29.432352238132],[-82.0868079047317,29.4323578117752],[-82.0867543534627,29.4323695192417],[-82.0867029716251,29.4323871633707],[-82.086655064471,29.4324043678017],[-82.0866054621959,29.4324173779172],[-82.0865546409071,29.4324260701037],[-82.0865030919828,29.4324303583009],[-82.0864546997384,29.4324254504627],[-82.0864318016818,29.4324179787813],[-82.0864105682035,29.4324073893345],[-82.0863915490723,29.4323939582997],[-82.0863752347684,29.4323780307035],[-82.0863620475,29.4323600204213],[-82.086349157574,29.4323343710199],[-82.0863407924621,29.4323073227239],[-82.0863392159188,29.4322938541219],[-82.0863403343213,29.4322803510936],[-82.0863441126354,29.4322672220392],[-82.086350436775,29.4322548683182],[-82.0863591162972,29.4322436615594],[-82.0863698853009,29.4322339436618],[-82.0863824185957,29.4322260111465],[-82.0864159293491,29.4322051686337],[-82.0864452853943,29.4321799784484],[-82.0864697564009,29.4321510633596],[-82.0864887351079,29.4321191431511],[-82.0865017507981,29.4320850080216],[-82.0865084809762,29.4320495091961],[-82.0865225432036,29.4319811888066],[-82.0865445752843,29.4319145019784],[-82.0865743418595,29.4318501591151],[-82.0866115267224,29.4317888440214],[-82.0866557319192,29.4317312099901],[-82.0867064885294,29.431677871979],[-82.0867632557672,29.4316293987857],[-82.0868254272697,29.4315863052244],[-82.0868757508919,29.4315576606705],[-82.0869214598685,29.4315236020258],[-82.0869618023096,29.4314846918174],[-82.0869961107669,29.4314415747232],[-82.0870238175052,29.431394960359],[-82.0870444643837,29.43134562015],[-82.0870577136358,29.4312943701185],[-82.0870633424794,29.4312420552363],[-82.0870612601846,29.4311895400368],[-82.0870520973687,29.4311442853418],[-82.0870351668205,29.4311007792576],[-82.0870108646971,29.4310600388875],[-82.0869797596321,29.4310230140514],[-82.0869425756675,29.4309905669425],[-82.086900180576,29.4309634556977],[-82.0868488706036,29.4309391015756],[-82.086794702192,29.4309200731531],[-82.0867383939934,29.4309066231444],[-82.0866806916094,29.4308989299358],[-82.0866223622014,29.4308970944565],[-82.0865641783204,29.4309011433079],[-82.0865069125177,29.4309110209399],[-82.0864762997294,29.4309157003944],[-82.0864452261055,29.430916086111],[-82.0864144713834,29.4309121702659],[-82.0863848108093,29.430904050657],[-82.086356989985,29.4308919307037],[-82.086331703308,29.4308761155356],[-82.0863004266648,29.4308495973097],[-82.0862736613609,29.4308195317326],[-82.0862519293176,29.4307865024624],[-82.0862356509463,29.4307511502718],[-82.0862251424541,29.4307141597481],[-82.0862221681322,29.4306860860918],[-82.0862244399715,29.4306579607901],[-82.0862318995817,29.4306305333714],[-82.0862443466382,29.4306045298933],[-82.0863158237888,29.4304771819179],[-82.086380929189,29.4303472425037],[-82.0864395397697,29.4302149557472],[-82.0864915468348,29.430080569658],[-82.0865127174311,29.4300324501265],[-82.0865405921543,29.4299870251365],[-82.0865747353216,29.4299450066701],[-82.0866146097405,29.4299070550725],[-82.0866966519771,29.4298425114267],[-82.0867833034693,29.4297827599115],[-82.0868741968064,29.4297280516844],[-82.0869689502043,29.4296786175604],[-82.0870671657093,29.4296346656647],[-82.087168429198,29.4295963806501],[-82.0872723157673,29.4295639221319],[-82.0873783861411,29.4295374286001],[-82.0874861965516,29.4295170119421],[-82.0875336949723,29.4295113020057],[-82.0875815832617,29.4295092802907],[-82.0876294877209,29.4295109640101],[-82.0876894026554,29.429512111787],[-82.0877490139594,29.4295067265454],[-82.0878073990629,29.4294948904357],[-82.0878636461761,29.4294767881016],[-82.0879168857297,29.4294527012029],[-82.0879662885788,29.4294230037218],[-82.0880110866637,29.4293881557036],[-82.0880505846884,29.4293487001276],[-82.0880841691037,29.4293052496069],[-82.0881113179882,29.4292584785647],[-82.0881316091338,29.4292091146281],[-82.0881595530274,29.4291360087323],[-82.0881861763974,29.4290644535024],[-82.088204860457,29.4289909962042],[-82.0882154345262,29.4289163120466],[-82.0882177997904,29.4288410840641],[-82.0882119364865,29.4287660039002],[-82.0881978967169,29.4286917577232],[-82.0881758107374,29.4286190277914],[-82.0881458806687,29.4285484807172],[-82.0881083804972,29.4284807635542],[-82.0880636542775,29.4284164951913],[-82.0880121116414,29.4283562655693],[-82.0879542251028,29.4283006278569],[-82.0879157996666,29.4282701930116],[-82.0878741735329,29.428243174147],[-82.0878297419607,29.428219828678],[-82.0876993991079,29.428154752705],[-82.0875731687425,29.4280837327336],[-82.0874514074956,29.4280069674832],[-82.0873344540321,29.4279246705386],[-82.0872226371355,29.4278370734798],[-82.087116268521,29.4277444235351],[-82.0870156464294,29.4276469773216],[-82.0869210529317,29.4275450086699],[-82.0868327530308,29.4274388023649],[-82.0867509928652,29.4273286564933],[-82.0867137055944,29.4272810864779],[-82.0866710158555,29.4272371327623],[-82.0866491418783,29.4272135108695],[-82.0866315474752,29.4271872905699],[-82.0866186305997,29.4271590610205],[-82.0866106814077,29.4271294583234],[-82.086607895732,29.4270958606015],[-82.0866110209709,29.4270693296523],[-82.0866193501502,29.4270436734377],[-82.0866326317417,29.4270196688983],[-82.0866504633001,29.4269980421178],[-82.0866723049379,29.4269794471984],[-82.0866974972917,29.4269644459172],[-82.0867252767936,29.4269534928602],[-82.0867548035187,29.4269469189912],[-82.0868397706698,29.4269379258875],[-82.0869252965731,29.4269351506535],[-82.0870107910353,29.4269386128499],[-82.0870956584734,29.4269482905685],[-82.0871413791281,29.426952862232],[-82.0871873962269,29.4269528129397],[-82.0872331043052,29.4269481450389],[-82.0872778996951,29.426938918775],[-82.087321190407,29.4269252569864],[-82.087413183282,29.4268869819043],[-82.0875013655035,29.4268423606156],[-82.0875851675397,29.4267916802594],[-82.0876640459099,29.4267352694427],[-82.0877374930658,29.4266734919807],[-82.0878050320022,29.4266067484628],[-82.0878662270359,29.4265354699927],[-82.0879206820102,29.4264601174067],[-82.0879397397689,29.4264360962985],[-82.0879630797966,29.4264151727905],[-82.0879900571029,29.4263979235293],[-82.0880199269844,29.426384824229],[-82.0880518620928,29.4263762387172],[-82.0880849802824,29.4263724032865],[-82.0881183670682,29.4263734243467],[-82.0881510989822,29.4263792729481],[-82.088207914729,29.426397204484],[-82.0882617911881,29.4264210925898],[-82.088311919876,29.4264505804774],[-82.0883575426143,29.4264852229445],[-82.0883979739886,29.4265244981113],[-82.0884326040428,29.4265678128981],[-82.0884609108557,29.4266145171088],[-82.0884824686259,29.426663905779],[-82.0884969512649,29.4267152340418],[-82.0885141549009,29.4267890122127],[-82.0885390678787,29.4268610830942],[-82.0885714790941,29.4269308324924],[-82.0886111082729,29.4269976634281],[-82.0886576185467,29.427061004743],[-82.088710611962,29.4271203150121],[-82.0887696375644,29.4271750880195],[-82.0888341860091,29.4272248535412],[-82.0889037111205,29.4272691890805],[-82.0889776146206,29.4273077136088],[-82.0890552676887,29.4273400977363],[-82.0891360046732,29.4273660660591],[-82.0891893511263,29.4273838722346],[-82.0892399658027,29.4274069964726],[-82.0892871578978,29.4274351242395],[-82.0893503471916,29.4274817701528],[-82.0894085589203,29.4275331394702],[-82.0894613358415,29.4275888276774],[-82.089508261137,29.4276483942693],[-82.0895489655992,29.4277113713572],[-82.0895688165703,29.4277496594297],[-82.0895831267328,29.4277772605392],[-82.0895969167708,29.4278116897381],[-82.0896104759416,29.4278455438538],[-82.0896267282618,29.4279044773256],[-82.08963536197,29.4279646328866],[-82.089636271065,29.4280252555102],[-82.0896294411739,29.4280855886064],[-82.0896088787371,29.4281803585648],[-82.0895812232027,29.4282737357504],[-82.0895465967418,29.4283653133158],[-82.089505146678,29.4284546938037],[-82.0894570562675,29.4285414867999],[-82.089402532123,29.4286253151923],[-82.089341814993,29.4287058143881],[-82.0892751653888,29.4287826338785],[-82.0892028761613,29.4288554380213],[-82.0891252599241,29.428923913082],[-82.0890962344589,29.4289543829395],[-82.0890732160281,29.4289885590237],[-82.089056812791,29.4290255431343],[-82.0890474550407,29.4290643635263],[-82.0890453880172,29.4291039968177],[-82.0890506683145,29.4291434016328],[-82.0890631548969,29.4291815405094],[-82.0890825216761,29.4292174104125],[-82.0891082557141,29.4292500677709],[-82.0891396841726,29.4292786535133],[-82.0891759779067,29.4293024157576],[-82.0892161811089,29.4293207293705],[-82.0892592382588,29.4293331123973],[-82.0893040156825,29.4293392385798],[-82.0893493356886,29.4293389467451],[-82.0894750369463,29.4293481594901],[-82.0895999863141,29.4293633067278],[-82.0897238172794,29.4293843438586],[-82.0898461687194,29.4294112106343],[-82.089966681308,29.4294438272457],[-82.0900850056006,29.4294820997995],[-82.0902007921525,29.4295259148417],[-82.0903137040955,29.4295751448344],[-82.0903476433453,29.4295938253422],[-82.0903781627087,29.4296165836979],[-82.0904046252804,29.4296429473312],[-82.0904309243586,29.4296786707633],[-82.0904507151427,29.429717477605],[-82.0904635394917,29.4297584680978],[-82.0904690973683,29.4298006884994],[-82.0904672594152,29.4298431569025],[-82.0904580705482,29.4298848874898],[-82.0904417427696,29.4299249116581],[-82.0904186551685,29.4299622975783],[-82.0903948075926,29.4299972909247],[-82.0903737295228,29.4300336198047],[-82.0903234660877,29.4301215036719],[-82.0902676223181,29.4302067656672],[-82.0902063742837,29.4302891350899],[-82.0901399196139,29.4303683514107],[-82.0900684658196,29.4304441603602],[-82.0900471595777,29.4304690990464],[-82.0900304050993,29.4304965718873],[-82.090018591355,29.4305259474924],[-82.090011986941,29.4305565490931],[-82.0900107454693,29.4305876725382],[-82.0900148956859,29.4306186019412],[-82.0900282114134,29.4306626214789],[-82.0900480300452,29.4307047233639],[-82.0900740075266,29.4307441745012],[-82.090105692005,29.4307802895221],[-82.0901366937637,29.430806496376],[-82.0901721637427,29.4308279244015],[-82.0902111515244,29.4308440016768],[-82.0902526141646,29.4308542947619],[-82.0902954386508,29.4308585298232],[-82.0903829597124,29.430862984735],[-82.0904700684471,29.4308716465414],[-82.0905205304099,29.4308791457201],[-82.0905564998522,29.4308844909873],[-82.0906081125569,29.4308961907998],[-82.0906578414943,29.4309130175907],[-82.0907126728627,29.4309316415206],[-82.0907695505932,29.4309447410169],[-82.0908277533388,29.4309521478686],[-82.0908865381926,29.4309537689731],[-82.0909451586548,29.4309495816414],[-82.091002864632,29.4309396422046],[-82.091058925794,29.4309240750604],[-82.0911126270817,29.4309030789326],[-82.0911632848772,29.4308769213942],[-82.0912105344645,29.4308530374659],[-82.0912609515115,29.4308347788964],[-82.0913341255796,29.4308162770012],[-82.0914089121236,29.4308036570919],[-82.0914846993909,29.4307970216634],[-82.091560859459,29.4307964262664],[-82.0916367697954,29.4308018755955],[-82.0917118033762,29.4308133250535],[-82.0917438435874,29.4308171751819],[-82.0917761730561,29.430816420178],[-82.0918079347897,29.4308110819488],[-82.0918382843715,29.4308013005407],[-82.0918664169113,29.4307873364876],[-82.0919040338638,29.4307608072851],[-82.0919362824842,29.4307293239946],[-82.0919623219493,29.4306937065545],[-82.0919814740312,29.4306548852204],[-82.0919932383682,29.4306138716178],[-82.0919973086347,29.4305717360524],[-82.0919935788296,29.4305295746506],[-82.0919821450727,29.4304884897999],[-82.0919633074012,29.4304495502465],[-82.0919464693795,29.4304080014058],[-82.091937105341,29.4303646843447],[-82.0919354389661,29.4303206216465],[-82.0919415088825,29.4302768570201],[-82.091955172258,29.430234424006],[-82.0919761048007,29.4301943256324],[-82.0920038133357,29.4301575117266],[-82.0920376411943,29.4301248523128],[-82.092073309701,29.4300999143244],[-82.0921132119676,29.4300805078489],[-82.0921562412697,29.430067171176],[-82.0922097880472,29.43005148028],[-82.0922605051315,29.4300297477396],[-82.0923075067838,29.4300023522294],[-82.0923499737405,29.4299697710052],[-82.0923871621967,29.4299325736447],[-82.0924184244669,29.4298914087483],[-82.0924432161721,29.4298469953317],[-82.0924611025277,29.4298001087445],[-82.0924717718183,29.429751567369],[-82.0924750380927,29.4297022185376],[-82.0924762768695,29.4296675951629],[-82.0924806328003,29.4296331642459],[-82.0924841676709,29.4295908514519],[-82.0924802653893,29.4295485644594],[-82.092469018482,29.4295072969131],[-82.0924506928502,29.4294680228997],[-82.092425718787,29.4294316640863],[-82.0923946846889,29.4293990787669],[-82.0923629948206,29.4293749034388],[-82.0923272140245,29.4293555930599],[-82.0922883052946,29.4293416694927],[-82.0922473187614,29.4293335075087],[-82.0922053593528,29.4293313261807],[-82.0920945988749,29.4293303583534],[-82.0919841519091,29.4293230233641],[-82.0918744918674,29.4293093525073],[-82.0917660966536,29.4292894044606],[-82.0917304173672,29.4292836225307],[-82.0916942179562,29.4292814341602],[-82.0916579709344,29.4292828659507],[-82.0916204069825,29.4292834238013],[-82.0915832787135,29.429278396104],[-82.0915476623091,29.4292679291665],[-82.0915145899336,29.429252328123],[-82.0914850191911,29.4292320420683],[-82.0914598052777,29.4292076593646],[-82.0914396794221,29.4291798872982],[-82.0914252264275,29.429149530174],[-82.0914089857855,29.429101161398],[-82.0913985410737,29.4290515837895],[-82.0913940045815,29.4290013254677],[-82.0913954248179,29.4289509255062],[-82.0914027865117,29.4289009245448],[-82.0914160097127,29.428851856965],[-82.0914275054534,29.4288223048351],[-82.0914441305743,29.4287946867968],[-82.0914654763421,29.4287696772831],[-82.0914910199372,29.4287478920474],[-82.0915201334372,29.4287298646909],[-82.0915521071732,29.4287160364911],[-82.0915861524241,29.4287067477956],[-82.0916560503364,29.4286901772675],[-82.0917488993058,29.4286679640398],[-82.0918434209383,29.4286520491601],[-82.0919390573801,29.4286425233903],[-82.0920352471841,29.42863944463],[-82.0921314226151,29.4286428324399],[-82.092227019531,29.4286526641297],[-82.0923214728915,29.4286688833645],[-82.0924142284362,29.4286913939054],[-82.0925047390909,29.4287200643046],[-82.0925924730532,29.4287547239929],[-82.0926769119949,29.4287951718866],[-82.0927575609445,29.4288411669988],[-82.0928090398002,29.4288709788808],[-82.09286520337,29.4289055383701],[-82.0929162743906,29.4289456998447],[-82.092961527023,29.4289908937097],[-82.0930003189719,29.4290404783894],[-82.0930320986717,29.4290937489344],[-82.0930564169648,29.4291499495405],[-82.0930729279997,29.429208284502],[-82.0930813973162,29.4292679229073],[-82.0930817036417,29.4293280205456],[-82.0930738442813,29.4293877238197],[-82.0930607576243,29.4294647853377],[-82.0930523979022,29.4295423498786],[-82.0930444541002,29.4296937655312],[-82.0930439222975,29.4298453405666],[-82.0930508042909,29.4299967972343],[-82.0930650857073,29.4301478562207],[-82.0930867440888,29.4302982421259],[-82.0931157363162,29.4304476787691],[-82.0931294419126,29.4304914073318],[-82.0931507544427,29.4305327370693],[-82.0931791546804,29.4305706587024],[-82.0932139509229,29.4306042497981],[-82.0932541262774,29.4306331301199],[-82.0932984356787,29.4306569311667],[-82.0933460472871,29.4306752046335],[-82.0933960663804,29.4306876070548],[-82.0934475515243,29.4306939068458],[-82.0934995370298,29.4306939850847],[-82.0935510473265,29.4306878386418],[-82.0936011131323,29.4306755864391],[-82.094062564219,29.4305360692664],[-82.0945225618316,29.4303929231744],[-82.0945630327318,29.4303706751114],[-82.0945988503588,29.430342979255],[-82.09462906699,29.4303105694837],[-82.0946528858197,29.430274300947],[-82.0946696744341,29.4302351320706],[-82.0946789908619,29.4301941003034],[-82.0946805898631,29.4301522884744],[-82.0946744265219,29.4301108028859],[-82.0946642566946,29.4300077773469],[-82.0946617045809,29.4299043910195],[-82.0946667809606,29.4298010773498],[-82.094673061981,29.4297589085865],[-82.0946845361621,29.4297175871404],[-82.09470106696,29.4296775988807],[-82.0947224594402,29.4296394195057],[-82.0947598724751,29.4295877077814],[-82.0948034551395,29.4295398422956],[-82.0948526971901,29.429496384815],[-82.0949070201119,29.429457845469],[-82.0949657861012,29.4294246757066],[-82.0950283052517,29.4293972643853],[-82.0950938454365,29.4293759346401],[-82.0951616359011,29.42936093606],[-82.0952094729866,29.4293549773121],[-82.0952577601281,29.4293533992141],[-82.0953059727094,29.4293562189788],[-82.0953389929826,29.4293574121367],[-82.0953718299995,29.429354133104],[-82.0954036959376,29.4293464577729],[-82.0954338272288,29.4293345707886],[-82.0954615025261,29.4293187577252],[-82.0954840619178,29.4293009299818],[-82.0955031547109,29.429280232395],[-82.0955183119847,29.4292571735225],[-82.09552916004,29.4292323206026],[-82.0955354293824,29.4292062886002],[-82.0955458345684,29.4291605502806],[-82.0955631585786,29.4291164487221],[-82.0955870896978,29.429074781976],[-82.0956077707122,29.4290481474843],[-82.0956321545823,29.4290240331],[-82.0956598460493,29.4290028315903],[-82.0956903932605,29.4289848856488],[-82.0957139955963,29.4289703807064],[-82.0957344610151,29.4289525959339],[-82.0957512020187,29.428932042238],[-82.0957637398052,29.4289093087658],[-82.095771711455,29.4288850480393],[-82.0957748896945,29.428859957178],[-82.0957731837937,29.4288347575565],[-82.0957666413635,29.4288101713326],[-82.0957554519483,29.4287869050167],[-82.0957399353484,29.4287656259995],[-82.0957205371282,29.4287469476865],[-82.0956978151414,29.4287314036784],[-82.0956724215649,29.428719440729],[-82.0956450858308,29.4287114046619],[-82.0955965615341,29.4286985497699],[-82.0955499290894,29.4286811381565],[-82.0954845883306,29.428649097932],[-82.0954234696536,29.4286112053128],[-82.0953672548798,29.4285678851382],[-82.0953165683382,29.4285196193627],[-82.0952719777641,29.4284669439271],[-82.0952339754343,29.4284104479761],[-82.0952029889469,29.4283507597757],[-82.0951793614583,29.4282885459309],[-82.0951634145654,29.4282403637403],[-82.0951417498957,29.4281658636789],[-82.0951280937067,29.428089923149],[-82.0951225645761,29.4280131993709],[-82.0951252101147,29.4279363581734],[-82.0951360069661,29.4278600653874],[-82.0951548617056,29.427784982151],[-82.0951816099415,29.4277117594332],[-82.0952160226034,29.4276410325565],[-82.095257799654,29.4275734133725],[-82.0953065790722,29.4275094879147],[-82.0953619377516,29.4274498117034],[-82.095428243301,29.4273794852401],[-82.0954881546423,29.4273048898751],[-82.0955413133475,29.4272264715755],[-82.0955980383645,29.4271419887115],[-82.0956612662857,29.4270611228879],[-82.0957306988707,29.4269842551504],[-82.0958060082342,29.426911750897],[-82.0958868341519,29.4268439536186],[-82.0959727966364,29.4267811841162],[-82.0960634869542,29.4267237397182],[-82.096158476609,29.4266718919333],[-82.0962573155447,29.4266258880145],[-82.0963019510346,29.4266039372284],[-82.0963434118782,29.4265776447888],[-82.0963811483066,29.4265473565222],[-82.0964146617549,29.4265134738066],[-82.0964527548146,29.4264648917393],[-82.0964845812268,29.4264129687097],[-82.0965097628008,29.4263583204788],[-82.0965280003977,29.4263015980173],[-82.0965390766252,29.4262434742053],[-82.0965428603292,29.4261846407023],[-82.0965393065939,29.4261257962113],[-82.0965284567419,29.4260676402193],[-82.0965188366835,29.4260175306464],[-82.0965149685379,29.4259668326653],[-82.0965168882377,29.4259160485922],[-82.0965245778165,29.4258656846562],[-82.0965374524711,29.4258160053179],[-82.0965548537365,29.4257673939672],[-82.0965766675265,29.4257201659235],[-82.0966027537041,29.425674629465],[-82.0966286269809,29.4256401181693],[-82.0966601443726,29.4256094133716],[-82.0966965872271,29.4255832176957],[-82.0967371237043,29.4255621289197],[-82.0967732746063,29.4255432966618],[-82.096805737924,29.425519877024],[-82.0968337644626,29.4254924130085],[-82.0968567011467,29.4254615415089],[-82.0968693099,29.4254375123402],[-82.096877971456,29.4254121796392],[-82.0968825169313,29.4253860363351],[-82.0968828582912,29.4253595949186],[-82.0968789874506,29.4253333702283],[-82.096870241453,29.4252772473184],[-82.0968698264313,29.4252407672929],[-82.0968695964626,29.4252206079733],[-82.0968770614626,29.4251643441634],[-82.0968925205703,29.4251093416018],[-82.0969157276474,29.4250564687897],[-82.0969345186065,29.425017891767],[-82.096946469793,29.424977281188],[-82.0969513108141,29.4249355579736],[-82.0969489293803,29.4248936719958],[-82.0969393811871,29.4248525762585],[-82.096922883627,29.4248132042059],[-82.0968998112972,29.4247764517268],[-82.0968706879157,29.4247431536813],[-82.0968325247875,29.4247092836653],[-82.0968002330479,29.4246710171374],[-82.0967744693656,29.4246291279209],[-82.0967557520683,29.4245844626063],[-82.0967444593469,29.4245379249035],[-82.0967408220683,29.4244904560802],[-82.0967449103012,29.4244430154026],[-82.0967566440954,29.4243965605732],[-82.0967757853975,29.4243520336478],[-82.0967966990756,29.4243061452616],[-82.0968121168608,29.4242586184297],[-82.09682650877,29.4241876505047],[-82.09683281135,29.4241157858552],[-82.0968309617189,29.4240437271097],[-82.0968209778428,29.4239721815939],[-82.0968029594348,29.4239018519405],[-82.0967770816664,29.4238334274826],[-82.0967435978625,29.4237675811241],[-82.0967028377048,29.4237049568197],[-82.096655201842,29.4236461703579],[-82.0966011556012,29.4235917976232],[-82.0964663642911,29.4234661176326],[-82.0963371326543,29.4233360385807],[-82.0962136466422,29.4232017498025],[-82.0960960868159,29.4230634453285],[-82.0959846229571,29.4229213246663],[-82.0958794158643,29.4227755943666],[-82.0958183223401,29.4226919137243],[-82.0957361633225,29.4225788316444],[-82.0956609078579,29.42246212434],[-82.0955927607622,29.4223421157336],[-82.0955319142747,29.4222191367917],[-82.0954785345839,29.4220935286535],[-82.0954327681151,29.4219656379373],[-82.0953947433275,29.4218358183045],[-82.0953645653238,29.4217044281136],[-82.0953423167492,29.4215718312016],[-82.095328058689,29.4214383937549],[-82.0953218315674,29.4213044843092],[-82.0953236515542,29.4211704729669],[-82.0953335141577,29.4210367313975],[-82.0953513915302,29.4209036281425],[-82.095358964328,29.4208490857102],[-82.0953637415687,29.4207943022496],[-82.0953706046975,29.4207444944543],[-82.0953849283347,29.420695918235],[-82.0954064582571,29.4206494256988],[-82.0954348198672,29.4206058321779],[-82.0954695119052,29.4205659013633],[-82.0955099289065,29.4205303366968],[-82.095555358507,29.4204997602442],[-82.0956050065961,29.4204747087824],[-82.0956846467376,29.420459780875],[-82.0957625333677,29.4204389328179],[-82.0958380924629,29.420412317971],[-82.0959107670677,29.4203801327291],[-82.0959800253795,29.4203426126099],[-82.0960453562568,29.420300033819],[-82.0961062791011,29.4202527116846],[-82.0961623456529,29.4202009920517],[-82.0962131435856,29.4201452567585],[-82.0962494687607,29.4200884924868],[-82.0962918189365,29.4200350247313],[-82.0963398096339,29.4199853433241],[-82.0963929997802,29.4199399005389],[-82.0964509042851,29.4198991134389],[-82.0965129922443,29.419863354486],[-82.0965786977191,29.419832950759],[-82.0966474197367,29.4198081792578],[-82.096716599895,29.4197841440571],[-82.0967836896737,29.4197559273172],[-82.0970349619334,29.4196436925181],[-82.0972890171738,29.4195363676211],[-82.0975457314275,29.4194340074152],[-82.097804978032,29.4193366604289],[-82.097857318372,29.4193204991722],[-82.0979113691043,29.4193094662609],[-82.0979664762555,29.4193036962826],[-82.098021975072,29.4193032588785],[-82.0980771927159,29.4193081571785],[-82.0981411087467,29.4193144310711],[-82.0982054092564,29.419315721374],[-82.0982695875952,29.4193120194801],[-82.09833313891,29.4193033527756],[-82.0983955628391,29.4192897908995],[-82.0984303033861,29.4192781719101],[-82.0984598049583,29.419268306449],[-82.0985211338411,29.4192410707915],[-82.0985788811408,29.4192083789161],[-82.0986324162402,29.4191705884097],[-82.0986811543359,29.419128113197],[-82.0987245627271,29.4190814157165],[-82.0987621662049,29.4190310077033],[-82.0987931796418,29.4189915684487],[-82.0988299602627,29.4189561339051],[-82.0988718451112,29.418925343362],[-82.0989180724157,29.4188997578612],[-82.0989678058448,29.4188798398519],[-82.0990201443882,29.4188659484954],[-82.099074139425,29.4188583388826],[-82.0991288126898,29.4188571448189],[-82.0991831742392,29.4188623913438],[-82.0992362386213,29.4188739822115],[-82.0993091144488,29.4188844423951],[-82.0993827224031,29.4188896630969],[-82.099456571106,29.4188896106708],[-82.0995301691789,29.4188842835519],[-82.0996030261418,29.4188737192984],[-82.0996746551075,29.4188579867668],[-82.0997091333465,29.4188488325388],[-82.0997448467689,29.4188446627051],[-82.0997808602286,29.4188455852486],[-82.0998162331896,29.4188515766946],[-82.0998500412853,29.418862479764],[-82.0998814005736,29.4188780111977],[-82.0999094926891,29.4188977633218],[-82.0999335819118,29.4189212204803],[-82.0999530376242,29.4189477692071],[-82.0999673531766,29.4189767170064],[-82.0999761530731,29.4190073056545],[-82.0999788884431,29.4190368035189],[-82.0999758943583,29.4190662825952],[-82.0999672579551,29.4190948962428],[-82.0999532271687,29.4191218220784],[-82.0999342044443,29.4191462870158],[-82.0998723509454,29.4192087388555],[-82.0998060858201,29.4192676186523],[-82.0997356758682,29.4193226877574],[-82.0996614076521,29.4193737247363],[-82.09964417527,29.4193829203882],[-82.0996253959889,29.4193893906775],[-82.0996056285611,29.4193929423333],[-82.0995854568914,29.4193934705042],[-82.0995654810544,29.4193909595407],[-82.09954629304,29.4193854853427],[-82.099525203292,29.4193792138019],[-82.0995032888907,29.4193757310035],[-82.0994810268413,29.4193751136303],[-82.0994589040308,29.4193773718546],[-82.0994374028545,29.4193824587277],[-82.0994261164213,29.4193868601521],[-82.0994157893888,29.4193927983578],[-82.0994066939465,29.4194001207621],[-82.099399068148,29.4194086309634],[-82.099393113216,29.4194181083032],[-82.0993889836607,29.4194283039544],[-82.0993867899748,29.4194389487451],[-82.0993865896505,29.4194497641143],[-82.0993859195072,29.4194803009767],[-82.0993794237894,29.4195103088771],[-82.0993672857533,29.4195389419615],[-82.0993498458604,29.4195653942826],[-82.0993275981841,29.4195889193621],[-82.0993011688501,29.4196088536644],[-82.0992857375901,29.4196170375567],[-82.0992689822134,29.4196228928068],[-82.0992513563693,29.4196262613557],[-82.099233337063,29.4196270516539],[-82.099215415673,29.4196252417926],[-82.0991920468993,29.4196229108037],[-82.0991685604461,29.4196240242637],[-82.0991456156772,29.4196285508733],[-82.0991238530911,29.4196363638715],[-82.0991038853389,29.419647244165],[-82.0990862684779,29.4196608873706],[-82.0990714965814,29.4196769124228],[-82.099059984671,29.4196948693984],[-82.0990520534454,29.4197142551664],[-82.099047926585,29.4197345282548],[-82.0990477181758,29.419755119023],[-82.0990514354045,29.4197754515712],[-82.0990564965128,29.4197888365437],[-82.0990638474267,29.4198013811393],[-82.0990733147715,29.4198127864539],[-82.0990846721717,29.4198227817526],[-82.0990976510309,29.4198311299467],[-82.0991119414304,29.4198376307238],[-82.0991372927861,29.419849295815],[-82.0991601306555,29.4198644233424],[-82.0991798477777,29.4198826095491],[-82.0991959132482,29.4199033661712],[-82.0992078985708,29.4199261400002],[-82.0992154812501,29.4199503183595],[-82.0992184600635,29.4199752557099],[-82.0992167541628,29.4200002853857],[-82.0992104111586,29.4200247360272],[-82.0991995981375,29.4200479542719],[-82.0991846061538,29.4200693172747],[-82.0991658358559,29.4200882553984],[-82.0991170510478,29.4201231551204],[-82.0990733839418,29.4201629116182],[-82.0990354588671,29.4202069544664],[-82.0990038219995,29.4202546514246],[-82.098978926988,29.4203053186103],[-82.0989611304639,29.4203582275414],[-82.098950688447,29.4204126200034],[-82.0989477500577,29.4204677166567],[-82.0989517080349,29.4205146067693],[-82.0989620979495,29.4205607363028],[-82.0989787715794,29.4206054307728],[-82.0990014827864,29.4206480376046],[-82.0990299000921,29.4206879347408],[-82.0990636084749,29.4207245376834],[-82.0991021156578,29.4207573127946],[-82.0992314497026,29.4208591090756],[-82.0993556768249,29.420965672021],[-82.0994745652595,29.4210768036527],[-82.0995878985124,29.4211922981684],[-82.0996954663777,29.4213119450712],[-82.0997970694296,29.421435522128],[-82.0998925235134,29.4215628031939],[-82.0999816507626,29.4216935519528],[-82.1000099917115,29.4217618886518],[-82.1000313868867,29.4218321368463],[-82.1000456727946,29.4219037550728],[-82.1000527407393,29.4219761924798],[-82.1000525341267,29.4220488943049],[-82.1000450547537,29.4221213010925],[-82.1000303628072,29.4221928565189],[-82.1000085696784,29.4222630097386],[-82.0999798415557,29.4223312232095],[-82.0999443994244,29.4223969711277],[-82.0999025172709,29.4224597495989],[-82.0998545157937,29.4225190750738],[-82.0998251929862,29.4225570787263],[-82.0998018439754,29.4225981339224],[-82.099790147012,29.4226178602849],[-82.0997748936185,29.4226356266052],[-82.0997565006131,29.4226509469829],[-82.0997354737472,29.4226634004609],[-82.0997123861461,29.422672645892],[-82.099687873817,29.422678429763],[-82.0996626078013,29.4226805948023],[-82.0996372789035,29.4226790791966],[-82.099612583318,29.4226739267628],[-82.0995891983746,29.4226652775589],[-82.0995677627753,29.422653369449],[-82.0995315166519,29.422631510916],[-82.099493169369,29.4226126022171],[-82.0994082435404,29.4225714437434],[-82.0993271077039,29.4225247916628],[-82.0992502271869,29.4224729104366],[-82.0991780367741,29.4224160973884],[-82.0991393229786,29.4223850645512],[-82.0990986454659,29.422356020699],[-82.0990217910001,29.4223002294691],[-82.0989498224711,29.4222396480286],[-82.0988831306461,29.4221746034347],[-82.0988220757495,29.4221054462185],[-82.0987669856664,29.4220325503851],[-82.098718160434,29.4219563095016],[-82.0986758614623,29.4218771351325],[-82.0986403187197,29.4217954552747],[-82.0986117235476,29.421711710446],[-82.0985902286595,29.4216263536844],[-82.0985796653701,29.4215903496475],[-82.0985633744224,29.4215560239718],[-82.0985416819049,29.4215240683528],[-82.0985150297887,29.4214951314512],[-82.0984839588597,29.4214697985495],[-82.0984212034523,29.421429440069],[-82.0983545556447,29.4213941894713],[-82.0982845535279,29.4213643339246],[-82.0982117684303,29.4213401144313],[-82.0981367878502,29.4213217273931],[-82.0980602208452,29.4213093214808],[-82.0979826917446,29.4213029999813],[-82.0979048257758,29.4213028114083],[-82.097827256251,29.4213087588917],[-82.0977506128893,29.4213207923528],[-82.0976968657875,29.421329296916],[-82.0976424745937,29.4213336606979],[-82.0975878570244,29.4213338484883],[-82.0975334289997,29.4213298618524],[-82.0974724666296,29.4213260637893],[-82.0974114027498,29.4213282750226],[-82.0973510081149,29.4213364666009],[-82.0972920418014,29.4213505352381],[-82.0972352503091,29.4213703033132],[-82.0971813486971,29.4213955220007],[-82.0971310169901,29.4214258736177],[-82.0970848893985,29.4214609739722],[-82.0970435480309,29.4215003809698],[-82.0970075148082,29.4215435977441],[-82.0969728326517,29.4215873144911],[-82.0969349623742,29.4216289537929],[-82.0969082527659,29.421660313146],[-82.0968863662123,29.421694415786],[-82.0968696647346,29.4217306975584],[-82.0968584250137,29.4217685575337],[-82.0968528338994,29.4218073658326],[-82.0968538175546,29.4218407884685],[-82.096861383166,29.4218735585249],[-82.0968753025613,29.4219046916727],[-82.0968951562274,29.4219332505315],[-82.0969203485812,29.4219583767494],[-82.0969501214447,29.4219793144771],[-82.0970334267126,29.4220312624641],[-82.0971131486007,29.4220873535218],[-82.097189018513,29.422147399072],[-82.0972607822261,29.4222111980171],[-82.0973281971949,29.4222785336104],[-82.0973910361457,29.4223491804985],[-82.0974368017162,29.4223992519759],[-82.0974872304413,29.4224457648377],[-82.0975807890798,29.4225293361396],[-82.0976692138465,29.4226170880062],[-82.0977522612978,29.4227087770846],[-82.0978297023635,29.4228041545453],[-82.0979013250411,29.4229029535633],[-82.0979669317013,29.4230049057488],[-82.0980263417826,29.4231097286292],[-82.0980793917917,29.4232171350379],[-82.0981259353032,29.4233268292025],[-82.098142899089,29.4233619281178],[-82.0981653533779,29.4233945787519],[-82.0981928490121,29.423424125419],[-82.0982248353244,29.4234499781588],[-82.0982606700194,29.4234716174313],[-82.0982990783877,29.4234956212444],[-82.098332161543,29.4235250825957],[-82.098358918762,29.4235591134074],[-82.0983785442561,29.4235966847624],[-82.0983904451369,29.4236366636796],[-82.0983942611803,29.4236778420652],[-82.0983898791983,29.4237189773999],[-82.0983837481965,29.4237610062664],[-82.0983827304053,29.4238033668706],[-82.0983868348078,29.4238455850529],[-82.0983980215281,29.4238970313235],[-82.0984150463993,29.4239472366178],[-82.0984377360468,29.423995693134],[-82.0984658631966,29.4240419141973],[-82.0984991412863,29.424085431912],[-82.0985372379392,29.4241258088983],[-82.0985714305139,29.4241625764791],[-82.0986005934212,29.4242025262235],[-82.0986243439791,29.4242451354588],[-82.0986423695735,29.4242898431742],[-82.0986544357444,29.4243360633212],[-82.0986612800086,29.4243898050133],[-82.0986611811939,29.4244438815598],[-82.0986541428937,29.4244976044164],[-82.0986402513461,29.4245502959943],[-82.098619685316,29.4246012857483],[-82.0985950975283,29.4246448071356],[-82.098564407485,29.4246852504065],[-82.0985281101576,29.4247219614496],[-82.0984867903495,29.4247543495312],[-82.0984411137122,29.4247818904248],[-82.0983989800305,29.4248079744194],[-82.0983618373884,29.4248393367034],[-82.0983305391856,29.4248752558684],[-82.0983058067692,29.4249149056606],[-82.0982882078744,29.4249573737594],[-82.0982781485399,29.4250016836857],[-82.0982758596326,29.4250468159286],[-82.0982813932547,29.4250917322003],[-82.0982928836055,29.4251297873133],[-82.0983107457066,29.4251659105901],[-82.0983345789094,29.4251992867402],[-82.0983638469197,29.4252291669801],[-82.098397890374,29.4252548792055],[-82.0984359448061,29.4252758444213],[-82.0984771514265,29.4252915916076],[-82.0985395097785,29.425314070035],[-82.098598729417,29.425342314181],[-82.0986541177408,29.4253759938555],[-82.0987050261663,29.4254147131443],[-82.0987508600087,29.4254580197976],[-82.0987910811772,29.4255054075785],[-82.0988177997687,29.4255471524669],[-82.0988371773277,29.4255918956009],[-82.0988487844595,29.4256386550303],[-82.0988523705341,29.4256864034258],[-82.0988478538049,29.4257340915519],[-82.0988353339848,29.4257806701754],[-82.0988150868566,29.4258251174496],[-82.0987823270948,29.4258780344599],[-82.0987444936483,29.4259282911976],[-82.0987018694864,29.4259755167972],[-82.0986547663244,29.4260193615194],[-82.0986035345055,29.4260595006624],[-82.0985644712653,29.4260831768108],[-82.098521538083,29.4261009918179],[-82.0984758722255,29.4261124746676],[-82.0984590225257,29.4261167701732],[-82.0984432490076,29.4261235060576],[-82.0984290080155,29.4261324851498],[-82.0984167136725,29.4261434484668],[-82.0984067199149,29.4261560791267],[-82.0983993168987,29.4261700078251],[-82.0983947193211,29.4261848355257],[-82.098393061031,29.4262001303306],[-82.098392584924,29.4262168178458],[-82.0983943276556,29.4262546761492],[-82.098403001788,29.4262917966144],[-82.0984183809456,29.4263272121685],[-82.0984400662766,29.4263600026855],[-82.0984584053831,29.4263863781181],[-82.0984730883464,29.4264144537453],[-82.098483908554,29.4264438422674],[-82.098503169332,29.4265219638514],[-82.0985151393832,29.4266011948468],[-82.098519743249,29.4266810141596],[-82.0985169503868,29.426760897568],[-82.0985067760679,29.4268403208518],[-82.0984892903609,29.4269187621397],[-82.0984646073519,29.4269957058212],[-82.0984328887375,29.4270706488061],[-82.0983943420286,29.4271430958297],[-82.0983703273661,29.4271874955628],[-82.0983498376928,29.4272332277292],[-82.098313379567,29.4273128008672],[-82.0982694528479,29.427389428155],[-82.0982183593695,29.4274625720814],[-82.0981604602545,29.427531720956],[-82.0981197980132,29.4275719698217],[-82.0980747663663,29.4276084826536],[-82.0980258153698,29.4276408995465],[-82.0979734265208,29.4276688965858],[-82.0978772960056,29.4277187479308],[-82.0977855699303,29.4277745987776],[-82.0976987342833,29.427836151018],[-82.0976172534938,29.4279030791592],[-82.0975415596513,29.4279750256296],[-82.0974720543028,29.4280516086029],[-82.0974231868497,29.4281057778713],[-82.0973702814694,29.4281569575304],[-82.0973135789103,29.4282049175569],[-82.0972512097785,29.4282586994521],[-82.0971943733704,29.4283169903283],[-82.0971434954877,29.4283793567249],[-82.0970989543209,29.4284453338853],[-82.0970610822469,29.4285144296697],[-82.0970301613365,29.4285861276847],[-82.0970064224568,29.4286598951077],[-82.0969871805434,29.4287157743859],[-82.0969602652209,29.4287691695034],[-82.096926083426,29.4288192777188],[-82.0968851498934,29.4288653448011],[-82.0968380799692,29.4289066752004],[-82.0967507466556,29.4289768378667],[-82.0966661891362,29.429049557371],[-82.0966271609304,29.4290812219168],[-82.0965849688581,29.4291096058474],[-82.0965399695506,29.4291344689685],[-82.0964925474867,29.4291555992524],[-82.0964597059782,29.4291715007523],[-82.0964302008127,29.429191806379],[-82.0964047946599,29.4292159887923],[-82.0963841468831,29.4292434251994],[-82.0963687901833,29.4292734036144],[-82.0963627067922,29.429293400173],[-82.096360378359,29.4293139929157],[-82.0963618632741,29.4293346458989],[-82.0963671247067,29.4293548208324],[-82.0963760243163,29.4293739911622],[-82.096388332134,29.4293916592835],[-82.0964179450973,29.4294331975864],[-82.0964406059987,29.4294779648277],[-82.0964558620871,29.4295250729821],[-82.0964634133254,29.4295735894292],[-82.0964631105932,29.429622553384],[-82.0964549574837,29.4296709954568],[-82.0964391183886,29.4297179564313],[-82.0964159059216,29.4297625060411],[-82.0963857782236,29.4298037601829],[-82.0963493344709,29.42984090517],[-82.0963072933156,29.4298732024263],[-82.0962604910893,29.4299000150875],[-82.0962098521584,29.4299208087826],[-82.0961563799411,29.4299351751054],[-82.0961011335511,29.4299428269202],[-82.0960452071365,29.429943614791],[-82.0959897083199,29.4299375215055],[-82.0959638566027,29.4299361311911],[-82.0959380965136,29.4299384854151],[-82.0959131296369,29.4299445192386],[-82.0958896386922,29.4299540691406],[-82.09586826328,29.4299668753652],[-82.0958495891019,29.4299825858341],[-82.095834123706,29.430000773359],[-82.0958222893004,29.430020941901],[-82.0958007530898,29.4300598886602],[-82.0957741279231,29.4300963458303],[-82.095758322964,29.4301190007975],[-82.0957468173418,29.4301435624504],[-82.0957399021108,29.4301694087857],[-82.0957377533406,29.4301958880696],[-82.0957404231336,29.4302223313565],[-82.0957460376041,29.4302415539428],[-82.0957551833521,29.4302597077785],[-82.0957676124423,29.430276299175],[-82.0957829880067,29.4302908766932],[-82.095800890532,29.4303030428793],[-82.0958725698035,29.4303401642121],[-82.0959476554865,29.4303717070849],[-82.0960255816425,29.4303974336563],[-82.0961057625698,29.4304171506802],[-82.096187592804,29.4304307110708],[-82.0962704578973,29.4304380099902],[-82.0963213735093,29.4304437902896],[-82.096370812291,29.4304559118611],[-82.0964177492646,29.4304741243377],[-82.0964452574752,29.4304845723735],[-82.0964743143814,29.4304910576035],[-82.0965041797713,29.4304934110323],[-82.096534092772,29.4304915771104],[-82.096563291612,29.4304855980867],[-82.0965910306896,29.430475629656],[-82.0966166057258,29.4304619245293],[-82.0966559492403,29.4304523801518],[-82.0966965485996,29.430448612943],[-82.0967373033673,29.4304507246142],[-82.0967771113108,29.4304586580505],[-82.0968148944517,29.4304721980934],[-82.0968496314054,29.4304909777998],[-82.0968803780426,29.4305144901781],[-82.0969063061167,29.4305420983601],[-82.0969267113484,29.4305730535959],[-82.0969410430704,29.4306065187262],[-82.0969569989465,29.4306439928053],[-82.0969796122371,29.4306787425941],[-82.0970082954442,29.4307098699137],[-82.0970423092541,29.4307365696901],[-82.0970728420923,29.4307604145264],[-82.0970987737596,29.43078812044],[-82.0971194772319,29.430819015357],[-82.0971294206838,29.4308415058617],[-82.0971349659841,29.4308651269107],[-82.0971359622157,29.4308892275573],[-82.0971323779377,29.4309131380782],[-82.0971243173547,29.4309361981394],[-82.0971112792066,29.4309734577231],[-82.0971054608186,29.4310120919451],[-82.0971070220905,29.4310510367595],[-82.0971159172085,29.4310892187333],[-82.0971319045256,29.4311255871243],[-82.0971545429691,29.4311591412644],[-82.0971832073115,29.4311889548132],[-82.0972171106286,29.4312142086174],[-82.0972553177742,29.4312342063587],[-82.0972990809999,29.4312555701385],[-82.0973400208207,29.4312808622629],[-82.0973776808924,29.4313097979415],[-82.097445670783,29.4313638301199],[-82.0975179420442,29.4314134191177],[-82.0975941191803,29.4314583075378],[-82.0976461549914,29.4314833336019],[-82.0977009648002,29.4315033148601],[-82.097757911701,29.431518016601],[-82.0978163363304,29.4315272690498],[-82.0978755577655,29.4315309650219],[-82.0979231900351,29.4315348464184],[-82.0979696113758,29.4315449610504],[-82.0980137653686,29.4315610765489],[-82.0980546441039,29.4315828275388],[-82.0980913169271,29.4316097172043],[-82.0981229484049,29.4316411329371],[-82.0981488162918,29.431676359637],[-82.098168333988,29.4317145930128],[-82.0981810532341,29.4317549630544],[-82.0981866856709,29.4317965481159],[-82.0981851019411,29.4318384022989],[-82.0981763406721,29.4318795711005],[-82.0981605994934,29.4319191164492],[-82.0981382368327,29.4319561370467],[-82.0981097638315,29.4319897879273],[-82.0980733640961,29.4320283842085],[-82.0980134832976,29.4320900707871],[-82.0979485360009,29.4321476936613],[-82.0978788797355,29.4322009351934],[-82.0978049007769,29.4322495012166],[-82.0977270042653,29.4322931249474],[-82.0976456231888,29.4323315638559],[-82.0975612049083,29.4323646067063],[-82.0975217886302,29.4323812822555],[-82.0974852649274,29.4324024110814],[-82.0974522859767,29.4324276152943],[-82.0974234410729,29.4324564450255],[-82.0973992476457,29.4324883846873],[-82.0973756408183,29.4325317532616],[-82.0973595978057,29.4325776934801],[-82.0973514680524,29.4326252039013],[-82.0973514285265,29.4326732431846],[-82.0973594810247,29.432720763732],[-82.0973754494772,29.4327667242067],[-82.0973989844393,29.4328101223922],[-82.0974295711764,29.4328500084926],[-82.0974665431386,29.4328855101678],[-82.0975090900454,29.432915852875],[-82.0975562830388,29.4329403708211],[-82.0976070890564,29.432958531998],[-82.0977150584687,29.432996756285],[-82.0978203104772,29.4330404016012],[-82.0979224920442,29.4330893208541],[-82.0980212582164,29.4331433489561],[-82.0981162766173,29.4332023036072],[-82.0982072256499,29.4332659868594],[-82.0982248443076,29.4332758767793],[-82.0982440404069,29.4332831794061],[-82.0982643225694,29.4332877061894],[-82.0982851688738,29.4332893421216],[-82.0983060475177,29.4332880441725],[-82.0983243435051,29.433284183967],[-82.0983416225996,29.4332776527556],[-82.098357379948,29.4332686430005],[-82.0983711538162,29.4332574175767],[-82.0983825453523,29.4332443027314],[-82.0983912194847,29.4332296818244],[-82.0984190681568,29.4331791267051],[-82.0984531816798,29.4331316048075],[-82.0984931315571,29.4330877068251],[-82.0985384219187,29.4330479796392],[-82.0985884877245,29.4330129177129],[-82.0986427055434,29.4329829599611],[-82.0987004007409,29.4329584780144],[-82.0987608528679,29.4329397777838],[-82.098794411232,29.432935229861],[-82.0988283657531,29.4329355107321],[-82.0988618199126,29.4329406102266],[-82.0988938852767,29.4329503945581],[-82.0989237111407,29.4329646039782],[-82.098950508784,29.4329828621648],[-82.0989735658424,29.4330046856106],[-82.0989922714615,29.4330294937946],[-82.0990061306697,29.4330566310884],[-82.0990147751577,29.4330853777099],[-82.0990179758551,29.4331149708472],[-82.0990156483202,29.4331446273478],[-82.0990078536384,29.4331735593659],[-82.0989947993207,29.4332010009628],[-82.0989579971402,29.4332545877496],[-82.098915999104,29.433305161608],[-82.0988691223176,29.4333523368355],[-82.0988177270052,29.4333957558946],[-82.0987622012392,29.433435085502],[-82.0987029699226,29.4334700283626],[-82.0986404840097,29.4335003169119],[-82.0986158135771,29.4335088979096],[-82.0985898531637,29.4335137556239],[-82.0985633313033,29.433514752359],[-82.0985455195078,29.4335154447535],[-82.0985281002761,29.4335187745056],[-82.0985115802581,29.4335246453842],[-82.0984964382556,29.433532885268],[-82.0984831144433,29.4335432570996],[-82.0984719950967,29.4335554581025],[-82.098463405406,29.4335691346466],[-82.0984575924078,29.4335838892892],[-82.0984547249854,29.4335992932935],[-82.0984548866822,29.4336149007105],[-82.0984580730065,29.4336302569858],[-82.0984641923302,29.4336449169534],[-82.0984705550974,29.4336571273325],[-82.0984916259806,29.4336904060259],[-82.0985188808664,29.4337200451464],[-82.098551517559,29.4337451739252],[-82.0985885784543,29.433765053031],[-82.098628973896,29.4337790988229],[-82.0986715154129,29.4337868982149],[-82.0987073186669,29.4337933120389],[-82.0987414636308,29.4338047103059],[-82.0987739691694,29.4338155781287],[-82.0988080458614,29.4338217322059],[-82.0988428106629,29.4338230137186],[-82.0988773589704,29.4338193898074],[-82.0989107915703,29.4338109543557],[-82.0989422433851,29.4337979248596],[-82.0989708942527,29.4337806416458],[-82.0989960012666,29.4337595530073],[-82.0990187403214,29.4337403154396],[-82.0990445857504,29.4337243622365],[-82.0990729240044,29.4337120744113],[-82.0991263333396,29.4336960296671],[-82.0991813641339,29.4336849498105],[-82.0992374145161,29.4336789561099],[-82.0992938727334,29.4336781119377],[-82.0993215579121,29.4336856429862],[-82.0993473629169,29.4336972079091],[-82.0993705295698,29.4337124648115],[-82.0993903742527,29.4337309653967],[-82.0994063121625,29.4337521627899],[-82.0994178743785,29.433775435792],[-82.099424719541,29.4338000951385],[-82.0994266473256,29.4338254171414],[-82.0994236002401,29.4338506538604],[-82.0994156663196,29.4338750636145],[-82.0994030827191,29.4338979250652],[-82.0993862168496,29.4339185669454],[-82.0993655681745,29.4339363797957],[-82.0993417430565,29.4339508386517],[-82.099271194764,29.4339762678008],[-82.0991986558048,29.4339969691248],[-82.0991245412006,29.4340128213603],[-82.0990492713629,29.4340237368849],[-82.0989913461968,29.434032647213],[-82.0989382072545,29.4340402963719],[-82.0988844107454,29.4340424619514],[-82.0988306923897,29.4340391142221],[-82.0987777897043,29.4340302985604],[-82.0987561187464,29.4340271878865],[-82.0987341594293,29.4340272958526],[-82.0987125306922,29.4340306201115],[-82.0986918415929,29.4340370667793],[-82.0986726787312,29.4340464543473],[-82.0986555792998,29.4340585168116],[-82.0986410283888,29.434072914626],[-82.0986149628725,29.4341095033569],[-82.0985961287943,29.4341493466994],[-82.0985850372955,29.4341913595144],[-82.0985836053809,29.4342124285042],[-82.0985862706823,29.4342334036064],[-82.0985929541481,29.4342536816207],[-82.0986034644369,29.4342726765593],[-82.0986174961216,29.4342898384234],[-82.0986346440621,29.4343046735445],[-82.0986831467992,29.4343364068642],[-82.0987351826104,29.4343635125144],[-82.0987901792687,29.4343856916372],[-82.0988475304114,29.4344027001397],[-82.098870941406,29.4344067519808],[-82.0988947889818,29.4344075335581],[-82.0989184802508,29.4344050237481],[-82.0989414268165,29.4343992874864],[-82.0989630600451,29.4343904663794],[-82.0990017019754,29.4343744193953],[-82.0990425717276,29.4343633849897],[-82.0990848257836,29.4343575908309],[-82.0991275927776,29.4343571574034],[-82.0991699896658,29.4343620925308],[-82.0992333271815,29.4343715645637],[-82.0992972656702,29.4343771474845],[-82.0993582406167,29.4343833077866],[-82.0994182013653,29.4343948037824],[-82.0994765352649,29.4344115204632],[-82.099532653919,29.4344332864897],[-82.0995859868974,29.4344598835804],[-82.0996359943127,29.4344910394707],[-82.0996847566629,29.4345230262164],[-82.0997353407966,29.4345527644534],[-82.0997649816077,29.4345722506572],[-82.0997907749344,29.434595555548],[-82.0998120856679,29.4346221064371],[-82.0998283882937,29.4346512484885],[-82.0998392812648,29.434682264278],[-82.0998444977817,29.4347143902231],[-82.0998439075885,29.4347468345773],[-82.0998375259568,29.4347787993365],[-82.0998255100915,29.4348094958855],[-82.0998081564369,29.4348381692516],[-82.0997768905734,29.4348846005286],[-82.0997492018014,29.4349327404492],[-82.0997082350312,29.4350035733422],[-82.099661658282,29.4350716984567],[-82.0996097042176,29.4351367762562],[-82.0995526324509,29.4351984797229],[-82.0994907268498,29.4352565037452],[-82.0994242973328,29.4353105580764],[-82.0993536726835,29.4353603728115],[-82.0992792086346,29.4354056999511],[-82.0992379193692,29.4354309253243],[-82.0991988767904,29.4354587582693],[-82.0991698405454,29.4354776192004],[-82.0991376727734,29.4354920731428],[-82.0991032394503,29.4355017297052],[-82.0990674649424,29.4355063299307],[-82.0990313131421,29.4355057502084],[-82.0989957560265,29.4355000061853],[-82.0989617494031,29.4354892512014],[-82.0989302086552,29.4354737755075],[-82.0989088296497,29.4354659590333],[-82.0988862397153,29.4354614566],[-82.0988631027068,29.4354604012077],[-82.0988401004457,29.4354628233682],[-82.0988179093632,29.4354686503227],[-82.0987971816363,29.4354777130825],[-82.0987785299161,29.4354897433004],[-82.0987625021748,29.4355043865701],[-82.0987495682313,29.4355212133798],[-82.0987401116663,29.4355397277177],[-82.0987344091609,29.4355593850669],[-82.0987326287,29.4355796057048],[-82.0987348232842,29.435599795827],[-82.0987469765917,29.4356757502999],[-82.0987594191567,29.4357574745425],[-82.0987783457615,29.435838240342],[-82.0988036620828,29.4359176533975],[-82.0988352468482,29.4359953272325],[-82.0988729464457,29.4360708824126],[-82.0989165749241,29.4361439504576],[-82.0989659211793,29.4362141761877],[-82.0989821025325,29.4362325026364],[-82.0990011063924,29.4362486189556],[-82.0990225437883,29.4362621957791],[-82.0990459772408,29.4362729538104],[-82.0990709243545,29.4362806732117],[-82.0991105894659,29.4362873372286],[-82.0991509579581,29.4362884872761],[-82.0991910344979,29.4362840959723],[-82.0992298336334,29.43627427128],[-82.0992751141136,29.4362624821174],[-82.0993218444746,29.4362564205049],[-82.0993690850788,29.4362562116187],[-82.0994365072341,29.4362631525875],[-82.0995027696645,29.4362760800624],[-82.099567177972,29.4362948586954],[-82.0996290611153,29.436319292897],[-82.0996582231244,29.4363411610017],[-82.0996826995209,29.4363670620884],[-82.099701772551,29.4363962349327],[-82.0997148834626,29.4364278291238],[-82.0997216504716,29.4364609167996],[-82.0997218741521,29.4364945286349],[-82.0997155473176,29.4365276835705],[-82.0997028559193,29.436559408372],[-82.0996841718597,29.4365887736174],[-82.0996600431111,29.4366149226435],[-82.0996311730545,29.4366370864101],[-82.0995984096995,29.4366546179225],[-82.0995851802103,29.4366616363159],[-82.0995734329413,29.4366704454904],[-82.0995634823029,29.4366808130898],[-82.0995555923998,29.4366924605999],[-82.0995499761326,29.4367050774303],[-82.0995467817235,29.4367183279562],[-82.0995460954106,29.4367318546469],[-82.0995479360586,29.4367452991901],[-82.0995564395111,29.4367750805874],[-82.0995678966242,29.4368040929345],[-82.0995749376194,29.436816601788],[-82.0995841929618,29.4368279512105],[-82.0995954219029,29.4368378423481],[-82.0996083271002,29.4368460178112],[-82.0996225716857,29.4368522608916],[-82.0996377810618,29.4368564080806],[-82.0996535554782,29.4368583514152],[-82.0996694826081,29.4368580400436],[-82.0996919737279,29.4368576473085],[-82.0997142249975,29.4368605372754],[-82.0997356165794,29.4368666293632],[-82.0997555528905,29.4368757522385],[-82.099773476077,29.4368876516399],[-82.0997888866757,29.4369019958539],[-82.0998013561902,29.4369183851037],[-82.0998105351757,29.4369363625015],[-82.0998185068256,29.4369518473605],[-82.0998294087799,29.4369658974057],[-82.0998429158485,29.4369780909563],[-82.0998586219929,29.4369880642249],[-82.0998760573942,29.4369955167939],[-82.099894699233,29.4370002264793],[-82.0999139896554,29.4370020532426],[-82.0999593653571,29.4369996256424],[-82.1000036765551,29.4369907366978],[-82.1000265692218,29.4369826160102],[-82.1000477532928,29.4369714950482],[-82.1000667203217,29.4369576421536],[-82.1000830121677,29.4369413898197],[-82.1002217380987,29.4367791870976],[-82.100241965464,29.4367525366329],[-82.1002586462805,29.4367240672163],[-82.1002819530705,29.4366847764353],[-82.1003105671073,29.4366482707784],[-82.1003440625893,29.436615099453],[-82.1003819346633,29.4365857576854],[-82.1004236182892,29.436560685156],[-82.1004684882393,29.4365402566102],[-82.1005183986365,29.4365188876834],[-82.100552197749,29.4365061472196],[-82.100587969562,29.4364985858689],[-82.1006246855043,29.4364964211241],[-82.1006612918521,29.436499713226],[-82.1006967384749,29.4365083690752],[-82.1007300057848,29.4365221391028],[-82.1007554092427,29.4365370889021],[-82.1007655063065,29.4365472249416],[-82.1007734384305,29.436558742598],[-82.1007789666627,29.4365712905989],[-82.1007819212217,29.4365844879428],[-82.1007822122758,29.4365979348525],[-82.1007798317404,29.4366112205978],[-82.1007748523787,29.4366239430546],[-82.1007224877842,29.4366967720872],[-82.100676557822,29.4367728571729],[-82.1006642302414,29.4367907493212],[-82.1006554294465,29.4368101725082],[-82.1006503970843,29.4368305986527],[-82.1006492705969,29.436851469945],[-82.1006520796288,29.4368722207525],[-82.1006587487215,29.4368922830962],[-82.1006690937203,29.436911114032],[-82.1006828370459,29.4369281987808],[-82.1006996014057,29.4369430734158],[-82.1007337185219,29.4369703903842],[-82.1007658162253,29.4369995231558],[-82.1007998462049,29.4370291667869],[-82.1008371972561,29.4370555691775],[-82.1008774687303,29.4370784479058],[-82.1009224123422,29.4370981839733],[-82.1009696951672,29.4371131595051],[-82.1010180775301,29.4371291614631],[-82.1010632879417,29.4371511522206],[-82.1011043634081,29.4371786639352],[-82.1011404334617,29.4372111114138],[-82.1011707282463,29.4372478061941],[-82.1012056197103,29.4372940047974],[-82.1012255488349,29.4373233416662],[-82.101239957812,29.4373550583957],[-82.101248488214,29.4373883640413],[-82.1012509280383,29.4374224293247],[-82.1012472153012,29.4374564061926],[-82.1012374434275,29.4374894497224],[-82.1012218558607,29.4375207361154],[-82.1012008397747,29.4375494861671],[-82.1011749188872,29.4375749856074],[-82.1011443141837,29.4376037677195],[-82.10111762344,29.4376353928282],[-82.1010951835242,29.4376694556818],[-82.1010772854905,29.4377055205173],[-82.1010605597582,29.4377507112661],[-82.1010480031072,29.4377969268519],[-82.1010425772829,29.4378389045173],[-82.1010449470386,29.4378810988715],[-82.1010550521872,29.43792240839],[-82.1010726277257,29.4379617526729],[-82.1010972146151,29.4379981045206],[-82.1011296114575,29.4380338821237],[-82.1011662815857,29.4380663441931],[-82.1012067875202,29.438095102696],[-82.101250642374,29.4381198118449],[-82.1013263083687,29.4381555925344],[-82.1014052846552,29.4381853883823],[-82.1014869567859,29.4382089709535],[-82.1015706878552,29.4382261532752],[-82.1016558229913,29.4382368023545],[-82.1017417010342,29.4382408352667],[-82.1018276500439,29.4382382207192],[-82.1019129989791,29.4382289782698],[-82.1019605755532,29.4382224935339],[-82.1020087189642,29.4382231319155],[-82.1020560485016,29.4382308730737],[-82.1021012059126,29.4382454963898],[-82.1021428976232,29.4382665809674],[-82.1021799243826,29.4382935236261],[-82.102211224382,29.438325549855],[-82.1022359011029,29.4383617396302],[-82.1022532457744,29.4384010579261],[-82.1022594207937,29.4384126449994],[-82.1022675182077,29.4384232854536],[-82.1022773538617,29.4384327383318],[-82.1022887040753,29.4384407861468],[-82.1023013092354,29.4384472473989],[-82.1023123800729,29.4384510831559],[-82.1023239916963,29.4384533839841],[-82.1023358701193,29.4384540943384],[-82.1023477323726,29.4384531977899],[-82.1023592963853,29.4384507146791],[-82.1024071729967,29.4384398090184],[-82.1024562362825,29.4384342638727],[-82.1025057074036,29.4384341699933],[-82.1025547994355,29.4384395258154],[-82.1026027290475,29.4384502468466],[-82.1026487362648,29.4384661648848],[-82.1026973252402,29.4384826712313],[-82.1027480531043,29.4384931426953],[-82.1027999478799,29.4384973782203],[-82.1028683141646,29.4384955319257],[-82.1029360453404,29.4384871883949],[-82.1030023374151,29.4384724454173],[-82.1030664043629,29.4384514790141],[-82.1031080834971,29.4384325059802],[-82.1031464801873,29.4384088131526],[-82.103180900934,29.4383808276798],[-82.1032107232048,29.438349054943],[-82.1032342105563,29.4383247323207],[-82.1032618849552,29.4383040576959],[-82.1032930160714,29.438287574008],[-82.1033267828446,29.4382757170165],[-82.1033622977394,29.4382687988729],[-82.1033986229145,29.4382670010786],[-82.1035083709911,29.4382670558417],[-82.1036179942018,29.4382624619999],[-82.1037272347303,29.4382532305053],[-82.1038358365565,29.4382393832619],[-82.1038985416583,29.4382322742272],[-82.1039616941211,29.4382295775348],[-82.1040186598865,29.4382261970856],[-82.1040747758457,29.4382169671524],[-82.1041292577694,29.4382020183827],[-82.1041813510727,29.4381815573093],[-82.1042303290186,29.4381558694795],[-82.1042755115825,29.4381253124148],[-82.1046152391516,29.4377881983555],[-82.1046464529127,29.4377549726391],[-82.1046835281811,29.4377267374215],[-82.1047254381824,29.4377042719118],[-82.1047710213949,29.4376881980697],[-82.1048190183805,29.4376789610465],[-82.104868100531,29.4376768166676],[-82.1048902709522,29.4376758653488],[-82.1049119634697,29.4376717432281],[-82.1049325887886,29.4376645629612],[-82.1049515899535,29.4376545177841],[-82.1049684522297,29.4376418815133],[-82.1049827165781,29.4376269952457],[-82.1050392412707,29.4375609450346],[-82.1050998065855,29.4374976986726],[-82.1051642292661,29.4374374439254],[-82.1052323179714,29.4373803615184],[-82.1052462984521,29.4373755360648],[-82.1052591488523,29.4373687148696],[-82.1052704990659,29.4373600935166],[-82.1052800239028,29.4373499176591],[-82.1052874511736,29.4373384806732],[-82.1052925643842,29.43732611114],[-82.1052952207025,29.4373131626757],[-82.1052953428734,29.437300008455],[-82.1052929255069,29.4372870247822],[-82.1052880386718,29.43727458405],[-82.1052808243018,29.437263043787],[-82.105271488111,29.4372527349224],[-82.1052602986958,29.4372439547449],[-82.1052435370309,29.4372311736905],[-82.1052289951031,29.43721645713],[-82.1052169621699,29.4372000976572],[-82.1052076753865,29.437182418377],[-82.1051909182132,29.4371374386067],[-82.1051788673136,29.4370913181661],[-82.1051716197059,29.4370444333591],[-82.1051656602823,29.4370077846632],[-82.1051553727757,29.4369718783948],[-82.105145085269,29.4369331650769],[-82.1051410060194,29.4368935802168],[-82.1051432113834,29.4368538803372],[-82.1051516591403,29.4368148274382],[-82.10516618939,29.4367771710037],[-82.1051865227565,29.4367416323544],[-82.1052040318197,29.4367194756517],[-82.1052249733456,29.4366997316872],[-82.1052489197361,29.4366828072801],[-82.1052753796128,29.4366690466624],[-82.1053038130882,29.4366587314788],[-82.1053389560804,29.4366454566925],[-82.1053709810203,29.4366271052835],[-82.1053989374902,29.436604220977],[-82.1054220017352,29.4365774804969],[-82.1054394883405,29.436547677136],[-82.1054508816732,29.4365156902457],[-82.1054558439669,29.4364824680246],[-82.1054603283568,29.4364420450984],[-82.105469671734,29.4364022636784],[-82.1055003959134,29.4363129660728],[-82.1055385518551,29.43622589338],[-82.10558393115,29.4361415173604],[-82.1056362867614,29.4360602949114],[-82.1056953339233,29.4359826688494],[-82.1057607528356,29.4359090616505],[-82.1058321877653,29.4358398723214],[-82.1059092506402,29.4357754763986],[-82.1059563951246,29.4357456814082],[-82.1060073349911,29.4357211351925],[-82.1060613120616,29.4357022054599],[-82.1061175214456,29.4356891738594],[-82.1061751259132,29.4356822351984],[-82.1062332675733,29.4356814911837],[-82.1062842281011,29.4356822203338],[-82.1063346631144,29.4356757784645],[-82.1063832610729,29.4356623337798],[-82.106428763437,29.435642232858],[-82.1064571421152,29.4356245556536],[-82.1064824018426,29.4356035628447],[-82.1065040422578,29.4355796722046],[-82.1065216312711,29.4355533562712],[-82.1065531163235,29.4355042183646],[-82.106590285915,29.4354582223585],[-82.1066327322105,29.4354158720916],[-82.1066799943742,29.4353776283741],[-82.1067315567732,29.4353439097692],[-82.1067868561638,29.4353150832047],[-82.1068151557902,29.4353009007135],[-82.1068422516741,29.4352850166027],[-82.1068538902469,29.4352788829553],[-82.106866526848,29.4352745236843],[-82.106879815626,29.4352720592722],[-82.1068933873733,29.4352715577839],[-82.1069068665942,29.435273031737],[-82.106919878691,29.4352764420139],[-82.1069320661345,29.4352816939496],[-82.1069430893614,29.4352886412439],[-82.1069526456394,29.4352970922199],[-82.1069604672705,29.4353068137361],[-82.1069663404559,29.4353175350981],[-82.1069701026003,29.4353289613588],[-82.1069716468043,29.4353407741002],[-82.1069709335419,29.4353526486462],[-82.1069679807796,29.4353642548439],[-82.1069526797753,29.4354283795514],[-82.1069304931845,29.4354909442098],[-82.1069266798361,29.4355109653617],[-82.1069264920882,29.4355312626796],[-82.1069299326357,29.4355513362412],[-82.1069369206303,29.435570690036],[-82.1069472809005,29.4355888499601],[-82.1069607583247,29.435605366945],[-82.1069770232212,29.4356198341692],[-82.1069956740431,29.4356318956642],[-82.1070162499547,29.4356412549203],[-82.1070364746251,29.435647230511],[-82.1070980756974,29.4356636543867],[-82.107159461174,29.4356741777765],[-82.1072217557457,29.4356791410045],[-82.1072843027439,29.4356784916541],[-82.1073464455004,29.4356722359839],[-82.1074075282447,29.4356604397103],[-82.1074669086816,29.4356432287898],[-82.1075239633803,29.4356207815954],[-82.1075744154616,29.435600583654],[-82.1076267270555,29.4355844124673],[-82.1076804804455,29.4355723979077],[-82.1077352444401,29.4355646377704],[-82.107839987104,29.4355568807619],[-82.1079450774158,29.4355548849848],[-82.1080501048456,29.435558658263],[-82.1081546570665,29.4355681849488],[-82.1082583208537,29.4355834282702],[-82.1083606892702,29.4356043272012],[-82.1084613598708,29.4356308011562],[-82.1085599382952,29.435662745296],[-82.108656036471,29.435700033657],[-82.1087039014043,29.4357165772237],[-82.1087539959561,29.4357268870266],[-82.108805267301,29.4357307471392],[-82.1088566383588,29.4357280777626],[-82.1089129771002,29.4357183578514],[-82.1089674841766,29.4357025449997],[-82.1090193025955,29.4356808872095],[-82.1090676193813,29.4356537247995],[-82.1091116736612,29.4356214849284],[-82.1091507755289,29.4355846729901],[-82.10917735039,29.4355606102284],[-82.1092080655861,29.4355406767095],[-82.1092420919725,29.4355254114759],[-82.109278512369,29.4355152229169],[-82.1093163467139,29.4355103879865],[-82.1094173982002,29.435508150462],[-82.1095183562617,29.4355125464935],[-82.1096186549598,29.435523553392],[-82.1097177292542,29.4355411085673],[-82.1098150230876,29.4355651118749],[-82.1099099875896,29.4355954295286],[-82.110002090059,29.4356318917525],[-82.1101923182019,29.4357108707653],[-82.1103850670175,29.4357850179287],[-82.1105801784022,29.4358542698832],[-82.110616687732,29.4358643074148],[-82.1106543954144,29.4358700201234],[-82.1106926348994,29.4358713063042],[-82.1107436897503,29.4358731002291],[-82.1107939918129,29.4358809518776],[-82.1108426086361,29.4358947126021],[-82.1108886383112,29.4359141312664],[-82.1109312247439,29.4359388448578],[-82.1109472282307,29.4359507795746],[-82.1109555205791,29.435956622148],[-82.1109647687349,29.4359612379998],[-82.1109747364413,29.4359645082134],[-82.11098517217,29.4359663490775],[-82.1109958100196,29.4359667144339],[-82.1110063778006,29.435965594112],[-82.111016607815,29.4359630186233],[-82.1110262395515,29.4359590505555],[-82.1110350286683,29.4359537931784],[-82.1110427514847,29.4359473794909],[-82.11104921127,29.4359399730035],[-82.1110567948476,29.4359313288411],[-82.1110659028663,29.4359238973174],[-82.1110762855943,29.4359178810608],[-82.1112349119038,29.4358449763641],[-82.1113965017554,29.4357772413783],[-82.1115608350619,29.4357147692137],[-82.1117276890411,29.4356576451559],[-82.111816071587,29.435630438928],[-82.1119021292929,29.4355980183266],[-82.1119854606119,29.4355605351227],[-82.1120656774718,29.435518163775],[-82.1121424061735,29.4354711022124],[-82.1122152882891,29.4354195687045],[-82.1122774076893,29.4353761309519],[-82.112343255098,29.435337127555],[-82.1124124190867,29.4353028026133],[-82.1125536396392,29.4352371107728],[-82.1126929782212,29.4351684099569],[-82.1128303512894,29.4350967392773],[-82.1128810566957,29.4350721217105],[-82.1129340060935,29.4350514370352],[-82.1129696171079,29.4350361818986],[-82.1130020561712,29.435016231065],[-82.1130305219859,29.4349920750683],[-82.1130543111712,29.4349643131898],[-82.1130728362291,29.4349336299876],[-82.1130856381201,29.4349007851268],[-82.1131009058867,29.4348701629292],[-82.1131216452917,29.4348421146748],[-82.1131473056678,29.4348173804752],[-82.1131772069903,29.4347966159476],[-82.1132105605385,29.4347803726561],[-82.1132464814718,29.4347690777697],[-82.1132654601788,29.4347631373333],[-82.113283117464,29.4347546307656],[-82.1132990023732,29.4347437724316],[-82.1133155870699,29.434728187094],[-82.1133292046313,29.4347105347659],[-82.1133395217824,29.4346912449605],[-82.1133462905881,29.4346707855266],[-82.11334934486,29.4346496548255],[-82.1133486118347,29.4346283637367],[-82.1133441076819,29.4346074325282],[-82.1133359437926,29.4345873666037],[-82.1133243168979,29.43456865572],[-82.1133052798004,29.4345379770925],[-82.1132919631746,29.4345050679503],[-82.1132846949056,29.4344707403801],[-82.1132836546565,29.4344358393288],[-82.1132882145049,29.4344047115866],[-82.1132896041987,29.4343952246919],[-82.1133024231578,29.4343558446032],[-82.1133218222763,29.4343185846958],[-82.1133473676681,29.4342842828804],[-82.1133784844112,29.4342537082209],[-82.1134144727181,29.4342275499808],[-82.1134545232067,29.4342063957167],[-82.1134977375618,29.4341907195427],[-82.1135894250096,29.4341594219529],[-82.1136778282167,29.4341215658137],[-82.113692844455,29.4341140324505],[-82.1137062365392,29.4341044352157],[-82.1137176397535,29.4340930377646],[-82.1137267423822,29.4340801506946],[-82.1137332928973,29.4340661276328],[-82.1137363615423,29.4340543984558],[-82.1137372436879,29.4340423899741],[-82.1137359204695,29.4340304127854],[-82.1137324224298,29.4340187751407],[-82.1137268429935,29.4340077790321],[-82.1137193231963,29.4339977053282],[-82.1136940086716,29.4339642655687],[-82.1136746032648,29.4339279240123],[-82.1136615282859,29.4338894755374],[-82.1136550702973,29.4338497604007],[-82.1136553712329,29.4338096454602],[-82.1136624221096,29.4337700077464],[-82.1136725003087,29.4337254004348],[-82.1136752356788,29.4336799919616],[-82.1136705707275,29.4336347047347],[-82.113658602473,29.4335904556874],[-82.1136395716637,29.433548146107],[-82.1136263125301,29.4335191476944],[-82.1136175036504,29.4334888794924],[-82.113613294145,29.4334578633383],[-82.1136137594723,29.4334266312415],[-82.1136151976751,29.4333754972682],[-82.1136103279079,29.4333245275665],[-82.1135992049681,29.4332743136071],[-82.1135819609079,29.4332254429502],[-82.1135587960517,29.4331784851625],[-82.113529979894,29.4331339894699],[-82.113495849303,29.4330924738046],[-82.1134724517832,29.4330622931008],[-82.1134549687711,29.4330291847583],[-82.1134438646959,29.4329940297235],[-82.1134394342049,29.4329577629274],[-82.1134417949775,29.4329213474679],[-82.113455207723,29.4328604234244],[-82.1134757827362,29.4328010500058],[-82.1135032972351,29.4327438711074],[-82.1135374520805,29.4326895055901],[-82.1135778789632,29.4326385433678],[-82.1136241377088,29.4325915360191],[-82.1136609596523,29.4325626593837],[-82.1137024115128,29.4325390770659],[-82.113747509635,29.432521348467],[-82.1137951823288,29.4325098937249],[-82.1138574760022,29.4324961654015],[-82.1139176325835,29.4324764456517],[-82.1139749046744,29.4324509793554],[-82.1140285781143,29.4324200849349],[-82.1140779836583,29.4323841473139],[-82.1141225068587,29.4323436132235],[-82.1141621558004,29.4323023953203],[-82.1142062981152,29.4322648389213],[-82.1142544945268,29.4322313195711],[-82.1143062662332,29.4322021697838],[-82.1143360956906,29.4321887754937],[-82.1143680891894,29.4321800105259],[-82.1144013187701,29.4321761307188],[-82.1144348187437,29.4321772471707],[-82.1144676162347,29.4321833285862],[-82.114498756334,29.4321941989296],[-82.1145273344382,29.4322095405545],[-82.1145525205038,29.4322289090691],[-82.1145735833022,29.4322517395953],[-82.1145970365177,29.4322791360635],[-82.1146234442921,29.4323043880318],[-82.1146525524022,29.4323272521832],[-82.1147282237868,29.4323767718616],[-82.1148081981016,29.4324208047199],[-82.1148919597137,29.4324590651986],[-82.1149789651422,29.4324913045089],[-82.1150044503468,29.4324979648627],[-82.1150307494251,29.4325014417346],[-82.1150573458457,29.432501666276],[-82.1150837158908,29.4324986353575],[-82.1151093439276,29.432492407657],[-82.1151788411912,29.432467579],[-82.1152453964723,29.4324371954753],[-82.1153084330524,29.4324015215208],[-82.1153439784899,29.4323761608264],[-82.115375579425,29.4323470752355],[-82.1153908103606,29.4323335917737],[-82.1154083715261,29.4323224890796],[-82.1154277814244,29.4323140722805],[-82.115448510948,29.4323085698311],[-82.1154699932597,29.4323061327301],[-82.1154916399631,29.4323068290447],[-82.1155128599667,29.4323106368682],[-82.1155330738572,29.4323174544913],[-82.1155517264758,29.4323270949257],[-82.1155683102742,29.43233929451],[-82.1155823707051,29.4323537183865],[-82.1155935241876,29.4323699745842],[-82.1156064195035,29.4323891365211],[-82.1156224122105,29.4324064176245],[-82.1156411510674,29.4324214360966],[-82.115662222849,29.4324338609935],[-82.1156851640247,29.4324434184851],[-82.1157261146252,29.4324542097809],[-82.1157684791741,29.4324593327707],[-82.1158112389816,29.4324586638403],[-82.1158533672734,29.4324522209842],[-82.1158938525467,29.4324401567643],[-82.1159317219258,29.4324227630046],[-82.1159660681124,29.4324004559259],[-82.1160071498669,29.4323724101188],[-82.1160514224374,29.4323483716319],[-82.1161129462546,29.4323199909536],[-82.1161755148124,29.4322934191208],[-82.1162227140941,29.4322714155757],[-82.1162669094094,29.4322450620131],[-82.1163075797356,29.4322146698157],[-82.1163282670383,29.4322000722318],[-82.1163514121316,29.4321886456192],[-82.1163763861948,29.432180702147],[-82.1164025109999,29.4321764561877],[-82.1164290777761,29.4321760235332],[-82.1164553651763,29.4321794151371],[-82.116480659938,29.4321865402431],[-82.1165042748502,29.4321972056035],[-82.1165255676174,29.4322111193906],[-82.1165439615212,29.4322279052801],[-82.1165573778599,29.432240330983],[-82.1165727686957,29.4322508594219],[-82.1165897854821,29.4322592519725],[-82.1166080455369,29.432265320865],[-82.1166271374316,29.4322689291842],[-82.1166559886236,29.4322702021102],[-82.1166713417301,29.4322685286075],[-82.116684655661,29.4322670765173],[-82.1167122689745,29.4322596455078],[-82.116737990436,29.4322481367523],[-82.1167610447995,29.4322328976244],[-82.116811967598,29.4322018701335],[-82.1168666309813,29.4321761753143],[-82.1169243073142,29.432156155852],[-82.1169842312318,29.432142075411],[-82.117045606827,29.4321341217643],[-82.1171076193277,29.4321324005344],[-82.1171486399968,29.4321311010058],[-82.1171891603043,29.4321253614861],[-82.1172285559211,29.4321152703832],[-82.1172747194452,29.4320978366665],[-82.1173181404128,29.4320756539145],[-82.1173581864099,29.4320490452459],[-82.1173942726331,29.4320184010642],[-82.1174258690766,29.4319841688859],[-82.1174525158029,29.4319468478651],[-82.1174738220448,29.4319069856637],[-82.1175165351399,29.4318360708079],[-82.117566271264,29.4317687579804],[-82.117622640548,29.4317055768599],[-82.1176851947328,29.4316470258309],[-82.1177534424399,29.431593569636],[-82.1178268419852,29.4315456299868],[-82.1178685013565,29.4315191979978],[-82.1179082347398,29.4314905823732],[-82.1179841657375,29.4314285605707],[-82.1180554452587,29.4313624437369],[-82.1181217849441,29.4312924986566],[-82.1181511338027,29.4312542643395],[-82.1181741495386,29.4312128394448],[-82.1181903856891,29.4311690227833],[-82.1181995323353,29.4311236593276],[-82.1182014098142,29.4310776245651],[-82.1181962507896,29.4310262992893],[-82.1181848026596,29.4309757602856],[-82.1181672019682,29.4309265943452],[-82.1181436508364,29.4308793765243],[-82.1181144241486,29.4308346544968],[-82.118079864163,29.4307929493362],[-82.1180403706299,29.4307547469089],[-82.1179933860456,29.4307112696062],[-82.1179496632441,29.4306652589108],[-82.117862152064,29.4305644371426],[-82.1177774885435,29.4304617696161],[-82.1177500477065,29.4304226219366],[-82.1177284108845,29.4303807789059],[-82.1177129185391,29.4303368969469],[-82.1177038123171,29.430291663779],[-82.1177012341522,29.4302457890296],[-82.11770532508,29.4301810492187],[-82.1177155667726,29.430116834352],[-82.1177318909579,29.4300535896123],[-82.1177541826517,29.429991757054],[-82.1177822855471,29.4299317669964],[-82.117800486313,29.4298924626336],[-82.1178145036247,29.4298518657395],[-82.1178242215995,29.4298103174367],[-82.1178373046633,29.4297548049219],[-82.1178563202012,29.4297006232321],[-82.117881096635,29.4296482558908],[-82.1179114120809,29.4295981715563],[-82.1179469979426,29.4295508185455],[-82.1179631532447,29.4295281697107],[-82.1179754844186,29.4295037479582],[-82.1179837435293,29.4294780438499],[-82.1179877643885,29.4294515761148],[-82.1179868121743,29.4294100550321],[-82.1179781955341,29.4293692169664],[-82.1179621435383,29.429330137717],[-82.1179564805588,29.4293164152228],[-82.117953384066,29.429302079326],[-82.1179529295184,29.4292874946243],[-82.1179551303909,29.4292730327571],[-82.1179599309878,29.4292590606699],[-82.1179672091382,29.4292459359194],[-82.1179767788909,29.4292339902433],[-82.1179883959042,29.4292235287781],[-82.1180017664289,29.4292148175399],[-82.1180885643466,29.4291636736219],[-82.1181713836259,29.429107700702],[-82.1182498748221,29.4290471358398],[-82.1183237055587,29.4289822356548],[-82.1183925659168,29.4289132747619],[-82.118456161249,29.4288405426415],[-82.1184759996438,29.4288056396553],[-82.1184888069248,29.4287683018183],[-82.1184942147828,29.4287296064977],[-82.1184920687076,29.4286906678347],[-82.1184824288863,29.428652608579],[-82.1184655737966,29.42861652488],[-82.1184419885288,29.4285834573379],[-82.1184123540059,29.4285543589247],[-82.1183815992838,29.4285256235391],[-82.1183550154396,29.4284938586722],[-82.1183249075046,29.4284491449831],[-82.1182989093619,29.4284024963844],[-82.1182913572253,29.4283833556027],[-82.1182874738083,29.4283633932907],[-82.1182873642139,29.4283431430493],[-82.1182910311369,29.4283231486508],[-82.1182983748643,29.428303946044],[-82.118309089969,29.4282860664836],[-82.1183228530575,29.428269865183],[-82.1183393281598,29.4282557349116],[-82.1183541755148,29.4282464719934],[-82.1183704826322,29.4282393380044],[-82.1183878569481,29.4282345042924],[-82.118405878051,29.4282320882186],[-82.1184241084614,29.4282321476816],[-82.1184421080047,29.4282346826812],[-82.1185140909067,29.4282463335073],[-82.118587094295,29.4282510537697],[-82.1186602512951,29.428248788701],[-82.1187173158752,29.4282411500596],[-82.1187728676923,29.4282274047285],[-82.118826056042,29.428207763173],[-82.1188760706438,29.4281825258341],[-82.1189043774567,29.4281689448007],[-82.1189348671757,29.4281596677913],[-82.1189666926896,29.4281549506542],[-82.1189989709544,29.4281549263996],[-82.1190308072481,29.4281595958097],[-82.1190613149334,29.4281688266572],[-82.1190896477975,29.4281823654405],[-82.1191150189161,29.4281998342552],[-82.1191367249083,29.4282207495715],[-82.1191541612079,29.4282445292763],[-82.1191668463181,29.4282705145809],[-82.1191744254041,29.4282979809748],[-82.1191766891586,29.4283261695226],[-82.1191793894944,29.4283773396818],[-82.1191889978747,29.4284278690248],[-82.1192053795522,29.4284770455638],[-82.1192295855558,29.4285265436475],[-82.1192605325173,29.4285730748285],[-82.1192977551095,29.4286159380768],[-82.1193406909868,29.4286544910432],[-82.1193886969556,29.4286881508418],[-82.1194410489737,29.4287164120448],[-82.119496960117,29.4287388498118],[-82.119563104868,29.428763201332],[-82.1196269499319,29.4287918724933],[-82.119688128796,29.4288247013347],[-82.1197462875241,29.4288614953812],[-82.1198010928413,29.4289020433798],[-82.1198522420152,29.4289394993103],[-82.1199068829407,29.4289729649789],[-82.1199646068842,29.4290021939332],[-82.1200249889427,29.4290269702341],[-82.1200875808567,29.4290471092382],[-82.1201519181974,29.4290624615098],[-82.1202715154027,29.4290827084782],[-82.1203923468933,29.4290962103669],[-82.1205139185956,29.4291029124105],[-82.1206357292498,29.4291027848792],[-82.1207572820876,29.4290958293378],[-82.1208780776455,29.429082075516],[-82.120997618257,29.4290615789616],[-82.1211154134419,29.4290344233874],[-82.1212309817032,29.4290007206714],[-82.1213438469338,29.4289606092922],[-82.1214380047486,29.4289212396144],[-82.1215353246332,29.428888291879],[-82.121635240649,29.4288619569987],[-82.1217371635012,29.4288423914589],[-82.1218404976066,29.4288297102769],[-82.1219446375009,29.428823987001],[-82.1220489732279,29.4288252552759],[-82.1221528912382,29.4288335080595],[-82.1222557833726,29.4288486968412],[-82.1223570468613,29.4288707316417],[-82.122456087918,29.4288994841424],[-82.1225226755384,29.4289239052579],[-82.1225869383189,29.4289527078174],[-82.1226484998653,29.428985722036],[-82.1227700023974,29.4290531274666],[-82.1228949203242,29.4291155638272],[-82.1230229904393,29.4291728989012],[-82.1231539396549,29.429225010643],[-82.1232874912899,29.4292717895246],[-82.1234233614766,29.4293131361888],[-82.1234609784291,29.429320930447],[-82.1234995287312,29.4293234388179],[-82.1235380484906,29.4293205971451],[-82.1235755747133,29.4293124781913],[-82.123611172253,29.4292992838142],[-82.1236642007026,29.429271635392],[-82.1237132505137,29.4292388387734],[-82.1237576748995,29.429201327403],[-82.123796884565,29.4291595980996],[-82.1238303611824,29.4291142040152],[-82.1238576609838,29.4290657444639],[-82.1238784228467,29.4290148610104],[-82.1238885109273,29.4289903585471],[-82.1239018976217,29.4289670977492],[-82.1239183879954,29.4289454189624],[-82.1239433036681,29.428920680197],[-82.1239721476735,29.4288994630176],[-82.1240042795129,29.4288822431271],[-82.1240389814324,29.42886940234],[-82.1240754799824,29.4288612277996],[-82.1241129621876,29.4288579018067],[-82.1241839111287,29.428853891994],[-82.124254304911,29.4288451603816],[-82.1243539083131,29.4288325402274],[-82.1244542797747,29.4288260791459],[-82.1245549216293,29.428825809217],[-82.1246553344134,29.4288317320054],[-82.1247550258504,29.4288438177788],[-82.1248534991718,29.42886200629],[-82.124898816483,29.4288743807663],[-82.1249421467207,29.4288913581134],[-82.1249828808272,29.428912698914],[-82.1250351331324,29.4289455934381],[-82.125086617378,29.4289758637767],[-82.1251416921897,29.429000823166],[-82.1251996470003,29.4290201508252],[-82.1252683348818,29.4290425634882],[-82.1253341463579,29.4290708308518],[-82.1253964301498,29.4291046728118],[-82.1254545718099,29.4291437560601],[-82.1255079991114,29.4291876956498],[-82.1255561838449,29.4292360565606],[-82.1255986517,29.4292883638697],[-82.1256349840617,29.4293440996232],[-82.1256648216038,29.4294027161366],[-82.1256878714757,29.4294636344305],[-82.1257163265107,29.4295805871874],[-82.1257323021497,29.4296570195124],[-82.1257406762447,29.429734373442],[-82.1257413850155,29.4298120707842],[-82.1257344248687,29.4298895325662],[-82.1257198461099,29.4299661782522],[-82.125697759232,29.4300414335674],[-82.1256683277284,29.4301147383217],[-82.1256551144089,29.4301547068496],[-82.1256495394642,29.4301960289001],[-82.1256517520148,29.4302375926931],[-82.1256607342693,29.4302751866142],[-82.1256790976303,29.4303170007399],[-82.1257034931785,29.4303527098518],[-82.1257342272393,29.4303844498832],[-82.125770474261,29.4304113672498],[-82.125831379139,29.430413870117],[-82.1258915743479,29.4304223520119],[-82.1259503008112,29.4304367049632],[-82.1260068102325,29.4304567466714],[-82.1260603866544,29.4304822220741],[-82.1261103527471,29.430512809605],[-82.1261560743001,29.4305481211943],[-82.1261969692051,29.4305877077457],[-82.1262325227274,29.4306310693078],[-82.1262622794212,29.4306776550742],[-82.1262929559899,29.4307306305826],[-82.1263279040477,29.4307815397776],[-82.1263400205242,29.4307946439876],[-82.1263477343576,29.4307997365481],[-82.126356289014,29.4308036680453],[-82.1263654572198,29.4308063336394],[-82.1263749982264,29.4308076629156],[-82.1263846596073,29.4308076230139],[-82.1263941862409,29.4308062115869],[-82.1264033248023,29.4308034685364],[-82.1264231838583,29.4307588434916],[-82.1264377680069,29.4307126857288],[-82.1264480950394,29.430598457772],[-82.1264660730232,29.4304849588741],[-82.1264737751784,29.4303950387586],[-82.1264895082723,29.4303059236442],[-82.1265131770834,29.4302181635545],[-82.126524199412,29.4301784626297],[-82.1265425295353,29.430140889015],[-82.1265676679903,29.4301064653],[-82.1265989302605,29.4300761295773],[-82.1266354656414,29.4300507057107],[-82.126676279698,29.4300308892516],[-82.1267202594177,29.4300172169254],[-82.1267893524394,29.4300122471615],[-82.1268586574636,29.4300137344917],[-82.1269273884643,29.4300216632678],[-82.1269947675005,29.4300359411659],[-82.1270600310042,29.4300564093576],[-82.1271224396619,29.4300828339034],[-82.1271601042252,29.4301137579835],[-82.1271926492896,29.4301488545536],[-82.1272194792722,29.4301874781358],[-82.1272401009979,29.4302289214439],[-82.1272541362759,29.4302724239896],[-82.127261328188,29.4303171877314],[-82.1272615455803,29.4303623919395],[-82.1272547821646,29.4304072072794],[-82.1272282899485,29.4305154353048],[-82.1271954008293,29.4306223096822],[-82.1271562037402,29.4307275417146],[-82.1271108055807,29.4308308450533],[-82.1270125343802,29.4309924125912],[-82.1269205397086,29.4311567886335],[-82.1268349266687,29.431323784612],[-82.1267557922787,29.431493212742],[-82.1266832272684,29.4316648797634],[-82.1266173142828,29.43183859007],[-82.1265581260853,29.4320141472742],[-82.126543525767,29.432121618593],[-82.126535727492,29.432229631985],[-82.1265347564132,29.4323378572859],[-82.1265406161238,29.4324459651152],[-82.1265532886575,29.4325536237468],[-82.1265727344885,29.4326605045853],[-82.1265988952262,29.4327662829486],[-82.1266316918189,29.4328706357208],[-82.1266710218586,29.4329732421342],[-82.1267167658695,29.4330737908109],[-82.1267687864093,29.4331719735035],[-82.1268291469082,29.4332346342188],[-82.1268955126448,29.4332924567298],[-82.1269673760709,29.4333450021366],[-82.1270441928074,29.4333918698752],[-82.1271253798479,29.4334327063232],[-82.1272103200496,29.4334671993238],[-82.1272983684222,29.4334950867903],[-82.1273888557207,29.4335161582718],[-82.1274810965307,29.4335302533872],[-82.1275743874713,29.4335372649553],[-82.1276680215683,29.4335371389943],[-82.1277628818657,29.4334678197408],[-82.1278529694139,29.4333937843285],[-82.1279379796842,29.433315280758],[-82.1280176252156,29.433232578936],[-82.1280916338186,29.4331459581583],[-82.1281711032802,29.4330870112982],[-82.1282550822846,29.4330330676622],[-82.1283431594032,29.4329843893523],[-82.1284349043432,29.4329412149994],[-82.1285298706418,29.4329037542859],[-82.12862759387,29.4328721918578],[-82.1287275952257,29.4328466802832],[-82.1288293896187,29.4328273447461],[-82.1289324766875,29.4328142799171],[-82.129036355172,29.4328075507353],[-82.1291405166258,29.4328071869323],[-82.1292444526025,29.4328131932023],[-82.1294159077526,29.4328204512672],[-82.1295869119484,29.4328335325252],[-82.1297572064751,29.4328524181974],[-82.1299265353129,29.4328770785504],[-82.1300946433402,29.4329074760261],[-82.1302612745372,29.4329435660243],[-82.1304261791722,29.4329852922081],[-82.1307465399621,29.4330805481403],[-82.1310687988922,29.4331707616135],[-82.1313928535546,29.4332559044759],[-82.1314864930415,29.4332904186604],[-82.1315817809369,29.4333212830861],[-82.1316785321879,29.4333484343846],[-82.1317256883505,29.4333637515817],[-82.1317696015948,29.4333852189684],[-82.1318092334685,29.4334123311315],[-82.1318436452321,29.4334444426134],[-82.1318720212153,29.4334807968606],[-82.13189368858,29.4335205309185],[-82.1319081379813,29.4335627051611],[-82.1320089100916,29.4337619877262],[-82.1321160234094,29.4339587193963],[-82.1322293952898,29.4341527444962],[-82.1323489367996,29.4343439120459],[-82.1324745518191,29.4345320710664],[-82.1324978289647,29.4345944031342],[-82.132538411256,29.4346708661094],[-82.1325807299907,29.434735951207],[-82.1326295399517,29.4347974577634],[-82.1326844467785,29.4348548889888],[-82.1327450102966,29.4349077840825],[-82.1328107436192,29.4349557166679],[-82.1328811176386,29.4349983026156],[-82.132955566416,29.4350351976962],[-82.1330334916737,29.4350661085329],[-82.1331142672857,29.435090783213],[-82.1332129777624,29.4351039431964],[-82.1333123502974,29.4351124716409],[-82.1334121019216,29.435116341165],[-82.1335119460721,29.4351155455108],[-82.1336115997799,29.4351100823308],[-82.1336836626319,29.4351257607099],[-82.1337216586735,29.4351340270638],[-82.1338332635678,29.4351516613242],[-82.1339459419488,29.4351629092268],[-82.1340592159129,29.4351677246149],[-82.1341726075563,29.4351660871483],[-82.1342856398735,29.4351580038677],[-82.134397832266,29.4351435068483],[-82.1345087113215,29.4351226594578],[-82.1346178090178,29.4350955493162],[-82.1347246627225,29.4350622906422],[-82.1348288223797,29.4350230242535],[-82.1349298460183,29.4349779160026],[-82.135027308735,29.4349271583413],[-82.1351207973049,29.4348709624972],[-82.1352451987004,29.4347733486561],[-82.1353645362927,29.4346710061514],[-82.1354785747231,29.434564133688],[-82.1355870903111,29.4344529440531],[-82.1356898719526,29.4343376531641],[-82.1357867157301,29.4342184878917],[-82.1358774303025,29.4340956844957],[-82.1359618404981,29.4339694815836],[-82.1360122270024,29.4338529008098],[-82.1360556228172,29.4337341856107],[-82.1360919111614,29.4336136567489],[-82.1361209959153,29.4334916396824],[-82.136142794434,29.4333684637827],[-82.1361572510219,29.4332444623346],[-82.1361643252547,29.433119971754],[-82.1361639973696,29.4329953253291],[-82.1361562709599,29.4328708641733],[-82.1361411639918,29.4327469223603],[-82.1361314738648,29.4327066771102],[-82.1361288184448,29.4326656126997],[-82.1361332561223,29.4326246671932],[-82.1361446853877,29.4325847723981],[-82.1361628466278,29.432546840564],[-82.1361873257193,29.432511733087],[-82.1362175639101,29.4324802542511],[-82.1362528721923,29.432453118368],[-82.1362924447772,29.4324309466469],[-82.1363353806545,29.4324142437228],[-82.1363806997623,29.4324033898328],[-82.1364273690379,29.4323986345564],[-82.1364743248761,29.4324000842976],[-82.1366504198246,29.4324261326937],[-82.1368249912304,29.4324591215295],[-82.1369393099352,29.4324856847129],[-82.1370549653331,29.4325073666558],[-82.1371716843363,29.4325241180718],[-82.1372891938569,29.4325358967151],[-82.1374072172138,29.4325426783339],[-82.1374997095521,29.4325345166071],[-82.1375912047605,29.432520119357],[-82.1376811548665,29.4324995726421],[-82.1377690199827,29.4324729985091],[-82.1378043965369,29.4324511014058],[-82.1378355123818,29.4324247087712],[-82.1378616282037,29.4323944457195],[-82.1378821250635,29.4323610312504],[-82.1378965151761,29.4323252555603],[-82.1379044589781,29.4322879714366],[-82.1379057678235,29.4322500613981],[-82.1379004084745,29.4322124251772],[-82.1378885102886,29.4321759562488],[-82.137870356235,29.4321415183584],[-82.1378176044666,29.4320913155497],[-82.1377710133443,29.4320366422085],[-82.1377310742468,29.4319780725933],[-82.1376982066872,29.4319162271239],[-82.1376727592119,29.4318517559515],[-82.137655000417,29.4317853413065],[-82.1376178793345,29.4317359903339],[-82.1375872836142,29.4316833212607],[-82.1375635923453,29.4316279928468],[-82.1375471037682,29.4315706959308],[-82.137538022699,29.431512144824],[-82.1375364632237,29.4314530726168],[-82.1375424451052,29.4313942170953],[-82.1375558910883,29.4313363129178],[-82.1375766367815,29.4312800853558],[-82.1376044216732,29.4312262362108],[-82.1376388981155,29.4311754367726],[-82.1376796340187,29.431128323907],[-82.137726122733,29.4310854844083],[-82.1377777830483,29.4310474549982],[-82.1378339672795,29.4310147090259],[-82.1378939765371,29.4309876580312],[-82.1379570598296,29.430966638445],[-82.1380224275379,29.4309519131527],[-82.1380892657883,29.4309436660179],[-82.1381859343943,29.4309231408909],[-82.1382804353656,29.4308959576485],[-82.1383721704241,29.4308622876282],[-82.1384605583598,29.4308223436328],[-82.1385450431157,29.4307763791485],[-82.1386250892957,29.4307246836509],[-82.1387001902501,29.4306675849519],[-82.1387698716683,29.4306054429413],[-82.1388336924777,29.4305386519343],[-82.1388912520295,29.4304676320651],[-82.1391929395396,29.4300905162204],[-82.1394974567428,29.4297151476302],[-82.1395678927459,29.42963917931],[-82.1396437815228,29.4295673490309],[-82.1397248068665,29.429499954895],[-82.1398106328071,29.4294372801394],[-82.1399009000184,29.4293795829641],[-82.139995231208,29.4293271074862],[-82.1400932356089,29.4292800680911],[-82.1401945035892,29.4292386650807],[-82.1403488593078,29.4291944759274],[-82.1405012692756,29.4291453850175],[-82.1406515322698,29.4290914557181],[-82.1407994452712,29.4290327615674],[-82.1409448133454,29.4289693807971],[-82.141087441558,29.4289013971157],[-82.1411612525317,29.4288947005355],[-82.141233783406,29.4288809725058],[-82.1413041628153,29.4288603820225],[-82.1413715472414,29.4288331739735],[-82.1414351246073,29.4287996746155],[-82.1414941358366,29.42876028688],[-82.1415478694637,29.4287154841142],[-82.141595680498,29.428665804605],[-82.1416369967129,29.4286118429724],[-82.1416713204416,29.4285542478232],[-82.1416982393574,29.42849371158],[-82.1417174309651,29.4284309603101],[-82.1417286652961,29.4283667474664],[-82.1417318076029,29.428301843717],[-82.1417268183598,29.4282370291206],[-82.1417137586522,29.4281730813906],[-82.1416412268796,29.4277201711368],[-82.1415654926129,29.4272676633718],[-82.1416156850811,29.4271896871081],[-82.141671515376,29.4271147050903],[-82.1417327517323,29.4270430310739],[-82.1417991381301,29.426974961602],[-82.1418703996849,29.4269107806994],[-82.1419462390545,29.426850755178],[-82.1420263409301,29.4267951338542],[-82.1421103720367,29.4267441498959],[-82.1421979829297,29.4266980145635],[-82.1423492565286,29.4266925391944],[-82.1425006612816,29.4266928623335],[-82.1426519034394,29.4266989831984],[-82.142802694643,29.4267108884867],[-82.1429527474314,29.426728556289],[-82.1431017734455,29.4267519537403],[-82.1432494879192,29.4267810346743],[-82.1432951977942,29.4268015309065],[-82.1433435846486,29.42681659637],[-82.1433938130494,29.4268259736517],[-82.1434450107324,29.4268294992277],[-82.1434962946537,29.4268271120701],[-82.1435467772777,29.4268188536465],[-82.143595585442,29.4268048663557],[-82.1436418747303,29.4267853919626],[-82.1436848438453,29.4267607692514],[-82.1436625458633,29.426693419416],[-82.1436476715588,29.4266245179976],[-82.1436403547808,29.4265546893647],[-82.1436406620047,29.4264845688407],[-82.143648592332,29.4264147909689],[-82.1436640712027,29.4263459918589],[-82.1436869602761,29.4262787943208],[-82.1437170511432,29.4262138086476],[-82.1437540689194,29.4261516255732],[-82.1437976794315,29.4260928084479],[-82.1438474856241,29.4260378932382],[-82.1439116361152,29.4260062699944],[-82.1439717307127,29.4259690383207],[-82.1440271325112,29.4259265933352],[-82.1440772549108,29.4258793857086],[-82.1441215643122,29.4258279146219],[-82.1441595926931,29.425772727767],[-82.1441909358117,29.4257144096105],[-82.144215260393,29.4256535782646],[-82.1442323095188,29.425590878445],[-82.1442419044243,29.4255269767771],[-82.1442439391084,29.4254625508419],[-82.1442383947065,29.425398282134],[-82.144225329609,29.4253348552798],[-82.1442320211596,29.4252574088023],[-82.1442468002426,29.4251808276344],[-82.1442695455856,29.4251057572838],[-82.1443000613558,29.4250328291762],[-82.14433809333,29.4249626606558],[-82.144383319013,29.4248958440299],[-82.1444353566207,29.4248329418747],[-82.1444937686738,29.4247744854703],[-82.1445580610987,29.4247209685404],[-82.1447509383733,29.4246030008464],[-82.1449470828207,29.4244892393921],[-82.145146378558,29.4243797538285],[-82.1453487007196,29.4242746098943],[-82.1454114336691,29.424213607897],[-82.1454685296903,29.4241484996246],[-82.14551963844,29.4240796841132],[-82.1455644482031,29.424007582308],[-82.1456026831965,29.4239326347158],[-82.1456341107567,29.4238553014058],[-82.1456585386442,29.4237760534022],[-82.1456758168404,29.4236953773798],[-82.1456588566478,29.4236190751488],[-82.1456340047555,29.4235444488542],[-82.1456014713692,29.4234721213253],[-82.1455615268817,29.4234026989612],[-82.1455145045682,29.4233367599949],[-82.1454607996872,29.4232748584047],[-82.1454008604982,29.4232175098295],[-82.1453351882611,29.4231651946994],[-82.1452643309481,29.4231183504096],[-82.145188883244,29.4230773681913],[-82.1451094739695,29.423042591546],[-82.1449449592033,29.4230035912369],[-82.1447788148932,29.4229703035646],[-82.144611299754,29.422942781741],[-82.1444426751954,29.4229210672408],[-82.1442732026271,29.4229051937129],[-82.1441031479506,29.4228951861983],[-82.1440074809661,29.4228914773928],[-82.1439124886164,29.4228808806931],[-82.1438188167901,29.4228634696473],[-82.1437271014946,29.4228393616192],[-82.1436379652622,29.4228087209182],[-82.1435520171507,29.4227717564526],[-82.1434698374719,29.4227287185992],[-82.1433919876728,29.4226799007692],[-82.143318996861,29.4226256331482],[-82.1432513600083,29.4225662858269],[-82.1431895370521,29.4225022625413],[-82.1431339502007,29.4224339991083],[-82.1430849740514,29.4223619579488],[-82.1430679240273,29.422300920375],[-82.1430430766265,29.4222419687855],[-82.1430107516493,29.4221858660763],[-82.1429713668123,29.4221333344575],[-82.1429254296636,29.4220850531052],[-82.1428735357863,29.4220416440773],[-82.1428163526286,29.4220036684003],[-82.1427546177073,29.4219716158976],[-82.1426891296248,29.4219459012763],[-82.1426207318991,29.4219268547374],[-82.1423548009305,29.4218608600413],[-82.1420905498116,29.4217898810518],[-82.1418281016115,29.4217139490569],[-82.1415675767044,29.421633100821],[-82.1413090945662,29.4215473731079],[-82.1412302593152,29.4215182726791],[-82.1411488288313,29.4214952957677],[-82.1411064121802,29.4214755504082],[-82.1410670947169,29.4214513825838],[-82.1410622824419,29.4214453412137],[-82.1410586262987,29.4214387083037],[-82.1410562188137,29.4214316505176],[-82.1410551201741,29.4214243486037],[-82.1410553600243,29.4214169864398],[-82.141056932076,29.4214097510339],[-82.1410597950069,29.4214028254816],[-82.1410638778498,29.421396385054],[-82.1410799918294,29.4213715771583],[-82.1411000583962,29.4213490876866],[-82.1411236526471,29.4213293947235],[-82.1411502688307,29.4213129184522],[-82.1411793410082,29.421300010199],[-82.1412139162652,29.421282564454],[-82.1412446143934,29.4212602416267],[-82.1412705487557,29.4212336880269],[-82.1412909683604,29.421203671246],[-82.1413052830144,29.4211710590307],[-82.1413130803911,29.4211367942454],[-82.1413141323183,29.4211018698329],[-82.1412844951005,29.421055009725],[-82.1412482130444,29.4210118811611],[-82.1412058916148,29.4209732008823],[-82.141158233294,29.4209396120787],[-82.1411060321929,29.4209116749993],[-82.1410501578805,29.4208898528673],[-82.1409915401133,29.4208745110975],[-82.1409457044742,29.4208506803722],[-82.1409037827948,29.420821849694],[-82.1408664847443,29.4207885057518],[-82.1408344364482,29.4207512095685],[-82.1408081795907,29.4207105918066],[-82.1407881579397,29.4206673371195],[-82.1407747083632,29.4206221771096],[-82.1407680572369,29.420575869984],[-82.1407683186466,29.4205291989904],[-82.140775485406,29.4204829520724],[-82.1407894398356,29.4204379085682],[-82.1408099438819,29.4203948274728],[-82.1408314809909,29.4203372120153],[-82.1408595147159,29.4202817803947],[-82.1408937620878,29.42022909208],[-82.1409338772552,29.4201796815021],[-82.1409794559761,29.4201340447513],[-82.1410300374148,29.4200926434902],[-82.1410850188017,29.420046422195],[-82.1411444872735,29.4200046750462],[-82.1412079676214,29.4199677345994],[-82.1412749585854,29.419935895069],[-82.1413449220747,29.419909409198],[-82.1414173038287,29.4198884890406],[-82.1414915289257,29.4198732997015],[-82.1415670026809,29.4198639640315],[-82.1415904199637,29.4198540508964],[-82.1416119983952,29.4198413380759],[-82.1416313058856,29.4198260790897],[-82.1416479516678,29.419808582231],[-82.1416616033652,29.4197891980459],[-82.1416754068778,29.4197628107283],[-82.1416940523098,29.419738812293],[-82.1417170132485,29.4197178780159],[-82.1417436456017,29.4197005947536],[-82.1417732019712,29.4196874492062],[-82.141804850517,29.4196788107027],[-82.1418377019069,29.419674921811],[-82.1418708344695,29.4196758920777],[-82.1419033166519,29.4196816933338],[-82.1419055274058,29.4196853779999],[-82.1419084235743,29.4196886776889],[-82.1419119207157,29.4196914969395],[-82.1419159155238,29.4196937520269],[-82.1419202912175,29.4196953780059],[-82.1419249202362,29.4196963255808],[-82.1419296660358,29.4196965689299],[-82.1419343893776,29.4196960986636],[-82.1419389519209,29.4196949304313],[-82.1419432198168,29.4196930986619],[-82.1419470681995,29.4196906549985],[-82.1419503829829,29.419687673776],[-82.1419530698439,29.419684238719],[-82.1419550470359,29.4196804554613],[-82.1419562570666,29.4196764304193],[-82.1419566666983,29.4196722840938],[-82.1419562615581,29.419668137768],[-82.1419550551207,29.4196641119431],[-82.141953081522,29.4196603263373],[-82.1419503982543,29.4196568904968],[-82.141954594285,29.419638845095],[-82.1419618589607,29.4196215641667],[-82.1419720251947,29.4196054428615],[-82.1419848576286,29.4195908536375],[-82.1420614578712,29.4195418558956],[-82.1421421490415,29.4194981813046],[-82.1422264496428,29.4194600904355],[-82.1423138593132,29.4194278094301],[-82.1424038525383,29.4194015339126],[-82.1424958948207,29.4193814188178],[-82.1425894354929,29.4193675854331],[-82.1426839175995,29.419360114356],[-82.1427787761003,29.4193590517541],[-82.1428734459548,29.4193644038874],[-82.1429194855114,29.4193608084119],[-82.142964365343,29.4193511252757],[-82.1430070425055,29.4193355829596],[-82.1430465252589,29.4193145390528],[-82.1430818937283,29.4192884849468],[-82.1431123268535,29.4192580254919],[-82.143137116762,29.4192238696082],[-82.1431627717482,29.4191219817038],[-82.143193009939,29.4190210624054],[-82.143227781927,29.4189212682115],[-82.1432325708458,29.4189040951432],[-82.1432403646292,29.4188877874941],[-82.1432509701395,29.4188727458941],[-82.1432641313567,29.4188593388914],[-82.1432795212941,29.4188478951283],[-82.1432967635577,29.418838697863],[-82.1433358420692,29.4188237055519],[-82.1433769902991,29.4188138353517],[-82.1434193395765,29.4188092954036],[-82.1434619924845,29.4188101811708],[-82.1435040471146,29.4188164746562],[-82.1435843457212,29.4188083626876],[-82.1436651132484,29.4188055199381],[-82.1437458969452,29.4188079636228],[-82.1439835327789,29.4188148212763],[-82.1442212970717,29.4188145630579],[-82.1444589131424,29.4188071920977],[-82.144517198533,29.4188000198867],[-82.1445759681156,29.4187971990465],[-82.1446347996818,29.4187987514868],[-82.14468822878,29.4188013454077],[-82.1447417297433,29.4188003680903],[-82.1447949881616,29.4187958273592],[-82.1449489162822,29.4187956599084],[-82.1451028147583,29.4187982428748],[-82.1455488426699,29.4187977561723],[-82.1455888096152,29.4187787098258],[-82.1456249632122,29.4187545194504],[-82.1456564482646,29.4187257578182],[-82.1456825182724,29.418693106466],[-82.1457025560931,29.4186573376989],[-82.1457287931876,29.4185907821872],[-82.1457474754506,29.4185223017259],[-82.145758423219,29.4184525489018],[-82.1457615322882,29.4183821943002],[-82.1457567739121,29.4183119100735],[-82.1457441921082,29.4182423691582],[-82.1457239081491,29.4181742382328],[-82.1456961160709,29.4181081691105],[-82.1456722424439,29.4180389433975],[-82.1456556254078,29.4179681096279],[-82.1456464024047,29.4178962499686],[-82.145644647995,29.4178239544129],[-82.1456503774499,29.4177518168685],[-82.1457563193646,29.4177885484142],[-82.1458601125091,29.4178297174329],[-82.1459615134401,29.4178752268908],[-82.146029407211,29.417904302541],[-82.1461002339812,29.4179273992024],[-82.1461733092346,29.4179442938705],[-82.1462479268954,29.4179548222263],[-82.146323364718,29.4179588833309],[-82.1463988941688,29.4179564372783],[-82.1464737831208,29.4179475091076],[-82.1465473084301,29.4179321833257],[-82.1466187595295,29.4179106093847],[-82.1466874447161,29.4178829946396],[-82.1467526983384,29.4178496074786],[-82.146845157439,29.4177762883957],[-82.1469349458483,29.4177004660795],[-82.1470281244994,29.4175439925341],[-82.1471159339201,29.4175609756873],[-82.1471752371019,29.4176702455901],[-82.1472243309305,29.4177380341236],[-82.1472649410696,29.4177623350718],[-82.1473354219885,29.4177643218087],[-82.1475609952445,29.4176931967619],[-82.147594335318,29.4177069341285],[-82.1476804181767,29.4175441811141],[-82.1477457751052,29.4173546009186],[-82.1477544384578,29.4172641104805],[-82.147810571485,29.417273436217],[-82.1479115178684,29.4173253294882],[-82.1480719165539,29.4173841947266],[-82.1482029008038,29.4175254843055],[-82.1482766659634,29.4174207925994],[-82.1483686830929,29.4173159176824],[-82.1485878154283,29.4173295220765],[-82.148615286808,29.4172891376942],[-82.1486487158147,29.4172523582359],[-82.1486874951872,29.4172198527363],[-82.1487309206464,29.4171922143287],[-82.1487781989798,29.4171699445947],[-82.1488284722963,29.4171534512165],[-82.1488808234161,29.4171430315442],[-82.148934300125,29.4171388765079],[-82.1489879286491,29.4171410627925],[-82.1490407325199,29.4171495489257],[-82.1490917514381,29.4171641815373],[-82.1491470669984,29.4171944913813],[-82.149197819117,29.4172304030769],[-82.1492432711754,29.4172713954786],[-82.1492827647085,29.4173168770169],[-82.1493157283879,29.4173661841332],[-82.1493416807164,29.4174186031908],[-82.1493602470968,29.4174733736042],[-82.1493711571359,29.4175297019252],[-82.1493742536287,29.4175867688848],[-82.1493694925577,29.4176437489562],[-82.1493397214908,29.4177173177485],[-82.1493176992916,29.4177929475601],[-82.1493036074198,29.4178700155268],[-82.1492975617579,29.4179478862662],[-82.14929961351,29.4180259142255],[-82.1493097447098,29.4181034577665],[-82.1493278727122,29.4181798776004],[-82.1493538466003,29.4182545406998],[-82.1493874534735,29.4183268320366],[-82.1494679730656,29.4184517147754],[-82.1495430668335,29.4185791646829],[-82.1496126251826,29.4187089986491],[-82.1496765537897,29.4188410335647],[-82.149714434847,29.4189354263857],[-82.1497445544601,29.4190319380698],[-82.149766758119,29.4191300803452],[-82.1497809344325,29.4192293578994],[-82.1497870115354,29.4193292660322],[-82.149784958885,29.4194293000452],[-82.1497747881593,29.4195289521122],[-82.1497565469692,29.4196277198864],[-82.1496388757518,29.4196334436804],[-82.1495219079153,29.419646067325],[-82.1494061698724,29.419665533697],[-82.1492921862392,29.4196917543731],[-82.1491804681573,29.4197246111948],[-82.1490715195813,29.4197639570505],[-82.1489658318898,29.4198096135293],[-82.1488638811899,29.4198613763974],[-82.148823345611,29.4198972269001],[-82.1487887020821,29.4199375366935],[-82.1487605821187,29.4199815671199],[-82.148739498659,29.4200285145772],[-82.1487258370802,29.4200775222566],[-82.1487198480122,29.4201276942273],[-82.1487216401512,29.4201781157809],[-82.1487311793612,29.4202278659512],[-82.1487482931656,29.4202760347281],[-82.1487726689509,29.4203217434021],[-82.1488038620508,29.4203641586482],[-82.1488413011369,29.4204025042628],[-82.1488843034896,29.4204360807245],[-82.1489320839812,29.4204642745838],[-82.1489837703477,29.4204865717646],[-82.1490384175614,29.4205025638229],[-82.1490950293906,29.4205119596842],[-82.1491525718744,29.4205145872076],[-82.1492099912891,29.4205103994455],[-82.1495362270609,29.420446094741],[-82.1498074859374,29.4203979323045],[-82.1500798901658,29.4203550076858],[-82.150148463063,29.4203415820995],[-82.1502182352111,29.4203342934092],[-82.1502884915512,29.4203332175155],[-82.150358510736,29.4203383638083],[-82.1504275786049,29.4203496814262],[-82.1504949863872,29.4203670522145],[-82.1505600423801,29.4203903001149],[-82.150622080932,29.4204191849057],[-82.1506804678321,29.4204534131571],[-82.1507346030061,29.4204926327535],[-82.1507839330916,29.4205364430661],[-82.1508279523372,29.4205843933887],[-82.1508662088902,29.4206359946741],[-82.1509503343199,29.4207161879977],[-82.151029266589,29.420800331139],[-82.1511027640506,29.4208881658753],[-82.1511706039225,29.4209794222471],[-82.1512325768973,29.4210738248183],[-82.1512884943288,29.4211710801572],[-82.1513381855371,29.4212708948326],[-82.1513814969102,29.4213729613303],[-82.1513978902658,29.4214330644223],[-82.1514051693146,29.4214597509881],[-82.1514215429073,29.4215478230217],[-82.1514305278567,29.421636704823],[-82.1514320783489,29.4217259245683],[-82.1514261871973,29.4218150057403],[-82.1514128840462,29.4219034726062],[-82.1513922389644,29.4219908533471],[-82.1513643633428,29.4220766816226],[-82.1513294063018,29.4221604989188],[-82.1512875546911,29.422241859242],[-82.151239029496,29.4223203275545],[-82.1511840912282,29.4223954852509],[-82.151123034535,29.4224669325057],[-82.1509864843236,29.4225625183256],[-82.1508463381561,29.4226540267072],[-82.1507027523394,29.4227413528135],[-82.1505558903669,29.422824398849],[-82.1504059184268,29.4229030693656],[-82.15033500452,29.4229438943822],[-82.1502685166125,29.4229900775841],[-82.1501800469301,29.4230680265562],[-82.1501508858193,29.4230970138687],[-82.1501006744865,29.4231569203291],[-82.1500567459708,29.4232204979904],[-82.1500194479202,29.4232872421685],[-82.1499890740838,29.4233566247067],[-82.1499658670068,29.4234280971063],[-82.1499500090471,29.4235010928736],[-82.1499416259688,29.4235750329973],[-82.1499407842474,29.4236493337733],[-82.1499474919677,29.4237234052394],[-82.149961693434,29.4237966621299],[-82.1499832790519,29.4238685223106],[-82.1500661639082,29.424000991817],[-82.1501421757543,29.4241365846466],[-82.1502111618766,29.4242750261512],[-82.1502729830361,29.4244160377716],[-82.1503275152654,29.4245593362555],[-82.1503746471735,29.4247046320925],[-82.150443283851,29.4249168836509],[-82.1505069133192,29.4251303287557],[-82.150565506832,29.4253448742904],[-82.150619041033,29.4255604326161],[-82.1506298010535,29.4259142341483],[-82.1506427017593,29.4262679820258],[-82.1506495819561,29.4263179756768],[-82.1506641032226,29.4263667009976],[-82.1506859996577,29.4264132660298],[-82.1507148715109,29.42645681872],[-82.1507501905729,29.4264965633502],[-82.1507913118534,29.4265317746212],[-82.1508374834623,29.4265618062587],[-82.1508878600852,29.4265861121381],[-82.150941521847,29.4266042455018],[-82.1509974868892,29.426615876172],[-82.1510547338273,29.4266207905503],[-82.151112213429,29.4266189002242],[-82.1511843768925,29.4266052063133],[-82.1512547347422,29.4265855941761],[-82.1513226572591,29.4265602398535],[-82.1513875326906,29.4265293718082],[-82.151448780725,29.4264932662295],[-82.151505848,29.4264522470342],[-82.1515582260693,29.426406685084],[-82.1516054433173,29.4263569864497],[-82.1516470739425,29.4263035986708],[-82.1516827469407,29.4262470021488],[-82.1517774500329,29.4261570102104],[-82.15187780263,29.4260718394886],[-82.1519834831349,29.4259917599322],[-82.1520941546796,29.4259170266236],[-82.1522094669211,29.425847878997],[-82.15232905155,29.4257845337958],[-82.1524525258841,29.4257271960267],[-82.152547789525,29.4256974771131],[-82.1526453133272,29.4256740387326],[-82.1527445574032,29.4256570123372],[-82.152800641023,29.4256177603078],[-82.1528516419749,29.4255735132445],[-82.152896981744,29.4255247718946],[-82.1529361482904,29.4254720870815],[-82.1529686969481,29.4254160565749],[-82.1529942576111,29.4253573157017],[-82.1530125437171,29.4252965287404],[-82.1530233468567,29.4252343850084],[-82.1530265430625,29.4251715871263],[-82.1530024727044,29.4251174311592],[-82.1529855358681,29.4250612416233],[-82.152975950844,29.425003739135],[-82.1529738380064,29.4249456560493],[-82.1529792252032,29.424887734894],[-82.152992043264,29.4248307174163],[-82.1530121277971,29.4247753289341],[-82.1530369778928,29.4247259596889],[-82.1530675799013,29.4246791309852],[-82.1531035969543,29.4246353553212],[-82.1531446382846,29.4245951084218],[-82.1531902529381,29.4245588339319],[-82.1532399441464,29.4245269246387],[-82.1532931684287,29.4244997302951],[-82.1533452320876,29.4244566493574],[-82.1533999915907,29.4244162091252],[-82.1534572708681,29.4243785410512],[-82.1535084757377,29.4243498772509],[-82.1535628714231,29.4243261427982],[-82.15361984168,29.4243076076373],[-82.15367874062,29.4242944830294],[-82.1537388998962,29.4242869160749],[-82.1538104336406,29.4242861539806],[-82.1538816996871,29.4242916099184],[-82.153951995553,29.4243032283344],[-82.1540206286373,29.4243208957729],[-82.1540869198137,29.4243444377473],[-82.1541502169053,29.4243736218698],[-82.1542494241503,29.4243967483581],[-82.1543467278652,29.4244254144924],[-82.1544417238082,29.4244594989907],[-82.1545340194155,29.4244988625735],[-82.1546232320047,29.4245433401411],[-82.1547089914699,29.4245927501617],[-82.1547909456716,29.4246468860652],[-82.154868750555,29.4247055248502],[-82.1549420881164,29.4247684231721],[-82.1550177550094,29.4248054338572],[-82.1550892653976,29.4248483143441],[-82.1551560227997,29.4248967109656],[-82.1552174774466,29.4249502231083],[-82.1552731190953,29.4250084055603],[-82.1553224860117,29.4250707763357],[-82.1553651685641,29.4251368198047],[-82.1554008128163,29.425205987476],[-82.1554291250191,29.4252777058224],[-82.1554058918909,29.425344818738],[-82.1553896126213,29.4254134831659],[-82.155380417466,29.4254831459261],[-82.1553801506664,29.4255773651363],[-82.1553835157555,29.4256232333876],[-82.1553957849456,29.4256925329579],[-82.1554150897411,29.4257605931177],[-82.1554412720383,29.4258268677362],[-82.1554833697875,29.4258632153212],[-82.1555296941101,29.425895382395],[-82.1555797078135,29.4259229933975],[-82.1556328269929,29.4259457267557],[-82.1556884354039,29.4259633180133],[-82.1557458835647,29.4259755629602],[-82.1558098409179,29.4259826861543],[-82.1558743094126,29.4259831822115],[-82.1559383988183,29.4259770440902],[-82.1560012198027,29.4259643570734],[-82.1560619045934,29.425945296422],[-82.1561196096723,29.4259201258095],[-82.1561709870184,29.4259128508206],[-82.1562209046021,29.4258999588005],[-82.1562685647195,29.4258816547423],[-82.1563132055992,29.4258582320528],[-82.1563541139789,29.4258300655104],[-82.1563906349868,29.4257976050062],[-82.1564221847179,29.425761370067],[-82.1564484397787,29.4257215461241],[-82.1564686689406,29.425679113554],[-82.1564825443185,29.4256347663667],[-82.1564898368419,29.4255892314348],[-82.1564904252385,29.4255432544106],[-82.1564843032198,29.4254975864249],[-82.156471570499,29.4254529786095],[-82.1564524336885,29.425410158625],[-82.1564472405278,29.4253617481644],[-82.156435485174,29.4253142265209],[-82.1564173374086,29.4252682720628],[-82.1563930541498,29.4252245428161],[-82.156362983944,29.4251836615987],[-82.1563275570842,29.4251462144549],[-82.1562872784235,29.4251127357889],[-82.156242723782,29.425083704453],[-82.1561958353174,29.4250460757481],[-82.1561535165827,29.4250045004415],[-82.1561161996675,29.4249594041717],[-82.1560842654575,29.4249112446573],[-82.1560580382444,29.424860511697],[-82.1560377857263,29.4248077232582],[-82.1560237136174,29.4247534168698],[-82.1560159656481,29.4246981441457],[-82.1559125596774,29.4246337560241],[-82.1558057508885,29.4245737745384],[-82.1556957872162,29.4245183350577],[-82.1555829183924,29.4244675666916],[-82.15546740403,29.42442158603],[-82.1553506194498,29.4243537988261],[-82.1552381386981,29.4242806464015],[-82.1551302815752,29.4242023384382],[-82.1550273579998,29.424119097137],[-82.1549296599245,29.4240311619122],[-82.1549216433589,29.424008498545],[-82.1549181992181,29.423984965882],[-82.1549194308083,29.4239612649889],[-82.1549253004004,29.4239381031917],[-82.1549356346194,29.4239161706033],[-82.1549501235466,29.4238961205625],[-82.1549683359907,29.4238785524201],[-82.1549897293692,29.4238639888479],[-82.1550136658783,29.423852864102],[-82.1550394313573,29.4238455091561],[-82.1550662577466,29.4238421446594],[-82.1550933455456,29.4238428707647],[-82.1551341856534,29.4238049051504],[-82.1551694517148,29.4237628747372],[-82.1551986218087,29.4237174031265],[-82.1552212620489,29.4236691655614],[-82.1552370364652,29.4236188748434],[-82.1552457114959,29.4235672797677],[-82.1552471604785,29.4235151439972],[-82.1552413582601,29.4234632398035],[-82.1552283937739,29.4234123386769],[-82.155218498831,29.4233234310434],[-82.1552151058942,29.4232341524529],[-82.1552182266415,29.4231448659594],[-82.1552278511915,29.4230559361833],[-82.1552779915574,29.4230289487946],[-82.1553243823552,29.4229972346327],[-82.1553664450701,29.4229611911768],[-82.1554036550858,29.4229212659827],[-82.1554355488717,29.4228779582479],[-82.1554617293723,29.4228318070754],[-82.1554818687027,29.4227833891265],[-82.1554635915799,29.4227386377134],[-82.155452174891,29.4226921750625],[-82.1554478144686,29.4226448031831],[-82.1554505857712,29.4225973389525],[-82.1554604420865,29.4225506031616],[-82.1554772127346,29.4225054017364],[-82.1555006066612,29.4224625147834],[-82.1555302223195,29.4224226848524],[-82.1555655476697,29.4223865973753],[-82.1556059718575,29.4223548759708],[-82.1556507977902,29.4223280691425],[-82.1558180614011,29.4223058787794],[-82.1559860966649,29.4222887274095],[-82.1561547059521,29.422276635379],[-82.1563236889386,29.4222696175563],[-82.1564928479948,29.4222676825494],[-82.1565999172952,29.4222597547329],[-82.15670734682,29.4222578134663],[-82.1568146981914,29.4222618665744],[-82.1569215366248,29.4222718991898],[-82.1570274282338,29.4222878706234],[-82.1571319436239,29.4223097135812],[-82.1572346560952,29.4223373412074],[-82.157335150626,29.4223706408239],[-82.1574053198295,29.4223897412687],[-82.1574728982916,29.4224150050853],[-82.15753718353,29.4224461685829],[-82.1575975054013,29.4224829078209],[-82.1576532341866,29.4225248386099],[-82.1577037904725,29.4225715259007],[-82.1577486469479,29.4226224806552],[-82.1577873355905,29.4226771747131],[-82.1578194548535,29.4227350368802],[-82.1578446678686,29.4227954631003],[-82.1579546180661,29.4230522258188],[-82.1580713182047,29.4233066953237],[-82.1581633227578,29.4234482043579],[-82.1582489375943,29.4235927545511],[-82.1583280315601,29.4237401244592],[-82.1584004833827,29.4238900895095],[-82.1584661825693,29.4240424196533],[-82.1585250276103,29.4241968824956],[-82.1586020024504,29.4243361102674],[-82.1586859284541,29.4244722237523],[-82.1587766439247,29.424604957717],[-82.1588071309488,29.4246245225081],[-82.1588408986204,29.424639396598],[-82.1588770135897,29.4246491668629],[-82.158914478727,29.4246535649294],[-82.1589522582746,29.4246524695206],[-82.1589893092885,29.4246459095864],[-82.1590246067909,29.4246340674332],[-82.1590571752116,29.4246172701171],[-82.1590932524517,29.4246100904919],[-82.1591301741082,29.4246080256455],[-82.1591670023399,29.4246111295659],[-82.159202797509,29.4246193232268],[-82.1592366460289,29.4246323984993],[-82.1592676882119,29.4246500212818],[-82.1592704577179,29.4246490228949],[-82.1592733817341,29.4246484556296],[-82.1592763749207,29.4246483359171],[-82.1592793474459,29.4246486684519],[-82.1592822085801,29.4246494414976],[-82.1592848774748,29.4246506347107],[-82.1592872714851,29.4246522105346],[-82.1592893214405,29.4246541235878],[-82.1592909653575,29.4246563151879],[-82.159292154727,29.4246587219574],[-82.1592928545145,29.4246612719124],[-82.1594144352001,29.4246977255432],[-82.1595380784175,29.424728411838],[-82.1596634239423,29.4247532416045],[-82.1597901115502,29.4247721452105],[-82.1599177756268,29.4247850671062],[-82.1600460487612,29.4247919697374],[-82.1601745590507,29.4247928335443],[-82.160302937288,29.4247876553974],[-82.1604191703026,29.4247387830039],[-82.160536493872,29.424691948829],[-82.1605843902463,29.424679055089],[-82.1606339098763,29.4246723386696],[-82.1606840161063,29.4246719419752],[-82.160733665992,29.4246778720478],[-82.1607818201828,29.4246900052615],[-82.1607881074915,29.4246906077362],[-82.1607944172581,29.4246902470338],[-82.1608005608363,29.4246889372383],[-82.1608063531732,29.4246867151241],[-82.1608116190974,29.4246836503277],[-82.1608161987088,29.4246798336115],[-82.1608199554633,29.4246753807758],[-82.1608227761733,29.4246704248343],[-82.1608245746005,29.4246651183619],[-82.1608252959476,29.4246596178453],[-82.1608249204518,29.4246540922904],[-82.1608234570962,29.4246487060087],[-82.1608209525932,29.4246436233115],[-82.1608174797063,29.4246389959912],[-82.1608131462334,29.4246349648862],[-82.1608029216088,29.4246103463483],[-82.1607884003423,29.4245874421203],[-82.1607699426581,29.4245668218165],[-82.1607480111888,29.4245490018458],[-82.160723149415,29.4245344242859],[-82.1607115584529,29.424514541026],[-82.1607038922302,29.4244932509421],[-82.1607003645461,29.4244711432078],[-82.1607010724186,29.424448829688],[-82.1607059960846,29.4244269269424],[-82.1607149981021,29.4244060413599],[-82.1607278323326,29.4243867527269],[-82.1607441403482,29.4243695923191],[-82.1607634720932,29.4243550366417],[-82.160785293968,29.424343488651],[-82.1608089987117,29.4243352675825],[-82.1608339341474,29.4243306011262],[-82.1608594076739,29.4243296176025],[-82.1608847150121,29.4243323443966],[-82.1609091563743,29.4243387071768],[-82.1609320535326,29.4243485291116],[-82.160952774073,29.4243615386943],[-82.1609707448702,29.4243773744377],[-82.1610363299708,29.424420079057],[-82.161106364427,29.424456973286],[-82.1611801807905,29.4244877026875],[-82.1612570720873,29.4245119754185],[-82.161336302597,29.4245295575352],[-82.1613584110345,29.4245082079893],[-82.1613843876175,29.4244905100684],[-82.1614134579984,29.4244769934836],[-82.1614447535063,29.4244680611913],[-82.1614773389949,29.4244639823509],[-82.1615102397922,29.4244648758931],[-82.1615424722429,29.42447071678],[-82.1615730751497,29.4244813305274],[-82.1616011331293,29.4244963986824],[-82.1616258071552,29.4245154721247],[-82.1616463606089,29.4245379820213],[-82.1617726098389,29.4246219334304],[-82.161903352442,29.4247004382437],[-82.162038280296,29.4247733133843],[-82.1621770780922,29.4248403875114],[-82.1622446170285,29.424849061568],[-82.16231281443,29.4248516443804],[-82.1623809561358,29.4248481109114],[-82.1624230610715,29.4248135625605],[-82.1624613230144,29.4247757444065],[-82.1624954149778,29.4247349835034],[-82.1625250414158,29.4246916303781],[-82.1625499472071,29.4246460574666],[-82.1625591279893,29.4246185689594],[-82.1625730276217,29.4245926421856],[-82.1625913146259,29.4245688952706],[-82.1626135542174,29.4245478915695],[-82.1626392181868,29.4245301302782],[-82.1626676965779,29.4245160354786],[-82.1626983120611,29.4245059412723],[-82.1628162276203,29.4244843734217],[-82.1629032267606,29.4244743652803],[-82.1629908403485,29.4244701174338],[-82.1630785716158,29.4244716572684],[-82.1631659202008,29.4244789722648],[-82.16325239203,29.4244920232998],[-82.1633092616757,29.4245267571974],[-82.1633698647197,29.4245562597188],[-82.163433574138,29.4245802241538],[-82.163499733262,29.4245984048217],[-82.1635676575756,29.4246106123762],[-82.1636366472911,29.42461672163],[-82.1637059891462,29.4246166699893],[-82.1637749662853,29.4246104566716],[-82.1638402962644,29.4246013342593],[-82.1639064077777,29.424599228726],[-82.1639723207633,29.424604172152],[-82.1640370596509,29.4246160909873],[-82.1640996641414,29.4246348083992],[-82.1641592071734,29.4246600489669],[-82.1642148048046,29.4246914347695],[-82.16426563328,29.4247285041653],[-82.164310941608,29.424770705532],[-82.1643500542555,29.4248174144812],[-82.164382394504,29.4248679385533],[-82.1644074826533,29.424921528172],[-82.1644087313115,29.4249099998066],[-82.1644122131815,29.4248988282292],[-82.1644178267538,29.424888342062],[-82.1644254049415,29.4248788511487],[-82.1644347267592,29.4248706340357],[-82.1644455155258,29.4248639332776],[-82.1644574541359,29.4248589476129],[-82.16447019045,29.4248558217919],[-82.1644833498706,29.424854648142],[-82.1644965452238,29.424855462655],[-82.1645093875391,29.4248582402932],[-82.1645214968291,29.4248628996833],[-82.1645325182594,29.4248693023344],[-82.164542127538,29.4248772612446],[-82.1645500390007,29.424886542466],[-82.1645560217805,29.4248968690171],[-82.1645650723069,29.4249033319133],[-82.1645727412245,29.4249110427896],[-82.1645788066493,29.4249197786523],[-82.1645830943082,29.4249292883402],[-82.1645854802336,29.4249392980017],[-82.1645858943569,29.4249495150069],[-82.1645843258984,29.4249596467258],[-82.1645808188756,29.4249693981816],[-82.1645754765945,29.424978490046],[-82.164568451769,29.424986657857],[-82.1645599483166,29.4249936653205],[-82.1643710874095,29.4251437732699],[-82.1643596545509,29.4251461143037],[-82.1643488415299,29.4251501203507],[-82.1643389618584,29.4251556748285],[-82.1643303038957,29.4251626173384],[-82.1643231164751,29.4251707452307],[-82.1643176098024,29.4251798237757],[-82.1643139428794,29.4251895885117],[-82.1643122226056,29.4251997569809],[-82.1643124983884,29.4252100326422],[-82.1643147630412,29.4252201181718],[-82.1643189491905,29.4252297217232],[-82.1643249373601,29.4252385631866],[-82.1643325532771,29.4252463867074],[-82.1643415750575,29.4252529653811],[-82.1643517421899,29.4252581067301],[-82.1643627573319,29.4252616636578],[-82.1643743033783,29.425263532101],[-82.164386044359,29.4252636572898],[-82.1644260678982,29.4252547915733],[-82.164467238586,29.425252086712],[-82.1645083257304,29.4252556248615],[-82.1645481040295,29.4252653003932],[-82.1645853877071,29.425280825371],[-82.1646190637505,29.4253017342464],[-82.1646481269449,29.4253274057671],[-82.1646716223811,29.4253745189763],[-82.1647019027927,29.4254185642597],[-82.1647384561399,29.4254587983141],[-82.1647806634836,29.4254945396489],[-82.1648278106629,29.4255251842342],[-82.16487324745,29.4255128070027],[-82.1649199912858,29.4255050108873],[-82.1649674447907,29.4255018960403],[-82.1650149944153,29.4255035023656],[-82.1650730309726,29.4255191767508],[-82.1651328866183,29.4255281989298],[-82.1651935696123,29.425530417896],[-82.1652540774349,29.4255257992228],[-82.1653134057695,29.42551441724],[-82.1653705736559,29.4254964612929],[-82.165417172863,29.4254936461156],[-82.1654637226627,29.4254970395075],[-82.1655091495683,29.4255065624427],[-82.1655524052458,29.4255219950571],[-82.165592494362,29.425542984473],[-82.1656284916521,29.4255690432345],[-82.165659567971,29.4255995727806],[-82.1656850082599,29.425633869705],[-82.1657042232238,29.4256711414054],[-82.16571677179,29.4257105311213],[-82.1657157836432,29.4258755330458],[-82.165722943216,29.4259157152791],[-82.165736645219,29.4259545736337],[-82.1657566075813,29.4259912959545],[-82.1657824089929,29.4260251139029],[-82.1658135113629,29.4260553225181],[-82.1658492652096,29.4260812872572],[-82.1658889213378,29.4261024666866],[-82.1660614041605,29.4261819444724],[-82.1662311668846,29.4262657896782],[-82.1663980657796,29.4263539310928],[-82.1665619580133,29.426446294375],[-82.1667227052451,29.4265428028361],[-82.1667717299035,29.4265660524529],[-82.1668173634216,29.4265941014281],[-82.1668589931485,29.4266265734141],[-82.1668960621287,29.4266630341638],[-82.1669280771871,29.4267029977907],[-82.166954608929,29.4267459291162],[-82.1669753034182,29.4267912538414],[-82.1669898830753,29.4268383679364],[-82.1670496039737,29.4268527949415],[-82.1671074851224,29.4268721331809],[-82.1671630001086,29.4268962066081],[-82.1672156449775,29.4269247984898],[-82.1672649409271,29.4269576474952],[-82.1672910998681,29.4270015434329],[-82.1673237850698,29.427041947427],[-82.1673623991522,29.4270781193161],[-82.1674062342431,29.4271094003103],[-82.1674544908419,29.4271352169035],[-82.1675062859046,29.4271550965207],[-82.1675606708102,29.4271686761248],[-82.167616652022,29.4271757076926],[-82.1676732054608,29.4271760621267],[-82.1677292953688,29.4271697323857],[-82.1677838967684,29.4271568342657],[-82.167836010733,29.4271376048363],[-82.1679254389178,29.4271346027071],[-82.168014201451,29.4271245995213],[-82.1681015832737,29.427107676648],[-82.1681868819031,29.4270839678769],[-82.1682694119249,29.4270536656778],[-82.1683485085857,29.4270170133762],[-82.1684235367765,29.4269743051541],[-82.1684938937279,29.4269258844851],[-82.1685590135012,29.4268721417875],[-82.1685560769085,29.426858779656],[-82.1685557014127,29.4268451765379],[-82.1685578977936,29.4268317056467],[-82.1685626049657,29.4268187370662],[-82.1685696935716,29.4268066283617],[-82.1685789713718,29.426795709714],[-82.1685901796516,29.4267862823548],[-82.1686030129838,29.4267786060473],[-82.1686171183304,29.4267728896976],[-82.1686321085175,29.4267692913547],[-82.1686475721168,29.426767910386],[-82.1686630833268,29.4267687843475],[-82.1686782163461,29.4267718882019],[-82.1686900821927,29.4267779769828],[-82.1687029712204,29.4267821785701],[-82.168716495357,29.4267843685593],[-82.168730248564,29.4267844812276],[-82.168743816718,29.4267825126628],[-82.1687567928823,29.4267785215461],[-82.168768787188,29.4267726283699],[-82.168779437614,29.4267650099603],[-82.1687884243601,29.4267558955656],[-82.1687954779317,29.4267455590321],[-82.1688003872248,29.426734311762],[-82.1688030022206,29.4267224909776],[-82.1688032465623,29.4267104526793],[-82.1688011112669,29.4266985583448],[-82.1687966619113,29.4266871647571],[-82.1687900314462,29.4266766169634],[-82.1687814183992,29.4266672294965],[-82.1687710832819,29.4266592848101],[-82.1687593360129,29.4266530223249],[-82.1687465296302,29.4266486321693],[-82.1687330504094,29.4266462426601],[-82.1687192998973,29.4266459281274],[-82.168705696709,29.4266476971779],[-82.1686926450862,29.426651496607],[-82.1686805402878,29.4266572129634],[-82.168601195692,29.4265354293068],[-82.1685257902087,29.4264117418731],[-82.1684543840251,29.4262862484581],[-82.1684595915588,29.426235922262],[-82.1684579961508,29.4261854090418],[-82.1684496202591,29.4261354106311],[-82.1684345779697,29.4260866233878],[-82.168418671501,29.4260716845687],[-82.1684058067278,29.4260546472861],[-82.1683963384847,29.4260359825582],[-82.1683905281814,29.4260162028723],[-82.1683885366164,29.4259958543598],[-82.1683904167903,29.425975498019],[-82.1683961183974,29.4259556948485],[-82.1684054851309,29.4259369886339],[-82.168418255581,29.4259198989062],[-82.1684340812014,29.425904892774],[-82.1684525245124,29.4258923864885],[-82.1684730770678,29.4258827243178],[-82.1684951720306,29.4258761707225],[-82.1685042890324,29.4258832274173],[-82.1685146573874,29.4258888045454],[-82.1685259680751,29.4258927362326],[-82.1685378824307,29.425894905898],[-82.1685500456197,29.4258952470354],[-82.1685620938243,29.4258937510383],[-82.1685736686167,29.4258904625046],[-82.1685844241456,29.4258854784552],[-82.1685940397124,29.4258789491152],[-82.1686022278562,29.4258710685261],[-82.1686087451336,29.4258620706326],[-82.1686133957119,29.4258522261539],[-82.1686160421487,29.4258418269343],[-82.168616604494,29.4258311851617],[-82.1686150665783,29.4258206177185],[-82.1686114742155,29.4258104391399],[-82.1686059343051,29.4258009537896],[-82.1686059819158,29.4257584625708],[-82.1686131944892,29.425716442355],[-82.1686274130235,29.4256758156243],[-82.1686483276,29.4256374727826],[-82.1686754791795,29.4256022510301],[-82.1687082739755,29.4255709265382],[-82.1687244706001,29.4255690236738],[-82.168740069845,29.4255647594422],[-82.1687546252476,29.4255582543369],[-82.1687677208878,29.4255496961403],[-82.1687789821681,29.4255393281868],[-82.1687880865936,29.4255274477988],[-82.1687947745509,29.4255143937671],[-82.1687988546989,29.425500540092],[-82.1688002102566,29.4254862826818],[-82.1687988025966,29.4254720291818],[-82.1687946712446,29.4254581864549],[-82.1687879356766,29.4254451511925],[-82.1687787872337,29.4254332966137],[-82.1687674882241,29.425422960728],[-82.1687543611429,29.4254144392941],[-82.1687397823841,29.4254079756479],[-82.1687241669695,29.4254037544431],[-82.1687079631584,29.4254018977389],[-82.1686916335832,29.4254024579581],[-82.1686756453678,29.4254054178874],[-82.1685160327081,29.4253265153622],[-82.1683587412951,29.4252441215717],[-82.1683067117722,29.4252089497583],[-82.1682510934797,29.4251782729979],[-82.1681923939657,29.425152368275],[-82.1681311441347,29.4251314726701],[-82.1680679018404,29.4251157747522],[-82.1680032384113,29.4251054169261],[-82.1679966600485,29.4251104471773],[-82.1679892067266,29.4251144367946],[-82.1679810940412,29.4251172707608],[-82.1679725519612,29.4251188692679],[-82.1679638248282,29.425119186935],[-82.1679551614756,29.4251182135905],[-82.1679468071435,29.4251159774019],[-82.1679390034786,29.4251125433108],[-82.1679319705682,29.4251080075563],[-82.167925909635,29.4251025000218],[-82.1679209931555,29.4250961787584],[-82.1679173630634,29.425089223725],[-82.1679151217668,29.4250818328767],[-82.1679143330459,29.4250742166876],[-82.1679150202571,29.4250665934561],[-82.1679171618408,29.4250591799157],[-82.1679206994064,29.425052187323],[-82.1679255296476,29.4250458167632],[-82.1679315160207,29.4250402474132],[-82.1679384878456,29.4250356404542],[-82.1679462456964,29.42503212577],[-82.1679545685875,29.4250298042943],[-82.1679632193637,29.4250287425342],[-82.1680154105834,29.4250139107527],[-82.1680692708729,29.4250047234347],[-82.1681240052232,29.4250013143777],[-82.1681483549573,29.4249942521446],[-82.1681737063129,29.4249908266563],[-82.1681993559092,29.4249911333697],[-82.1682245904838,29.4249951636782],[-82.1682487111475,29.4250028072583],[-82.1682687543581,29.4249587391041],[-82.1682954235423,29.4249174509146],[-82.1683282291182,29.4248797000886],[-82.1683665665196,29.4248461829956],[-82.1684024515202,29.4248353885442],[-82.1684365614499,29.4248208376281],[-82.1684683860654,29.4248027493272],[-82.1684974483615,29.4247813920144],[-82.1685882734266,29.4247279142098],[-82.1686829064502,29.4246797616275],[-82.1687809378005,29.4246371384906],[-82.168881949761,29.4246002302432],[-82.1689360732568,29.4245951858828],[-82.1689904833153,29.4245964761187],[-82.169044216044,29.4246040782597],[-82.1690963201271,29.4246178577258],[-82.1691458738931,29.4246375711772],[-82.1691433532204,29.4246445113752],[-82.169142246496,29.4246517316845],[-82.1691425878558,29.4246590083285],[-82.1691443674184,29.4246661237905],[-82.1691475303865,29.4246728605536],[-82.1691519815388,29.4246790144024],[-82.1691575852295,29.4246843983352],[-82.1691641716772,29.4246888488232],[-82.169169986472,29.4246915177076],[-82.1691715405574,29.4246922312879],[-82.1691794681898,29.4246944416655],[-82.1691877138258,29.4246954142317],[-82.1691960268355,29.4246951192538],[-82.1692041547921,29.4246935645564],[-82.1692118515575,29.4246907986502],[-82.1692188826712,29.4246869052557],[-82.1692250352326,29.4246820025204],[-82.1692301223921,29.4246762391067],[-82.1692715733542,29.4246752540214],[-82.1693126937363,29.4246799306334],[-82.1693524810186,29.4246901570539],[-82.1693899641221,29.4247056813371],[-82.1694242294603,29.424726125565],[-82.169454438905,29.4247509928889],[-82.1694798576343,29.424779674572],[-82.169499864014,29.4248114711154],[-82.1695271898666,29.4248188932806],[-82.1695555254256,29.4248223578965],[-82.1695841277843,29.4248217742011],[-82.1696122486459,29.4248171578429],[-82.1696391504938,29.4248086293164],[-82.1696641263536,29.4247964116139],[-82.1697210085757,29.4247778342875],[-82.1697801904849,29.4247659749361],[-82.1698406390187,29.4247610393424],[-82.1699013049448,29.4247631151399],[-82.1699611300478,29.4247721655537],[-82.1700190740785,29.4247880325304],[-82.1700741264324,29.4248104398679],[-82.1701253295053,29.4248389986921],[-82.1702974736632,29.4249179242865],[-82.1704664189204,29.4250019833572],[-82.1706319631559,29.4250910757403],[-82.1707038777859,29.425115121422],[-82.1707732959978,29.4251442529002],[-82.170839748871,29.4251782729979],[-82.170902788146,29.4252169540228],[-82.1709606746846,29.4252425308909],[-82.1710214780529,29.4252622528277],[-82.1710844274965,29.425275869459],[-82.1711487253113,29.4252832078704],[-82.1712135585219,29.4252841765187],[-82.1712781042717,29.4252787613205],[-82.1713415477887,29.425267031911],[-82.171403083284,29.4252491369498],[-82.1714619337149,29.4252253025561],[-82.1715173516831,29.4251958315263],[-82.1715686374009,29.4251610955102],[-82.171617142833,29.4251049881537],[-82.1716712537525,29.4250529588007],[-82.1717305263915,29.4250054346655],[-82.171949744067,29.4248547123015],[-82.17210877372,29.4247508896076],[-82.1722714083123,29.4246514406187],[-82.1724533953108,29.4245691073106],[-82.1726383539362,29.4244920178228],[-82.1727895089575,29.4244403465117],[-82.1729425702038,29.4243931702743],[-82.1730480108586,29.4243869428591],[-82.1731530032541,29.4243763971739],[-82.1732302898095,29.4243515438421],[-82.1733044403463,29.4243202111402],[-82.173374746992,29.4242826987357],[-82.1734405422984,29.424239364196],[-82.1735011974447,29.4241906198586],[-82.1735561348142,29.4241369320495],[-82.1736048315875,29.4240788093461],[-82.1736108862325,29.4240103231947],[-82.1736123711476,29.4239336385869],[-82.1736066875068,29.4238610961637],[-82.173594732727,29.4237891405199],[-82.1735765759785,29.4237181863509],[-82.1735112307281,29.4236836446577],[-82.1734431725656,29.4236533844785],[-82.1733727653085,29.4236275693478],[-82.1733003880461,29.4236063369787],[-82.1732264297487,29.4235898016111],[-82.1731595582607,29.4235497006142],[-82.1730974038262,29.423504153011],[-82.173040541367,29.4234535836613],[-82.1729894981942,29.4233984604593],[-82.1729447477201,29.4233392943343],[-82.1729067067627,29.4232766345559],[-82.1728757265635,29.4232110609101],[-82.172852093685,29.4231431836994],[-82.1728360282145,29.4230736304419],[-82.1728276801705,29.4230030466534],[-82.1728271250117,29.4229320872407],[-82.1728343681278,29.4228614102424],[-82.1728493439419,29.4227916713516],[-82.1728719114185,29.4227235168735],[-82.1729018630467,29.4226575774665],[-82.1729389203488,29.4225944673584],[-82.1729827392701,29.4225347702632],[-82.1730329137719,29.4224790393802],[-82.1730889785271,29.4224277919168],[-82.1731504152077,29.4223815028282],[-82.1732166506886,29.4223406032526],[-82.1732870741153,29.422305470339],[-82.1733616019445,29.4222721620941],[-82.173438902873,29.4222441166201],[-82.1735184972004,29.4222215084086],[-82.1735998827686,29.4222044814345],[-82.1736825511309,29.4221931405496],[-82.1737659848579,29.4221875569591],[-82.1738496611299,29.4221877658743],[-82.1739330571277,29.4221937665127],[-82.1740156509298,29.422205520533],[-82.1740746792271,29.4222063264604],[-82.1741333401135,29.4222004963976],[-82.1741906598151,29.4221881265855],[-82.174245695101,29.4221694204596],[-82.1742975332828,29.4221446894332],[-82.1743453200627,29.4221143395958],[-82.1744128634906,29.4221127285222],[-82.174480265883,29.4221168958744],[-82.1745468804529,29.4221268040939],[-82.174612073888,29.4221423569373],[-82.1746752209609,29.4221634073005],[-82.1747605249803,29.4221433209208],[-82.1748473965598,29.4221292993407],[-82.1749352742525,29.4221214341098],[-82.1750235894247,29.4221197753065],[-82.1751117725446,29.422124334668],[-82.1751465732787,29.4221511712835],[-82.1751861198124,29.4221723781357],[-82.1752292398444,29.4221873237878],[-82.175274649682,29.4221955661564],[-82.1753210027506,29.4221968587701],[-82.1753669210347,29.4221911625064],[-82.1754110390949,29.4221786487216],[-82.1754520471877,29.4221596882964],[-82.1754887280957,29.4221348438118],[-82.1755478013087,29.4220851039648],[-82.1756017747859,29.4220311059731],[-82.175650251472,29.4219732480998],[-82.1756928720406,29.4219119591241],[-82.1757293220816,29.4218476912997],[-82.1757593294053,29.4217809195724],[-82.1757826766195,29.4217121376678],[-82.1757991876545,29.4216418541797],[-82.1758087412375,29.4215705894398],[-82.1758112681984,29.4214988692587],[-82.1758067496725,29.4214272241431],[-82.1757952162026,29.4213561838189],[-82.1757683161514,29.4213059302964],[-82.1757484229595,29.4212532362532],[-82.1757358160028,29.4211988465886],[-82.1757306749444,29.421143532025],[-82.1757330716496,29.4210880734582],[-82.1757429728806,29.421033257263],[-82.1757602393987,29.420979858079],[-82.1757846241671,29.4209286302034],[-82.175815785826,29.4208803005483],[-82.1758532806076,29.4208355514267],[-82.175896578506,29.4207950174222],[-82.1759450677684,29.4207592705217],[-82.1759980611836,29.4207288169851],[-82.1760548113534,29.4207040879554],[-82.1761059829852,29.4206807407537],[-82.1761600642603,29.4206631266723],[-82.1762162224403,29.4206515164471],[-82.1762735924476,29.4206460884825],[-82.1763312867467,29.4206469272857],[-82.1763884187005,29.4206540195548],[-82.1764441052649,29.4206672565256],[-82.1764974894473,29.4206864331897],[-82.1765477474925,29.4207112537721],[-82.1765941041544,29.4207413372081],[-82.1766358434758,29.4207762179265],[-82.1766723249578,29.4208153591519],[-82.1767029853568,29.4208581560344],[-82.1767273494639,29.4209039505175],[-82.1767855692775,29.4209316880709],[-82.1768404545447,29.4209642221166],[-82.1768914914293,29.4210012490545],[-82.1769382020274,29.4210424191189],[-82.1769801497579,29.4210873496805],[-82.177016942057,29.4211356182051],[-82.1770482339716,29.4211867747724],[-82.1771047433929,29.4211967722833],[-82.1771590851794,29.421213631197],[-82.1772101759628,29.4212370189642],[-82.177256997952,29.4212664668862],[-82.1772986231874,29.4213013904597],[-82.1773342198288,29.4213410948541],[-82.1773630809023,29.4213847889969],[-82.1773846314859,29.4214316043525],[-82.1773984430834,29.4214806090077],[-82.1774042408103,29.4215308280155],[-82.1774019087838,29.4215812598273],[-82.1773914937164,29.4216309036786],[-82.1773732040172,29.4216787705441],[-82.1773474017073,29.4217239081755],[-82.1773146015213,29.4217654175334],[-82.1772754556362,29.4218024731302],[-82.1772942564768,29.4218777164974],[-82.1773208663721,29.4219511319926],[-82.1773550607434,29.42202209835],[-82.1773965521297,29.4220900177798],[-82.1774449892899,29.4221543159666],[-82.1774999634903,29.4222144498945],[-82.1775610103021,29.4222699125411],[-82.1776276149905,29.4223202360075],[-82.1776992143119,29.4223649938645],[-82.1777752045984,29.4224038089776],[-82.1778549435546,29.4224363535062],[-82.1779377583424,29.4224623528158],[-82.178022949174,29.4224815870426],[-82.178109796499,29.4224938942229],[-82.1781975681905,29.4224991710756],[-82.17828552224,29.4224973714373],[-82.178372916639,29.4224885117389],[-82.1786736492399,29.4224077337577],[-82.1789757427885,29.4223309493511],[-82.1792000772678,29.4222215827416],[-82.1794213934077,29.4221075995333],[-82.1795028032303,29.4220966686438],[-82.1795849838075,29.4220918800217],[-82.1796673305729,29.4220932696611],[-82.1797492389606,29.4221008273896],[-82.1798301079974,29.4221144976516],[-82.1799093412021,29.422134181073],[-82.1799863600596,29.4221597313313],[-82.180060595038,29.4221909606333],[-82.1801315044533,29.4222276420621],[-82.1801966251249,29.4222578032944],[-82.1802648656454,29.4222821070738],[-82.1803355432954,29.4223003084968],[-82.1804079475072,29.4223122260375],[-82.1804813497474,29.422317738418],[-82.1805550142957,29.4223167916501],[-82.1806281991436,29.4223093951229],[-82.1807001721641,29.4222956216033],[-82.1807690549801,29.4222681152461],[-82.1808405258424,29.4222462472408],[-82.1809139828799,29.4222301999027],[-82.1809888107464,29.4222201093815],[-82.1810643779264,29.4222160609665],[-82.1811400529042,29.4222180875214],[-82.1812151978761,29.4222261726143],[-82.1813116643612,29.4220997718584],[-82.1814146732765,29.421977391984],[-82.1815240072297,29.4218592943461],[-82.1816394335572,29.4217457254335],[-82.1817607079172,29.4216369286061],[-82.1817980616633,29.4215925139276],[-82.1818416551074,29.4215526946099],[-82.1818907588175,29.4215181396611],[-82.1819445490384,29.4214894273237],[-82.1820021238616,29.4214670380328],[-82.1820625211914,29.4214513473731],[-82.1821247268299,29.4214426174719],[-82.1821877005279,29.4214409962155],[-82.1822503849685,29.4214465102082],[-82.182309653116,29.4214537354396],[-82.1823694746257,29.4214550124135],[-82.1824290742515,29.4214503246986],[-82.1824876794423,29.4214397341082],[-82.1825445275285,29.4214233767887],[-82.1825988827897,29.4214014655663],[-82.1826500382518,29.4213742852528],[-82.1826973309583,29.4213421871688],[-82.1827401473597,29.4213055891436],[-82.1827664715908,29.4212893523015],[-82.1827955249037,29.4212771959901],[-82.1828264898315,29.4212694637116],[-82.1828584986017,29.4212663706435],[-82.1828906448142,29.4212680067694],[-82.1829220265603,29.4212743227938],[-82.1829517616945,29.4212851442273],[-82.1829790111904,29.4213001635613],[-82.1830030096832,29.4213189606127],[-82.1830230816399,29.4213410040888],[-82.1830386629185,29.4213656758438],[-82.1831043396472,29.4213590038056],[-82.1831704457707,29.4213579592212],[-82.1832363560614,29.4213625530452],[-82.1833014416987,29.4213727422414],[-82.1833650846416,29.4213884290009],[-82.1834266821206,29.4214094646536],[-82.1834856484342,29.4214356488865],[-82.1835414230335,29.4214667344385],[-82.1836665044537,29.4214757483705],[-82.1837911708522,29.4214884163863],[-82.1839152856851,29.4215047220531],[-82.1839570420745,29.4215403552348],[-82.1840026423549,29.4215721707886],[-82.1840516373688,29.4215998518225],[-82.1841035375344,29.4216231244794],[-82.1841578263203,29.4216417548075],[-82.184213963839,29.4216555589316],[-82.1842595093222,29.4216925449297],[-82.1843097341297,29.4217245505731],[-82.1843639330841,29.4217511275183],[-82.1844213426173,29.4217719017552],[-82.1844811587371,29.4217865806485],[-82.1845425379255,29.4217949599796],[-82.1846046195965,29.421796920034],[-82.1846665278926,29.4217924326438],[-82.1847420142242,29.4217950460498],[-82.1848174116227,29.4217909342388],[-82.1848919412485,29.4217801378979],[-82.1849648350423,29.4217627712635],[-82.1850353357241,29.4217390127325],[-82.1851027156586,29.4217091079923],[-82.1851662786515,29.4216733653256],[-82.1852253653393,29.4216321571765],[-82.185307633053,29.421574261518],[-82.1853947103468,29.4215220378718],[-82.1854860905707,29.4214757898408],[-82.185581238329,29.4214357873819],[-82.1856795984627,29.4214022660227],[-82.1857805960501,29.42137541982],[-82.1858836417963,29.4213554076182],[-82.1859881320335,29.4213423444434],[-82.1861953194707,29.4213233024862],[-82.1864032031022,29.4213114239525],[-82.1866114604328,29.4213067260589],[-82.1868197671708,29.4213092150662],[-82.1870277999226,29.4213188878439],[-82.1870852750328,29.4213086469998],[-82.1871436987639,29.4213041220299],[-82.1872023353957,29.4213053700546],[-82.1872604411233,29.4213123754246],[-82.1873172793279,29.4213250497205],[-82.1873721322558,29.4213432317534],[-82.1874243064075,29.421366693042],[-82.1874731397247,29.4213951354654],[-82.187518015963,29.4214281998704],[-82.1876048875426,29.4214575514945],[-82.1876941306745,29.4214808140121],[-82.1877851928948,29.4214978434548],[-82.1878775064684,29.421508531064],[-82.18797049288,29.4215128118975],[-82.1880664994277,29.421538762931],[-82.1881644759808,29.4215582719757],[-82.1882638592956,29.4215712287085],[-82.1883640771454,29.4215775572335],[-82.1884645555065,29.4215772223412],[-82.1885647149658,29.421570226379],[-82.1886639823979,29.421556607686],[-82.1887617864745,29.4215364460704],[-82.1888688755378,29.4215222499181],[-82.1889746036535,29.4215016751572],[-82.1890784776464,29.4214748156789],[-82.1891800088331,29.421441800584],[-82.1894765166572,29.4214154997662],[-82.1897732733147,29.4213914532088],[-82.1901265690379,29.4213958608058],[-82.1904797372002,29.4214052980548],[-82.1906084379327,29.4214099497787],[-82.1907372482596,29.4214097267776],[-82.1908659265341,29.4214046267042],[-82.1909942320079,29.4213946612946],[-82.1912472263379,29.4213631203288],[-82.1914996232884,29.4213281044462],[-82.1917513608754,29.4212896230328],[-82.1919224153769,29.4212393272246],[-82.1920916076707,29.4211844148683],[-82.1922587751619,29.4211249375988],[-82.1924237570521,29.421060954093],[-82.1925946678231,29.4210050862529],[-82.1927675512945,29.4209540876518],[-82.1929422295998,29.4209080099393],[-82.1931185176861,29.4208669016352],[-82.1931823618516,29.4208617021616],[-82.1932464431724,29.4208636246758],[-82.1933097294842,29.4208726394437],[-82.1933712029957,29.4208886017077],[-82.1934298701703,29.4209112524689],[-82.1934847877769,29.4209402278774],[-82.1935350691783,29.4209750615798],[-82.1935799058907,29.4210151909791],[-82.1936185738722,29.4210599697551],[-82.1936504514883,29.421108677254],[-82.1937301230709,29.4211557259104],[-82.1938052707377,29.4212081727464],[-82.19387541389,29.4212656859902],[-82.1939401123534,29.4213278994416],[-82.1939989555977,29.421394420297],[-82.1940515681273,29.4214648283674],[-82.1940976202603,29.4215386760781],[-82.1941744666413,29.4216002766974],[-82.1942549637756,29.421658192685],[-82.1943388807962,29.4217122597311],[-82.1944259796495,29.421762322133],[-82.1945067525666,29.4218030153728],[-82.194590461178,29.4218388769272],[-82.1946767263948,29.421869743268],[-82.1947651619412,29.4218954774701],[-82.1948336827362,29.421897431263],[-82.1949017822212,29.4219043638237],[-82.1949689860859,29.4219162282038],[-82.1950348325963,29.4219329414614],[-82.1950988636114,29.4219543893555],[-82.1953705878152,29.4221272407034],[-82.1954293636859,29.422177282557],[-82.1954824415428,29.422231987809],[-82.1955293398888,29.422290861159],[-82.1955696347192,29.4223533705321],[-82.1956029631146,29.4224189494263],[-82.19564441767,29.4224588466495],[-82.1956912854733,29.4224938496232],[-82.1957428200245,29.4225234020294],[-82.1957981993651,29.4225470297075],[-82.1958565386546,29.4225643563029],[-82.1959169081367,29.4225751063959],[-82.1959783448173,29.4225791078496],[-82.1960398659395,29.4225762972861],[-82.1961004923397,29.4225667193047],[-82.1962516940734,29.422535415003],[-82.1964044211464,29.4225104211621],[-82.1965583286057,29.4224917941231],[-82.1966087582291,29.4224877668451],[-82.1966593441594,29.4224898215628],[-82.1967091323857,29.4224979207182],[-82.1967571841686,29.4225119109494],[-82.1968025958028,29.4225315285679],[-82.1968445120923,29.422556405036],[-82.1968821443162,29.4225860700969],[-82.1969147828054,29.4226199674241],[-82.1969850427387,29.4226516167604],[-82.1970527092358,29.4226873379567],[-82.1971174732762,29.4227269666943],[-82.1971790420092,29.4227703253527],[-82.1972371351603,29.4228172159674],[-82.1973186348144,29.4228586247252],[-82.197403799595,29.4228939327159],[-82.1974920330205,29.4229228903451],[-82.1975827215417,29.4229452973115],[-82.1976752300496,29.4229609955648],[-82.197768913554,29.4229698771305],[-82.1978129238164,29.4229839815341],[-82.1978589157623,29.4229918717366],[-82.1979057521246,29.4229933536924],[-82.1979522740765,29.4229883914093],[-82.1979973326728,29.4229771061657],[-82.1980398140026,29.4229597772934],[-82.1980786688336,29.4229368335709],[-82.1981129350701,29.4229088414869],[-82.1981417664992,29.4228764935042],[-82.1981644489601,29.4228405892814],[-82.1981522678048,29.4223904321741],[-82.1981432011087,29.4223300002359],[-82.1981420997741,29.4222690573197],[-82.1981489790726,29.4222084046574],[-82.1981637464775,29.422148841135],[-82.1981862088512,29.4220911507741],[-82.1982160706479,29.4220360909941],[-82.1982529384055,29.4219843887006],[-82.198358141905,29.4219550982603],[-82.1984651061025,29.4219311879779],[-82.1985734707736,29.4219127353204],[-82.1986828747954,29.4218998060172],[-82.1987929489604,29.421892439193],[-82.198903326756,29.4218906630176],[-82.1990136362796,29.4218944814034],[-82.1991235074254,29.4219038810483],[-82.1992187081843,29.4219021541678],[-82.1993138289931,29.4219059756831],[-82.1994084494403,29.421915327597],[-82.1995021491143,29.4219301700028],[-82.1995945129935,29.4219504371719],[-82.1996851332427,29.4219760367711],[-82.1997736074167,29.4220068584704],[-82.1998259450618,29.4220109115885],[-82.1998769280475,29.4220220357537],[-82.1999253158002,29.422039961799],[-82.1999699351204,29.4220642531113],[-82.2000096990464,29.4220943204976],[-82.2000436445844,29.4221294315755],[-82.2000709443859,29.4221687342474],[-82.2000909354942,29.4222112746976],[-82.2001031328192,29.4222560169535],[-82.2001072408149,29.4223018757501],[-82.200103157972,29.4223477376559],[-82.2000909840033,29.4223924845464],[-82.2001064125683,29.422484845171],[-82.2001159356086,29.4225778144584],[-82.2001195225815,29.4226711044652],[-82.2001171636056,29.422764423337],[-82.2001088631724,29.4228574831325],[-82.2001080654684,29.4229261312455],[-82.2001015320213,29.4229945445777],[-82.2000892960688,29.4230623561621],[-82.2000714249846,29.4231292021621],[-82.2000480130916,29.4231947234368],[-82.2000191861542,29.4232585686709],[-82.199982233955,29.4234783527088],[-82.1999521960885,29.4236989437515],[-82.1999442711511,29.4237479347939],[-82.199942612861,29.4237973944952],[-82.1999472436763,29.4238467086383],[-82.1999581043081,29.4238952661373],[-82.1999750609074,29.4239424668616],[-82.1999979041668,29.4239877263303],[-82.2000263493202,29.4240304827545],[-82.2001132837819,29.4241497084925],[-82.2002040037441,29.4242667534362],[-82.2002984391383,29.4243815244833],[-82.2003705352281,29.4244216979184],[-82.2004382241831,29.4244673718649],[-82.2005009625225,29.4245181777881],[-82.2005582409017,29.4245737049016],[-82.2006096002814,29.4246335056449],[-82.2006983807809,29.4246975322819],[-82.2007817040151,29.4247669529786],[-82.2008591423859,29.4248414124992],[-82.2009303006345,29.4249205297878],[-82.2009948140449,29.4250039003161],[-82.2013006490766,29.4252608358466],[-82.2013391068523,29.4253098026629],[-82.2013708802639,29.4253623169906],[-82.2013955471032,29.4254176816798],[-82.2014127794854,29.4254751604608],[-82.2014223474414,29.4255339935923],[-82.201424127004,29.4255933986443],[-82.2014923279987,29.425701187381],[-82.2015665890283,29.4258058635128],[-82.2016467232432,29.4259071641544],[-82.2017325312175,29.4260048389402],[-82.2018238000503,29.4260986437643],[-82.2019203015697,29.4261883439106],[-82.2020217959255,29.4262737163996],[-82.202128030691,29.4263545499884],[-82.2022387408632,29.4264306412582],[-82.2023439767021,29.4265205985278],[-82.2024547928756,29.4266052642124],[-82.2025708426339,29.4266843738678],[-82.202691761261,29.4267576818274],[-82.2028171741595,29.4268249557257],[-82.2029466860706,29.4268859866691],[-82.2030798927526,29.4269405845413],[-82.2032163782852,29.4269885772213],[-82.2033557150707,29.4270298160591],[-82.2036241029315,29.427058550303],[-82.2038917083597,29.4270924344016],[-82.2041583984046,29.427131450354],[-82.2044240464038,29.4271755809413],[-82.2045612505887,29.4271796784508],[-82.2046979364457,29.4271908669904],[-82.204833628766,29.4272091090019],[-82.2049678505442,29.4272343418881],[-82.2051001355546,29.4272664741014],[-82.2052300193682,29.4273053960972],[-82.2053570474376,29.4273509709453],[-82.205413634114,29.4273873516288],[-82.2054746773325,29.4274177092798],[-82.2055393479481,29.4274416315718],[-82.2056067611203,29.4274587938079],[-82.2056760005675,29.4274689604852],[-82.2057461212619,29.4274719931186],[-82.2058161682945,29.4274678510233],[-82.2058851858578,29.4274565905322],[-82.205952234314,29.4274383642135],[-82.2060164000764,29.4274134208709],[-82.2060768063894,29.4273821008497],[-82.2061326312944,29.4273448321243],[-82.2061831148167,29.427302120128],[-82.206211251848,29.4272860978434],[-82.2062418197205,29.4272739563332],[-82.2062741231381,29.4272659725736],[-82.2063074299739,29.4272623280857],[-82.2063947498128,29.4272523585563],[-82.2064814785602,29.4272390160351],[-82.2065674482312,29.4272223247757],[-82.2066319068444,29.4272210916895],[-82.2066960321827,29.4272152290531],[-82.2067593894614,29.4272047759865],[-82.206821552879,29.4271898029056],[-82.2068821020241,29.4271704115224],[-82.2069792072114,29.427138415419],[-82.2070786974257,29.4271126418595],[-82.2071800543392,29.427093223077],[-82.2072141373194,29.4270868057002],[-82.2072488500186,29.4270839890021],[-82.2072836992618,29.4270848121039],[-82.207313616754,29.427091558878],[-82.2073422568419,29.4271016982075],[-82.2073691209605,29.4271150532653],[-82.2073937392908,29.4271313908904],[-82.2074130198318,29.4271553727135],[-82.2074221170706,29.427183596787],[-82.2074347671465,29.4272547550929],[-82.2074548606628,29.4273245895039],[-82.2074822269396,29.4273925030411],[-82.2075170195888,29.4274291426886],[-82.2075571185865,29.4274613601233],[-82.2076017945005,29.4274885716695],[-82.2077080553172,29.4275476931274],[-82.2078125051302,29.4276092376813],[-82.2080438392821,29.4277075750975],[-82.2082778099895,29.4278010113986],[-82.2084623446101,29.4278741135608],[-82.2086487764726,29.4279434303733],[-82.2087504882206,29.4279786771336],[-82.2088531018772,29.4280118598867],[-82.2089317978894,29.4280365276744],[-82.2090084134033,29.4280657866297],[-82.2090825989744,29.4280995021744],[-82.2091392108036,29.4281324110453],[-82.2093423522287,29.428195629597],[-82.2095478301719,29.428252774283],[-82.2096661912954,29.4282645002181],[-82.2097834906102,29.4282826481478],[-82.2099091945629,29.4283072000736],[-82.2100072034553,29.4283465676422],[-82.2101026719122,29.4283904590677],[-82.2101953268455,29.4284387515063],[-82.2103219919955,29.4285270287386],[-82.2104470006521,29.4286170983824],[-82.2105100426221,29.4286679562158],[-82.2105759996252,29.4287158972233],[-82.210621617872,29.4287471393753],[-82.2106646867,29.4287810409058],[-82.2107050048866,29.4288174429843],[-82.2109033798508,29.4290453785671],[-82.2109569086619,29.4291057939918],[-82.2109757310621,29.4291381712868],[-82.2109915998016,29.429171738602],[-82.2110329384743,29.4292245928416],[-82.2110803928775,29.4292733535408],[-82.2111169049022,29.4293021450475],[-82.2111502584504,29.4293337367515],[-82.2111943396797,29.4293831640018],[-82.2112226923067,29.4294216220068],[-82.2112532916202,29.4294579495279],[-82.2112869344259,29.4294921528266],[-82.2113234284843,29.4295240378704],[-82.2113747654062,29.4295670924046],[-82.211424133221,29.429611877582],[-82.2114464527625,29.4296425584802],[-82.2114651017878,29.4296750623522],[-82.211500261848,29.4297350877693],[-82.2115295684859,29.4297974752022],[-82.2115528195804,29.4298617872877],[-82.2116023365155,29.4299248764504],[-82.2116561123633,29.4299852334547],[-82.2117575456336,29.4300851278798],[-82.2118544415134,29.4301884177889],[-82.2119178428095,29.4302508393685],[-82.2119777101333,29.4303158780084],[-82.2120339060426,29.43038338192],[-82.2120534524848,29.4304133114902],[-82.2120685369951,29.4304451586901],[-82.2120789206215,29.4304784149645],[-82.2120844371756,29.4305125514164],[-82.2121017144735,29.4305535627127],[-82.2121249637713,29.4305922471674],[-82.2121537871155,29.4306279405349],[-82.2122601952559,29.430737636085],[-82.2122776674882,29.4307584421267],[-82.2122910712505,29.4307814466735],[-82.2123162492313,29.4308213875555],[-82.2123352225484,29.4308638727443],[-82.2123593162626,29.4308967611597],[-82.2123864615539,29.430927774184],[-82.212416467081,29.4309566966627],[-82.2124882065396,29.4310137834633],[-82.2125146502466,29.431053131988],[-82.2125337421414,29.4310956155152],[-82.2125450124049,29.431140189557],[-82.2125450986432,29.4311814423567],[-82.2125546845656,29.4312156575931],[-82.2125706063057,29.4312480130911],[-82.212592423689,29.4312776169349],[-82.2127215250701,29.4314231605654],[-82.2127574064775,29.4314670858684],[-82.2127900081357,29.4315129295532],[-82.2128191952977,29.4315605030631],[-82.2128533627195,29.4316343496934],[-82.2128854747959,29.4317088972828],[-82.2129075652671,29.4317467159849],[-82.2129264774988,29.4317858318587],[-82.2129990595771,29.4319452150408],[-82.2130615490832,29.4320200331049],[-82.2131277135971,29.4320923889717],[-82.2131974246598,29.4321621449482],[-82.2132557926954,29.4322387873544],[-82.2133083899536,29.4323185662473],[-82.2133549972455,29.432401150675],[-82.2133532392425,29.4324492816021],[-82.2133456951907,29.4324969829828],[-82.2133324495319,29.4325437220209],[-82.2133136522845,29.4325889784394],[-82.2132895100613,29.432632249174],[-82.2132884311846,29.4326385026844],[-82.2132884428627,29.4326448273904],[-82.2132895432989,29.4326510769881],[-82.2132917073405,29.4326571114327],[-82.2132948873765,29.4326627898973],[-82.2132990088471,29.4326679840726],[-82.2133462674175,29.4327366584148],[-82.2133580263646,29.4327967594771],[-82.2133622340734,29.4328576240986],[-82.2133465521835,29.4329304331439],[-82.2133351759187,29.4330038516036],[-82.2133281349235,29.4330776870134],[-82.2133528152376,29.4331809770083],[-82.2133844808514,29.4332827968279],[-82.2134230203737,29.4333827842405],[-82.2134736736777,29.4334399948561],[-82.2135269249094,29.43349536766],[-82.2135420228944,29.4335110861891],[-82.2135564157019,29.4335320160588],[-82.2135642930286,29.4335471305954],[-82.2135710546477,29.4335667969364],[-82.2135666205635,29.4336058964619],[-82.2135583021639,29.4336445085585],[-82.2135461650261,29.4336823367104],[-82.2134946403564,29.4338258693479],[-82.2134399518202,29.4339685036297],[-82.2134282746198,29.4340350240306],[-82.2134210773178,29.4341020294523],[-82.2134183850669,29.4341692898797],[-82.2134248484454,29.4344210245682],[-82.2134290193232,29.4346727961859],[-82.2134285989116,29.4346970610062],[-82.213432249665,29.434721116149],[-82.2134398916331,29.4347444429116],[-82.2134513604243,29.434766535892],[-82.2135099799882,29.4348646653123],[-82.2135711471742,29.4349615945046],[-82.2135840038626,29.4350177652632],[-82.2135904268168,29.4350747762396],[-82.213590353155,29.435132063355],[-82.2135377505069,29.4352445454762],[-82.2134871475086,29.4353577284605],[-82.2134447003148,29.435501446494],[-82.2134092186577,29.4356466046308],[-82.2134098052576,29.435727742917],[-82.2134126996294,29.4358088443679],[-82.2134076906234,29.4359011513281],[-82.2133973770656,29.4359931210125],[-82.2133981145825,29.4360693020719],[-82.213404244686,29.436145297658],[-82.2134157440199,29.4362208159563],[-82.2134325676686,29.4362955635884],[-82.2134772238197,29.4364863015088],[-82.2135181887933,29.4366776719858],[-82.2134991948149,29.4367672227493],[-82.2134731562481,29.4368554074666],[-82.2134402015519,29.436941799766],[-82.2133790334675,29.4370576322062],[-82.213324777021,29.4371760736129],[-82.2132775777393,29.4372968094772],[-82.2132458348705,29.4374161909733],[-82.2132094162705,29.4375345459048],[-82.213168365957,29.4376517326725],[-82.2131217290207,29.4377678475077],[-82.213080888913,29.4378856223205],[-82.2130579252793,29.4379511293816],[-82.2130308033443,29.4380154065747],[-82.2129996084477,29.4380782520606],[-82.2129651248189,29.4381767303291],[-82.2129380666642,29.4382769718737],[-82.2129185525613,29.4383785456258],[-82.2129236882298,29.4384570617105],[-82.2129251641618,29.4385356950838],[-82.2129166948453,29.4385993045815],[-82.2129010641594,29.4386618688505],[-82.2128784284108,29.4387227667257],[-82.212861997326,29.4387702766186],[-82.2128515849535,29.4388190718505],[-82.2128473170576,29.4388685688047],[-82.2128310189234,29.4389653165869],[-82.2128070931941,29.4390608415047],[-82.2127756548541,29.4391546835556],[-82.2126914530676,29.4393629330677],[-82.212613160399,29.4395729408078],[-82.2125852569297,29.4397517351733],[-82.2125536694693,29.4397947000983],[-82.2125160579067,29.4398337721913],[-82.2124730420793,29.4398683083917],[-82.2124253298596,29.4398977399594],[-82.2123550995707,29.4399287525815],[-82.2122880044021,29.4399646890969],[-82.2122244917149,29.4400053101113],[-82.2121999183003,29.4400469880188],[-82.2121823697113,29.4400913023138],[-82.2121722043755,29.4401373509832],[-82.2121696289056,29.4401841975931],[-82.2121746927089,29.4402308885008],[-82.2121894331643,29.4402800960926],[-82.2122092940169,29.4403279041007],[-82.2122341054851,29.4403739057239],[-82.2122636564647,29.4404177090256],[-82.2122976945291,29.4404589416276],[-82.2124499275287,29.4405345975335],[-82.2126058840452,29.4406041998533],[-82.2127460302127,29.4406681288026],[-82.2128830619211,29.4407370394679],[-82.2130167447101,29.4408108160572],[-82.2131468548992,29.4408893341723],[-82.2131982322453,29.4409286413192],[-82.2132451063368,29.4409720461862],[-82.2132870549656,29.4410191552667],[-82.2133236945511,29.4410695421975],[-82.2133546963099,29.4411227501059],[-82.2133386523989,29.441157319507],[-82.2133166113351,29.4411892572141],[-82.2132891183958,29.4412177715347],[-82.2132568554024,29.4412421583954],[-82.2132206209571,29.4412618115113],[-82.2131813124769,29.4412762458549],[-82.2131399037355,29.4412851039143],[-82.2130974197108,29.4412881650804],[-82.2129770858869,29.4412394844699],[-82.2128587840522,29.4411871285555],[-82.2127426561405,29.4411311653924],[-82.2126288494755,29.4410716614709],[-82.212540744509,29.441040560797],[-82.2124546167345,29.4410054695561],[-82.2123707033072,29.4409664839681],[-82.2122892359924,29.4409237096402],[-82.2122587552565,29.4409058323018],[-82.2122253478094,29.4408925549416],[-82.2121899092714,29.4408842350771],[-82.2121533945518,29.4408810972324],[-82.2121167846107,29.4408832251151],[-82.2120810649,29.4408905623987],[-82.2120471948206,29.4409029103752],[-82.212016085264,29.4409199389083],[-82.2119885743584,29.4409411879977],[-82.211965400519,29.4409660873373],[-82.2119471880749,29.4409939664858],[-82.2119344248114,29.4410240767711],[-82.2119274565797,29.441055608502],[-82.2119264693312,29.4410877120904],[-82.2119314900153,29.4411195254324],[-82.211965201093,29.4412172966743],[-82.2120041771965,29.4413135556235],[-82.2120483293928,29.441408086368],[-82.2120831193471,29.4414718951183],[-82.2121121969145,29.4415378575137],[-82.2121353905168,29.44160558318],[-82.2121525609152,29.4416746700095],[-82.2121696316005,29.4417292356793],[-82.212193515109,29.4417818072296],[-82.2122239167931,29.441831733788],[-82.2122604611572,29.441878398122],[-82.2123026954503,29.4419212244618],[-82.2123500995478,29.4419596839765],[-82.2124020877483,29.4419932994674],[-82.2124580159596,29.442021657102],[-82.2125171960722,29.4420444079784],[-82.2125120729801,29.4421511231486],[-82.2125045199452,29.4422393994122],[-82.212490375971,29.4423270528892],[-82.2124697021431,29.4424137057314],[-82.2124425882929,29.4424989894792],[-82.2124091494047,29.4425825341099],[-82.2123845409558,29.4426466245309],[-82.2123666887362,29.4427124077995],[-82.2123557436628,29.4427793394348],[-82.2123517937705,29.4428468640053],[-82.2123589775978,29.4429432254544],[-82.2123724262759,29.443039072063],[-82.2123920930924,29.443134091698],[-82.2124179178602,29.4432279761387],[-82.2124331999998,29.4432982243488],[-82.2124414743819,29.4433693682331],[-82.2124426772261,29.443440871921],[-82.2124367995492,29.4435121987611],[-82.2124238853687,29.4435828105389],[-82.2124040326009,29.4436521784289],[-82.2123773894679,29.4437197806476],[-82.2123441580906,29.4437851087117],[-82.2123045855057,29.4438476721315],[-82.2122589708522,29.4439069999759],[-82.2122076572865,29.4439626463473],[-82.212199752112,29.4439743900253],[-82.2121940756577,29.4439870826148],[-82.2121907707558,29.4440004041605],[-82.2121822637101,29.4440209986143],[-82.2121705335091,29.4440403437539],[-82.2121558119182,29.444058052349],[-82.2121512008658,29.4440646110291],[-82.2121478699128,29.4440717384302],[-82.2121459070939,29.4440792460215],[-82.2121453654098,29.4440869311909],[-82.2121462574368,29.4440945921088],[-82.2121475698755,29.4441014449258],[-82.2121475267563,29.4441083931811],[-82.2121461289777,29.4441152326983],[-82.2121434178622,29.4441217632125],[-82.2121394742581,29.444127793064],[-82.2121344122515,29.444133143892],[-82.2121273991041,29.444138918718],[-82.2121214836979,29.4441455673557],[-82.2121168034753,29.4441529317834],[-82.2121134707256,29.4441608375515],[-82.2121115636022,29.4441690984761],[-82.2121108647129,29.4441773210681],[-82.2121087105529,29.444185347306],[-82.2121051541227,29.4441929816189],[-82.2121002816606,29.4442000378231],[-82.2120942117442,29.4442063445986],[-82.2120870943922,29.4442117454886],[-82.2120791029795,29.4442161090696],[-82.2120684067394,29.4442243160121],[-82.2120593571112,29.4442339208955],[-82.2120521885552,29.4442446733885],[-82.2120470897177,29.4442562965622],[-82.2120412848043,29.4442662980603],[-82.2120336275648,29.444275294323],[-82.2120243371882,29.4442830225032],[-82.2120136849655,29.4442892612148],[-82.2119992912597,29.4442993166873],[-82.211986650167,29.4443110392047],[-82.2119760123175,29.444324197993],[-82.2119675897134,29.4443385333335],[-82.2119615458481,29.4443537596923],[-82.2119602289179,29.4443612422296],[-82.2119575115142,29.4443684282811],[-82.2119534699937,29.4443751214939],[-82.2119482157476,29.4443811349024],[-82.211941894303,29.4443863018806],[-82.2119308692795,29.4443953912242],[-82.2119121403041,29.44441083192],[-82.2119033035767,29.4444182362249],[-82.2118959337981,29.4444267810971],[-82.2118902187162,29.4444362474973],[-82.2118863056549,29.4444463921354],[-82.2118768841242,29.4444656933862],[-82.2118637974671,29.4444832830001],[-82.2118474391458,29.4444986321555],[-82.2118424472077,29.4445023777215],[-82.2118381308028,29.4445067186038],[-82.2118345806608,29.4445115624932],[-82.2118318722402,29.4445168069106],[-82.2118300639316,29.4445223399897],[-82.2118267159105,29.4445277158299],[-82.2118062981024,29.4445605059457],[-82.2117806754556,29.4445878380746],[-82.2117691949862,29.4446022891554],[-82.2117557427148,29.4446153720246],[-82.2117507929976,29.4446193538351],[-82.2117467020698,29.4446240240527],[-82.2117435938989,29.4446292418668],[-82.2117415601131,29.444634850821],[-82.2117406644928,29.4446406819427],[-82.2117370909946,29.4446533822717],[-82.2117315609657,29.444665533438],[-82.2117241768141,29.4446769038869],[-82.2117150795752,29.444687280056],[-82.2116848854019,29.4447202375282],[-82.2116281612832,29.4447859506122],[-82.2116192679619,29.4448006308728],[-82.2116128378211,29.4448162655122],[-82.2116089984216,29.4448325384893],[-82.2116003440522,29.4448641261435],[-82.2115859090238,29.4448940506629],[-82.2115660805106,29.4449215086489],[-82.2115571809011,29.444932165631],[-82.211550448028,29.4449439764728],[-82.2115460696393,29.4449566087056],[-82.2115441714991,29.4449697032633],[-82.2115415367404,29.444986544932],[-82.21153649809,29.4450029633854],[-82.2115291381928,29.4450186942139],[-82.2115072022319,29.4450532466427],[-82.2114974061037,29.4450720557255],[-82.2114914448835,29.4450920562132],[-82.2114894964377,29.4451126567037],[-82.21149161736,29.4451332438913],[-82.2114937634353,29.4451421086546],[-82.2114942979329,29.445151159599],[-82.2114932100731,29.4451601714288],[-82.211490525907,29.4451689235419],[-82.2114884148661,29.4451736672682],[-82.2114871329701,29.4451786323787],[-82.2114867089653,29.4451837101367],[-82.2114871536314,29.4451887855476],[-82.2114884561886,29.4451937467459],[-82.2114905869924,29.4451984834307],[-82.2115033888835,29.4452248031222],[-82.211511661469,29.4452524769268],[-82.2115143591098,29.4452603145512],[-82.2115182281537,29.4452677680775],[-82.2115232021254,29.4452747013896],[-82.2115291893968,29.4452809908883],[-82.2115414738583,29.4452949490367],[-82.2115512825629,29.4453103356186],[-82.2115583999149,29.4453268173839],[-82.2115603142248,29.4453342482193],[-82.2115635966688,29.4453413043443],[-82.2115681592121,29.4453477925367],[-82.2115738760906,29.4453535375672],[-82.2115805936923,29.4453583821984],[-82.2115930910546,29.4453694302722],[-82.2116036264962,29.4453819482399],[-82.2116119790317,29.4453956709096],[-82.2116179698963,29.4454103080569],[-82.2116224929138,29.4454245219913],[-82.2116291503284,29.4454380764662],[-82.2116378244608,29.4454507281944],[-82.2116483554108,29.4454622479697],[-82.2116576826184,29.4454697531113],[-82.2116654108248,29.4454785404],[-82.2116713136545,29.4454883524674],[-82.2116752186311,29.4454989014361],[-82.2116802779428,29.4455114850989],[-82.2116826027827,29.4455172684515],[-82.2116932073946,29.4455343846074],[-82.2117067683622,29.4455498196541],[-82.2117185740216,29.4455618072178],[-82.2117282839116,29.4455751559364],[-82.2117356968093,29.4455895912312],[-82.2117406573063,29.4456048095796],[-82.2117438714783,29.4456207804727],[-82.2117494958303,29.4456362327162],[-82.2117574279543,29.4456508870387],[-82.2117675286114,29.4456644829439],[-82.211782759547,29.445688013712],[-82.211793575263,29.4457133460486],[-82.2117997089598,29.4457398525697],[-82.211801008822,29.4457668730366],[-82.2117974407137,29.4457937362598],[-82.2117890953647,29.4458197749613],[-82.2117761775909,29.4458443437679],[-82.2117512735963,29.445884611972],[-82.2117335929549,29.4459277080695],[-82.2117119031324,29.4459709965873],[-82.2116882549825,29.4460134918646],[-82.2116815086347,29.4460349988191],[-82.2116718508471,29.4460556382317],[-82.2116594199602,29.4460751065822],[-82.2116385413164,29.4461046177063],[-82.2116230858019,29.4461365851476],[-82.2116134190311,29.4461702493203],[-82.2116097691761,29.4462048130911],[-82.2116122242718,29.4462394574238],[-82.2116207250293,29.446273362501],[-82.2116350711244,29.4463057225877],[-82.2116604539211,29.446341319688],[-82.2116808555595,29.4463792901754],[-82.211695992172,29.4464191044522],[-82.2117033853068,29.4464390757307],[-82.2117135937617,29.4464580730829],[-82.2117264540433,29.4464757937725],[-82.2117366867527,29.4464994909753],[-82.2117429623833,29.4465242207642],[-82.2117451506793,29.4465494817058],[-82.2117432112166,29.4465747582865],[-82.211716118926,29.4466420112328],[-82.2116965994332,29.4467112456114],[-82.2116951585355,29.4467295607779],[-82.211690968793,29.4467475497368],[-82.2116841011726,29.4467648980178],[-82.2116746787436,29.446781299756],[-82.2116684606052,29.4467916053062],[-82.2116638576377,29.4468025413603],[-82.2116609533844,29.446813915481],[-82.2116349390721,29.4469069109959],[-82.2116256549836,29.4469361574731],[-82.2116198904944,29.4469660907688],[-82.2116216763452,29.4469768249803],[-82.2116214436816,29.4469876702719],[-82.21161919969,29.4469983379888],[-82.211615002761,29.4470085433872],[-82.2116089633873,29.447018016587],[-82.2115984333355,29.4470379275134],[-82.2115911911177,29.4470589320386],[-82.2115873786677,29.447080616345],[-82.2115870696472,29.4471025556642],[-82.2115882203891,29.4471210272124],[-82.2115858084126,29.4471394048859],[-82.2115799019895,29.447157166134],[-82.2115706700034,29.4471738063985],[-82.2115604840064,29.4471877032702],[-82.2115530782952,29.447202888524],[-82.2115486594823,29.4472189397385],[-82.2115473497386,29.4472354102423],[-82.2115482363758,29.4472422917909],[-82.2115479075924,29.4472492108875],[-82.2115463714732,29.4472560048219],[-82.2115436630527,29.4472625116662],[-82.211539848806,29.4472685788796],[-82.2115350158697,29.447274061744],[-82.211527221188,29.4472846300837],[-82.211521297697,29.4472960909814],[-82.2115173738559,29.447308192549],[-82.2115155376994,29.4473206680355],[-82.2115158278553,29.447333244432],[-82.2115160991465,29.4473494090535],[-82.2115138767145,29.4473654571158],[-82.2115092045767,29.447381096836],[-82.2115021653781,29.4473960434717],[-82.2114968006393,29.4474042540684],[-82.2114930600544,29.4474131288027],[-82.2114910460315,29.4474224212628],[-82.2114908133679,29.4474318787787],[-82.2114923683516,29.4474412392936],[-82.2114956705586,29.4474502462265],[-82.2115006274623,29.4474586516013],[-82.2115071016206,29.4474662246518],[-82.2115149178619,29.4474727580794],[-82.2115238596922,29.4474780704004],[-82.2115336809732,29.4474820168969],[-82.2115441122103,29.4474844896175],[-82.2115548668409,29.4474854189411],[-82.2115656502176,29.4474847806178],[-82.2115727010942,29.4474844786658],[-82.2115797160383,29.4474851787876],[-82.2115865099968,29.4474868622088],[-82.2115929024083,29.447489485123],[-82.2115987261863,29.4474929786911],[-82.2116038286171,29.4474972490423],[-82.2116080740552,29.44750218666],[-82.2116113511093,29.4475076601247],[-82.2116135744397,29.4475135247185],[-82.211614686554,29.4475196279008],[-82.211614655113,29.4475258069618],[-82.2116204088223,29.4475350861132],[-82.2116277606346,29.4475434562793],[-82.2116365272935,29.4475507078152],[-82.2116464887117,29.447556661584],[-82.2116573969542,29.4475611673922],[-82.2116689798314,29.4475641133771],[-82.2116809489843,29.4475654267888],[-82.2116930043754,29.4475650724258],[-82.211739280189,29.4475590513833],[-82.2117848229772,29.4475496846212],[-82.2118293183299,29.4475370362837],[-82.2118569936272,29.4475320931919],[-82.2118852151001,29.4475310551348],[-82.2119132658932,29.4475339494915],[-82.2119404372356,29.4475407019472],[-82.2119599531351,29.4475486966288],[-82.2119777298963,29.4475593525528],[-82.2119932985985,29.4475723888876],[-82.212006246915,29.4475874630032],[-82.2120162343843,29.4476041736004],[-82.2120295653831,29.4476365137063],[-82.2120388162339,29.4476699278414],[-82.2120438746473,29.4477040233116],[-82.212045680261,29.4477337084053],[-82.2120528470203,29.4477627653382],[-82.212065191669,29.4477904595718],[-82.2120824024915,29.4478160862942],[-82.2121040411101,29.4478389985811],[-82.2121421278815,29.4478802946603],[-82.2121969331986,29.4479469193726],[-82.212246521999,29.4480166050044],[-82.2122634130212,29.4480465896102],[-82.212275686703,29.4480782490138],[-82.212296987555,29.4481355976296],[-82.2123250599076,29.4481906682908],[-82.2123595938421,29.4482428492793],[-82.2123766339847,29.4482637987972],[-82.2123955767591,29.4482834544649],[-82.212443377912,29.4483329624491],[-82.2124864961473,29.448385660433],[-82.2125246538857,29.4484412128255],[-82.2125576076835,29.4484992590041],[-82.2125851455386,29.4485594297424],[-82.2126070904826,29.4486213370404],[-82.2126351879881,29.4487051472899],[-82.2126588828503,29.4487613933624],[-82.2126860865321,29.4488164097089],[-82.212743959596,29.448925109362],[-82.2127903980046,29.4490123346519],[-82.2128030579619,29.4490372453097],[-82.2128996430246,29.4492366023194],[-82.212913175246,29.4492709467994],[-82.2129211810318,29.4493065944878],[-82.2129235094651,29.4493428663949],[-82.2129201156299,29.4493790749273],[-82.2129145676347,29.4494110163053],[-82.2129076083862,29.4494635299021],[-82.2129048757111,29.449527715323],[-82.2129084438194,29.4495918701958],[-82.2129182830667,29.4496555196996],[-82.2129399486348,29.4497612686217],[-82.2129453699675,29.4497921812323],[-82.2129507320114,29.449850414376],[-82.2129569357768,29.4500121362548],[-82.212961121926,29.4500817891789],[-82.2129671639946,29.4501211303133],[-82.2130006981042,29.4502952697782],[-82.2130133948924,29.4503443410751],[-82.2130322469369,29.4503918729067],[-82.2131976375605,29.4507441650324],[-82.2132169189998,29.450789583082],[-82.2132326152627,29.4508360461747],[-82.2132425039174,29.4508736598466],[-82.213250041681,29.4509116873056],[-82.2132589862062,29.4509489638074],[-82.2132731625197,29.4509849762087],[-82.2132923487376,29.4510191644329],[-82.2133162484157,29.4510509965646],[-82.213344487855,29.4510799782356],[-82.2133721101516,29.4511126144816],[-82.2133956765548,29.451147603667],[-82.213414926553,29.4511845601499],[-82.2134296472456,29.4512230771685],[-82.2134665365627,29.4512833886575],[-82.2135102458895,29.4513401018563],[-82.2135603215767,29.4513926277526],[-82.2136046830804,29.4514239255049],[-82.2136446886532,29.4514594363293],[-82.2136798190691,29.4514986994891],[-82.2137096215769,29.4515412041851],[-82.2137337054097,29.4515863997254],[-82.2137517597503,29.4516337002183],[-82.2137524209103,29.4516481307402],[-82.2137558641528,29.4516622546271],[-82.2137619915614,29.4516756643392],[-82.2137706243713,29.4516879734568],[-82.2137815137491,29.4516988237205],[-82.213794346183,29.4517079030225],[-82.2138138656758,29.4517153185284],[-82.2138316639965,29.4517255265815],[-82.2138472219189,29.4517382322817],[-82.2138600884887,29.4517530664173],[-82.2138698900068,29.451769597981],[-82.2138763399105,29.4517873459031],[-82.2139011657517,29.4518207524137],[-82.2139317030815,29.4518503119294],[-82.2139671883318,29.4518752829042],[-82.2140067330689,29.451895037997],[-82.2140493428578,29.4519090844093],[-82.2141842689152,29.451955880217],[-82.2143207849906,29.4519989979853],[-82.2144587608283,29.4520383986077],[-82.2144916751003,29.4520509532995],[-82.2145217578826,29.4520681059002],[-82.2145481791317,29.4520893815979],[-82.2145702112124,29.4521141937225],[-82.2145872423719,29.4521418562619],[-82.2145988045879,29.4521716065464],[-82.2146045780602,29.4522026208939],[-82.2146066172359,29.4522425642994],[-82.2146145260037,29.4522819421427],[-82.2146281741078,29.452320099705],[-82.2146473315795,29.4523563963483],[-82.2146588928972,29.4524061463984],[-82.2146648666939,29.4524566450093],[-82.2146651963756,29.4525074126789],[-82.2146598783491,29.452557966777],[-82.2146583494165,29.4526003591719],[-82.2146619768136,29.4526426522073],[-82.2146707201163,29.4526843679475],[-82.2146844769165,29.45272503628],[-82.2147059035327,29.4527810032192],[-82.2147202244749,29.4528386816198],[-82.2147272717583,29.4528973823455],[-82.2147277307975,29.4529331101105],[-82.2147351832211,29.4529682402494],[-82.2147494080436,29.4530017316328],[-82.2147699839552,29.45303259163],[-82.214789551957,29.4530564922423],[-82.2148053748824,29.453082429739],[-82.2148171787452,29.4531099582555],[-82.2148247596279,29.4531386029859],[-82.2148453139799,29.4531797224744],[-82.2148711477309,29.4532184937376],[-82.2149019177243,29.4532544005166],[-82.2149372107352,29.4532869617528],[-82.2150109166059,29.4533480511],[-82.2150900042835,29.4534037478319],[-82.215173958135,29.4534536913574],[-82.2152133672266,29.4534749558136],[-82.2152491650906,29.4535006491529],[-82.2152807076352,29.4535303098668],[-82.2153074253284,29.4535634005721],[-82.2153288357749,29.4535993275666],[-82.2153512649109,29.4536352404686],[-82.2153788063592,29.4536683162776],[-82.2154109965891,29.4536980035377],[-82.2154472975097,29.4537238032012],[-82.215484460813,29.4537634127862],[-82.2155171765573,29.4538059196624],[-82.2155295247992,29.4538226871191],[-82.2155444808504,29.4538377415333],[-82.215561737487,29.4538507731504],[-82.2155809407728,29.4538615175846],[-82.2156263137795,29.4539043920581],[-82.215666985004,29.453950739522],[-82.2157026085949,29.4540001665205],[-82.21573288182,29.4540522537853],[-82.2157587488086,29.4541052476024],[-82.2157913100427,29.4541553339265],[-82.2158301442124,29.4542018705699],[-82.2158747536511,29.4542442560203],[-82.2159245616404,29.4542819450851],[-82.2159789285797,29.454314454366],[-82.216086747075,29.4543835403664],[-82.2161900551293,29.4544577184757],[-82.2162885392306,29.4545367626256],[-82.2163423725706,29.4545836792453],[-82.2163914358565,29.4546344427217],[-82.216435372457,29.4546886854136],[-82.2164738607754,29.4547460107383],[-82.2164967498488,29.4547872789761],[-82.2165250252207,29.454825906482],[-82.2165582916323,29.4548613566684],[-82.2165960891462,29.4548931375337],[-82.2166378931463,29.4549208110484],[-82.2166838518545,29.4549611483955],[-82.2167243164665,29.4550057659303],[-82.2167587722475,29.4550540942052],[-82.2167867781248,29.4551055160589],[-82.2169680563525,29.4553295105694],[-82.2171438683317,29.4555568171887],[-82.217586479052,29.4560890412084],[-82.2176506798487,29.4561416686779],[-82.2177094503295,29.4561989493789],[-82.2177623539132,29.4562604546629],[-82.2178089935445,29.4563257277226],[-82.2178490206769,29.4563942796819],[-82.2178821379682,29.4564655989822],[-82.2179080983816,29.4565391560754],[-82.2179267069827,29.4566143971673],[-82.217937825431,29.4566907637719],[-82.2179413719797,29.456767685672],[-82.2179373178828,29.4568445895235],[-82.217925693683,29.4569208980731],[-82.2179065883136,29.4569960450195],[-82.2178801419116,29.4570694679745],[-82.2178465539031,29.4571406194126],[-82.2178060722232,29.4572089674535],[-82.2177590022989,29.4572740029013],[-82.2176487655388,29.4575594760017],[-82.217543806381,29.4578464704191],[-82.2174441490801,29.4581349079231],[-82.2173498232803,29.458424715759],[-82.2171353316416,29.4588961375525],[-82.2169284119024,29.4593701445646],[-82.2167291080802,29.4598466444637],[-82.2167050529935,29.4599259370535],[-82.2166739191824,29.4600033203228],[-82.2166359006829,29.4600783116821],[-82.216591236447,29.4601504410579],[-82.2165402049524,29.4602192602782],[-82.2164831242026,29.4602843391614],[-82.2164203517271,29.4603452709917],[-82.2163522773949,29.4604016740829],[-82.2162793270073,29.4604531988174],[-82.2162019560102,29.4604995229533],[-82.2160778133295,29.4605636028408],[-82.2159579385447,29.460633629432],[-82.2158427017618,29.4607093852749],[-82.2157324596118,29.4607906341455],[-82.2156275543529,29.4608771265229],[-82.2155283111753,29.4609685941145],[-82.2154350373027,29.4610647522027],[-82.2153480219927,29.4611653027737],[-82.2152939092766,29.4612438067047],[-82.2152450103825,29.4613052635651],[-82.2151851394654,29.461370014812],[-82.2151200987439,29.4614308271032],[-82.2150502232895,29.4614873836745],[-82.21497587692,29.4615393920086],[-82.2148974441142,29.4615865799245],[-82.214815334504,29.4616287049622],[-82.2147299720941,29.4616655473442],[-82.214641799754,29.4616969162316],[-82.2141168162171,29.4616925166413],[-82.2135919099354,29.4616834804688],[-82.2135561929197,29.4617366541046],[-82.2135276615279,29.4617930548578],[-82.2135066930526,29.4618519428108],[-82.2134935587848,29.4619125436331],[-82.2134884338961,29.4619740603136],[-82.2134913839635,29.4620356880217],[-82.2135023730544,29.4620966141071],[-82.2135212529467,29.4621560400002],[-82.213583418161,29.4622416849322],[-82.21364028601,29.4623301032762],[-82.2136916992887,29.4624210439569],[-82.2137375088766,29.4625142496424],[-82.213777587213,29.4626094575266],[-82.2138118211102,29.4627063962008],[-82.2138302320819,29.4627562631895],[-82.2138410990019,29.4628077992421],[-82.2138442386138,29.462860133834],[-82.2138395961204,29.4629123823634],[-82.2138272505735,29.4629636633592],[-82.2138074112805,29.4630131102126],[-82.2137804124146,29.4630598876021],[-82.2137467103201,29.4631032079177],[-82.2137068745288,29.4631423367362],[-82.2136615760823,29.4631766147202],[-82.2136115803451,29.4632054623103],[-82.2135577335304,29.463228393804],[-82.2135009420381,29.4632450204828],[-82.2134421670657,29.4632550623448],[-82.2133777659447,29.4633041359769],[-82.2133092226919,29.4633487068247],[-82.2132369487357,29.4633885058393],[-82.2131613734708,29.4634232976034],[-82.2130829514448,29.4634528717276],[-82.2130021533749,29.4634770530181],[-82.2129194598598,29.4634956960015],[-82.2127803000425,29.4635491307024],[-82.2126441414965,29.4636081881412],[-82.2125112788694,29.4636727392558],[-82.2123820014185,29.463742644034],[-82.212256591215,29.4638177507308],[-82.2121353195499,29.4638978950869],[-82.2120592816527,29.4639562577894],[-82.2119888061237,29.4640197442017],[-82.2119243448156,29.464087948388],[-82.2118663064617,29.4641604354746],[-82.2118150620663,29.4642367455596],[-82.2117709377179,29.464316389022],[-82.2117342163857,29.4643988598164],[-82.2117051316317,29.464483631564],[-82.2116838676106,29.4645701638091],[-82.2116705617646,29.4646579043659],[-82.2116858663621,29.4647136731009],[-82.2117085092972,29.4647674958766],[-82.2117381815494,29.4648186351518],[-82.2117744761818,29.464866390929],[-82.2118168955278,29.4649101117029],[-82.2118648619707,29.4649491960253],[-82.2119177152488,29.4649831097109],[-82.2119747331165,29.4650113897475],[-82.2120351367345,29.4650336482064],[-82.2120980960595,29.4650495800637],[-82.2121627532004,29.4650589678918],[-82.212228218825,29.4650616818601],[-82.2122936000081,29.4650576859914],[-82.2123579993325,29.4650470350337],[-82.212427419341,29.4650548374978],[-82.2124953750956,29.4650694991834],[-82.2125609826541,29.4650908315958],[-82.2126233931084,29.4651185570771],[-82.212681792585,29.4651523150636],[-82.2127354247024,29.4651916683428],[-82.2127835932663,29.4652361046182],[-82.2128256721508,29.4652850482416],[-82.212861116977,29.4653378641239],[-82.2128894642141,29.4653938639928],[-82.2129103473495,29.4654523228174],[-82.2128988543038,29.4655081091043],[-82.2128800732261,29.4655623600599],[-82.2128542565432,29.4656143483157],[-82.212821746513,29.4656633793539],[-82.2127829833102,29.4657087946349],[-82.2127384825677,29.4657499856757],[-82.2126888416651,29.4657864026527],[-82.2126347253557,29.4658175567475],[-82.2125768585801,29.4658430303142],[-82.2125160156859,29.465862482354],[-82.2124530114451,29.4658756539897],[-82.2123886920708,29.4658823669009],[-82.2123239154539,29.4658825319276],[-82.2122956310989,29.4659347835926],[-82.2122607719743,29.4659838997265],[-82.2122197890344,29.4660292483841],[-82.2121732050987,29.4660702492407],[-82.2121216202418,29.4661063751557],[-82.2120656947255,29.4661371623402],[-82.2120061498969,29.4661622142667],[-82.2119437475274,29.4661812118366],[-82.2118792907108,29.4661939086873],[-82.2118136058972,29.4662001429232],[-82.2116394935305,29.4661230091839],[-82.211468130907,29.4660412960976],[-82.2112996743333,29.4659550803007],[-82.2111342792181,29.4658644392113],[-82.2109720964784,29.4657694580685],[-82.210941010278,29.4656878502833],[-82.210903468784,29.4656083471153],[-82.2108596579476,29.4655313411934],[-82.2108097933645,29.4654572087234],[-82.2107541184781,29.4653863141799],[-82.210692905478,29.4653190063958],[-82.2106264579947,29.4652556130872],[-82.2105551003202,29.4651964486749],[-82.2104791827972,29.4651418025515],[-82.210399079125,29.4650919429928],[-82.2102887166008,29.4650529564908],[-82.2101813508563,29.4650080148831],[-82.2100774032015,29.4649572910113],[-82.2099772778783,29.4649009850907],[-82.2098813683486,29.4648393153246],[-82.2097900465152,29.4647725241625],[-82.209703671704,29.46470087126],[-82.2096225789867,29.4646246381726],[-82.2095470872651,29.4645441205339],[-82.2094774884919,29.4644596343136],[-82.2094140557547,29.4643715087779],[-82.2093570387853,29.4642800872723],[-82.2093066567726,29.4641857280033],[-82.2092631082442,29.4640887993465],[-82.2092265629818,29.4639896782819],[-82.2091875114198,29.4638950981814],[-82.2091413290311,29.4638030122153],[-82.2090882224281,29.4637138294463],[-82.2090284287662,29.4636279503349],[-82.2089622166415,29.4635457557895],[-82.2088898789049,29.4634676149868],[-82.2088117407466,29.4633938759872],[-82.2087281498144,29.4633248680795],[-82.2086394798077,29.4632608994357],[-82.2085461268834,29.4632022539813],[-82.2084485060631,29.4631491968703],[-82.2083470548265,29.4631019611889],[-82.2082422259244,29.4630607612512],[-82.2081344873792,29.4630257785208],[-82.208024318891,29.4629971709963],[-82.2079122145335,29.4629750646075],[-82.2077650004213,29.4628916666013],[-82.2076222132069,29.4628025690665],[-82.2074841412494,29.4627079510983],[-82.20735106123,29.4626080050883],[-82.2072232435415,29.4625029312495],[-82.2071009451021,29.4623929415268],[-82.2069844129485,29.4622782580336],[-82.2068738797443,29.462159112269],[-82.2068829329658,29.462120025307],[-82.2068843208629,29.4620801632229],[-82.2068780039098,29.46204066795],[-82.2068641626679,29.4620026704731],[-82.2068431932942,29.4619672618897],[-82.2068156985583,29.4619354566476],[-82.2067824662827,29.4619081682987],[-82.2067444495799,29.4618861766484],[-82.2067027381063,29.4618701136755],[-82.2066585275196,29.4618604400682],[-82.2066130853426,29.4618574327087],[-82.2065677150309,29.461861178416],[-82.2065237173449,29.461871569253],[-82.2064823544176,29.4618883072193],[-82.2064448102286,29.4619109128551],[-82.2064121636546,29.4619387385385],[-82.2063853489434,29.4619709841286],[-82.2063651359512,29.4620067274696],[-82.206247023661,29.4621115022605],[-82.2061329304334,29.4622196346932],[-82.2060229802359,29.4623310050888],[-82.205917294341,29.4624454937686],[-82.2058475114131,29.4624751643816],[-82.2057745673137,29.462498290794],[-82.2056992606451,29.4625146172496],[-82.2056224160608,29.4625239662052],[-82.2055448761804,29.4625262344199],[-82.2054674890136,29.4625213968655],[-82.205391105265,29.4625095075089],[-82.2053165585712,29.4624906969655],[-82.205221471,29.4623925238619],[-82.2051323563272,29.4622901497637],[-82.2050494561995,29.4621838523199],[-82.2049729960941,29.4620739209122],[-82.2049031817252,29.4619606527449],[-82.2048402062305,29.4618443551911],[-82.204784237595,29.4617253457928],[-82.2047354285324,29.4616039460043],[-82.2046939128915,29.4614804866668],[-82.204681115492,29.4613991968948],[-82.2046609348391,29.4613190630787],[-82.2046335011887,29.4612405967493],[-82.2045989879154,29.4611643016173],[-82.2045576178017,29.461090662623],[-82.2045096531554,29.4610201545401],[-82.2044554038954,29.4609532271143],[-82.2043952149747,29.4608903074097],[-82.204329472669,29.4608317990262],[-82.2042585973897,29.4607780774066],[-82.2041830418878,29.4607294843609],[-82.2041032903551,29.4606863311952],[-82.2040198530349,29.4606488955822],[-82.2039332635264,29.4606174153044],[-82.20384407609,29.4605920929459],[-82.2037528611561,29.4605730888539],[-82.2036602026295,29.460560526613],[-82.2035666933983,29.4605544852234],[-82.2034729299439,29.4605550045764],[-82.2033795150358,29.4605620807611],[-82.2030704200179,29.4605404447009],[-82.2027608767406,29.4605244683345],[-82.2024510199514,29.460514158704],[-82.2021409834991,29.4605095220684],[-82.2018309039276,29.4605105576463],[-82.2015209168826,29.4605172685661],[-82.2012111580097,29.4605296477874],[-82.2009017629545,29.4605476929615],[-82.2008231540789,29.460551427767],[-82.2007453833315,29.460562109701],[-82.2006692466196,29.4605796292592],[-82.2005955290708,29.4606038041953],[-82.2005249870665,29.460634388907],[-82.2004583473438,29.4606710673971],[-82.2003962935206,29.4607134626592],[-82.2003394634007,29.4607611398072],[-82.2002884426859,29.4608136076394],[-82.200243755992,29.460870326461],[-82.2002058623584,29.4609307143415],[-82.2002069205738,29.4609806643295],[-82.2002003628723,29.461030291263],[-82.2001863078313,29.4610787113085],[-82.2001650042843,29.4611250601876],[-82.200136833117,29.4611685119493],[-82.2001022964876,29.4612082907013],[-82.2000620097421,29.4612436862532],[-82.2000166933293,29.4612740681945],[-82.1999671548346,29.461298894498],[-82.199914277302,29.4613177209054],[-82.1998590048609,29.4613302134411],[-82.1998023229631,29.4613361476296],[-82.1997452422133,29.4613354186638],[-82.1996887821994,29.4613280390579],[-82.1996423806217,29.4612584658126],[-82.1995897474309,29.4611923762302],[-82.1995312212918,29.4611301958092],[-82.1994671803952,29.4610723297127],[-82.1993980388644,29.4610191486893],[-82.1993242422638,29.4609709961124],[-82.1992462667006,29.4609281825048],[-82.1991646161295,29.4608909863207],[-82.1990798160649,29.4608596445595],[-82.198992416276,29.4608343621515],[-82.1988904044907,29.4608428156934],[-82.1987893583942,29.4608577009023],[-82.1986898061961,29.4608789426884],[-82.1985922698175,29.4609064276351],[-82.1984972603998,29.4609400133851],[-82.198405273813,29.4609795231655],[-82.1983167924525,29.4610247504803],[-82.1982322798489,29.4610754583294],[-82.1981521779733,29.4611313815543],[-82.198076906339,29.4611922284032],[-82.1980068593064,29.4612576774026],[-82.1977821520263,29.4614492084421],[-82.1975628786554,29.4616455039763],[-82.1973491712459,29.4618464458733],[-82.1971411591553,29.4620519136548],[-82.1969389663512,29.4622617844967],[-82.1967427150043,29.4624759308821],[-82.1965525227941,29.4626942245127],[-82.1965092132176,29.4627339565201],[-82.1964605739365,29.4627686444839],[-82.1964073667222,29.462797747168],[-82.1963504234147,29.4628208093714],[-82.1962906351426,29.4628374674027],[-82.1962289379506,29.4628474631587],[-82.1961662975275,29.4628506394312],[-82.1961036939354,29.4628469477281],[-82.1960421081344,29.4628364435807],[-82.1959825013221,29.4628192920184],[-82.1959258086445,29.4627957620945],[-82.1958729176372,29.4627662221929],[-82.1958246538519,29.4627311337718],[-82.1957817736702,29.4626910466711],[-82.1957449490317,29.4626465881627],[-82.1957147557567,29.4625984535656],[-82.1956916645623,29.4625473976422],[-82.1956760401646,29.4624942166101],[-82.1955884661025,29.4623763413012],[-82.195494921837,29.4622620324366],[-82.1953955969127,29.4621515223257],[-82.1952906916538,29.4620450331107],[-82.1951804198594,29.4619427814589],[-82.1950650025151,29.4618449754346],[-82.1949446749794,29.4617518113701],[-82.1948196815941,29.4616634777763],[-82.1946902720909,29.4615801553424],[-82.1945567132694,29.461502010679],[-82.1942045404404,29.4615348414565],[-82.1938532479603,29.4615742250789],[-82.1935029903395,29.4616201466777],[-82.1934500544164,29.4615669502985],[-82.1934034659891,29.4615093871436],[-82.193363690385,29.461448034433],[-82.1933311282526,29.4613835061491],[-82.1933061065787,29.4613164506901],[-82.1932888750949,29.4612475422667],[-82.1932796080744,29.4611774691702],[-82.1932783971454,29.461106937683],[-82.1932852557826,29.4610366533076],[-82.1933001148157,29.4609673207662],[-82.1933228251244,29.4608996393076],[-82.1933739383658,29.460866695694],[-82.1934203228755,29.4608287689537],[-82.1934613462395,29.4607863753041],[-82.1934964532992,29.4607400896248],[-82.1935251643539,29.4606905438936],[-82.1935470895351,29.4606384084147],[-82.1935619315002,29.4605843949476],[-82.1935694881284,29.4605292363721],[-82.1935696570117,29.4604736835585],[-82.1935624345568,29.4604184905077],[-82.1935479204767,29.4603644080936],[-82.1935263115026,29.4603121723305],[-82.1934979013834,29.460262493423],[-82.1934983738972,29.4601646584028],[-82.1935060535946,29.4600670532439],[-82.1935209090344,29.4599700846715],[-82.1935428755381,29.4598741562837],[-82.193571863274,29.4597796669873],[-82.1936077518679,29.4596870102151],[-82.1936503930978,29.4595965707978],[-82.1936996064023,29.4595087241809],[-82.1937551887622,29.4594238379897],[-82.1938169084121,29.4593422642069],[-82.1938845102305,29.4592643423017],[-82.1939577103498,29.4591903968822],[-82.1940362060376,29.4591207353499],[-82.1941154670901,29.4589951634769],[-82.1942006255824,29.4588725848176],[-82.1942915341908,29.4587532129157],[-82.1943880375069,29.4586372503652],[-82.1944899648506,29.4585249013253],[-82.1945971437454,29.4584163574409],[-82.1947093855452,29.4583118087926],[-82.1948264998071,29.4582114345113],[-82.1949482799186,29.4581154090349],[-82.1950745183689,29.4580238989794],[-82.1951610746398,29.4579704981301],[-82.1952517451947,29.4579226092645],[-82.1953460700961,29.4578804748658],[-82.1954435768303,29.4578443061296],[-82.1955437686289,29.4578142868745],[-82.1956461451303,29.4577905680664],[-82.1957501853115,29.4577732686011],[-82.1958553672515,29.4577624760861],[-82.1959611591476,29.4577582460582],[-82.1960670256038,29.4577605988548],[-82.1961724357159,29.4577695227429],[-82.1962768558845,29.4577849723542],[-82.1963797596969,29.4578068710322],[-82.1964806279269,29.4578351069211],[-82.1966849533316,29.4578637730006],[-82.196887930365,29.4578990234521],[-82.197089282346,29.4579408074272],[-82.1972887334919,29.4579890693831],[-82.1974860125114,29.4580437420433],[-82.197680852605,29.4581047534373],[-82.1981570630118,29.4581081738975],[-82.198633271622,29.4581044358734],[-82.1987284023123,29.4580163900733],[-82.1988189641711,29.4579247281859],[-82.1989047775352,29.4578296308848],[-82.1989856717248,29.4577312866655],[-82.1990614868399,29.4576298902818],[-82.1991320728616,29.4575256435273],[-82.1991680045747,29.4574195358538],[-82.1991962278443,29.4573116572067],[-82.1992166312793,29.4572024377815],[-82.1992291313365,29.4570923101219],[-82.1992336804051,29.4569817114671],[-82.1992302578239,29.4568710821864],[-82.1992188797625,29.4567608626513],[-82.1991995902384,29.4566514877598],[-82.1991724665067,29.4565433939761],[-82.1991376172636,29.4564370099444],[-82.1990951790529,29.4563327588353],[-82.1990919028971,29.4562698018483],[-82.1990804332075,29.4562075832112],[-82.1990609217996,29.4561469179696],[-82.1990336228964,29.4560885984874],[-82.1989988949258,29.4560333889712],[-82.1989571897405,29.4559820106085],[-82.1989090553126,29.455935136874],[-82.1988551195646,29.4558933786674],[-82.1987960885723,29.4558572835312],[-82.1987327348869,29.4558273239171],[-82.1986658858567,29.4558038909277],[-82.1985964182375,29.455787290406],[-82.1985252393277,29.4557777421519],[-82.1984532788835,29.4557753681901],[-82.1983814792378,29.455780201373],[-82.1983107809266,29.4557921775598],[-82.1979741282907,29.4556778315521],[-82.1976399433269,29.4555580702678],[-82.1973083401213,29.4554329320155],[-82.1969794336581,29.4553024613607],[-82.196801145922,29.4552439865177],[-82.1966256474548,29.4551793721562],[-82.1964532131411,29.455108720733],[-82.1962841133737,29.4550321440899],[-82.1961186149523,29.4549497611083],[-82.1959569783882,29.4548617016195],[-82.1957994570065,29.4547681048409],[-82.1956462978439,29.4546691162469],[-82.195497742547,29.4545648930449],[-82.1951351789051,29.454342903987],[-82.194775310209,29.4541175791092],[-82.1944181804762,29.4538889418559],[-82.1940638292326,29.453657020364],[-82.1935107975976,29.4534705324003],[-82.1929602273465,29.4532785490387],[-82.1924121903445,29.4530810944966],[-82.1923822054786,29.4530319048441],[-82.1923458021501,29.4529861522273],[-82.1923034897035,29.4529444757221],[-82.1922558583322,29.4529074565205],[-82.1922035718911,29.4528756108914],[-82.1921473598122,29.4528493831392],[-82.1920880063248,29.4528291377816],[-82.1920263396755,29.4528151595496],[-82.191963219552,29.4528076416536],[-82.1918995281,29.4528066904766],[-82.1918361519568,29.4528123185343],[-82.1917739750644,29.4528244468217],[-82.1917138669921,29.4528429071596],[-82.191656665868,29.4528674414127],[-82.1916031675996,29.4528977069656],[-82.1915541204834,29.4529332821983],[-82.1915232759298,29.4530352472538],[-82.1914849016975,29.4531352355487],[-82.1914391621782,29.4532328215639],[-82.1913862505096,29.4533275899509],[-82.191326392169,29.4534191394421],[-82.1912598431761,29.45350707894],[-82.1912116135268,29.4535862787084],[-82.191157322046,29.4536624152756],[-82.1910972229569,29.4537351327425],[-82.1910315956355,29.4538040924194],[-82.190960745509,29.4538689728257],[-82.1908850022592,29.4539294720367],[-82.1908047207206,29.4539853076827],[-82.190720273694,29.4540362200781],[-82.1906320546415,29.4540819714392],[-82.1905404740932,29.4541223490124],[-82.1904459596472,29.4541571642921],[-82.1903489523763,29.4541862553672],[-82.1900900147923,29.4542382650981],[-82.189833002298,29.4542971378816],[-82.1895781529468,29.4543628212982],[-82.1893257029958,29.4544352535403],[-82.1890758851085,29.4545143696705],[-82.1888289301521,29.4546000945816],[-82.1887156993071,29.4547909811412],[-82.1886090144857,29.4549847348909],[-82.1885089682142,29.4551811845128],[-82.1884156521208,29.4553801532143],[-82.1883291479522,29.4555814673329],[-82.1882495320652,29.4557849453855],[-82.188176876325,29.4559904082369],[-82.1881112427154,29.4561976751885],[-82.1880526932201,29.456406559286],[-82.1880208200955,29.4564972049167],[-82.1879963742417,29.4565896002226],[-82.1879794778295,29.4566832797971],[-82.1879702153006,29.4567777735421],[-82.1879686342657,29.4568726035393],[-82.1879747428097,29.4569672926544],[-82.1879885103897,29.4570613645371],[-82.188009866039,29.4571543451853],[-82.1880387037562,29.457245766074],[-82.1880748771161,29.4573351665017],[-82.1881182055572,29.4574220959367],[-82.1881684698906,29.4575061163634],[-82.1883369749733,29.4581253872662],[-82.188510118956,29.4587436774555],[-82.1885015526215,29.458804239462],[-82.1884854287605,29.4588636094033],[-82.1884619405107,29.4589210669024],[-82.1884313744349,29.4589759150486],[-82.1883941006388,29.4590274890019],[-82.1883505718734,29.4590751622493],[-82.188301316348,29.4591183567732],[-82.1882469305441,29.4591565477441],[-82.1882063033371,29.4592024899917],[-82.1881720532703,29.4592522523282],[-82.1881446447726,29.4593051628658],[-82.1881244479501,29.4593605012233],[-82.1881189547521,29.4593851480968],[-82.1881117385854,29.4594175196453],[-82.1881066891552,29.459475443784],[-82.1881093652364,29.4595334899076],[-82.1881144227515,29.4595904354909],[-82.1881119496895,29.459647512446],[-82.1881019783899,29.4597039589442],[-82.1880846435998,29.4597590241089],[-82.1880686805372,29.4598003247226],[-82.1880594036353,29.459843161489],[-82.1880569934554,29.4598867092237],[-82.1880614967099,29.4599301302294],[-82.1880728235673,29.459972587592],[-82.1880907593303,29.4600132631711],[-82.1881149572491,29.4600513740245],[-82.1881449510981,29.4600861872695],[-82.1881746116722,29.4601384692965],[-82.1881990781872,29.4601927724005],[-82.1882181736752,29.4602487000228],[-82.188231757999,29.4603058493485],[-82.1882397332421,29.4603638019198],[-82.1882399461428,29.4604045375683],[-82.1882477183666,29.4604447014421],[-82.1882628441994,29.4604832274597],[-82.1882849211958,29.4605190909953],[-82.1883133618577,29.4605513393831],[-82.1883474124985,29.4605791145992],[-82.1883861658199,29.4606016806368],[-82.1884285941491,29.4606184360201],[-82.1884735701004,29.4606289372687],[-82.1885198971179,29.4606329035898],[-82.1886363951355,29.4606156671819],[-82.188751590596,29.4605926787821],[-82.1888651098001,29.4605640111274],[-82.1889765916252,29.4605297580717],[-82.1890856731519,29.4604900283296],[-82.189192006732,29.460444951733],[-82.1896136310106,29.4602643698258],[-82.1900366198302,29.4600862506246],[-82.1901305153369,29.4600505699619],[-82.1902271354339,29.4600209831132],[-82.1903259662849,29.4599976449521],[-82.1904264796803,29.4599806821931],[-82.1905281393261,29.459970183224],[-82.190630403538,29.4599662043623],[-82.1907327261405,29.4599687675095],[-82.190834561856,29.4599778593682],[-82.1909829312016,29.4600172381201],[-82.1911300994996,29.4600599324414],[-82.1911439227752,29.4600677235567],[-82.1911565701561,29.4600769178697],[-82.1911678574877,29.4600873800662],[-82.191132206049,29.460097761699],[-82.1910953760206,29.4601042630268],[-82.1910579135783,29.4601067878446],[-82.1909954698863,29.4601143482187],[-82.1909344643971,29.4601282487932],[-82.1908757370354,29.4601482995003],[-82.1908541352477,29.4601550910068],[-82.1908339590864,29.4601646709174],[-82.1908156765738,29.4601768170977],[-82.1907997108162,29.4601912479688],[-82.1907864283264,29.4602076311113],[-82.1907761381249,29.4602255871764],[-82.190769078265,29.4602447016181],[-82.1908002650768,29.4603174323566],[-82.1908349849625,29.4603889256668],[-82.1908731768368,29.4604590509305],[-82.1908792799908,29.4604638166247],[-82.1908843994896,29.4604693988924],[-82.1908883942977,29.4604756452127],[-82.1908911539223,29.4604823835105],[-82.1908926029048,29.4604894284139],[-82.1908926999229,29.4604965851656],[-82.1908914440781,29.4605036582258],[-82.1908888686082,29.4605104520549],[-82.1908850453783,29.4605167804992],[-82.1908800794914,29.4605224683555],[-82.1908741074914,29.460527359192],[-82.19086729377,29.4605313192598],[-82.1908598260751,29.4605342374926],[-82.1908519092225,29.4605360364568],[-82.1908437615028,29.4605366645299],[-82.1908356065967,29.4605361045045],[-82.1908234937134,29.4605385542243],[-82.1908110915726,29.460539298839],[-82.190798710093,29.4605383211412],[-82.1907866600918,29.4605356430311],[-82.1907752460978,29.4605313333387],[-82.1907647519786,29.4605254992193],[-82.1907554427374,29.4605182885007],[-82.1907475519359,29.4605098818613],[-82.1907412763053,29.4605004897013],[-82.1907222347162,29.460446756956],[-82.1906978858805,29.4603946901818],[-82.1906684175459,29.4603446921935],[-82.1906340578846,29.4602971454705],[-82.1905922368165,29.46027920819],[-82.1905481510957,29.4602660694604],[-82.1905025139843,29.4602579428135],[-82.1904560665925,29.4602549588712],[-82.1904095626069,29.4602571669103],[-82.1903637566122,29.460264531733],[-82.1902457988323,29.4603097687526],[-82.1901309034091,29.4603606826671],[-82.190019424279,29.4604171162539],[-82.1899117081916,29.4604788935181],[-82.1898080893202,29.4605458243855],[-82.1897462870253,29.4605949603366],[-82.1896893967183,29.4606484481882],[-82.1896378172513,29.4607059117157],[-82.1895919088487,29.4607669488839],[-82.1895519949041,29.4608311326292],[-82.189518353895,29.4608980132062],[-82.1894912211801,29.4609671220987],[-82.1894707881007,29.4610379728022],[-82.1894571965904,29.4611100709916],[-82.1894593399707,29.4611880258937],[-82.1894682934791,29.4612656092134],[-82.1894840086067,29.4613423641747],[-82.1895063919286,29.4614178410423],[-82.1895353113926,29.4614915971217],[-82.1895705963186,29.4615631998874],[-82.1896120427892,29.4616322285475],[-82.1896594055643,29.4616982779536],[-82.1897081733044,29.4617499522021],[-82.189761381417,29.4617981552488],[-82.1898187074068,29.4618425945754],[-82.1898798045243,29.4618830042564],[-82.1899443053583,29.461919137138],[-82.1900118173452,29.4619507757879],[-82.1900722721671,29.4619695903421],[-82.1901347805379,29.4619822626913],[-82.1901985303803,29.4619886301512],[-82.1902626934478,29.4619886090332],[-82.1903264387987,29.4619822009017],[-82.1903889372879,29.4619694878808],[-82.1904978813723,29.4618872591411],[-82.1906035555891,29.4618018250899],[-82.1907058368691,29.4617132850522],[-82.1907315107199,29.461659002316],[-82.1907513311483,29.4616028713301],[-82.1907651283727,29.4615453762426],[-82.1907727829173,29.4614870098063],[-82.1907742301032,29.4614282749431],[-82.1907694582524,29.461369674576],[-82.1907585059925,29.4613117116292],[-82.1907460760039,29.4612787423385],[-82.1907284321934,29.4612476470752],[-82.1907059311921,29.46121905391],[-82.1906790257511,29.4611935400742],[-82.1906482620459,29.4611716202271],[-82.1906359299737,29.4611617658756],[-82.1906256972642,29.4611502158143],[-82.19061786126,29.4611373087151],[-82.1906126546246,29.4611234223576],[-82.1906102255801,29.4611089626794],[-82.1906106459917,29.4610943528257],[-82.1906139068761,29.461080018288],[-82.1906199085205,29.4610663806478],[-82.1906284784483,29.4610538364575],[-82.190639364233,29.46104275333],[-82.1906522487691,29.4610334558601],[-82.1906667556626,29.4610262138915],[-82.1906824582138,29.4610212409528],[-82.1906989018751,29.461018681743],[-82.1907156015562,29.4610186129134],[-82.1907320703703,29.4610210328997],[-82.1907478277187,29.4610258736543],[-82.1907624127656,29.4610329936068],[-82.1907753988114,29.4610421831395],[-82.1907864049702,29.4610531747549],[-82.190795111442,29.461065646205],[-82.1908012622067,29.4610792345696],[-82.1908046793981,29.4610935401676],[-82.1908052597097,29.4611081453286],[-82.1908942252622,29.4611295849471],[-82.1909849892419,29.4611441392629],[-82.191076859946,29.461151701124],[-82.1911691339937,29.461152210306],[-82.1912611062074,29.4611456636804],[-82.191352072308,29.4611321113037],[-82.1913934810494,29.4611171432268],[-82.191432405949,29.4610977332953],[-82.1914682307625,29.4610741912396],[-82.1916313738012,29.4609364592718],[-82.1916484480798,29.4609444263047],[-82.1916638011864,29.4609547311986],[-82.1916770207941,29.4609670955055],[-82.1916877493735,29.4609811875911],[-82.1916956985655,29.4609966265452],[-82.1917006536726,29.4610129954789],[-82.1917024817442,29.4610298524743],[-82.191701130678,29.461046744664],[-82.1916966408982,29.4610632160517],[-82.1916891300841,29.4610788215922],[-82.1916788039499,29.461093140487],[-82.1913654670872,29.4613292177613],[-82.1910554665675,29.4615686436541],[-82.1907488508998,29.4618113860735],[-82.1904456641015,29.4620574058884],[-82.1904328433458,29.4620722236543],[-82.1904231011165,29.4620887402401],[-82.190416723078,29.4621064683677],[-82.1904138960798,29.4621248902556],[-82.1904147018686,29.4621434630945],[-82.1904191188849,29.4621616432927],[-82.1904270168728,29.4621788966452],[-82.1904381631689,29.4621947186682],[-82.1904522316846,29.462208642422],[-82.1905275132003,29.4623013532051],[-82.1906078522311,29.4623907538701],[-82.1906930583341,29.4624766348111],[-82.1907829284901,29.4625587934623],[-82.1908772542899,29.4626370342972],[-82.1908933089806,29.462644035251],[-82.1909104542261,29.4626486444141],[-82.1909282318856,29.4626507374261],[-82.1909461613604,29.462650257191],[-82.1909637584585,29.4626472193513],[-82.1909805515644,29.4626417013391],[-82.1909960870289,29.4626338556715],[-82.1910099471354,29.4626238911802],[-82.1910217581848,29.4626120769213],[-82.1913849398676,29.4623180512111],[-82.1917465405156,29.4620225385696],[-82.1917605308778,29.462007783368],[-82.191777113778,29.4619952533728],[-82.1917958364651,29.4619852950758],[-82.1918161815097,29.4619781814473],[-82.1918375901595,29.4619741095889],[-82.1918594740182,29.4619731890016],[-82.1918812312144,29.4619754478428],[-82.1919022616735,29.4619808211941],[-82.1919219886771,29.4619891635755],[-82.1919398678462,29.4620002442531],[-82.1919554078023,29.4620137589707],[-82.1919681836423,29.4620293362077],[-82.1919778405316,29.4620465457824],[-82.1919841152638,29.4620649160596],[-82.1919868326676,29.46208394099],[-82.1919859208775,29.4621030973174],[-82.1919814023517,29.4621218586574],[-82.1919734037524,29.4621397080118],[-82.1919621433703,29.4621561549756],[-82.1919479311242,29.4621707474693],[-82.1916804882911,29.4623791617129],[-82.1914169037221,29.4625913079122],[-82.1911572456892,29.462807132076],[-82.1911499199281,29.4628127423719],[-82.1911437269425,29.4628193154827],[-82.1911388302259,29.4628266793372],[-82.1911353564407,29.462834637618],[-82.1911333990117,29.46284298384],[-82.1911330091428,29.4628514966572],[-82.1911341967157,29.4628599523774],[-82.191136930289,29.4628681296549],[-82.1911411379978,29.462875811837],[-82.1911467102476,29.4628827979137],[-82.1911534988161,29.4628889048645],[-82.1911613258372,29.4628939707862],[-82.1911699855966,29.4628978627154],[-82.1912016691766,29.462950209775],[-82.1912397316936,29.4629991943907],[-82.1912837105149,29.4630442244881],[-82.191333076533,29.463084755704],[-82.191387228775,29.4631202960788],[-82.1914511358226,29.4631268214591],[-82.19151546957,29.4631277224825],[-82.1915795823318,29.4631229913276],[-82.1916428345076,29.463112674922],[-82.1917045909885,29.4630968772884],[-82.1917642337334,29.4630757564161],[-82.1918819238154,29.4629743074964],[-82.191995985602,29.4628697338247],[-82.1921063121936,29.4627621347233],[-82.1922127975891,29.4626516126431],[-82.1922229602299,29.4626322866944],[-82.1922367610476,29.46261477453],[-82.1922537922071,29.4625995947114],[-82.1922735488551,29.4625871993177],[-82.1922954425952,29.4625779551751],[-82.1923188248438,29.4625721375984],[-82.1923430021013,29.4625699186598],[-82.1923672548174,29.4625713648415],[-82.1924925105107,29.4626009579856],[-82.1926159102846,29.4626360182945],[-82.1927371433221,29.4626764565987],[-82.1928559023993,29.462722170431],[-82.1929718901738,29.4627730448097],[-82.1930848102017,29.4628289530201],[-82.1931943813101,29.4628897519222],[-82.1933003268181,29.462955288208],[-82.1935314390862,29.4630923009954],[-82.1937670743718,29.4632232809707],[-82.1940070269606,29.4633481139651],[-82.1942510875452,29.4634666905024],[-82.1944990450215,29.4635789073628],[-82.1947506819972,29.4636846668007],[-82.1949198096123,29.4637423108451],[-82.195086177603,29.4638058067769],[-82.1952495218643,29.463875054472],[-82.1954095827833,29.4639499444202],[-82.1955661070351,29.4640303569428],[-82.1957188439896,29.4641161645395],[-82.1958675528983,29.4642072311059],[-82.1960119957078,29.4643034127161],[-82.1961519433476,29.4644045537119],[-82.1962871739339,29.4645104960888],[-82.1964174736675,29.4646210708922],[-82.1965426323428,29.4647361021287],[-82.1969670036695,29.4651486195337],[-82.1973958153687,29.4655576047729],[-82.1978290297111,29.4659630219116],[-82.1979811728792,29.4661043197565],[-82.1982666098658,29.4663648365797],[-82.1988848529022,29.4667049372261],[-82.1989181839925,29.4667235913478],[-82.1995000461582,29.4670492522945],[-82.200112147413,29.4673977637536],[-82.2007211216323,29.4677504473149],[-82.2006978256221,29.46781907602],[-82.2006677940438,29.4678856688681],[-82.2006312541713,29.4679497229722],[-82.2005884844823,29.4680107518704],[-82.200539807472,29.468068293347],[-82.2004855932463,29.46812190865],[-82.2004262541319,29.4681711934402],[-82.2003622383881,29.4682157723163],[-82.2002940329019,29.4682553081999],[-82.2002221551027,29.4682894999889],[-82.2001471502681,29.4683180888144],[-82.2001465169558,29.468401105387],[-82.2001538786496,29.4684838731849],[-82.2001691832471,29.4685658032899],[-82.2001923229505,29.468646313825],[-82.2002231324698,29.4687248330818],[-82.2002613908194,29.4688008003032],[-82.2003068285048,29.4688736781964],[-82.2003591212341,29.4689429458938],[-82.2004178971048,29.4690081114662],[-82.2004827392987,29.469068712705],[-82.2005531851832,29.4691243179034],[-82.2005948652158,29.4691460107892],[-82.2006398869812,29.4691617847999],[-82.2006871599247,29.4691712559311],[-82.200735540491,29.4691741950318],[-82.2007838554802,29.4691705317142],[-82.2008309370826,29.4691603551361],[-82.2008756444376,29.4691439100903],[-82.2009168959738,29.4691215962228],[-82.2009536909678,29.4690939516094],[-82.2009851418842,29.4690616480631],[-82.201010485155,29.4690254668901],[-82.2010291072309,29.4689862832487],[-82.2010405589541,29.4689450458148],[-82.2010410961467,29.4689393748549],[-82.2010445627453,29.4689027525375],[-82.2010598332068,29.4688336920676],[-82.2010820512388,29.4687660901577],[-82.2011110416696,29.4687004825459],[-82.201146575429,29.4686373869834],[-82.2011883713442,29.4685773016705],[-82.2012360997336,29.4685207021271],[-82.2012893824063,29.4684680349368],[-82.2013478007476,29.4684197153992],[-82.20141088943,29.4683761259667],[-82.2014597865275,29.4683655269759],[-82.201509948453,29.4683614827474],[-82.201560234346,29.4683640886978],[-82.2016095015494,29.4683732822588],[-82.2016566262709,29.4683888569548],[-82.2017005395153,29.4684104569284],[-82.2017402396609,29.4684375902365],[-82.2017748230027,29.4684696413643],[-82.2018035053114,29.4685058798286],[-82.2018256317152,29.4685454812952],[-82.2018407000558,29.4685875440032],[-82.2018483662784,29.4686311122283],[-82.2018484570083,29.4686751934894],[-82.2018409695504,29.4687187843576],[-82.2018260736863,29.4687608954836],[-82.2018041098776,29.4688005656749],[-82.2017755766893,29.4688368939618],[-82.2017411236032,29.4688690544565],[-82.2017015348486,29.468896312777],[-82.2016577114358,29.4689180502909],[-82.2016262236884,29.4690131418882],[-82.2015873724507,29.4691061248756],[-82.2015413409789,29.469196562852],[-82.2014883412755,29.4692840319309],[-82.2014286266653,29.4693681207405],[-82.2013624738294,29.4694484366803],[-82.2012901944834,29.4695246012281],[-82.2012121263936,29.4695962593252],[-82.2011286369711,29.4696630731191],[-82.2010401178813,29.4697247305666],[-82.2009469832476,29.4697809399585],[-82.2008496705495,29.4698314408691],[-82.2007318771612,29.4698693180996],[-82.2006168892116,29.4699133034079],[-82.2005051208239,29.4699632395868],[-82.2003969717486,29.4700189459657],[-82.200292830956,29.4700802231036],[-82.200193073942,29.4701468504426],[-82.2000980573378,29.4702185886545],[-82.2000081251981,29.4702951796412],[-82.1999235982214,29.4703763488806],[-82.1998447809367,29.4704618038633],[-82.1997719581099,29.4705512387846],[-82.1997053884558,29.4706443306349],[-82.1996453145194,29.4707407470203],[-82.1996522378353,29.4707673830844],[-82.1996643075995,29.4707925754233],[-82.1996811608925,29.4708155701139],[-82.199702291963,29.4708356757999],[-82.1997270710918,29.4708522918465],[-82.1997547526772,29.4708649200714],[-82.1997845075744,29.4708731827322],[-82.1998154446545,29.4708768295646],[-82.1998466386527,29.4708757549886],[-82.199877151728,29.4708699887231],[-82.1999060720902,29.4708597036067],[-82.1999752378755,29.4707862030416],[-82.2000498447565,29.4707168951533],[-82.2001295576616,29.4706520880898],[-82.2002140262477,29.4705920696655],[-82.2003028741209,29.4705371057965],[-82.2003957069207,29.4704874412826],[-82.2004921132186,29.4704432966786],[-82.2005916636201,29.4704048659483],[-82.2006939188489,29.4703723219382],[-82.2007749900067,29.4702847935777],[-82.2008622433702,29.4702019435669],[-82.2009553294949,29.4701241050852],[-82.20105387019,29.4700515917603],[-82.2011574710951,29.4699846953213],[-82.2012657135952,29.4699236855991],[-82.2013781602109,29.4698688073973],[-82.2014943608862,29.4698202844026],[-82.2016138458021,29.4697783105819],[-82.2016712176061,29.4697769388012],[-82.2017283657295,29.4697815750131],[-82.2017844727055,29.4697921511753],[-82.2018387336436,29.469808515561],[-82.2018903723994,29.4698304343235],[-82.2019386496594,29.4698575946248],[-82.2019828746192,29.4698896054173],[-82.2020224121698,29.4699260115226],[-82.2020566972709,29.4699662881565],[-82.2023393081576,29.4706069026082],[-82.2023552289994,29.4706420234979],[-82.2026286609005,29.4712452090172],[-82.2029247294485,29.4718811534643],[-82.2029511390195,29.4719226337101],[-82.2029842365478,29.4719602622432],[-82.2030233033812,29.4719932186766],[-82.2030674870185,29.4720207835105],[-82.2031158271605,29.4720423584663],[-82.2031672691853,29.4720574735239],[-82.2032206928936,29.472065798653],[-82.2032749358654,29.4720671524151],[-82.2033288141212,29.4720615050919],[-82.2033811571561,29.4720489825954],[-82.2034308250082,29.4720298531729],[-82.2034767325125,29.4720045367924],[-82.203517882539,29.4719735832443],[-82.2035533785692,29.4719376682323],[-82.2035708930222,29.4718801070535],[-82.2035956955072,29.4718246363186],[-82.2036274707155,29.4717719575491],[-82.2036658153034,29.4717227417674],[-82.2037102432824,29.471677611508],[-82.2037601896122,29.4716371400358],[-82.2038150218788,29.4716018419602],[-82.2038740420913,29.4715721646327],[-82.2039365037496,29.4715484850174],[-82.2040016118448,29.4715311018707],[-82.2040685417233,29.4715202380868],[-82.204136443579,29.4715160305307],[-82.204273995412,29.4715581803807],[-82.2044086340084,29.4716070098983],[-82.2045399317704,29.4716623657876],[-82.20479087345,29.471791937132],[-82.2050236682626,29.471945268392],[-82.2051323374626,29.4720302535926],[-82.205235392192,29.4721204332243],[-82.2052703402498,29.4721768086507],[-82.2053122987601,29.4722293949257],[-82.2053607404118,29.4722775265156],[-82.2054150507572,29.4723205941962],[-82.2054745434835,29.4723580544372],[-82.2055384667008,29.4723894333123],[-82.205606011027,29.4724143335373],[-82.2056763248593,29.4724324407262],[-82.2057485161705,29.4724435257371],[-82.205780588721,29.4724453745422],[-82.2058216740689,29.4724474478004],[-82.2058948714932,29.4724441584289],[-82.2059671840769,29.4724336990712],[-82.2060376982335,29.4724162011126],[-82.2061055210374,29.4723918858741],[-82.2061529107619,29.472223992399],[-82.2061923081753,29.4720545235578],[-82.2062236450057,29.4718837726194],[-82.2062468673541,29.4717120312902],[-82.2062619374913,29.4715395951888],[-82.2062688257729,29.471366760718],[-82.2062675232158,29.4711938250648],[-82.2062580325148,29.4710210854181],[-82.206240368043,29.4708488381867],[-82.2062145594449,29.4706773805636],[-82.206142736443,29.4704195221678],[-82.2060642165006,29.4701631639355],[-82.2059790418387,29.4699084380508],[-82.2058872546779,29.4696554766988],[-82.2057889044256,29.4694044112837],[-82.2056840431842,29.469155371647],[-82.2055727230559,29.4689084876311],[-82.205475564868,29.4686211068751],[-82.205384153203,29.468332287026],[-82.2052985150104,29.4680421141026],[-82.2052984305687,29.4679036313949],[-82.2053042947709,29.4677652423502],[-82.2053161013287,29.4676271448415],[-82.2053338322757,29.4674895336137],[-82.2053574624593,29.4673526034133],[-82.2053645600484,29.4672730303788],[-82.2053789609407,29.4671942159256],[-82.2054005735081,29.4671166746822],[-82.2054292576134,29.467040908765],[-82.2054648255088,29.4669674132529],[-82.2055070454288,29.4668966644553],[-82.2055556433874,29.4668291238228],[-82.2056103040758,29.4667652293435],[-82.2056706699646,29.4667053971072],[-82.2057363502866,29.4666500173946],[-82.2058069174437,29.4665994499843],[-82.2058819106003,29.4665540233705],[-82.2059886142863,29.4665095110256],[-82.2060985986198,29.4664716090765],[-82.2062113335947,29.466440498981],[-82.2063262694421,29.4664163340394],[-82.2064428483081,29.4663992300094],[-82.2065605060507,29.4663892705806],[-82.2066786695449,29.4663865050284],[-82.206796767462,29.4663909443028],[-82.2069142257787,29.466402568068],[-82.2070304731663,29.4664213215737],[-82.2071449472796,29.4664471117444],[-82.2072570920614,29.4664798134368],[-82.2073663613359,29.4665192694397],[-82.2074718388216,29.4665610920977],[-82.2075739557099,29.4666088759924],[-82.2076722727245,29.4666624154201],[-82.2077663685555,29.4667214812133],[-82.2078558362662,29.4667858183946],[-82.2079402913777,29.4668551493048],[-82.2080193709704,29.4669291767324],[-82.2080927336848,29.4670075807848],[-82.2081600660086,29.4670900259274],[-82.2081508106662,29.4671263008617],[-82.2081478749718,29.4671633790071],[-82.2081513254008,29.4672004250726],[-82.2081610837998,29.4672365975114],[-82.2081769300814,29.4672710821518],[-82.2081985058179,29.4673030976714],[-82.2082253223257,29.4673319198425],[-82.2082567750388,29.4673568979559],[-82.208233537419,29.4677729382393],[-82.2082114343714,29.4686057566764],[-82.2082125761302,29.4690222923752],[-82.2082218485405,29.4694387505003],[-82.208239247111,29.469855009047],[-82.2082427361675,29.4700182725903],[-82.2082516636248,29.470181378672],[-82.2082660222963,29.4703441880819],[-82.2082532347783,29.4704022709994],[-82.2082469061471,29.4704611625563],[-82.2082470956916,29.4705203129478],[-82.2082538025135,29.4705791723707],[-82.2082669628324,29.4706371910231],[-82.2082864553758,29.4706938300531],[-82.2083120968872,29.4707485599954],[-82.2083436502116,29.4708008709372],[-82.2083808198031,29.4708502772116],[-82.2086460437975,29.4709403632614],[-82.2089136375476,29.4710249129051],[-82.2091834528314,29.4711038776679],[-82.209455333342,29.4711772129845],[-82.2099751596508,29.4711058320779],[-82.2104941846624,29.4710301191944],[-82.2110123607661,29.4709500797989],[-82.2110940760159,29.4709692321054],[-82.2111735346977,29.470994634773],[-82.2112501133807,29.4710260891495],[-82.2113232128887,29.4710633480929],[-82.211392259198,29.4711061175359],[-82.2114567097264,29.471154065871],[-82.2115160623156,29.4712068137843],[-82.2115698489432,29.4712639506783],[-82.2116176491978,29.4713250268525],[-82.2116590875835,29.4713895621059],[-82.2116938389103,29.4714570535585],[-82.2117216318869,29.4715269701762],[-82.2117422473243,29.4715987637209],[-82.2117555244242,29.4716718710965],[-82.2117073468772,29.4722271832371],[-82.2116512946984,29.47278192925],[-82.2116093056454,29.4728565138721],[-82.2115610894709,29.4729281594475],[-82.211506914771,29.4729964647846],[-82.2114470797866,29.4730610529365],[-82.2113819177925,29.4731215657261],[-82.2113117908098,29.4731776676565],[-82.2112370860125,29.4732290466933],[-82.2111582193205,29.4732754181735],[-82.2110756264166,29.4733165255883],[-82.2109897663401,29.4733521413651],[-82.2109011160963,29.4733820660845],[-82.2108116654535,29.4734191317755],[-82.2107256005611,29.4734618978785],[-82.2106433966277,29.4735101282047],[-82.2105655046078,29.4735635591927],[-82.2104923538959,29.4736218967807],[-82.2104243451407,29.4736848179709],[-82.2103618556346,29.4737519778676],[-82.2103052267374,29.4738230057682],[-82.2103343644919,29.4738667211162],[-82.2103700859992,29.4739065206951],[-82.2104117148278,29.4739416513905],[-82.2104584622569,29.4739714476789],[-82.2105094425475,29.4739953441394],[-82.2105636909092,29.4740128887488],[-82.2106201769743,29.4740237491373],[-82.2106778335442,29.4740277180628],[-82.2107355673692,29.4740247227949],[-82.2108621552641,29.4740520031909],[-82.2109870498346,29.4740847180717],[-82.2111099474503,29.4741227892267],[-82.2112305453789,29.4741661228035],[-82.2113485516679,29.4742146147823],[-82.2114584219154,29.4742657735367],[-82.2115756448734,29.4743265843511],[-82.2116841757328,29.4743897889885],[-82.2117909324195,29.474523277266],[-82.2119037715989,29.4746528770179],[-82.2120225064216,29.4747783778882],[-82.212146944648,29.4748995757777],[-82.2122768832589,29.4750162712799],[-82.2124121066586,29.4751282735912],[-82.2125523974549,29.4752353989466],[-82.2126200118497,29.4752998511603],[-82.2126924124683,29.4753601929099],[-82.212769272324,29.4754161512697],[-82.2128502464637,29.4754674759929],[-82.2129349701714,29.4755139363842],[-82.2130230625615,29.4755553212985],[-82.2131141283751,29.4755914477443],[-82.2132232664956,29.475656317342],[-82.2133283244681,29.4757261567698],[-82.2134290040518,29.4758007697253],[-82.2135250249726,29.4758799466114],[-82.2136161150407,29.4759634637539],[-82.213702020033,29.4760510873127],[-82.2137824983027,29.4761425709351],[-82.21394073654,29.476301214247],[-82.2141033684373,29.4764564218286],[-82.2142702933834,29.4766080975054],[-82.2144414125636,29.4767561521416],[-82.2146166226715,29.4769004973834],[-82.2146033644362,29.476913641778],[-82.2145928047401,29.4769285402685],[-82.2145852382305,29.4769447736851],[-82.2145808822996,29.4769618861026],[-82.2145798564236,29.4769793950072],[-82.214582191145,29.4769968069368],[-82.2145878190903,29.4770136331221],[-82.2145965839525,29.4770293980884],[-82.2146082368983,29.4770436592067],[-82.2146224518394,29.4770560152956],[-82.2146388272287,29.4770661167883],[-82.2146569022306,29.4770736813721],[-82.2146404334164,29.4772216782401],[-82.2146294290542,29.4773700627781],[-82.2146238972287,29.4775186809251],[-82.2143537872975,29.477806952212],[-82.2140783126274,29.4780913102184],[-82.2137975468803,29.4783716783393],[-82.2136950230553,29.4784845316909],[-82.2135869961508,29.4785933833255],[-82.2134736682878,29.4786980275852],[-82.213355255062,29.4787982689786],[-82.2132319783572,29.4788939159249],[-82.2131040717355,29.4789847893551],[-82.2129717759453,29.4790707172389],[-82.2128353398199,29.4791515377118],[-82.2126950229725,29.4792270990752],[-82.2125510877112,29.4792972574503],[-82.2124038062254,29.4793618814703],[-82.212253456993,29.4794208491517],[-82.2121003229831,29.4794740478946],[-82.2119446943517,29.4795213799567],[-82.2118413674328,29.4795377928207],[-82.211739656583,29.4795606666619],[-82.2116400891136,29.4795898826101],[-82.211543182454,29.4796252897319],[-82.2114494369659,29.4796667034661],[-82.2113593386378,29.4797139103165],[-82.2112733554921,29.479766665506],[-82.2111919303981,29.4798246953224],[-82.211115488259,29.4798876986834],[-82.2110444225369,29.479955350264],[-82.2109791033376,29.4800273004974],[-82.2109198675295,29.4801031740108],[-82.2108670232346,29.4801825805741],[-82.2108208417441,29.4802651057158],[-82.2107815665016,29.4803503240172],[-82.210749396933,29.4804377936388],[-82.2107245028198,29.4805270625764],[-82.21063150473,29.4807002083066],[-82.2105449969682,29.4808759116678],[-82.2104650711624,29.4810539841846],[-82.210391813551,29.4812342397288],[-82.2103252995924,29.4814164859174],[-82.2103156606694,29.481487357522],[-82.2103139251243,29.4815587115687],[-82.2103201064317,29.4816298763222],[-82.2103341488963,29.4817001823952],[-82.2103559186688,29.4817689635301],[-82.210385209137,29.4818355745848],[-82.2104217463146,29.481899384495],[-82.2104651861467,29.4819597926953],[-82.2105151172052,29.4820162306831],[-82.2107239252031,29.4821009994306],[-82.2109302295963,29.4821903411924],[-82.2111338983324,29.4822841973071],[-82.2114223509634,29.482551586897],[-82.211469225055,29.4826026820126],[-82.2115099465851,29.4826576651453],[-82.2115441005322,29.4827159724759],[-82.2115713347567,29.4827770049968],[-82.2115913680858,29.4828401355502],[-82.2116039957038,29.4829047158658],[-82.2116090891515,29.4829700828176],[-82.2116065954282,29.4830355646789],[-82.2115277017867,29.4832129679331],[-82.2114442393136,29.4833887615577],[-82.2113562466366,29.4835628579793],[-82.2113303670716,29.4836045852425],[-82.2113108296125,29.4836488766011],[-82.2112979558562,29.4836949969909],[-82.2112919622966,29.4837421824155],[-82.2112929459518,29.4837896493306],[-82.2113008924488,29.4838366134111],[-82.2113156688369,29.4838822942437],[-82.2113370289778,29.4839259364393],[-82.21136462163,29.4839668151074],[-82.2114269961518,29.4840172620324],[-82.2114944452566,29.4840624368445],[-82.2115663868361,29.4841019493445],[-82.2116422028494,29.4841354601614],[-82.2117212411197,29.4841626823159],[-82.2118028225206,29.4841833796563],[-82.2118862445694,29.4841973754601],[-82.2119707886141,29.4842045493058],[-82.2124012397387,29.4841010633651],[-82.2128299696912,29.4839922543988],[-82.2135155261868,29.4837453470857],[-82.214199608547,29.4834953362697],[-82.2144042708198,29.4835582317814],[-82.2146074769236,29.4836246453831],[-82.2148091487049,29.4836945512625],[-82.214890884616,29.483803856323],[-82.214968144222,29.4839156260603],[-82.2150408287083,29.4840297204922],[-82.2150783773888,29.4840959578401],[-82.2223270612828,29.4843136348633],[-82.2392050157777,29.4842817240265],[-82.2442718122208,29.4842772182856],[-82.2488740512029,29.4875622505974],[-82.2528470580578,29.4911582473795],[-82.2541050587816,29.4922052465779],[-82.2553580621776,29.4933372460764],[-82.2563120631279,29.4942252449493],[-82.2567790640064,29.4947552440134],[-82.2592540681412,29.4970192437355],[-82.2611200711073,29.4986692421836],[-82.2644840758951,29.5016472460339],[-82.2657260767254,29.5030182490798],[-82.2673790792561,29.5047972528375],[-82.2675980795393,29.5050242530864],[-82.2680350793823,29.5055492545916],[-82.2684050801764,29.5059602556974],[-82.2696040831457,29.5072022576653],[-82.2703390829145,29.5079702596996],[-82.2704310820777,29.5080612602803],[-82.2707180830312,29.5083242600986],[-82.2709190828727,29.5084912611535],[-82.2710780837797,29.5086342610701],[-82.2712390834381,29.5087662610544],[-82.2713690831345,29.5088572617014],[-82.2714110838656,29.5088872619312],[-82.2717830825129,29.5091222631626],[-82.2727079007929,29.509561945002],[-82.2727100926822,29.51356926522],[-82.2794944320159,29.5135352544406]]]},"properties":{"OBJECTID":6,"code_elem":"010281","link":"http://www.edline.net/pages/SHE0281","Facility":"Shell Elementary School","Address":"21633 SE 65TH AV","Descrip":"Shell,(Grades K-5)","EntityID":"0281","Entity":281,"Label":"Shell Elementary","Capacity2025":366,"Attendance2025":237,"PctCap2025":65,"Shape__Area":880358957.47460938,"Shape__Length":228579.72733158583}},{"type":"Feature","id":7,"geometry":{"type":"Polygon","coordinates":[[[-82.4465383339192,29.5856552573919],[-82.4465353838519,29.585656386995],[-82.4464879725678,29.5856812124811],[-82.4459505797036,29.5859626074043],[-82.4459214006265,29.5858914777525],[-82.4459052129851,29.5833143113432],[-82.445796734228,29.5833126004938],[-82.4457967629741,29.5831861655172],[-82.4455685118402,29.5831852999357],[-82.4421910224417,29.5831724951091],[-82.4397685436999,29.5831632510405],[-82.4395092575695,29.5831622612462],[-82.4394957801453,29.5796923680277],[-82.4394949024913,29.5796812002327],[-82.4394772164599,29.5760873325911],[-82.4394104312102,29.5760481521084],[-82.439248070604,29.576087129462],[-82.4309046538907,29.5760794574325],[-82.4268552857451,29.5760755425096],[-82.4229861447984,29.5760716799314],[-82.4229827590481,29.5764892383069],[-82.4227328612108,29.57648587419],[-82.4219941127723,29.576475930279],[-82.418514784065,29.5764412101775],[-82.4139493903825,29.5763921413826],[-82.4085844889107,29.576338073257],[-82.4032865766062,29.5762272657754],[-82.4024738465142,29.5761668450954],[-82.4019966120279,29.5760588327954],[-82.4001205030149,29.5754502599634],[-82.3995440172662,29.5753776541135],[-82.3987712217801,29.5754210693445],[-82.3979825279101,29.5754653767677],[-82.3973093825384,29.5755181609526],[-82.3970324463094,29.5755434670695],[-82.3951151845749,29.575730662292],[-82.393648067731,29.5758558300162],[-82.3928242784794,29.5759332129693],[-82.392476307071,29.5759070420875],[-82.3927202221285,29.5747370964224],[-82.3933718627306,29.5719875036644],[-82.3936732528983,29.5700831161962],[-82.3937404468815,29.5691503259542],[-82.3934797899221,29.5680047122586],[-82.3930217901626,29.5660880568228],[-82.3906980587284,29.5562859144653],[-82.3904886012485,29.5553838732894],[-82.3904442469314,29.555209319791],[-82.3903926135655,29.5550363038424],[-82.3903337685245,29.5548650559735],[-82.3902677926568,29.5546958074967],[-82.3901947722006,29.5545287842562],[-82.390114806869,29.5543642105346],[-82.3900280035614,29.5542023074896],[-82.3899344790588,29.5540432908108],[-82.3898141937439,29.5538575182409],[-82.3898153058583,29.5533310279261],[-82.3898056615454,29.5284489666637],[-82.3898090508889,29.5284472548851],[-82.3897148104291,29.5139123633481],[-82.3897398761205,29.4993486282031],[-82.3896196626709,29.4848757465784],[-82.4128573758653,29.4851009952949],[-82.4133714673293,29.485148844738],[-82.4570592884408,29.4853387510734],[-82.4665763468863,29.485413860539],[-82.4671288907361,29.4854182200016],[-82.4693985678447,29.4854360081712],[-82.4735790091734,29.4854686920089],[-82.4766970094223,29.4854929712679],[-82.4780258737474,29.4855033127651],[-82.4785684885183,29.4855075244324],[-82.4902624909857,29.4855977952932],[-82.4907182970591,29.4856014705286],[-82.4910895294436,29.4856044709281],[-82.4914838934466,29.4856076629089],[-82.4916590442657,29.4856090696639],[-82.4918058146101,29.4856102590324],[-82.4963452433876,29.4856468369978],[-82.4960324769551,29.4790085579472],[-82.4974034911316,29.4790238901485],[-82.5016333101565,29.4790710120587],[-82.5058738793204,29.4791181605355],[-82.5101647972594,29.479164015538],[-82.5187584612546,29.4792554541223],[-82.5229750085695,29.4793000867755],[-82.5231040380853,29.4793014670295],[-82.5275152637971,29.4794180730068],[-82.5296117142779,29.4794734230669],[-82.5310468187583,29.4795113006051],[-82.5316884359585,29.4795282382006],[-82.5352571218837,29.4796226387143],[-82.5389388787538,29.4797199349244],[-82.5399763637367,29.4797473162311],[-82.5567385217981,29.4801261658075],[-82.5567125065875,29.4946108679074],[-82.5564734271612,29.5067716446392],[-82.5564663367586,29.5071306292877],[-82.5564251858338,29.5092114012833],[-82.5564639526298,29.5121684159671],[-82.5564667706449,29.5123818987247],[-82.556618546402,29.5238071761623],[-82.5566160895097,29.5376030961563],[-82.56490018238,29.5376928508506],[-82.5731846588309,29.5377824983912],[-82.5773165578965,29.5377177615938],[-82.5815348695026,29.537651554635],[-82.5856919887699,29.5375861549879],[-82.5897502268806,29.5375221988471],[-82.6063993984389,29.5369565419071],[-82.6563241695675,29.5355241030093],[-82.6562942260241,29.6072964124832],[-82.6525707361209,29.6077499076239],[-82.6395407843158,29.6093359971686],[-82.6060880513446,29.6101503105944],[-82.5866259518995,29.6105390035892],[-82.5653423340611,29.6109567918661],[-82.5594322001276,29.6111086430921],[-82.5567510820424,29.611152108553],[-82.5567223907506,29.6111393838136],[-82.5472253144303,29.6108909296947],[-82.5391721757246,29.6106841896283],[-82.5362523204712,29.6106262786226],[-82.5362235779754,29.6105878909879],[-82.5298417234148,29.6105877496272],[-82.5238185418927,29.6105527671329],[-82.5238353224222,29.6084130028332],[-82.5237849574775,29.6024210767574],[-82.5237228111278,29.5994762439748],[-82.5236543469267,29.5993620180923],[-82.5237141711314,29.5958282549776],[-82.5195345490663,29.595816651545],[-82.4962500857478,29.5957244473645],[-82.4962431651269,29.5945311618183],[-82.4962430869735,29.5945177210351],[-82.4962507379247,29.5870930913138],[-82.4924793229011,29.587292799916],[-82.4563833780547,29.5869768570537],[-82.4563813981678,29.5868829472857],[-82.4561936448836,29.5868815286589],[-82.4562039018475,29.5847038419401],[-82.4562518602056,29.5818577188103],[-82.4562631071129,29.5812713146226],[-82.4562415322747,29.5802478109533],[-82.4562221556141,29.580258407604],[-82.4562250266297,29.5802506280813],[-82.4562737970648,29.5799933675675],[-82.4549042390574,29.5809791413001],[-82.4549041743787,29.5809791873926],[-82.4526720207977,29.5824113741146],[-82.4512346525628,29.5831866053388],[-82.4465383339192,29.5856552573919]]]},"properties":{"OBJECTID":7,"code_elem":"010171","link":"http://www.edline.net/pages/ARC0171","Facility":"Archer Elementary School","Address":"14533 SW 170TH ST","Descrip":"Archer,(Grades K-5)","EntityID":"0171","Entity":171,"Label":"Archer Elementary","Capacity2025":489,"Attendance2025":381,"PctCap2025":78,"Shape__Area":355737166.67773438,"Shape__Length":93688.009286512082}},{"type":"Feature","id":8,"geometry":{"type":"Polygon","coordinates":[[[-82.6570412452514,29.7185717020595],[-82.6570606075391,29.7222077614037],[-82.6570801324218,29.7258762872235],[-82.6571310758815,29.7405233532806],[-82.6572668777963,29.7551364645599],[-82.6574446867304,29.7697490073986],[-82.6575887899767,29.7843373064349],[-82.6576731274088,29.798933718299],[-82.6580772902349,29.8136055549237],[-82.6580996789467,29.821943093899],[-82.6581164370184,29.8281284611774],[-82.6581163696447,29.8281321176891],[-82.6581262250617,29.8302155259429],[-82.658090872762,29.8302107855131],[-82.6580600596494,29.8302013451758],[-82.6580292474352,29.8301919063963],[-82.6579984343226,29.8301824660572],[-82.6579623741505,29.8301774544323],[-82.6577616725497,29.8301386028358],[-82.6577308594372,29.8301291624918],[-82.6576896384437,29.83012407839],[-82.6576534965249,29.8301235687329],[-82.6576173528094,29.8301230598552],[-82.6574616424314,29.8301028543663],[-82.6573353662519,29.8300864681856],[-82.6572670017638,29.8300775959409],[-82.6571930713142,29.8300670178239],[-82.6569527935353,29.8300326393256],[-82.656643748823,29.8299877559436],[-82.6566076060059,29.8299872470652],[-82.6565714640871,29.8299867374074],[-82.656530241297,29.8299816525191],[-82.6562629206347,29.8299148397899],[-82.6560412415755,29.8298582388878],[-82.6560264732722,29.8298544694417],[-82.655908244201,29.8298242811368],[-82.6558774310885,29.8298148399837],[-82.6558466188742,29.8298053988298],[-82.655815889305,29.8297914580272],[-82.655785077989,29.8297820160918],[-82.6557543484198,29.8297680745067],[-82.6557235362055,29.8297586333483],[-82.655692723093,29.8297491914098],[-82.6556619117771,29.8297397518083],[-82.6556258516049,29.8297347401611],[-82.6555898758744,29.8297252265251],[-82.6555590627619,29.8297157853627],[-82.6555283340909,29.8297018429891],[-82.6555028524796,29.8296834718769],[-82.6554773708683,29.8296650992026],[-82.655446641299,29.8296511576013],[-82.6554158299831,29.8296417164319],[-82.6553850168705,29.8296322744822],[-82.6553542046563,29.8296228348696],[-82.6553233915437,29.8296133936976],[-82.6552925802278,29.8296039525246],[-82.6552617671152,29.82959451213],[-82.655230954901,29.8295850709552],[-82.6549759501413,29.8294758626438],[-82.6549450705534,29.8294626395282],[-82.6549227923343,29.8294425749586],[-82.6548976359131,29.8294249386763],[-82.6548753576941,29.8294048756578],[-82.654853079475,29.8293848110766],[-82.654803910188,29.8293229628585],[-82.6547888310676,29.829303994734],[-82.6547617756079,29.8292699619818],[-82.654748079893,29.8292450820851],[-82.6547287229953,29.8292201211352],[-82.6547093211818,29.8291976282201],[-82.6546899193683,29.8291751368586],[-82.6546705166565,29.829152645492],[-82.6546539921468,29.8291277250426],[-82.6546317148261,29.8291076604058],[-82.6546180182129,29.8290827804688],[-82.6546014937033,29.8290578592226],[-82.654584967397,29.8290329395288],[-82.654562689178,29.8290128764316],[-82.6545461619734,29.828987955168],[-82.6545267610582,29.8289654622007],[-82.6545073610413,29.8289429707869],[-82.6544879583295,29.8289204793681],[-82.654468556516,29.8288979856063],[-82.6544463232127,29.8288754544329],[-82.6544269213992,29.8288529614402],[-82.6544075186874,29.8288304700012],[-82.6543911163486,29.8288057341661],[-82.6543909941777,29.8288055027133],[-82.6543663893221,29.8287582964578],[-82.6542633750169,29.8284735575153],[-82.6542577650379,29.8284580524616],[-82.6542317309627,29.8283860906204],[-82.6542122869283,29.828267886242],[-82.6541808485884,29.8280767829323],[-82.6541700310757,29.8280494759725],[-82.6541620423579,29.8280222071914],[-82.6541540545384,29.8279949384028],[-82.6541488982087,29.8279677101309],[-82.6541352501045,29.8279403618379],[-82.654127262285,29.827913093027],[-82.6541135665702,29.8278882120132],[-82.6541055805473,29.8278609431881],[-82.6540947621364,29.8278336346107],[-82.6540753603228,29.8278111437215],[-82.6540616646081,29.827786261903],[-82.6540479697915,29.827761381637],[-82.6540371522789,29.8277340730324],[-82.6540206268709,29.8277091537878],[-82.6540183460484,29.8276794971043],[-82.6539989442349,29.8276570038425],[-82.6539852503167,29.8276321235443],[-82.6539687707228,29.8276047338559],[-82.6539550759063,29.8275798558826],[-82.6539413819881,29.8275549740066],[-82.6539362247601,29.8275277456147],[-82.6539282369406,29.8275004774706],[-82.6539158878004,29.8274741764462],[-82.6538580183298,29.8273468350939],[-82.6538073434663,29.8272745007195],[-82.6537996628706,29.827245745574],[-82.6537892001925,29.8272193369371],[-82.6537815213934,29.8271905817757],[-82.653768322447,29.8271641349378],[-82.6537606445462,29.8271353797606],[-82.6537529639505,29.8271066237957],[-82.6537342475516,29.8270824868278],[-82.6537347793542,29.8270538477451],[-82.6537160611587,29.8270297115438],[-82.6537000810281,29.8270056127438],[-82.6536896210449,29.8269792040434],[-82.6536709028493,29.8269550678241],[-82.6536686974853,29.8269263881804],[-82.6536554994371,29.8268999428312],[-82.6536450376574,29.8268735356615],[-82.6536400969233,29.8268448178079],[-82.6536268979768,29.8268183708785],[-82.6536136999287,29.8267919255007],[-82.6535894642806,29.8267700983562],[-82.6535734832517,29.8267459994936],[-82.6535630232686,29.8267195922832],[-82.6535387436031,29.826700150618],[-82.6535172451217,29.8266783624194],[-82.6534929654562,29.8266589207461],[-82.653482502778,29.8266325127335],[-82.6534665244441,29.8266084146171],[-82.6534422438803,29.8265889729302],[-82.6534290449338,29.8265625267124],[-82.6534047652683,29.8265430857959],[-82.6533833108044,29.8265189105051],[-82.6533562059373,29.8265042039515],[-82.6533291010702,29.826489498175],[-82.6533131209397,29.8264653992448],[-82.65329162156,29.8264436109951],[-82.6532701239769,29.826421821182],[-82.6532458443114,29.8264023810174],[-82.6532215637476,29.8263829377317],[-82.6532000661645,29.826361149464],[-82.6531702223341,29.8263464039211],[-82.6531542440002,29.8263223057357],[-82.6531327455188,29.8263005158961],[-82.6531028585693,29.8262881581871],[-82.6530221170933,29.8262130112504],[-82.6529978814452,29.8261911832002],[-82.6529736017797,29.8261717429907],[-82.6529464960143,29.8261570371653],[-82.6529222163488,29.8261375953906],[-82.6529007178674,29.8261158070694],[-82.6528573723584,29.8260823343445],[-82.652849077315,29.8260759267452],[-82.6528062483372,29.8260428538001],[-82.6527604261729,29.8260040107274],[-82.6527033885423,29.8259793310833],[-82.6526463967257,29.8259522651411],[-82.6525950112948,29.8259181190246],[-82.6525519712129,29.8258769277964],[-82.652494978498,29.8258498618265],[-82.6524408567988,29.8258156743707],[-82.6523894713679,29.825781526649],[-82.6523296534514,29.8257591966185],[-82.6522726607366,29.8257321306166],[-82.6522127538869,29.8257145739501],[-82.6521528470372,29.8256970165012],[-82.6520899802387,29.8256913531342],[-82.6520300751857,29.8256737956813],[-82.6519673404395,29.8256609710779],[-82.6519019161373,29.8256457243244],[-82.6518362250356,29.8256447953664],[-82.6517734031528,29.8256367449175],[-82.6517079788506,29.8256214966016],[-82.6516452459011,29.8256086727708],[-82.6515768167343,29.8256077056256],[-82.65151116965,29.8256043919256],[-82.6514454345308,29.8256058477091],[-82.6513770035674,29.8256048805639],[-82.6513139615974,29.8256087639522],[-82.6512482704956,29.8256078349939],[-82.6511850928799,29.8256188788413],[-82.6511218721452,29.825632308208],[-82.6510587394453,29.8256409657532],[-82.6509928713755,29.8256495819932],[-82.6509322530601,29.8256702107777],[-82.650866296057,29.8256836003918],[-82.6508030313048,29.825699418386],[-82.650742368972,29.8257224326785],[-82.6506790611006,29.8257406354051],[-82.6506211350362,29.8257636886545],[-82.6505580041329,29.8257723446296],[-82.6504973418001,29.8257953589053],[-82.650439416634,29.8258184129214],[-82.6503787551995,29.8258414271865],[-82.6503341619304,29.825883767934],[-82.650286917733,29.825921295553],[-82.6502450176132,29.8259660607455],[-82.6501817977768,29.8259794892862],[-82.6501291690775,29.8260121671348],[-82.6500818826593,29.8260520817748],[-82.6500292090443,29.8260871451093],[-82.6499685026941,29.8261125456009],[-82.6499185231266,29.8261500349473],[-82.6498632021764,29.8261802874873],[-82.6498051000422,29.8262128865587],[-82.6497364948056,29.826221465342],[-82.6496732722742,29.8262348938484],[-82.6496206426767,29.8262675708342],[-82.6495626752897,29.826293010246],[-82.649507398357,29.8263208764595],[-82.6494439539418,29.8263462387049],[-82.6493806882912,29.826362053477],[-82.6493147312881,29.8263754429984],[-82.6492515078584,29.8263888730427],[-82.6491882431062,29.826404687808],[-82.6491249756591,29.8264205033501],[-82.6490616659911,29.8264387043909],[-82.6490010036583,29.8264617192925],[-82.6489349999428,29.8264774950802],[-82.6488718223272,29.8264885372729],[-82.6488061303271,29.8264876075435],[-82.6487429095924,29.8265010360142],[-82.648682291277,29.8265216622849],[-82.6486269245128,29.8265542994316],[-82.648561233411,29.8265533697029],[-82.6484955414109,29.8265524391949],[-82.6484298476141,29.8265515086868],[-82.6483614193457,29.826550539992],[-82.6482929901789,29.8265495705179],[-82.6482324598985,29.8265654265617],[-82.6481692831811,29.826576467186],[-82.6481061055655,29.8265875093677],[-82.6480429728657,29.8265961637128],[-82.6479797072152,29.826611977666],[-82.6479164846838,29.8266254068992],[-82.6478532190333,29.8266412216271],[-82.6477874363033,29.8266450644505],[-82.6477267299531,29.8266704632416],[-82.6476635963549,29.8266791183589],[-82.6475941359222,29.826677555045],[-82.647534652179,29.8266996043155],[-82.6474690356374,29.8266986745881],[-82.6474030974989,29.8267149093572],[-82.6473499648448,29.826748494092],[-82.647284025808,29.826764728853],[-82.6472183023669,29.8267695193227],[-82.6471523642284,29.8267857548596],[-82.6470864260899,29.8268019896145],[-82.6470208077517,29.826801059888],[-82.6469551885151,29.8268001293822],[-82.646895599669,29.8268278988189],[-82.6468361195192,29.8268499488356],[-82.6467705002826,29.8268490183303],[-82.6467048819443,29.8268480886043],[-82.6466392645044,29.8268471580989],[-82.6465736461662,29.8268462283729],[-82.6465078149272,29.8268567413682],[-82.6464420896894,29.8268615318335],[-82.64637636535,29.8268663230779],[-82.6463107470117,29.8268653925727],[-82.6462451304701,29.8268644628469],[-82.6461795112336,29.8268635323417],[-82.646113894692,29.8268626018366],[-82.6460482754554,29.8268616713313],[-82.6459826589138,29.8268607408261],[-82.6459170387789,29.826859810321],[-82.6458514222373,29.8268588798157],[-82.6457860167998,29.8268465073687],[-82.6457203984615,29.8268455768633],[-82.6456617690162,29.8268218513122],[-82.6455961515763,29.8268209208066],[-82.6455308530383,29.8268028273813],[-82.6454652364966,29.8268018968756],[-82.6453996172601,29.8268009655905],[-82.6453343205187,29.8267828706029],[-82.6452687021805,29.8267819393177],[-82.6451965225474,29.8267809152936],[-82.6451309060058,29.8267799847876],[-82.6450652867692,29.8267790535023],[-82.6449996702276,29.8267781229964],[-82.6449340518894,29.8267771917111],[-82.6448684344494,29.8267762612051],[-82.6448028161112,29.8267753299198],[-82.6447371968746,29.8267743986344],[-82.644671580333,29.8267734681285],[-82.6446055343967,29.826795422301],[-82.6445398109556,29.8268002127693],[-82.6444740857178,29.8268050024579],[-82.6444083622767,29.826809793705],[-82.6443424232399,29.8268260268974],[-82.6442829385984,29.8268480745766],[-82.6442171082577,29.8268585852337],[-82.6441514899195,29.8268576539491],[-82.6440856595788,29.8268681653846],[-82.6440197196437,29.8268843993467],[-82.6439601298994,29.8269121679806],[-82.6439006470545,29.8269342156408],[-82.6438475117055,29.826967797964],[-82.6437817864677,29.8269725892033],[-82.6437223027245,29.8269946360709],[-82.6436691682738,29.8270282183738],[-82.6436096836323,29.8270502660083],[-82.643543851495,29.8270607766442],[-82.6434782340551,29.8270598445822],[-82.6434315531014,29.8270992428967],[-82.6433657209641,29.8271097535274],[-82.6432999966246,29.8271145439805],[-82.6432342713869,29.8271193352128],[-82.6431684401479,29.8271298450621],[-82.6430959398162,29.827145983126],[-82.6430302136802,29.8271507735774],[-82.6429644902391,29.82715556247],[-82.6428983068605,29.8271563472405],[-82.6428316680361,29.8271675935387],[-82.6427685254548,29.8271788904912],[-82.642712088797,29.8272055235814],[-82.6426307427548,29.8272272259404],[-82.6425360486458,29.8272524905416],[-82.6424665612636,29.8272477639988],[-82.6424001515096,29.8272468210281],[-82.6423337417556,29.8272458772782],[-82.6422673302049,29.8272449335282],[-82.6422009186543,29.8272439897782],[-82.6421345089003,29.8272430468076],[-82.642071480405,29.8272482471738],[-82.6420050688543,29.8272473042032],[-82.6419418687808,29.8272616490456],[-82.6418751158704,29.8272789903495],[-82.6418120855785,29.8272841907139],[-82.6417590292812,29.827316970226],[-82.6416958283094,29.827331314279],[-82.6416359537991,29.8273548511153],[-82.6415794596492,29.8273845328332],[-82.6415163134746,29.8273958305404],[-82.6414666977248,29.8274317054478],[-82.6414068205195,29.8274552422604],[-82.6413503829635,29.8274818768357],[-82.6412973266662,29.8275146547244],[-82.6412580217792,29.8275598236661],[-82.6412290915355,29.827611235654],[-82.6412105314434,29.8276688930162],[-82.6411919722497,29.8277265511244],[-82.6411769658928,29.8277812096337],[-82.6411728022015,29.8278355758719],[-82.6411651296907,29.8278619422632],[-82.6411849447292,29.827915455893],[-82.641183861361,29.8279733601206],[-82.6411827788911,29.8280312658733],[-82.641181638929,29.8280922186868],[-82.641177060216,29.8281500752742],[-82.6411550631696,29.8282046345798],[-82.6411539806997,29.8282625401985],[-82.6411459632358,29.8283172981658],[-82.6411413279289,29.8283782017085],[-82.6411158912333,29.8284296639302],[-82.6410730918999,29.8284747818035],[-82.6410476561026,29.828526245534],[-82.6410152862097,29.8285745600697],[-82.6409515722999,29.8286163331053],[-82.6409436761085,29.8286229961534],[-82.640905392606,29.8286553060857],[-82.6408489532534,29.8286819395618],[-82.6408027142707,29.8287239603709],[-82.6407599742262,29.828766031817],[-82.6407137918374,29.828805004739],[-82.6406744312549,29.8288532201686],[-82.6406351272663,29.8288983892845],[-82.6405753066549,29.8289188779034],[-82.6405360026663,29.8289640454312],[-82.6404863833232,29.8289999221135],[-82.6404505180855,29.8290481865449],[-82.6403906408802,29.8290717237561],[-82.6403547747442,29.8291199889321],[-82.6403085366599,29.8291620103363],[-82.6402554794643,29.8291947884532],[-82.6402058601212,29.8292306650527],[-82.64017348933,29.8292789800271],[-82.6401203728456,29.8293148043833],[-82.6400604956403,29.8293383407524],[-82.6400108206017,29.8293772643554],[-82.6399577041173,29.829413090235],[-82.639908027282,29.8294520130296],[-82.6398617326039,29.8294970829042],[-82.6398154954179,29.8295391033705],[-82.639769255537,29.8295811245985],[-82.6397230740465,29.8296200972026],[-82.6396699018665,29.8296589700416],[-82.6396237203761,29.8296979433947],[-82.6395706056883,29.8297337691593],[-82.6395312990047,29.8297789370979],[-82.6394919384223,29.8298271528368],[-82.6394456994396,29.8298691731644],[-82.6393891460009,29.8299019027331],[-82.6393464014647,29.829943972904],[-82.639289848026,29.8299767008896],[-82.6392367899321,29.83000947796],[-82.6391801798995,29.8300452552968],[-82.6391339957141,29.8300842269406],[-82.6390843754728,29.8301201032207],[-82.6390485102351,29.8301683678904],[-82.6389953937506,29.8302041942656],[-82.6389457160171,29.8302431167521],[-82.6388892191723,29.830272797612],[-82.6388361044844,29.8303086231706],[-82.6387864258526,29.8303475463956],[-82.6387436813164,29.8303896163789],[-82.6386905657303,29.8304254418955],[-82.6386443833416,29.8304644141703],[-82.6385947065064,29.8305033365554],[-82.6385380955755,29.8305391129361],[-82.6384850347866,29.8305718906012],[-82.6384561027462,29.8306233033773],[-82.6384167960627,29.8306684693553],[-82.63837055708,29.8307104901083],[-82.6383209359404,29.8307463653843],[-82.6382677628621,29.8307852385644],[-82.6382181426207,29.8308211138136],[-82.6381548814618,29.8308385028156],[-82.6380983846169,29.8308681834987],[-82.6380419443659,29.830894816385],[-82.6379786814104,29.8309122069328],[-82.6379083172725,29.8309355917441],[-82.6378484957628,29.830956079166],[-82.6377884442843,29.8309887561666],[-82.6377388231447,29.8310246321219],[-82.637689202005,29.8310605072851],[-82.6376464574688,29.8311025769682],[-82.6375968354309,29.8311384505448],[-82.6375437198448,29.8311742765723],[-82.6374872786955,29.8312009078184],[-82.6374342197032,29.8312336852665],[-82.6373845976652,29.8312695603546],[-82.637327985836,29.8313053356816],[-82.6372748675549,29.8313411608699],[-82.6372216944767,29.8313800330394],[-82.6371650251553,29.8314188553198],[-82.6371119634681,29.8314516342549],[-82.6370623423284,29.8314875077062],[-82.637016158143,29.8315264811253],[-82.6369733552164,29.8315715968211],[-82.6369271153354,29.8316136171943],[-82.6368774367036,29.8316525383524],[-82.6368312534165,29.8316915117072],[-82.6367781926276,29.8317242889943],[-82.6367250761432,29.8317601132532],[-82.6366857119674,29.831808328036],[-82.6366360899295,29.8318442036972],[-82.6365762657248,29.8318646878156],[-82.636536901549,29.8319129033273],[-82.6364907173637,29.831951875022],[-82.6364376574731,29.8319846522237],[-82.6363811022377,29.8320173795409],[-82.6363348614585,29.8320593989474],[-82.6362817997713,29.8320921753345],[-82.6362286823885,29.8321280002407],[-82.6361790603506,29.8321638750078],[-82.6361362574239,29.832208991195],[-82.636083196635,29.8322417683124],[-82.6360404512005,29.8322838367188],[-82.6359908282642,29.8323197114299],[-82.635958454778,29.8323680249106],[-82.6359157084452,29.8324100948225],[-82.635869467666,29.8324521140637],[-82.6358163475883,29.8324879388409],[-82.6357736039504,29.8325300079229],[-82.6357238669281,29.8325719772403],[-82.6356845566513,29.8326171431167],[-82.6356417555212,29.8326622590992],[-82.6355886929357,29.8326950376265],[-82.6355356321468,29.8327278130259],[-82.6354860092105,29.8327636883568],[-82.6354398250252,29.8328026589403],[-82.6353935833476,29.8328446787957],[-82.6353542748674,29.8328898437696],[-82.6353080331898,29.8329318635884],[-82.6352618472078,29.8329708356649],[-82.6352398456699,29.8330253946761],[-82.6351747941686,29.833129621919],[-82.6351277314308,29.8331862451251],[-82.6350937014512,29.8332487837209],[-82.6350466396118,29.8333054068596],[-82.6350060393542,29.8333678526481],[-82.634972007578,29.8334303895718],[-82.6349249466369,29.833487014166],[-82.6348778830009,29.8335436363903],[-82.6348438530213,29.833606176321],[-82.6348162828269,29.8336745373182],[-82.6347822546439,29.8337370748292],[-82.6347482228677,29.8337996138595],[-82.63470116013,29.8338562359067],[-82.6346997623514,29.8339307006957],[-82.6346721930553,29.8339990606915],[-82.6346511940372,29.8340675149312],[-82.6346367652971,29.8341360626353],[-82.6346432816762,29.8342050887582],[-82.6346538952713,29.8342738140391],[-82.6346460341142,29.834342455892],[-82.6346316062724,29.8344110034075],[-82.6346040360781,29.8344793630747],[-82.6346026382995,29.8345538258407],[-82.6346012414192,29.834628287772],[-82.6345933820588,29.8346969293814],[-82.6345918773807,29.8347771210744],[-82.6345904805004,29.8348515836185],[-82.6345890827218,29.8349260476656],[-82.6345876849433,29.8350005100988],[-82.6345868252555,29.835046334126],[-82.6346206540125,29.8353447473449],[-82.6346654592839,29.8354084113864],[-82.6346707395812,29.8354772402591],[-82.6346957289157,29.8355463503936],[-82.634707579491,29.8356152734604],[-82.6347259994459,29.8356842892102],[-82.634744311603,29.8357590323868],[-82.6347774342841,29.83585597549],[-82.6348252929292,29.8359960490142],[-82.6348564411133,29.8360872114435],[-82.6348814295496,29.836156321156],[-82.6348998495045,29.8362253373113],[-82.6349117000797,29.8362942599097],[-82.6349433665918,29.8363577363277],[-82.6349486477874,29.8364265645463],[-82.6349472500088,29.8365010274195],[-82.6349458531285,29.8365754894579],[-82.6349444553499,29.8366499545578],[-82.6349430584697,29.8367244164852],[-82.6349416615894,29.8367988791363],[-82.6349402638108,29.8368733432905],[-82.6349521134877,29.8369422654418],[-82.6349771037206,29.8370113761212],[-82.6349757068404,29.8370858377792],[-82.6349743099601,29.8371603009402],[-82.6349861587387,29.8372292228935],[-82.6350045786936,29.8372982390868],[-82.6350229986485,29.8373672552325],[-82.6350216017682,29.8374417197421],[-82.6350202039896,29.8375161826378],[-82.6350188071094,29.837590645478],[-82.6350174102291,29.8376651098211],[-82.6350160124505,29.8377395725503],[-82.6350146155703,29.8378140344447],[-82.6350132177917,29.8378884994006],[-82.6350118209114,29.837962961184],[-82.6350104240311,29.8380374236911],[-82.6350090262525,29.8381118877012],[-82.6350076293723,29.8381863500974],[-82.635006232492,29.838260812438],[-82.6350048347134,29.8383352770608],[-82.6350034378332,29.8384097392904],[-82.6350020409529,29.8384842022437],[-82.6349876122128,29.8385527492549],[-82.6349925700149,29.838638761786],[-82.6349712476033,29.8387243994357],[-82.6349630657477,29.8388102248051],[-82.6349352799576,29.8388900415066],[-82.6348681820941,29.8389635674756],[-82.6348338269244,29.8390432905477],[-82.6348060420327,29.8391231062836],[-82.6347586559014,29.83919691338],[-82.6346535206738,29.8394028068308],[-82.6346292014824,29.8394504319523],[-82.6345800950774,29.8395466031636],[-82.6345118204209,29.8396803092011],[-82.6344216376512,29.839761858965],[-82.6343311710139,29.8398436650245],[-82.6342584937141,29.8399346065413],[-82.6341845012808,29.8400252230426],[-82.6340910163042,29.8401041005992],[-82.6339975286325,29.8401829796518],[-82.6339170746174,29.8402677728692],[-82.6338235860474,29.8403466525718],[-82.6337301001724,29.8404255290952],[-82.6336302578185,29.8404928576462],[-82.6335830037396,29.8405201993864],[-82.6335239502895,29.8405543654474],[-82.6334639320487,29.8406278691526],[-82.6334499587545,29.8406449798281],[-82.6334402434747,29.8406492880805],[-82.6333372974414,29.8406949373111],[-82.6332438097698,29.8407738151179],[-82.6331246850783,29.8408179510683],[-82.6330247349265,29.8408910065348],[-82.6329057189312,29.8409294129182],[-82.6327803482535,29.8409562706509],[-82.6326740425211,29.8410177773875],[-82.632567734992,29.8410792817487],[-82.63244257991,29.8410946827676],[-82.6323169927384,29.8411329971264],[-82.6322106852093,29.8411945014165],[-82.6320980238963,29.8412444586247],[-82.6319917154689,29.8413059644046],[-82.63189187042,29.8413732915829],[-82.6317855637893,29.8414347980627],[-82.6316985376995,29.8415194959337],[-82.6316061019551,29.8416207775002],[-82.6312288221122,29.8420341645892],[-82.6311483636055,29.842118956235],[-82.6310743693755,29.8422095699753],[-82.630980876314,29.842288446586],[-82.6309068793891,29.8423790593934],[-82.6308459161206,29.8424755893317],[-82.6307914162307,29.8425779405426],[-82.6307174184075,29.8426685538666],[-82.6306694887955,29.8427709991621],[-82.6306345892467,29.8428793615418],[-82.6306220766131,29.8429916150875],[-82.6305975364362,29.8431022805161],[-82.6305953813778,29.8432168378762],[-82.6305932272178,29.8433313966632],[-82.6305845018814,29.8434458618163],[-82.6305627437869,29.8435544104687],[-82.6305540202472,29.8436688753661],[-82.6305518651888,29.8437834328555],[-82.6305694209644,29.8438982722783],[-82.6306002250938,29.8440075723513],[-82.6306774532588,29.8440946180568],[-82.6307215075386,29.8441983779286],[-82.630778809274,29.8442965984907],[-82.6308426812873,29.8443949132372],[-82.6309065533006,29.8444932255493],[-82.6309571787568,29.8445970792876],[-82.6310144804921,29.8446952994577],[-82.6310850323779,29.8447879787982],[-82.6311554746692,29.8448863873413],[-82.6312127773029,29.8449846064477],[-82.6313032565166,29.8450661121426],[-82.63140030511,29.8451477120512],[-82.6314774272738,29.8452404844728],[-82.6315148043762,29.8453498789151],[-82.631938010588,29.8459116823699],[-82.6320435734136,29.8462397696314],[-82.6320678090617,29.8463489744209],[-82.6320986167844,29.8464582757074],[-82.632115637164,29.8466017541122],[-82.6321333034324,29.8467108657855],[-82.6321377195504,29.8468255187388],[-82.6321354593891,29.846945804894],[-82.6321333061274,29.8470603640783],[-82.6321311528656,29.8471749207938],[-82.6321289996039,29.8472894804944],[-82.6321268472405,29.8474040392845],[-82.6321246939787,29.8475185963847],[-82.632122540717,29.8476331556911],[-82.6321138180756,29.8477476205883],[-82.6320920608794,29.8478561684604],[-82.6320703036832,29.8479647169937],[-82.6320222626802,29.8480728914159],[-82.631987364928,29.8481812527173],[-82.6319656077318,29.8482898001179],[-82.6319176736283,29.8483922466593],[-82.631856599867,29.8484945037623],[-82.6317956330053,29.8485910348016],[-82.6317477015967,29.8486934794755],[-82.6316671308006,29.8487839999859],[-82.6315601881626,29.8488444703121],[-82.6312417605472,29.8490357481586],[-82.6310163094621,29.849141387645],[-82.6309036391659,29.8491913424361],[-82.6307846114924,29.8492297464064],[-82.6306655856156,29.8492681511412],[-82.6305402023615,29.8492950066313],[-82.6304147122079,29.8493275888106],[-82.6302892238509,29.8493601725374],[-82.6301638396985,29.8493870272236],[-82.6300386729383,29.8494024261823],[-82.6299071505976,29.8494062751424],[-82.6297757378513,29.8494043958526],[-82.6296443224101,29.8494025165627],[-82.6295129078672,29.8494006364937],[-82.629374922148,29.8493986629276],[-82.6292435094017,29.8493967836376],[-82.6291769514256,29.8493958315263],[-82.6291675155219,29.8493956959557],[-82.6290925205687,29.8493676600925],[-82.6290174474621,29.8493439562521],[-82.6289423743555,29.8493202508478],[-82.6288660238446,29.8493016714167],[-82.6287871382879,29.8492923154728],[-82.628710768014,29.8492747621675],[-82.6286332964056,29.8492530809602],[-82.6285594216516,29.8492283642066],[-82.6284843260871,29.8492056895814],[-82.6284054800563,29.8491942727943],[-82.6283291106807,29.8491767225884],[-82.6282485362913,29.84918201531],[-82.6281171208501,29.8491801344577],[-82.6279857090021,29.8491782536053],[-82.6278544013587,29.8491706444897],[-82.6277230946136,29.8491630361526],[-82.6275986833367,29.8491383349596],[-82.6274741642619,29.8491193643644],[-82.6273297160625,29.8491115674706],[-82.6272053047855,29.8490868686022],[-82.6270741058383,29.8490735304317],[-82.6269362297136,29.8490658270316],[-82.6268117106388,29.8490468548644],[-82.6266874089563,29.8490164269288],[-82.6265698913508,29.8489746367119],[-82.6264390166954,29.8489441152569],[-82.626314607215,29.8489194147889],[-82.6261901950398,29.8488947135356],[-82.6260728948266,29.848841467483],[-82.6259888421604,29.8488020808596],[-82.6259122185616,29.8487824650672],[-82.6258335917197,29.8487751683592],[-82.6257541492076,29.8487640000706],[-82.6256784104494,29.8487443967371],[-82.625601799427,29.8487240119152],[-82.6255232300773,29.8487136282221],[-82.6254442708588,29.8487178698989],[-82.6253129668086,29.8487102568524],[-82.6251955596959,29.8486627397733],[-82.6250712553185,29.8486323093832],[-82.6249399512684,29.8486246978885],[-82.6248085376237,29.8486228139091],[-82.6246771239792,29.8486209299296],[-82.624545819929,29.8486133153175],[-82.6244145140823,29.8486057038213],[-82.624283101336,29.8486038190624],[-82.624151689488,29.8486019343034],[-82.6240202749451,29.8486000487653],[-82.6238888613005,29.8485981640062],[-82.6237443070999,29.8485960899141],[-82.6236128934553,29.8485942043759],[-82.6234843113005,29.8485730232338],[-82.6233561827949,29.8485711844441],[-82.6232275674024,29.8485951214332],[-82.6230994397951,29.8485932826437],[-82.6229713121878,29.8485914438543],[-82.6228333273669,29.8485894632598],[-82.6227048754678,29.8486048078012],[-82.6225767478605,29.8486029682328],[-82.6224486202533,29.8486011286644],[-82.6222258677072,29.8485635542452],[-82.622169042079,29.8485539683833],[-82.6219474268,29.8485165848377],[-82.6218299657884,29.8484719271433],[-82.6217023259663,29.8484443117613],[-82.621574847841,29.8484081031321],[-82.621457388626,29.84836344461],[-82.6213801649526,29.8482763940548],[-82.6213658826379,29.8482742669739],[-82.621227134249,29.8482011444473],[-82.6210773734131,29.8481576662471],[-82.6209203470031,29.848089309708],[-82.6207836898922,29.8480171609867],[-82.620636675206,29.8479599283195],[-82.6204909100765,29.8478596894564],[-82.6203610415342,29.8477761781607],[-82.6202203375129,29.8477104330879],[-82.6202002475899,29.8476877853884],[-82.6201887895784,29.8476748693331],[-82.6200714947552,29.847621617955],[-82.6199541990335,29.8475683665485],[-82.6198459798896,29.8474808680643],[-82.6197179214526,29.8473773289881],[-82.6195677725444,29.8473236045025],[-82.619431307673,29.8472414305738],[-82.6192809449658,29.8471991612104],[-82.6191374759301,29.8471398033066],[-82.6189804333504,29.8471031680041],[-82.6188302862389,29.8470494433709],[-82.6186729175708,29.8470299908578],[-82.6185086534346,29.8470276276647],[-82.6183443901966,29.8470252644716],[-82.6181801260604,29.8470229012784],[-82.6180471960596,29.847101201405],[-82.6179180344914,29.8472124817107],[-82.6177743318937,29.8472806160108],[-82.6176828330922,29.8474019121849],[-82.6176707830909,29.847542682445],[-82.6176287563087,29.8476795847804],[-82.617619582713,29.8478169598746],[-82.6175775550325,29.8479538626131],[-82.6175486688062,29.8480909537187],[-82.6175394934138,29.8482283290261],[-82.6175367814,29.8483715259519],[-82.6175210375264,29.8485088065963],[-82.6175447144223,29.8486466558298],[-82.6175420024084,29.8487898521557],[-82.6175392903946,29.8489330513928],[-82.6175695402635,29.8490709943169],[-82.6175800766035,29.8492086526633],[-82.6175709030078,29.8493460287703],[-82.6176341138611,29.8494787150379],[-82.6176314018472,29.849621913287],[-82.6176353697058,29.8497594781563],[-82.6176854391048,29.849891975323],[-82.6177487622475,29.8500189357671],[-82.6178319022254,29.8501404522267],[-82.6179282941503,29.8502564273298],[-82.6179985828297,29.8503678856574],[-82.6180048647485,29.8503778476669],[-82.6181013662679,29.850488096644],[-82.618197866889,29.8505983454994],[-82.6183010464842,29.8507029603327],[-82.6183975489019,29.8508132081717],[-82.6184940504213,29.8509234574473],[-82.6186374161507,29.8509885428193],[-82.6187876755517,29.8510365402933],[-82.6189378307481,29.8510902658976],[-82.6191014498939,29.85112699557],[-82.6192584987618,29.8511636309544],[-82.6194158746164,29.8511830818831],[-82.6195662445101,29.851225350339],[-82.6197305149345,29.8512277126536],[-82.6198877802964,29.8512528917139],[-82.6200520534158,29.8512552532487],[-82.620202097221,29.8513147037594],[-82.6203453578476,29.8513855170128],[-82.6204617911865,29.8514845914392],[-82.6205716524508,29.8515835699348],[-82.6206947665605,29.8516770126566],[-82.6208312386185,29.851759184493],[-82.6209813929165,29.8518129073711],[-82.6211449069595,29.851855363329],[-82.6213016333322,29.8519091796499],[-82.6214591178829,29.8519228999906],[-82.6216164937376,29.8519423492131],[-82.6217735453004,29.8519789811818],[-82.6219311385473,29.8519869749695],[-82.6220887317942,29.8519949671983],[-82.6222252047505,29.8520771395521],[-82.6223350687097,29.8521761174603],[-82.6224449344656,29.8522750952704],[-82.6225082629982,29.8524020519048],[-82.6226046621097,29.8525180259391],[-82.6226679915406,29.8526449838228],[-82.6227048206706,29.8527830190079],[-82.622761470229,29.8529156111095],[-82.6228246909638,29.8530482965287],[-82.6228312262075,29.8530801116149],[-82.6228848816811,29.8533413626798],[-82.6229019981805,29.8534791156433],[-82.6229124357058,29.8536225005945],[-82.6229361224832,29.8537603482212],[-82.6229334176559,29.8539035450037],[-82.6229111079958,29.8540407323399],[-82.6228953713087,29.8541780137593],[-82.6228467760451,29.8543148228532],[-82.6227982912742,29.8544459053572],[-82.6227562680852,29.8545828099134],[-82.6227012094432,29.8547137977944],[-82.6226591862542,29.8548507012041],[-82.6226419916013,29.8548971916022],[-82.6223571007904,29.8553931171809],[-82.621130032655,29.8568390532548],[-82.6210835259745,29.8569681263061],[-82.6210354140045,29.8571016594331],[-82.6210299657223,29.8572394095447],[-82.6210076515706,29.8573765961918],[-82.6209919103919,29.8575138769187],[-82.6209892019713,29.8576570737702],[-82.6209734616909,29.8577943548905],[-82.6209314349087,29.8579312579705],[-82.6208633381185,29.8580563290635],[-82.6207952422267,29.8581813984416],[-82.6207269307393,29.8583179239198],[-82.6206263023595,29.8584253376573],[-82.6205451719129,29.8585444903126],[-82.6204186909175,29.8586286142983],[-82.6203050297796,29.858730111452],[-82.6201720854057,29.8588084140828],[-82.6200456053086,29.858892537846],[-82.6199320492736,29.8589883070315],[-82.6198120316567,29.8590782526052],[-82.6196790863845,29.8591565541838],[-82.6195210493699,29.859171470173],[-82.6193567654707,29.8591691080464],[-82.6191995953303,29.8591382009543],[-82.6190424260882,29.8591072922946],[-82.6188990486806,29.8590422075416],[-82.6187883241353,29.8589427596522],[-82.6186951984848,29.8589072692357],[-82.6186437843078,29.8588876756846],[-82.6185923674359,29.8588680797924],[-82.6185821697608,29.8588641938018],[-82.6185224632354,29.8587961538837],[-82.6183859848892,29.8587139769329],[-82.6182560777194,29.8586318949609],[-82.6181125916157,29.8585725368428],[-82.6179552058796,29.8585530842377],[-82.6178050434967,29.8584993571964],[-82.6176683486565,29.8584286362452],[-82.6175179670847,29.8583863669439],[-82.6173812722446,29.8583156459127],[-82.6172377897341,29.8582562844903],[-82.6170944132249,29.8581911968451],[-82.616957719283,29.8581204756756],[-82.6168210253412,29.8580497544561],[-82.6166775428308,29.8579903928755],[-82.6165877157939,29.8578745108973],[-82.6164979992499,29.8577528994556],[-82.6164215328563,29.8576257494035],[-82.6163582079169,29.8574987892845],[-82.616334528326,29.8573609413669],[-82.6163042784572,29.85722299899],[-82.6162144541153,29.8571071153418],[-82.6161247366729,29.8569855037442],[-82.6160615231247,29.8568528165466],[-82.6159850567311,29.856725666127],[-82.6159019113633,29.8566041498921],[-82.6158320188409,29.8564770949833],[-82.6157288338558,29.8563724784101],[-82.6156122900241,29.8562791273413],[-82.6155157867081,29.8561688754105],[-82.61540603414,29.8560641634652],[-82.6153095308239,29.8559539136342],[-82.6152063476354,29.8558492965125],[-82.6150965950673,29.855744584232],[-82.6149803782223,29.8556340504581],[-82.6148638370856,29.8555406971406],[-82.6147607634916,29.8554303524609],[-82.6146510118217,29.8553256397409],[-82.6145412583553,29.8552209269111],[-82.614431397091,29.8551219418935],[-82.6143482562148,29.8550004244854],[-82.6142584336695,29.8548845413732],[-82.6141686138192,29.8547686557892],[-82.6140455006078,29.8546752105076],[-82.6139356420385,29.8545762241697],[-82.6138192122928,29.8544771434624],[-82.6137161404955,29.8543667976071],[-82.6136330005176,29.8542452792797],[-82.6135031014326,29.8541631928538],[-82.6134066026081,29.8540529417022],[-82.6132564492084,29.8539992106803],[-82.6131399116649,29.8539058581713],[-82.613003334504,29.8538294036323],[-82.6129774836851,29.8538061129991],[-82.6128795511494,29.8537136640748],[-82.6125706914901,29.8534220980251],[-82.6122046343001,29.8529699153634],[-82.612094779324,29.8528709281137],[-82.6120050708648,29.8527493144715],[-82.6118820735361,29.8526501392361],[-82.6117655386875,29.8525567839073],[-82.6116356431958,29.852474696872],[-82.6115057486023,29.852392608211],[-82.6114092533711,29.8522823543249],[-82.6113060791658,29.8521777341345],[-82.6108754501748,29.8520110887794],[-82.6107179665223,29.8519973559848],[-82.6105601567814,29.8520008043765],[-82.6104016939653,29.8520386213671],[-82.6102752138682,29.8521227360325],[-82.6101294550269,29.8521836546679],[-82.6099773459947,29.8522330212597],[-82.6098252333694,29.8522823886062],[-82.6096859370082,29.8523491294987],[-82.6095402886596,29.8524043191391],[-82.6094073442857,29.8524826095918],[-82.6093862374698,29.852499274139],[-82.6092350833468,29.8525546023793],[-82.6091021407696,29.8526328934931],[-82.6089950427231,29.8527344754343],[-82.6088879473716,29.8528360572721],[-82.6087808511217,29.8529376390065],[-82.6086414442677,29.853010105946],[-82.6085021470082,29.8530768447938],[-82.6083628488503,29.853143583597],[-82.6082048190222,29.8531584864607],[-82.6080470074847,29.8531619348124],[-82.6078888689604,29.8531825641485],[-82.6077312739168,29.8531745556534],[-82.6075738989605,29.8531550903096],[-82.6074345397172,29.8531052138549],[-82.6074237482557,29.8531013510133],[-82.6072870677886,29.8530306200047],[-82.6071366996915,29.8529883359517],[-82.6069933393519,29.8529232378594],[-82.6068357470033,29.8529152270062],[-82.6066714738839,29.8529128483701],[-82.606514099826,29.8528933821961],[-82.6063566161735,29.8528796440692],[-82.606198585447,29.8528945438559],[-82.6060591767964,29.8529670084894],[-82.6059134152601,29.8530279211558],[-82.6057676537238,29.853088833785],[-82.6056282450731,29.8531612990566],[-82.6054952962077,29.85323958502],[-82.6053817347828,29.8533353409306],[-82.6052552466009,29.853419451387],[-82.6051859415767,29.8534673915964],[-82.6051300771458,29.8535494154866],[-82.6050553930097,29.8536743814367],[-82.6049872809483,29.8537994430606],[-82.6049125968122,29.8539244102559],[-82.6048575175088,29.8540553888724],[-82.6048286106213,29.8541924778329],[-82.6048062767067,29.8543296616556],[-82.6047839418938,29.8544668452898],[-82.6046833009376,29.8545742483687],[-82.6045503520722,29.854652533224],[-82.6043886616092,29.8546755642193],[-82.604227714053,29.8546822333201],[-82.604069462341,29.8547085871715],[-82.6039238077042,29.8547637700538],[-82.6037719079796,29.8548016748151],[-82.6036197908626,29.8548510346586],[-82.6034868393022,29.8549293185177],[-82.6034267743491,29.8550108355722],[-82.6033991197131,29.8550483662728],[-82.6033636407509,29.8551853588197],[-82.6033347329651,29.8553224470074],[-82.6033074367569,29.855411314501],[-82.6032926828266,29.8554593449078],[-82.6032900588477,29.855596814475],[-82.6032742925161,29.8557340929752],[-82.6032716856052,29.85587071685],[-82.603271559841,29.855877291601],[-82.6032164751478,29.8560082707715],[-82.6031222939768,29.8561214951055],[-82.6030625326542,29.8561852666613],[-82.6030216494273,29.8562288940668],[-82.6029405001161,29.8563480360997],[-82.6028593490083,29.8564671787695],[-82.6028520430101,29.8565018239658],[-82.6028304385275,29.8566042659759],[-82.6028146730943,29.8567415446487],[-82.6027791932338,29.8568785379883],[-82.6027371412987,29.8570154353127],[-82.6027016596416,29.8571524274972],[-82.6026924653847,29.8572898028012],[-82.6026439509695,29.8574208775031],[-82.6026150404887,29.8575579649578],[-82.6025664173773,29.8576947670821],[-82.6024142939721,29.8577441254949],[-82.602281229224,29.8578281364101],[-82.6021355674007,29.8578833175678],[-82.6020155345125,29.8579732485558],[-82.6018636311945,29.8580111497611],[-82.6017178579801,29.8580720593495],[-82.6015535767759,29.8580696753828],[-82.6014032032889,29.8580273841154],[-82.601246040335,29.8579964564139],[-82.6010817591308,29.8579940708872],[-82.6009357694224,29.8580664344345],[-82.6008092713591,29.8581505401253],[-82.6006633912451,29.8582171750359],[-82.6005498172437,29.8583129277299],[-82.6004491682027,29.8584203258914],[-82.6003420566815,29.8585219003849],[-82.6003251620659,29.8585577625549],[-82.6002803963204,29.8586527833758],[-82.6002122743774,29.8587778426577],[-82.6002072447101,29.8587828731033],[-82.6001164286282,29.858873759197],[-82.6001050523634,29.8588851437145],[-82.5999850167802,29.8589750737998],[-82.5998455937565,29.8590475301238],[-82.5997292089266,29.8590719670987],[-82.5996908454741,29.8590756014428],[-82.5995367430804,29.8590430427009],[-82.5993724600796,29.8590406556411],[-82.5992154049235,29.8590039966592],[-82.599085513025,29.858921895449],[-82.5990132785947,29.8588932257628],[-82.5989340588647,29.8588825260468],[-82.5988546549801,29.8588813722475],[-82.5987753876394,29.8588730564778],[-82.5986960762813,29.8588671293296],[-82.5986167173125,29.858863587687],[-82.5985373610386,29.8588600468233],[-82.598457957154,29.8588588922446],[-82.5983785532694,29.8588577376659],[-82.598299241013,29.8588518120749],[-82.5982198847391,29.8588482704318],[-82.5981404808545,29.858847115853],[-82.5980610769699,29.8588459612741],[-82.5979818114259,29.8588376462805],[-82.597902406643,29.8588364917016],[-82.5978230054533,29.8588353371227],[-82.5977436006704,29.8588341817647],[-82.5976641976841,29.8588330271857],[-82.5975847937995,29.8588318718276],[-82.5975053917116,29.8588307172486],[-82.5974257596549,29.8588414940979],[-82.5973512848262,29.8588690590808],[-82.5973180480591,29.8588847378202],[-82.5971660297568,29.8589283601505],[-82.5970203652385,29.8589835375837],[-82.5968682373418,29.8590328891266],[-82.5967225719252,29.8590880633857],[-82.5965767960159,29.8591489676426],[-82.59643748079,29.8592156930372],[-82.5963045166532,29.8592939695779],[-82.5962363902187,29.8594190280564],[-82.596103426082,29.8594973044376],[-82.5959512963886,29.8595466557265],[-82.5957992789846,29.8595902785466],[-82.595659853266,29.8596627313078],[-82.5955139641689,29.8597293613135],[-82.5954131983469,29.8598424848229],[-82.5953060805374,29.8599440555319],[-82.5951860395643,29.8600339784306],[-82.5951179113332,29.8601590359818],[-82.595038702383,29.8602813230502],[-82.5950325462284,29.8602873615195],[-82.5948920946337,29.8604251080135],[-82.5944729218575,29.8610673493497],[-82.5941065035447,29.8613441215292],[-82.5938799888542,29.8614656203074],[-82.5938103370804,29.8614867472968],[-82.5937247986007,29.8615080846245],[-82.5935917221745,29.861592086918],[-82.5934395879896,29.861641435613],[-82.5932938066903,29.8617023351954],[-82.5931544860746,29.8617690573248],[-82.5930150558644,29.8618415077252],[-82.5928885470212,29.8619256055604],[-82.5927814247202,29.8620271741494],[-82.5926807622044,29.8621345683139],[-82.5925736399034,29.8622361366901],[-82.5924924726259,29.8623552715521],[-82.5923954123544,29.8626174121529],[-82.5923599145277,29.8627544021015],[-82.5923604580084,29.8627733498505],[-82.5923638482503,29.8628919667908],[-82.5923874955018,29.8630298195337],[-82.5923847466571,29.8631730162613],[-82.5923623929795,29.8633101970893],[-82.5923138623946,29.8634412685586],[-82.5922783654662,29.8635782597133],[-82.5922428667411,29.8637152491218],[-82.5921747313234,29.8638403028389],[-82.5921130574876,29.86397118275],[-82.5920546499261,29.8640688774915],[-82.5920532925717,29.8640711483559],[-82.5919253122882,29.864163245694],[-82.59187677811,29.8642943168219],[-82.5918412811815,29.8644313060264],[-82.5917790719498,29.8645218270671],[-82.591509917826,29.8649134773637],[-82.5915073288814,29.8649359918377],[-82.5914941353248,29.8650507547345],[-82.5914520645251,29.8651876486393],[-82.5914099937254,29.8653245423563],[-82.5914139238548,29.8654621073976],[-82.5914046029354,29.865605210269],[-82.5913298927482,29.8657301673567],[-82.5913009651994,29.8658672535247],[-82.5912458598449,29.8659982281537],[-82.5912169322961,29.8661353131744],[-82.5911098019103,29.8662368805945],[-82.5910026733211,29.8663384479112],[-82.5908955447319,29.8664400151245],[-82.5907498622473,29.8664951829514],[-82.5907013074079,29.8664979959503],[-82.5905919195557,29.8665043370778],[-82.5904276239785,29.8665019385113],[-82.5902633301979,29.8664995399448],[-82.5900990337223,29.8664971413783],[-82.589934738145,29.8664947420326],[-82.5897764648734,29.8665210764057],[-82.5896245417926,29.8665589657956],[-82.5894661580282,29.8665910297527],[-82.5893081030472,29.8666059087962],[-82.5891624232576,29.8666610749734],[-82.5890294438495,29.866739345674],[-82.5888773015797,29.8667886879284],[-82.5887252671077,29.8668323013507],[-82.5885669929378,29.8668586371926],[-82.5884088274641,29.8668792426647],[-82.5882569034849,29.8669171303605],[-82.5880994000695,29.8669033684567],[-82.5879421167414,29.8668781528362],[-82.5878210013832,29.866841717192],[-82.5877627366538,29.8667950313743],[-82.5876926824347,29.8667632105328],[-82.5876170236265,29.8667437751044],[-82.5875514475091,29.866715309428],[-82.5874780380824,29.8666870213571],[-82.5874002592502,29.8666722755358],[-82.58732146622,29.8666675438475],[-82.5872436334888,29.8666556624323],[-82.5871712714977,29.866626243226],[-82.5870069768188,29.8666238407674],[-82.5868495838962,29.8666043500023],[-82.5866910887407,29.8666421373106],[-82.5866229425433,29.8667671889175],[-82.586580864557,29.8669040804674],[-82.5865847901948,29.867041646447],[-82.5866409088489,29.8671707662862],[-82.5866595587726,29.8672559245263],[-82.5866655909597,29.8672834677099],[-82.5867222009923,29.8674160740453],[-82.5867788110248,29.8675486809834],[-82.5868288507794,29.8676811903704],[-82.5869253334342,29.8677914630802],[-82.5869950867177,29.8679242603737],[-82.5870915693725,29.8680345328148],[-82.5871614358437,29.8681616026114],[-82.5872765468625,29.8682827043704],[-82.587414687092,29.868428031896],[-82.5875480348094,29.8685683191309],[-82.5876645660646,29.8686616960959],[-82.5877744156509,29.8687607011809],[-82.5879433016192,29.8688663010957],[-82.5880664058474,29.8689597735975],[-82.5881761440425,29.8690645078456],[-82.5882859954254,29.8691635133099],[-82.5884294770375,29.8692229071935],[-82.5885592647314,29.8693107457321],[-82.5886891629181,29.8693928555326],[-82.5888056950718,29.8694862309468],[-82.5889088629889,29.8695908696062],[-82.5890387620739,29.8696729783972],[-82.5891352492203,29.8697832496844],[-82.5892249433064,29.8699048784036],[-82.5893080680129,29.8700264127178],[-82.5893911909228,29.870147946105],[-82.5894677426564,29.8702693827508],[-82.5896971786681,29.8706451497586],[-82.5896970690737,29.8706508783474],[-82.5897536844961,29.8707834817649],[-82.5897878456298,29.8709116666666],[-82.5898095300624,29.8709561818958],[-82.5898348275191,29.8710081160451],[-82.5898601258742,29.8710600517252],[-82.5898787407635,29.8711176201268],[-82.5899106093965,29.8711696507845],[-82.5899359077515,29.8712215856016],[-82.5899479496679,29.8712790565386],[-82.5899665645572,29.8713366216978],[-82.5899720370939,29.8713939983131],[-82.5899973345506,29.8714459330134],[-82.5899962332161,29.8715032106367],[-82.5900082769291,29.8715606814114],[-82.5900203188455,29.8716181529319],[-82.590019217511,29.8716754312353],[-82.5900115396102,29.8716964524602],[-82.5899983999526,29.8717324212879],[-82.5899814945572,29.8717513961537],[-82.5899580862576,29.8717776691588],[-82.5899113109807,29.8718170918959],[-82.5898580732237,29.871850691064],[-82.5898112970486,29.8718901161091],[-82.5897645217717,29.8719295380227],[-82.5897177437999,29.8719689614788],[-82.5896642877523,29.8720140168381],[-82.5896222106644,29.8721509105362],[-82.5895998506987,29.8722880914838],[-82.5895774916313,29.8724252722429],[-82.589581419964,29.8725628376199],[-82.5896103448178,29.872610954805],[-82.5921489838107,29.8725441815035],[-82.5925191472,29.8875583325688],[-82.5799395945087,29.887699607728],[-82.5799312859906,29.8949893720731],[-82.5757812768888,29.8950477070032],[-82.5758445820652,29.9021264878002],[-82.5755039678589,29.9131264405227],[-82.575566226498,29.9131158299405],[-82.5756319741937,29.9131167962378],[-82.5756977254826,29.9131177633137],[-82.5757631955988,29.9131330504313],[-82.575822910209,29.9131625750477],[-82.5758828098722,29.9131825566005],[-82.5759482808867,29.9131978413722],[-82.57600808982,29.9132225944437],[-82.5760679876865,29.9132425728699],[-82.5761336455506,29.9132483130265],[-82.5762045962884,29.9132636795456],[-82.5762588320737,29.9132931239231],[-82.5763243039865,29.9133084102351],[-82.5763785397718,29.9133378545994],[-82.5764384385366,29.9133578337811],[-82.5765039122461,29.9133731193045],[-82.5765638110109,29.9133930977005],[-82.5766237115724,29.9134130760924],[-82.5766779491543,29.9134425212044],[-82.5767377553927,29.9134672734365],[-82.5767975634276,29.9134920248838],[-82.5768574630908,29.9135120040345],[-82.5769228433755,29.9135320626026],[-82.5769827421403,29.9135520409667],[-82.577003380934,29.9135650824183],[-82.5770368880941,29.9135862598819],[-82.5771023582103,29.9136015445917],[-82.5771621671436,29.9136262960056],[-82.5772277315829,29.9136368076462],[-82.5772932016991,29.9136520946841],[-82.5773531049555,29.9136720730241],[-82.5774185759701,29.9136873577206],[-82.5774323938558,29.9136905844031],[-82.5774840496796,29.9137026424149],[-82.577549705747,29.9137083817663],[-82.5775821870311,29.9137344031143],[-82.5775982785528,29.9137472911501],[-82.5776601760691,29.9137572164627],[-82.5776638420938,29.9137578051138],[-82.5777294074314,29.9137683182977],[-82.5777951569237,29.91376928381],[-82.5778550583835,29.9137892613478],[-82.5779207135527,29.913794999137],[-82.5779806141141,29.9138149790056],[-82.5780348507977,29.9138444216629],[-82.5781006011883,29.9138453871744],[-82.5781605017497,29.913865364697],[-82.5782262494454,29.9138663302084],[-82.5782920007343,29.9138672957197],[-82.5783577493283,29.9138682612311],[-82.5784234979222,29.9138692267425],[-82.5784892483128,29.9138701922538],[-82.5785549969068,29.9138711577652],[-82.5786207455007,29.9138721224978],[-82.5786864958913,29.9138730880091],[-82.5787463964528,29.9138930663048],[-82.5787949701568,29.9139319771737],[-82.578860442968,29.9139472610517],[-82.5789258232527,29.9139673195321],[-82.5789857247125,29.9139872962516],[-82.5790399595994,29.9140167404152],[-82.5791054342072,29.9140320242802],[-82.5791653338704,29.9140520025439],[-82.579213815048,29.9140956848347],[-82.5792568165023,29.9141392869069],[-82.5792942484019,29.914187582576],[-82.5793428221059,29.9142264909939],[-82.5793858244586,29.9142700930088],[-82.5794011542089,29.9143276146562],[-82.5794331054869,29.9143758276988],[-82.5794650585616,29.9144240422752],[-82.5794859587649,29.9144768702315],[-82.5794903317638,29.9145342290252],[-82.579489224141,29.9145915060295],[-82.579504552993,29.9146490274912],[-82.5795089250935,29.9147063854071],[-82.5795078174708,29.9147636638697],[-82.5794957504015,29.9148207826799],[-82.5794673393841,29.9148728839636],[-82.5794119034496,29.9149054937752],[-82.5793565573466,29.9149333282394],[-82.579295915675,29.9149515372756],[-82.5792457726142,29.9149937732571],[-82.5791957211815,29.9150312346672],[-82.5791403750785,29.9150590683175],[-82.5791010989377,29.9151062384224],[-82.579051047505,29.9151436997901],[-82.5790009969706,29.9151811619224],[-82.5789508530114,29.9152233978065],[-82.5789170538989,29.9152706456962],[-82.578872389663,29.9153129609623],[-82.5788439786455,29.9153650643244],[-82.5788101813295,29.9154123144828],[-82.578776197164,29.9154691097913],[-82.5787477843499,29.9155212138503],[-82.5787030275875,29.9155683004233],[-82.5786909605183,29.9156254195506],[-82.5786462962824,29.9156677354446],[-82.5785908576529,29.9157003426601],[-82.5785354190235,29.9157329514221],[-82.5784907547876,29.9157752664917],[-82.5784354077863,29.9158031007128],[-82.5783800625816,29.915830934926],[-82.5783192367554,29.9158586904906],[-82.5782638897541,29.9158865239096],[-82.5782042730603,29.9159053136238],[-82.5781480870325,29.9159230210496],[-82.5780874462593,29.9159412283477],[-82.5780375789812,29.9159691427204],[-82.5779875266502,29.9160066053207],[-82.5779374752176,29.9160440663497],[-82.5778767419178,29.9160670465725],[-82.5778108998991,29.9160708532504],[-82.5777450551854,29.9160746614855],[-82.5776950028544,29.916112122489],[-82.5776289757827,29.9161254766107],[-82.5775736287814,29.9161533099552],[-82.5775076008114,29.91616666485],[-82.5774629365754,29.9162089797354],[-82.5774075895742,29.9162368130565],[-82.5773522416746,29.9162646479271],[-82.577291600003,29.9162828551627],[-82.5772255711347,29.9162962100402],[-82.5771649312597,29.9163144172699],[-82.5770989940196,29.9163229960944],[-82.577033243629,29.9163220298282],[-82.5769674932384,29.9163210635621],[-82.5769017410512,29.9163200972959],[-82.5768411002779,29.9163383045213],[-82.5767857532766,29.9163661385849],[-82.5767251107067,29.9163843458019],[-82.5767030085575,29.9163935708736],[-82.5766370740123,29.9164021496913],[-82.576581727011,29.9164299845157],[-82.5765156990409,29.9164433378162],[-82.5764603511413,29.9164711718505],[-82.5763943240697,29.9164845251455],[-82.5763336806015,29.9165027307836],[-82.5762783336002,29.9165305655799],[-82.5762176003004,29.9165535456903],[-82.5761569577306,29.9165717528731],[-82.576101609831,29.9165995868714],[-82.5760569437984,29.9166419015728],[-82.5759963039235,29.9166601079607],[-82.5759302732585,29.9166734604518],[-82.5758642461868,29.9166868121624],[-82.5758036036169,29.9167050200994],[-82.5757589375844,29.9167473355345],[-82.5756982033863,29.9167703132591],[-82.5756321736197,29.9167836672926],[-82.575576828415,29.9168115004531],[-82.5755160924203,29.9168344804987],[-82.5754607445207,29.9168623144236],[-82.5754160775899,29.9169046290133],[-82.5753714115573,29.9169469428064],[-82.5753107689874,29.9169651491386],[-82.5752500347894,29.9169881291488],[-82.5751945943633,29.9170207351532],[-82.5751392464637,29.9170485690261],[-82.5750786056905,29.9170667745611],[-82.5750285515628,29.9171042344127],[-82.5749732027649,29.9171320682622],[-82.5749124676686,29.9171550474552],[-82.5748570263441,29.917187653405],[-82.5748069731148,29.9172251147684],[-82.5747516252152,29.9172529470268],[-82.5746856879751,29.9172615273277],[-82.5746356338474,29.917298987106],[-82.5745695124526,29.9173171123982],[-82.5745141645531,29.9173449454096],[-82.574453430355,29.9173679253322],[-82.5743927877851,29.9173861308087],[-82.5743426402327,29.9174283634218],[-82.5742819985611,29.9174465696659],[-82.5742212634648,29.9174695495649],[-82.5741606199966,29.917487755023],[-82.574099978325,29.9175059612562],[-82.5740446295271,29.9175337934363],[-82.5739839878555,29.9175519996612],[-82.573923343489,29.9175702051041],[-82.573857130466,29.9175931039993],[-82.5738017816681,29.9176209377122],[-82.5737410447751,29.9176439144565],[-82.5736856977738,29.9176717473766],[-82.5736199446883,29.9176707795663],[-82.5735645024656,29.9177033869044],[-82.5734984744956,29.9177167376983],[-82.5734327223084,29.9177157698885],[-82.5733771884575,29.9177531485207],[-82.5733112521156,29.9177617272212],[-82.5732453130789,29.9177703051423],[-82.5731792851088,29.9177836574845],[-82.5731135329216,29.9177826896752],[-82.5730477807344,29.917781721866],[-82.5729819360207,29.917785525364],[-82.5729212925525,29.9178037307642],[-82.5728606508809,29.9178219369398],[-82.5727946211143,29.9178352877178],[-82.5727339767478,29.917853493109],[-82.5726733332796,29.9178716977182],[-82.5726179844816,29.9178995305746],[-82.5725626356837,29.917927361866],[-82.5724967918683,29.9179311669156],[-82.5724361475018,29.9179493722892],[-82.5723754106088,29.917972350515],[-82.5723145838843,29.9180001023683],[-82.5722592332898,29.9180279351888],[-82.5722038835935,29.9180557656657],[-82.5721485365923,29.9180835984706],[-82.572093186896,29.9181114312677],[-82.5720430384453,29.9181536635731],[-82.5719876887491,29.9181814947935],[-82.5719376328248,29.918218953447],[-82.5718983521924,29.9182661204978],[-82.5718377069275,29.9182843250316],[-82.5717719565369,29.91828335567],[-82.5717062025531,29.9182823870871],[-82.5716404512642,29.9182814185041],[-82.571574699077,29.9182804499211],[-82.5715089459914,29.9182794805595],[-82.5714431938042,29.9182785119765],[-82.5713776284666,29.9182679977116],[-82.5713119679075,29.9182622547298],[-82.571246494198,29.9182469668425],[-82.5711866834681,29.9182194930198],[-82.5711386864825,29.9181833906953],[-82.571095111903,29.9181396954042],[-82.5710408743211,29.9181102477881],[-82.5710034469131,29.9180619501285],[-82.5709549675321,29.918018264906],[-82.5709217882571,29.9179511669767],[-82.5708336716126,29.9177729734308],[-82.5707906719549,29.9177293682781],[-82.5707587224735,29.9176811529662],[-82.5707267747887,29.9176329360738],[-82.5706782028813,29.9175940235366],[-82.5705753008655,29.9175304368505],[-82.5705210641819,29.9175009898329],[-82.5704611609255,29.9174810083681],[-82.5704070194633,29.9174467868982],[-82.5703527827797,29.917417341413],[-82.5702872165438,29.9174068239427],[-82.5702214643565,29.9174058545726],[-82.570155713966,29.9174048852025],[-82.5700950687011,29.9174230891151],[-82.5700295042618,29.9174125747598],[-82.5699687664705,29.9174355515522],[-82.5699029226551,29.9174393535062],[-82.5698371713662,29.9174383833578],[-82.569776527898,29.9174565872643],[-82.5697104990297,29.9174699380913],[-82.5696444692631,29.9174832881379],[-82.5695787161775,29.91748231799],[-82.5695129648886,29.9174813486206],[-82.5694471219715,29.9174851521301],[-82.5693811829347,29.9174937269606],[-82.5693154325442,29.9174927568127],[-82.5692496803569,29.9174917866649],[-82.5691839281697,29.917490816517],[-82.5691181777791,29.9174898471477],[-82.5690524264902,29.9174888769998],[-82.5689866734047,29.9174879068519],[-82.5689210146422,29.9174821646038],[-82.5688554502029,29.9174716471403],[-82.5687899746968,29.9174563575744],[-82.568724317731,29.9174506137672],[-82.5685984188439,29.917375451384],[-82.5685459805875,29.9173441449976],[-82.5684209108455,29.9172694769524],[-82.5683611037088,29.9172447209937],[-82.5683012004524,29.9172247386988],[-82.5682469646671,29.9171952915907],[-82.5681812142765,29.9171943214399],[-82.5681154629876,29.9171933505106],[-82.5680497108004,29.9171923803598],[-82.5679839595115,29.9171914094304],[-82.5679178381167,29.9172095308491],[-82.5678623949957,29.9172421336667],[-82.5678123372748,29.9172795911165],[-82.5677785327723,29.9173268380305],[-82.56773377062,29.9173739237497],[-82.567688915043,29.9174257799925],[-82.5676659756639,29.9174779624459],[-82.5676430371831,29.9175301456506],[-82.5676161937258,29.9175999806743],[-82.5675791391186,29.9176452700142],[-82.5675551226595,29.9176964806494],[-82.567531107997,29.9177476912584],[-82.5675005724638,29.9177959400182],[-82.5674732663742,29.9178471030809],[-82.5674492517117,29.9178983136124],[-82.5674187161785,29.9179465638563],[-82.5673881806454,29.917994814077],[-82.5673478930015,29.9180371896952],[-82.5673173008745,29.9180883035819],[-82.567273726295,29.9181306308868],[-82.5672431907619,29.9181788794611],[-82.5672028474225,29.9182241202642],[-82.5671496321234,29.9182548455356],[-82.5671060018483,29.9183000380307],[-82.5670792275613,29.9183210790104],[-82.5670559081948,29.9183394042177],[-82.5670058693386,29.9183759066874],[-82.5669526531412,29.9184066326905],[-82.5668930301591,29.9184286710375],[-82.5668429913028,29.918465172696],[-82.5667803589646,29.9184728419278],[-82.5667303758039,29.9185064798722],[-82.5666932655012,29.9185546332749],[-82.5666594403375,29.918602834149],[-82.5666353690811,29.9186569095425],[-82.5666015439174,29.9187051095885],[-82.5665708960948,29.9187590876015],[-82.5665501108758,29.9188132096262],[-82.566506535398,29.918855536623],[-82.5664727129292,29.91890373813],[-82.5664519277102,29.9189578608546],[-82.5664279094544,29.9190090708147],[-82.566390853949,29.9190543602923],[-82.5663668365916,29.9191055702028],[-82.5663297810861,29.9191508596365],[-82.566308995867,29.9192049814481],[-82.5663045923255,29.9192622121643],[-82.5662805740698,29.9193134227465],[-82.5662663645186,29.9193676417942],[-82.5662390584289,29.9194188032708],[-82.5662116993386,29.9194728299482],[-82.5661876810829,29.9195240404222],[-82.5661767584673,29.9195783099637],[-82.5661756427597,29.9196355871809],[-82.5661745279505,29.9196928659223],[-82.5661734122429,29.9197501446307],[-82.5661953670684,29.9198048983332],[-82.5662206636268,29.9198568373978],[-82.5662195488175,29.9199141167905],[-82.5662415593386,29.9199660075255],[-82.5662834630517,29.9200095984626],[-82.5663121040379,29.9200587212612],[-82.566324193565,29.9201133307548],[-82.5663197927184,29.9201705593918],[-82.5663384588117,29.9202252661477],[-82.5663439178737,29.9202826410947],[-82.5663560100957,29.920337249687],[-82.5663979111138,29.9203808404615],[-82.5664331852601,29.9204271959792],[-82.5664817760321,29.9204651575334],[-82.5665270214781,29.9205059313268],[-82.5665424006357,29.9205605896262],[-82.566541526575,29.9206054641905],[-82.5665412858264,29.9206178678354],[-82.5665368831832,29.920675098518],[-82.5665259057705,29.920732231066],[-82.5664856172283,29.9207746062978],[-82.5664615423787,29.9208286805118],[-82.5664508569184,29.9208390613685],[-82.5664179660025,29.9208710089875],[-82.5663583969195,29.9208901800453],[-82.566295709784,29.9209007142766],[-82.5662601733297,29.9209032789296],[-82.5662298426124,29.9209054690841],[-82.5661756454547,29.9208946911568],[-82.566167600143,29.9208930927253],[-82.5661223529004,29.9208523159761],[-82.5660837370213,29.9208087736802],[-82.5660484646717,29.9207624175617],[-82.5660198236855,29.9207132935531],[-82.5659812635019,29.9206668883392],[-82.565936018056,29.9206261130545],[-82.5658974030752,29.9205825706596],[-82.5658386146281,29.9205616500601],[-82.5657866803265,29.9205265054673],[-82.5657279484733,29.9205027188798],[-82.5656725601495,29.9204761169179],[-82.5656103733756,29.9204608745285],[-82.5655357242738,29.9204253943291],[-82.5653366629968,29.9203307796238],[-82.5652745310201,29.9203126727876],[-82.5652191435947,29.9202860707749],[-82.5651569002269,29.9202736920035],[-82.5650981683737,29.9202499053556],[-82.5650358720053,29.9202403902277],[-82.564966942477,29.920233640645],[-82.5649012998842,29.92022694167],[-82.5648390583131,29.920214561334],[-82.5647763127871,29.9202279585066],[-82.56471022463,29.9202441694955],[-82.564669879494,29.920289407803],[-82.5646360543303,29.9203376093945],[-82.5645891892219,29.9203798882493],[-82.5645586518921,29.9204281365122],[-82.5645182510605,29.9204762391559],[-82.5644974640449,29.9205303625829],[-82.5644474233919,29.920566865028],[-82.5643973827391,29.9206033659025],[-82.5643441090494,29.9206369540763],[-82.5643037639134,29.9206821945411],[-82.564253667565,29.9207215590075],[-82.564194041888,29.9207435960635],[-82.5641440012351,29.9207800960947],[-82.5640940162777,29.9208137340382],[-82.5640470954738,29.9208588763211],[-82.5640100363751,29.9209041649572],[-82.5639892493594,29.9209582865944],[-82.5639881327535,29.9210155653534],[-82.5640067979485,29.9210702708664],[-82.564052045191,29.9211110475263],[-82.5640852020081,29.9211245652583],[-82.5641198590118,29.9211750741597],[-82.5641517860353,29.9212242477695],[-82.5642004307063,29.9212593446226],[-82.5642490762755,29.9212944414633],[-82.5642976661492,29.9213323995725],[-82.5643429151884,29.9213731769037],[-82.5643915050621,29.92141113654],[-82.564430120043,29.9214546785726],[-82.5644687350238,29.921498220586],[-82.5645073500045,29.9215417625804],[-82.5645459658837,29.9215853045558],[-82.5645481362134,29.921642632783],[-82.5645470196075,29.9216999111483],[-82.5645459030016,29.9217571879235],[-82.5645415003584,29.9218144195082],[-82.5645174812043,29.9218656295562],[-82.5644984108692,29.9218928010641],[-82.564483654244,29.9219138288273],[-82.5644400778679,29.9219561552845],[-82.5643964987968,29.9219984817237],[-82.5643659605687,29.9220467307592],[-82.5643159190175,29.9220832334269],[-82.5642658774663,29.922119734524],[-82.5642062517893,29.922141770492],[-82.5641434487712,29.9221580302194],[-82.564083879688,29.9221772033653],[-82.5640211341621,29.9221905979379],[-82.5639583311439,29.9222068568788],[-82.5639247287624,29.9222176720356],[-82.5638987611625,29.9222260300152],[-82.5638264315108,29.9222249602561],[-82.5637605643392,29.9222297142218],[-82.5636978170166,29.9222431087874],[-82.5636320639311,29.9222421355715],[-82.5635664761355,29.9222325708054],[-82.5635043450572,29.9222144635366],[-82.563465785772,29.9221680590224],[-82.5634206508188,29.9221215540507],[-82.5634184795908,29.9220642276564],[-82.5634163083627,29.922006899672],[-82.5634174249686,29.9219496214834],[-82.5634283493808,29.9218953532344],[-82.5634390878417,29.9218420122397],[-82.563439273793,29.9218410857344],[-82.5634567747713,29.9217869139697],[-82.5634676991835,29.9217326440749],[-82.5634884861992,29.9216785228587],[-82.5634896028051,29.9216212437025],[-82.5634907203093,29.9215639660706],[-82.5634753411516,29.9215093083222],[-82.5634200094217,29.9214798430169],[-82.563357766054,29.9214674620581],[-82.5632920120701,29.9214664888347],[-82.5632230259479,29.9214626029479],[-82.5631572728624,29.921461630503],[-82.5630915727774,29.9214577936666],[-82.5630258753874,29.9214539560514],[-82.5629601214036,29.9214529828278],[-82.562894422217,29.921449145991],[-82.5628321249503,29.9214396294206],[-82.5627663682715,29.9214386561968],[-82.562700615186,29.9214376829731],[-82.5626348064049,29.9214395733629],[-82.5625721156762,29.9214501052002],[-82.5625123786081,29.9214778669842],[-82.5624463452482,29.9214912141577],[-82.5623995340388,29.9215306273546],[-82.5623526680321,29.9215729049243],[-82.5623026812781,29.9216065418214],[-82.5622558727636,29.9216459541941],[-82.5622220440066,29.9216941551288],[-82.5621623267015,29.921713096348],[-82.5621144932092,29.9217504874939],[-82.5620567980118,29.9217760100085],[-82.5620056587193,29.9218104230773],[-82.5619479644201,29.9218359463551],[-82.5619001300296,29.921873339012],[-82.561842491426,29.9218959324945],[-82.5617783562063,29.9219067048634],[-82.5617206610089,29.9219322281165],[-82.5616695217164,29.9219666403527],[-82.5616118265189,29.9219921628119],[-82.5615541888137,29.9220147554889],[-82.5614965493118,29.9220373489393],[-82.5614325281781,29.922042261743],[-82.5613683911618,29.9220530356531],[-82.561304426622,29.9220550186816],[-82.5612404602855,29.92205700171],[-82.5611764948474,29.9220589847383],[-82.5611188571421,29.9220815789573],[-82.5610547785163,29.9220894207538],[-82.5609970815222,29.9221149439602],[-82.5609425807339,29.9221493070831],[-82.5609046646424,29.9221956384201],[-82.5608667494492,29.9222419689569],[-82.5608255293541,29.9222853206544],[-82.5607909783517,29.9223317025353],[-82.5607664031404,29.9223840934103],[-82.560725182147,29.9224274434887],[-82.5607207318931,29.9224830646038],[-82.5607162789442,29.9225386849091],[-82.5607557859521,29.9225832308038],[-82.5608055517205,29.9226191392261],[-82.5608552617934,29.9226579766137],[-82.5609016103705,29.9226967641577],[-82.5609513752406,29.9227326709819],[-82.5610115192455,29.9227540777306],[-82.5610785075145,29.9227697246246],[-82.5611422429839,29.9227794621814],[-82.5612060359455,29.922786268427],[-82.5612699447898,29.9227872151662],[-82.5613338527357,29.9227881619054],[-82.5613947405457,29.9227714787396],[-82.5614359606408,29.9227281272538],[-82.5614441928021,29.9227216923816],[-82.5614837950314,29.9226907341395],[-82.5615446837396,29.9226740509573],[-82.5616023223432,29.9226514592085],[-82.5616632092548,29.9226347760199],[-82.5617143512423,29.922600363236],[-82.5617784873603,29.9225895886065],[-82.561842394408,29.9225905353476],[-82.5619063032522,29.9225914820887],[-82.561966503851,29.9226099583311],[-82.5620094298468,29.9226516258225],[-82.5620626181965,29.9226846535139],[-82.5621055450907,29.9227263194169],[-82.5621518909728,29.9227651069343],[-82.562191396184,29.9228096535062],[-82.5622037659855,29.9228655219922],[-82.5622026799223,29.9229211919122],[-82.5622015929608,29.9229768625797],[-82.5621737128477,29.9230262719838],[-82.5621233694625,29.9230505889506],[-82.5620683548379,29.9230803994744],[-82.5620271329461,29.9231237500281],[-82.5619826061525,29.9231641225501],[-82.5619347717619,29.9232015147081],[-82.5618869391679,29.9232389084091],[-82.5618259929675,29.9232585196787],[-82.5617716035703,29.923287023709],[-82.5617074099601,29.9233007264438],[-82.5616562679727,29.9233351389855],[-82.5616150478775,29.9233784909855],[-82.5615705192872,29.9234188634041],[-82.5615193225025,29.9234562048598],[-82.5614714872137,29.9234935984652],[-82.5614302671185,29.923536948839],[-82.5613915982388,29.923562968397],[-82.5613745239602,29.9235827423222],[-82.5613617921377,29.9235974828397],[-82.5613372187231,29.9236498746057],[-82.5613193126045,29.9237052941689],[-82.5612780925094,29.9237486452291],[-82.5612588721556,29.9237986802128],[-82.5612568230984,29.9238040172451],[-82.5612355536874,29.9238593868946],[-82.5612076169804,29.923911728695],[-82.5611724542252,29.9239487071571],[-82.561166393292,29.9239550788867],[-82.5611625431127,29.9239697718569],[-82.5611518531609,29.9240105488863],[-82.5611406736271,29.9240660710184],[-82.5611328600808,29.9241216398331],[-82.5611317731193,29.9241773106077],[-82.5611306861578,29.9242329797941],[-82.5611295991963,29.9242886489494],[-82.56112178565,29.9243442191968],[-82.5611072455188,29.9243996889796],[-82.5610993726836,29.9244581888691],[-82.5610915591373,29.9245137598005],[-82.5610735973232,29.9245721093618],[-82.561065724488,29.9246306091499],[-82.5610523521667,29.9246836543572],[-82.5610423143917,29.9247382153792],[-82.5610233069386,29.9247926424603],[-82.5610042994855,29.9248470679545],[-82.5609763996094,29.9248974574058],[-82.5609396055137,29.9249438053704],[-82.5609072185528,29.9249941254817],[-82.5608793168801,29.9250445133014],[-82.5608514179023,29.9250949003171],[-82.5608234398727,29.9251491956282],[-82.5607734180845,29.9251836231019],[-82.5607365494286,29.9252338784723],[-82.56069093747,29.9252722788523],[-82.5606451718996,29.9253184950677],[-82.5606083769055,29.9253648428363],[-82.5605715055547,29.9254150973367],[-82.5605391203904,29.9254654195453],[-82.5605112178193,29.9255158063479],[-82.560465529504,29.9255581149241],[-82.5604287345099,29.9256044625811],[-82.5603919395159,29.9256508109951],[-82.5603463284557,29.9256892127714],[-82.5603051236319,29.9257315874502],[-82.5602639206048,29.9257739613324],[-82.5602139006131,29.9258083893685],[-82.5601549073501,29.9258426865973],[-82.5601092190348,29.925884994256],[-82.5600636079745,29.9259233959419],[-82.5600047683234,29.925949877331],[-82.5599547474335,29.9259843076419],[-82.5599091354749,29.9260227069539],[-82.5598591145849,29.9260571364611],[-82.5598046075084,29.9260914974446],[-82.5597545875168,29.9261259261495],[-82.5597089746599,29.9261643277425],[-82.5596545430419,29.9261947827449],[-82.5595913744094,29.9262133859993],[-82.5595323820447,29.9262476815314],[-82.5594911781193,29.9262900551939],[-82.5594455652624,29.9263284567235],[-82.5593955443724,29.9263628837893],[-82.5593455225842,29.9263973139574],[-82.5592954998976,29.9264317409994],[-82.559236584788,29.9264621297441],[-82.55918215317,29.9264925846554],[-82.5591231626019,29.9265268800914],[-82.5590642483906,29.926557268807],[-82.5590011525217,29.9265719637287],[-82.5589379048375,29.9265944728411],[-82.5588747335101,29.9266130736852],[-82.5588203036887,29.9266435285503],[-82.5587614631393,29.9266700105264],[-82.5586982927102,29.9266886129134],[-82.5586438628888,29.9267190677554],[-82.5585804615927,29.9267493879011],[-82.5575465411248,29.9234890088367],[-82.554859118663,29.9175197333045],[-82.5528420064897,29.9133472668275],[-82.550404808852,29.9076369573547],[-82.5497466518708,29.9061525938493],[-82.5493526678552,29.9052640022224],[-82.5487773903405,29.9039665334333],[-82.5482190245094,29.9026509704054],[-82.5478055632217,29.9016225384284],[-82.5474641297519,29.9007423697512],[-82.5473367899671,29.9003634244138],[-82.5470443551045,29.8994931947103],[-82.5466509064848,29.898034189403],[-82.5465469022361,29.8975898860225],[-82.5465070664449,29.8974196905851],[-82.5463818637521,29.8968320898593],[-82.5463815646131,29.8968306576987],[-82.5462377551159,29.8961557082859],[-82.5461918116791,29.8959002731136],[-82.545842855717,29.8939598812967],[-82.5454274495768,29.8912207510924],[-82.5450549029571,29.8890344682255],[-82.5445031792692,29.8857965325602],[-82.5435738182089,29.8803417594091],[-82.5435655581998,29.8802932331363],[-82.5427877851487,29.8757064688186],[-82.5427722065651,29.8756146547642],[-82.5425131836411,29.8740805559197],[-82.5415939861199,29.8747720242976],[-82.5409430084745,29.8752553545734],[-82.5405433345299,29.8755710841283],[-82.539772833341,29.8761364166361],[-82.5391922018673,29.8766009922498],[-82.5386726441547,29.8769944263825],[-82.5381893711931,29.8773623858323],[-82.5367918369528,29.878254615302],[-82.5364208084859,29.8784465642882],[-82.5360120597603,29.8786148985817],[-82.5352694647357,29.8788884184195],[-82.5352284647278,29.8729700331712],[-82.5352259018343,29.8726017459327],[-82.5352149594558,29.8710218804986],[-82.53520098167,29.869002877391],[-82.5351118580141,29.8683649279711],[-82.5351102060123,29.8683531316685],[-82.5351077850526,29.8683445159964],[-82.5350552470832,29.8681578151361],[-82.5350505039785,29.8681409662443],[-82.5350387333533,29.868113701399],[-82.5348678710913,29.8677179957325],[-82.5348300645943,29.8676304393474],[-82.5347643681026,29.8675298977313],[-82.5346696425525,29.867384939702],[-82.5346610959809,29.867371859489],[-82.5346021682949,29.867281702491],[-82.5344692553621,29.8671289688688],[-82.5342649488221,29.8668941964498],[-82.5337863632696,29.8665182595123],[-82.5311998431738,29.8649491269015],[-82.5298703688926,29.8641425851293],[-82.5284855152708,29.8633023849441],[-82.5278819129769,29.8629412626475],[-82.5275614165414,29.8627163609125],[-82.5273855309004,29.8625929480007],[-82.5269456115327,29.8621804679216],[-82.5264614654086,29.8614006375895],[-82.5262456289919,29.8604437554893],[-82.5262398950455,29.8598810101245],[-82.5262645735629,29.8575011553461],[-82.5262814358392,29.8546061564607],[-82.5263223684734,29.8498016833255],[-82.5263599719512,29.8461289697671],[-82.5264498439038,29.8436938825739],[-82.5264533706896,29.8436306266527],[-82.5265466760032,29.8419550018114],[-82.5265686191506,29.8417093829104],[-82.5267078705961,29.8410337293154],[-82.5269904742963,29.840313044356],[-82.5273467955453,29.8397225934353],[-82.5280224984205,29.8388323493207],[-82.5280403748947,29.8388088003829],[-82.5280984294183,29.8387320701269],[-82.5281735465423,29.8386328162935],[-82.5285793389123,29.8381001743176],[-82.5289545086127,29.837465201988],[-82.5291097249173,29.8369822988353],[-82.5293039308003,29.8366743728583],[-82.5293133783821,29.8365160496534],[-82.5293133424495,29.8365115113462],[-82.5293133119068,29.8365098336375],[-82.5293131448202,29.8365055407914],[-82.5292532613267,29.8360432121086],[-82.5292524753008,29.8360399010924],[-82.5292522462304,29.8360387696272],[-82.528853290938,29.8345363813787],[-82.5288210162665,29.8344268776853],[-82.5304133043621,29.8344016710048],[-82.533544359827,29.8343520438973],[-82.5336410095684,29.8344605073629],[-82.5338582554418,29.8337713063305],[-82.5342472600958,29.8327276852253],[-82.5345401117767,29.832449808192],[-82.5382279448514,29.8315476050986],[-82.5386758735982,29.8312474871554],[-82.5387695975267,29.8311270324717],[-82.5388969840239,29.8309502914113],[-82.5390574743376,29.830580846186],[-82.5391501157962,29.8301026595432],[-82.5391329067703,29.8294736268401],[-82.5392720468247,29.8291758343317],[-82.5393865829217,29.8290762896767],[-82.5393878881738,29.8290756771466],[-82.5394505950722,29.8290771679481],[-82.5395137250771,29.8290780594677],[-82.5395150806349,29.8290780797295],[-82.5397699075282,29.8290828903501],[-82.5422942866643,29.8291171631904],[-82.5433120671014,29.8291066566673],[-82.5442124727652,29.8291157557745],[-82.5443692584266,29.8290905158029],[-82.5443919777185,29.8290868678986],[-82.5443774384856,29.8281025273722],[-82.5443729010951,29.8277942467168],[-82.5443557720193,29.8266337736722],[-82.5444127270049,29.8238957768405],[-82.5444148703852,29.8221002173876],[-82.5444322321247,29.8199029468118],[-82.5444428043973,29.8185574138411],[-82.544445952094,29.8181312653785],[-82.5444580829436,29.816475729764],[-82.5444676212553,29.8151762207445],[-82.5444564111789,29.8148627241508],[-82.5444274459009,29.8140521699165],[-82.5444135372853,29.8136626467115],[-82.5441671231147,29.8106736951515],[-82.5441216494967,29.8101221529701],[-82.5440616950363,29.8093946859681],[-82.5440681629064,29.8093960297463],[-82.5442190133988,29.8094274300356],[-82.5443235988574,29.8094491806832],[-82.5476274102329,29.8102644060422],[-82.5493637943883,29.8107039266537],[-82.5497331394123,29.8107925742886],[-82.5500685901024,29.8108648488812],[-82.5504165875619,29.8109180567162],[-82.5507444762339,29.8109434072808],[-82.5529562434478,29.8110086551025],[-82.5566129804405,29.8111102871655],[-82.5568442427273,29.8111147143868],[-82.557184137383,29.8110502694583],[-82.5573937897973,29.8109146669234],[-82.5575097218763,29.810699730909],[-82.5575329064955,29.8106122617115],[-82.5578610889165,29.8106742314088],[-82.5595894466248,29.8110298356348],[-82.5599885734955,29.8111264597727],[-82.5599888906008,29.811118323975],[-82.5599920257211,29.8110416956086],[-82.56002965525,29.810105572549],[-82.5600355823343,29.8097742924782],[-82.5600466567651,29.8091566576553],[-82.5600771339078,29.8074556870918],[-82.5600503012302,29.8056793365923],[-82.5600785864836,29.805335131244],[-82.5600887185817,29.8040061231993],[-82.560119892817,29.8004041869822],[-82.5602196668989,29.7855918457842],[-82.5601952596727,29.7838820278175],[-82.5601678035643,29.7819584217739],[-82.5601680092785,29.7819285028085],[-82.560180743796,29.7801669278477],[-82.5601859872623,29.7798382221814],[-82.5601879869121,29.7796662011283],[-82.5601940182009,29.7783304952991],[-82.5602419864405,29.7761832151055],[-82.5602459803502,29.7759542125089],[-82.5602479988647,29.7757052143483],[-82.5602530159555,29.7751323996613],[-82.5603193062336,29.7715381036178],[-82.5603197931205,29.7715115983983],[-82.5603198110868,29.7714536458875],[-82.5603521109112,29.7711315052013],[-82.5602217078713,29.7710935858636],[-82.5599824011711,29.7709362255273],[-82.5597334824975,29.7692624343719],[-82.5596743176562,29.7685188698046],[-82.5596232681953,29.7680896323893],[-82.5596797551587,29.7680868626268],[-82.5618290292732,29.7680797417165],[-82.5618055500066,29.7678319872184],[-82.561555517422,29.7651937741693],[-82.5626648442714,29.7651927900642],[-82.5643290209459,29.7651912445045],[-82.5646916510632,29.7651909224479],[-82.5671027768965,29.7651886594739],[-82.5741102864929,29.7543284813807],[-82.5820355033054,29.7421518460418],[-82.5822050315692,29.7420319416173],[-82.5821596046636,29.733730845711],[-82.5820709445383,29.7322662500471],[-82.581987395827,29.7314503989676],[-82.5819264855592,29.7274561333573],[-82.5821642498519,29.7273548579149],[-82.5821163642574,29.7201714953378],[-82.5822275217907,29.7165583563644],[-82.5822259506372,29.7129974093894],[-82.5822265578984,29.7129973961259],[-82.5839736284124,29.7129577999859],[-82.5874890936486,29.7129221477644],[-82.5904751394671,29.7129098213117],[-82.5938156793614,29.7129055426693],[-82.5976498075716,29.7128829580814],[-82.6029662152894,29.712838045578],[-82.6053933329314,29.7128650274115],[-82.6057605992538,29.7128642222399],[-82.6071378881626,29.7128611451113],[-82.6071692636206,29.7186140585329],[-82.6071878317975,29.7220257664926],[-82.6073459775083,29.7220269858417],[-82.6088444698102,29.7219845028665],[-82.6088472806387,29.7223969573737],[-82.6097620018548,29.7223710086555],[-82.6097762006262,29.7244433782909],[-82.6113987772183,29.7243924859146],[-82.6113817586352,29.7219125300062],[-82.6171687164753,29.7217481804566],[-82.6174836280847,29.7217402059064],[-82.6237473622702,29.71972935472],[-82.6278802872119,29.719499095814],[-82.6320369438468,29.7192673977734],[-82.6361859863614,29.7191802528338],[-82.640256507137,29.7190946642308],[-82.6447028075689,29.718957854317],[-82.6486731212746,29.7188347453633],[-82.652843985664,29.7187053052634],[-82.6570412434548,29.7185714976574],[-82.6570412452514,29.7185717020595]]]},"properties":{"OBJECTID":8,"code_elem":"010472","link":"http://www.edline.net/pages/HIG0461","Facility":"High Springs Elementary And Middle School","Address":"1015 N MAIN ST","Descrip":"High Springs,(Grades K-8)","EntityID":"0461","Entity":461,"Label":"High Springs Community School","Capacity2025":1009,"Attendance2025":877,"PctCap2025":87,"Shape__Area":223576873.59570313,"Shape__Length":86546.984164822381}},{"type":"Feature","id":9,"geometry":{"type":"Polygon","coordinates":[[[-82.3994270018189,29.6103760691127],[-82.4089945491766,29.6053496552619],[-82.4085921506418,29.6044057665913],[-82.4077660877542,29.6035589087219],[-82.406804784399,29.6021648209788],[-82.4063838715861,29.6012442979192],[-82.4052237863299,29.5988370538311],[-82.404645618935,29.5975452874052],[-82.4040688151826,29.5961894151547],[-82.4030324926197,29.5943944339674],[-82.4026498381564,29.5937316433961],[-82.4028193313859,29.5937252404805],[-82.4027488783148,29.5935391136305],[-82.402405769487,29.5924114249916],[-82.4013439626178,29.5923141910623],[-82.3860556461885,29.5919198473356],[-82.387542526867,29.5905228678102],[-82.3905535539352,29.5874286616905],[-82.3914113255556,29.5861350219786],[-82.3919477006286,29.5848281517191],[-82.392136508535,29.5840078599636],[-82.392198487798,29.5818112892705],[-82.3920426848935,29.578893323433],[-82.3921172378755,29.5774855502315],[-82.3924122733609,29.5762141772484],[-82.392476307071,29.5759070420875],[-82.3928242784794,29.5759332129693],[-82.3954682709906,29.5757010068993],[-82.3975873751862,29.5754875757857],[-82.3980056433589,29.5754640782962],[-82.3995440172662,29.5753776541135],[-82.4001205030149,29.5754502599634],[-82.4019966120279,29.5760588327954],[-82.40212997322,29.5760784917879],[-82.4024738465142,29.5761668450954],[-82.4027733151855,29.5761891088042],[-82.4032865766062,29.5762272657754],[-82.4090335091105,29.5763474648283],[-82.4091177665926,29.5763334075497],[-82.4139493903825,29.5763921413826],[-82.4168354959307,29.5764244528668],[-82.422732816295,29.5764833014922],[-82.4229827590481,29.5764892383069],[-82.4229861447984,29.5760716799314],[-82.4268552857451,29.5760755425096],[-82.4309046538907,29.5760794574325],[-82.439248070604,29.576087129462],[-82.4394104312102,29.5760481521084],[-82.4394772164599,29.5760873325911],[-82.4394949024913,29.5796812002327],[-82.4394957801453,29.5796923680277],[-82.4395092575695,29.5831622612462],[-82.4397685436999,29.5831632510405],[-82.4421910224417,29.5831724951091],[-82.4455685118402,29.5831852999357],[-82.4457967629741,29.5831861655172],[-82.445796734228,29.5833126004938],[-82.4459052129851,29.5833143113432],[-82.4459214006265,29.5858914777525],[-82.4406140254689,29.5887339687463],[-82.4362395579203,29.5910767583526],[-82.4362788807735,29.5911592211659],[-82.4362731845563,29.5912330194135],[-82.436543401387,29.5910851033742],[-82.4367250578055,29.5966151067594],[-82.4367290517152,29.5967366867402],[-82.4390028269382,29.5966984547258],[-82.4390725730352,29.600416372594],[-82.4390258732168,29.601438258738],[-82.4477252913789,29.6014210478713],[-82.4523381430578,29.6014342096739],[-82.4560673480428,29.6014447861352],[-82.4561088852433,29.6014158045511],[-82.4561091709075,29.6014767623301],[-82.4561187424569,29.6014768357506],[-82.4561187990507,29.6014898366457],[-82.4561051311837,29.6032789984567],[-82.4561032033991,29.603553992774],[-82.456102425458,29.6036639618607],[-82.4561003656211,29.603959274925],[-82.4560901095555,29.6054148649806],[-82.4560721163004,29.6079684119472],[-82.455914744039,29.6079685533116],[-82.4554542631328,29.6079690102076],[-82.4553926315178,29.6081033164649],[-82.4544452197101,29.61016785424],[-82.4541681388523,29.6101705221422],[-82.453891099317,29.610211061595],[-82.4539632933231,29.6103533763679],[-82.4540791409605,29.6106173276009],[-82.4542524987423,29.611188932423],[-82.4543151283856,29.6115580185398],[-82.4542635632917,29.6122041787943],[-82.453930216456,29.6128961175678],[-82.4534658476413,29.6134409899245],[-82.4529999049781,29.6137515876938],[-82.452350406858,29.6139867980646],[-82.4517225698144,29.6140996430238],[-82.450797129002,29.6140962661036],[-82.4497593781177,29.6141020249865],[-82.4490162791383,29.6140998952776],[-82.4477388370751,29.6140416090247],[-82.4475403893473,29.6140065808706],[-82.4470854995554,29.613926288317],[-82.4463030310104,29.6137134355415],[-82.4455334613744,29.6134052875787],[-82.4447237415369,29.6129246139873],[-82.4441091007448,29.6125234039956],[-82.4433957458827,29.6121397333665],[-82.4427120165604,29.6119093170783],[-82.4422867388335,29.6118644125819],[-82.4414779119214,29.6118707510859],[-82.4406985039365,29.6120398904341],[-82.4398934921694,29.6123900603327],[-82.4395311953271,29.6124702838213],[-82.4388888082708,29.6124773751557],[-82.4389982149875,29.614486772912],[-82.4390867250942,29.6148380011099],[-82.4393861775958,29.6160262114737],[-82.4393867902468,29.6160275219186],[-82.439385918881,29.6160275172328],[-82.4392065414884,29.616026618352],[-82.4339857324831,29.6160081588829],[-82.4327682763213,29.6160038370691],[-82.4327256934819,29.6196558528215],[-82.4326870560432,29.6228682002365],[-82.4326856438916,29.6229855309077],[-82.4326005662476,29.6229852568109],[-82.4325680202849,29.6229851545127],[-82.4259739863491,29.6229429982624],[-82.4259652421482,29.6252692310062],[-82.4259609167601,29.6264172485255],[-82.4259587859562,29.626991244571],[-82.4259565599309,29.6275652404698],[-82.4259516039255,29.6287132747739],[-82.4259467548196,29.6298214344153],[-82.4259446994742,29.6302996130407],[-82.4259442557065,29.6303979816073],[-82.425944146112,29.6304244374154],[-82.4259411107047,29.6305237241328],[-82.4226462187016,29.6305382657912],[-82.422322624875,29.6305414375794],[-82.421606050451,29.6305272113824],[-82.4210065363899,29.6305153058524],[-82.420157735346,29.6305341772921],[-82.4193174117033,29.6306128316783],[-82.417778894964,29.6310651560649],[-82.4170209117986,29.6314661446615],[-82.4163178929522,29.6319631374591],[-82.4158609011025,29.6323931560722],[-82.4153944598744,29.6329448848506],[-82.415324900627,29.6330271611618],[-82.4152975729778,29.6330743729344],[-82.415183687261,29.6332265773418],[-82.4152448975661,29.6331653701592],[-82.4145626693287,29.6343439306145],[-82.4141798989827,29.6350051572779],[-82.4140922288009,29.6351593779375],[-82.4142294320875,29.635195368502],[-82.4142352495773,29.6352179229158],[-82.4142319662349,29.6352207978497],[-82.4142259241663,29.6352281647698],[-82.4142213310803,29.6352362898536],[-82.4141896933143,29.6352918333646],[-82.4141174319345,29.6354187027306],[-82.413907510924,29.6357873448407],[-82.4133450829111,29.6367750139892],[-82.4129282646193,29.6374302938066],[-82.4128124744741,29.6375969112483],[-82.4126904194781,29.6377600796738],[-82.412562232582,29.6379196202997],[-82.4124280557196,29.6380753574665],[-82.4122880371129,29.6382271186386],[-82.4121423303738,29.6383747375271],[-82.4119910971991,29.6385180509667],[-82.4118393447982,29.6386449287609],[-82.4116827900037,29.6387672724049],[-82.4115216097838,29.6388849429364],[-82.4113559855983,29.6389978076394],[-82.4111861060932,29.6391057384828],[-82.4110121644065,29.6392086113387],[-82.410834357269,29.6393063122295],[-82.4106528859035,29.6393987287384],[-82.4104679560242,29.6394857562564],[-82.4102797778368,29.6395672964197],[-82.4100913624941,29.639641787695],[-82.4099001920185,29.6397107182511],[-82.4097064829039,29.6397740084604],[-82.4095104534409,29.6398315872835],[-82.4093123246151,29.6398833922684],[-82.4091123165138,29.6399293625238],[-82.4089106564106,29.6399694473077],[-82.4087075715793,29.640003602904],[-82.4086062703614,29.6400181510014],[-82.4085090951055,29.6400310602597],[-82.4084582477655,29.6400372033609],[-82.4083818819832,29.640045659884],[-82.408377411068,29.6400681679268],[-82.4081879716459,29.6400853963982],[-82.4079980165909,29.6400975280011],[-82.407807722871,29.6401045525874],[-82.4077810662633,29.6400831407538],[-82.4073439703005,29.6400827058649],[-82.4064630787397,29.6400882204431],[-82.4044031483684,29.6400643101417],[-82.4044025833281,29.6401330569276],[-82.402951831992,29.6401239164576],[-82.4025340560961,29.6401307622458],[-82.4023473107216,29.6399096480498],[-82.3962626062806,29.6316083935021],[-82.3959155304924,29.631134831946],[-82.3958858582403,29.6310943469791],[-82.3957299322665,29.6308815968366],[-82.3950254383864,29.6298932217915],[-82.3955758487374,29.6294733506134],[-82.3990410451487,29.6264772861526],[-82.3990592279483,29.6254157959517],[-82.3992410819962,29.6254155062438],[-82.399341263015,29.620873873415],[-82.3994072047467,29.6200445240005],[-82.4002270665638,29.6199625908459],[-82.4004678716538,29.6194543137634],[-82.4005303476852,29.6188810674312],[-82.4004718359191,29.6186106287319],[-82.4004301154624,29.618338040945],[-82.4003542096175,29.6179461746003],[-82.3992688138873,29.6179276576932],[-82.3989108217718,29.6164780398393],[-82.3994495306679,29.6164731003118],[-82.3994193068502,29.6149972156699],[-82.399182626824,29.6150012704371],[-82.3992081659275,29.6147663154665],[-82.3992614971093,29.6143612095203],[-82.3993259135017,29.6136663232521],[-82.399396139299,29.6131718869403],[-82.3994264134224,29.6122153703238],[-82.3993197672285,29.6119234474994],[-82.3991668021019,29.6118145503468],[-82.3991467669762,29.6114826021098],[-82.3990676164165,29.6112107034072],[-82.3990217107088,29.611166784995],[-82.3994674080404,29.6109309229417],[-82.399474911668,29.6105392425749],[-82.3993824552623,29.6103996022085],[-82.3994270018189,29.6103760691127]]]},"properties":{"OBJECTID":9,"code_elem":"010501","link":"http://www.edline.net/pages/WLS0501","Facility":"Wiles Elementary School","Address":"4601 SW 75TH ST","Descrip":"Wiles,(Grades K-5)","EntityID":"0501","Entity":501,"Label":"Wiles Elementary","Capacity2025":725,"Attendance2025":706,"PctCap2025":97,"Shape__Area":34412242.869140625,"Shape__Length":34390.990753719911}},{"type":"Feature","id":10,"geometry":{"type":"Polygon","coordinates":[[[-82.5233525965346,29.9448482316001],[-82.5232974956717,29.9447445102994],[-82.5232257032125,29.9447135557948],[-82.5231499671492,29.9446891787361],[-82.5230860583049,29.9446450669631],[-82.5230060498542,29.9446438588903],[-82.5229292582704,29.9446725692975],[-82.5228824165182,29.9447282853982],[-82.5228734100092,29.9447978483594],[-82.5229025666284,29.944864667427],[-82.5229171462854,29.9448980785008],[-82.5229233778986,29.9449678709697],[-82.5228765352481,29.9450235861265],[-82.5228109097233,29.9450657439623],[-82.5227309012725,29.9450645351162],[-82.5226508263464,29.9450666422292],[-82.5225710182199,29.945055480835],[-82.5224911418215,29.9450476361777],[-82.522427232079,29.9450035245638],[-82.5223474239525,29.9449923616057],[-82.522267681403,29.9449778803493],[-82.5221959536225,29.9449436068406],[-82.5221320438799,29.9448994951805],[-82.5220913259431,29.9448391383794],[-82.5220697870375,29.9447724313837],[-82.5220673660778,29.9447026956006],[-82.5220649451181,29.9446329613255],[-82.5220663339135,29.9445632822677],[-82.5221018775544,29.9445007589793],[-82.5221324490201,29.9444522351577],[-82.5221412318487,29.9444382940316],[-82.5221540499095,29.9443687876421],[-82.5221858511688,29.9443028883103],[-82.5221910479227,29.9442332689581],[-82.5221924358199,29.9441635903987],[-82.522193823717,29.9440939117905],[-82.5221952116141,29.9440242346902],[-82.5221927915527,29.943954499161],[-82.5221903696947,29.9438847643613],[-82.5221803274282,29.943814912752],[-82.522174095815,29.9437451194741],[-82.5221410638637,29.9436815603928],[-82.5221348322506,29.9436117670213],[-82.5221132942433,29.9435450615377],[-82.5220994422216,29.943475154423],[-82.5220702865008,29.9434083336435],[-82.5220141310158,29.9433576998046],[-82.521934321991,29.9433465358834],[-82.5218542506581,29.943348645368],[-82.5218224493987,29.9434145453321],[-82.5218090195852,29.943460145186],[-82.5218020109294,29.9434839340706],[-82.5217702105683,29.9435498347234],[-82.5217308571724,29.9436123002291],[-82.5216840136236,29.9436680161453],[-82.5216074214658,29.943686771814],[-82.5215234065289,29.9436954588127],[-82.5214433989764,29.9436942491715],[-82.5213677311851,29.943666555079],[-82.5212998814317,29.9436290188214],[-82.5212644536735,29.9435765013528],[-82.5212591643931,29.9435686612493],[-82.5212261315435,29.9435051020553],[-82.5211622235975,29.9434609897573],[-82.5210865576028,29.9434332924861],[-82.521006748578,29.9434221293518],[-82.5209267419239,29.9434209197073],[-82.5208467361681,29.9434197100628],[-82.5207663980356,29.9434350913845],[-82.5206866581811,29.9434206083445],[-82.5206067826809,29.9434127627799],[-82.5205267751285,29.9434115531352],[-82.5204501173937,29.943433627201],[-82.5203845565476,29.9434724634714],[-82.5203452004567,29.943534929804],[-82.520302101086,29.9435940201522],[-82.5202850133327,29.9436618581825],[-82.5202461171792,29.9437259325802],[-82.5202267908242,29.9437915435064],[-82.5202641508585,29.9438422308343],[-82.5203233902599,29.9438956487752],[-82.5203605194273,29.9439582798635],[-82.5203263016998,29.9440246067666],[-82.5202543870697,29.9440569408141],[-82.5201721750515,29.944055697706],[-82.5200900609497,29.944049680658],[-82.5200081345958,29.9440341172853],[-82.5199318802046,29.9440090916508],[-82.5198556258134,29.9439840644533],[-82.5198203714301,29.9439965967345],[-82.5197783239866,29.9440115436184],[-82.5197011191778,29.9440342480568],[-82.5196917470544,29.9440384631048],[-82.5196292027511,29.9440665821013],[-82.5195740551758,29.9440657476543],[-82.5195469925296,29.9440653382149],[-82.5194647814097,29.9440640943286],[-82.5193997748242,29.9440249142354],[-82.5193291923957,29.9439904247808],[-82.5192586090688,29.9439559345358],[-82.519193601585,29.9439167544001],[-82.5191230182582,29.9438822633511],[-82.5190469552081,29.9438476905579],[-82.5189707008169,29.9438226633197],[-82.5188886810382,29.943811873863],[-82.5188075209472,29.9438042509528],[-82.5187278924838,29.9438030459834],[-82.5186482640204,29.9438018410139],[-82.5185685735732,29.943803787024],[-82.5184920631622,29.9438278552734],[-82.5184811423433,29.9438308420089],[-82.5184769256513,29.9438307781797],[-82.5184015129815,29.9438296370397],[-82.5183243207492,29.9438406561236],[-82.5183216329898,29.943841040655],[-82.5182418805589,29.9438461391993],[-82.5181654321316,29.9438670533474],[-82.5180890465864,29.9438848157359],[-82.5180091028143,29.9438993718781],[-82.5179292875013,29.9439076229525],[-82.5178494703917,29.9439158724693],[-82.5177698428266,29.9439146667229],[-82.5176905287735,29.9438977006463],[-82.5176372452024,29.9438464427767],[-82.5176096103293,29.9437798098421],[-82.5175782950585,29.9437162717999],[-82.5175631332932,29.9436668220719],[-82.5175579006067,29.9436497477547],[-82.5175302657336,29.9435831139099],[-82.5174659337828,29.9435411484904],[-82.5173863080143,29.9435399427394],[-82.5173309089108,29.9435528245808],[-82.5173099224691,29.9435577051862],[-82.5172018012415,29.9435862827996],[-82.5171985277806,29.9435871483868],[-82.5170967792016,29.9436021124571],[-82.5169966278272,29.9435928284131],[-82.5169450034445,29.943554180564],[-82.5169359475281,29.9435332632366],[-82.5169162313043,29.943487722575],[-82.516917025415,29.9434479444384],[-82.5169175688957,29.9434207492362],[-82.5169064225997,29.9433089247779],[-82.5168528578559,29.9432691263312],[-82.5168503982687,29.9432672978503],[-82.5167945787535,29.9432566585662],[-82.5167149520868,29.9432554520334],[-82.5166353236233,29.9432542455005],[-82.5165553834445,29.9432687993998],[-82.5164929702952,29.9433119979323],[-82.5164341153727,29.9433584019282],[-82.5163752595519,29.9434048074592],[-82.5163164037312,29.9434512121901],[-82.5162611052389,29.9435008239339],[-82.5162093631769,29.9435536442424],[-82.5161469509258,29.9435968410943],[-82.5161059401382,29.9436561291206],[-82.5160470843174,29.9437025345127],[-82.5159882293949,29.9437489383264],[-82.5159329291061,29.9437985507],[-82.5158633411126,29.9438384874908],[-82.5157903215547,29.9438689113966],[-82.5157208593253,29.943902543093],[-82.5156584470744,29.9439457413502],[-82.515439477334,29.944059734499],[-82.515229794377,29.9441967323813],[-82.5152144035412,29.9441998358658],[-82.5151447086482,29.9442354928487],[-82.5150713162895,29.9442644182124],[-82.5149979904061,29.9442900057876],[-82.5149175345943,29.9442887860344],[-82.5148493075485,29.9442510382868],[-82.5147928412464,29.9442001176469],[-82.5147557983173,29.9441361447468],[-82.5147201127426,29.9440796903895],[-82.5146403737864,29.9440729159579],[-82.5145605243375,29.9440717047645],[-82.5145531779151,29.9440703098682],[-82.514480949773,29.9440565858628],[-82.5144011551212,29.9440525926602],[-82.5143302187565,29.9440849064602],[-82.5142655041234,29.9441256620144],[-82.5142290909134,29.9441891079437],[-82.5141675149939,29.94423269372],[-82.5141059372778,29.9442762794772],[-82.5140319178951,29.9443029824967],[-82.5139548720881,29.9443212912441],[-82.5138884174183,29.9443434234879],[-82.5128652048687,29.9443854850905],[-82.5123571563715,29.944654789925],[-82.5116936238717,29.9448639980067],[-82.5112404795065,29.9451266089171],[-82.5108342658266,29.9453065461264],[-82.5103851207609,29.9449734956512],[-82.5099359783902,29.944640440947],[-82.5091871715154,29.9446672411684],[-82.5086402026103,29.9445757654368],[-82.5080377483633,29.9443245605239],[-82.5070048025676,29.9436538258196],[-82.5069796263834,29.9436448087735],[-82.5069375843298,29.9430014601907],[-82.5069204426776,29.9427391472502],[-82.5069178133087,29.942698889312],[-82.5066368759834,29.9427188758336],[-82.5065541600104,29.9427176163622],[-82.5064715482419,29.9427112092485],[-82.5064012703423,29.942679258521],[-82.5063188660846,29.9426625607862],[-82.5062360468053,29.9426664481804],[-82.5061587234189,29.9426910039914],[-82.5060760092425,29.9426897445195],[-82.5059930884536,29.9426987756637],[-82.5059157659655,29.9427233322452],[-82.5058499482013,29.9427635068833],[-82.5057957411621,29.9428141527009],[-82.5057356241066,29.9428647074185],[-82.5056814179657,29.9429153516277],[-82.5056154977936,29.9429606714826],[-82.5055496809276,29.9430008468034],[-82.5054724590509,29.9430202564624],[-82.5053897448744,29.9430189962164],[-82.5053156509315,29.9430488669234],[-82.5052687130596,29.9430468282678],[-82.5051869007917,29.9430455812551],[-82.5051050867272,29.9430443350207],[-82.5050199848288,29.9430370973646],[-82.5049419400952,29.9430180901469],[-82.5048780653869,29.9429725710451],[-82.5048176015818,29.9429271032975],[-82.5047640754656,29.9428758028935],[-82.5047070800558,29.9428274199501],[-82.5046708348307,29.9427645032509],[-82.5046483455075,29.9426958566162],[-82.5046258561844,29.942627211491],[-82.5046242913192,29.9426151196192],[-82.5046170014906,29.942558772598],[-82.5046252507199,29.9424876255546],[-82.5045992921031,29.9424218962277],[-82.5045664568829,29.9423590322042],[-82.5045164593491,29.9423018466842],[-82.5044525271486,29.9422592969121],[-82.5043780702863,29.9422314335036],[-82.5043071402098,29.9421976844797],[-82.5042502049871,29.9421463315456],[-82.5041932697644,29.9420949801419],[-82.5041328068576,29.9420495112148],[-82.5040654044652,29.9420098772888],[-82.5040049424567,29.9419644098795],[-82.5039305457815,29.9419335782782],[-82.5038487344119,29.9419323304731],[-82.5037705693041,29.9419192600444],[-82.50369246618,29.9419032191675],[-82.5036107132009,29.9418990048075],[-82.5035362581353,29.9418711405198],[-82.5034652705666,29.9418403610436],[-82.5033834574004,29.9418391132373],[-82.5033016469291,29.941837865431],[-82.5032197762708,29.9418395872948],[-82.5031508835733,29.9418741709055],[-82.5030787021436,29.941902768463],[-82.5030098076495,29.9419373536086],[-82.5029278184135,29.9419450109124],[-82.5028934848034,29.9419509658142],[-82.5028491170115,29.9419586597025],[-82.5027704748983,29.9419693388248],[-82.5026885440528,29.9419740272386],[-82.5026098417524,29.9419876752464],[-82.5025311223841,29.941986474147],[-82.5025280303829,29.941986427442],[-82.5024461004357,29.9419911158549],[-82.5023642890661,29.9419898672721],[-82.5022824184078,29.9419915883548],[-82.5022107139835,29.9419964324511],[-82.5021289008173,29.9419951838684],[-82.5020470894477,29.9419939352856],[-82.5019652187894,29.9419956548114],[-82.5018865766761,29.9420063339297],[-82.5018176839787,29.9420409205961],[-82.5017391020526,29.9420486300459],[-82.5016568720681,29.9420681621023],[-82.5015825373767,29.9420697228295],[-82.5015750014097,29.9420698808483],[-82.5014970168633,29.9420479030037],[-82.5014296162675,29.9420082675202],[-82.5013621581796,29.941971601687],[-82.5013051654647,29.9419232151901],[-82.501248230242,29.9418718613359],[-82.5012222743202,29.9418061316021],[-82.501199787692,29.9417374858629],[-82.501204631408,29.9416662852994],[-82.501219641358,29.9415982123817],[-82.5012312422016,29.9415300857063],[-82.5012428421469,29.9414619605412],[-82.5012467192757,29.94140494498],[-82.5012476858629,29.9413907621158],[-82.5012286065446,29.9413221666874],[-82.5011957740193,29.9412593011905],[-82.5011560657888,29.9411993018125],[-82.501099070379,29.9411509149399],[-82.501031612291,29.9411142487907],[-82.5009570970382,29.9410893531971],[-82.5008790549996,29.9410703440504],[-82.5008010704531,29.9410483652065],[-82.5007231478904,29.9410234166634],[-82.5006556889042,29.9409867496888],[-82.5005776459672,29.9409677389656],[-82.5005345286302,29.9409076880356],[-82.5004879419996,29.9408505507221],[-82.5004240106974,29.9408079987724],[-82.5003566738821,29.9407653946497],[-82.5002893936606,29.9407198208054],[-82.5002324611328,29.94066846633],[-82.5001720009209,29.9406229967508],[-82.5001081316025,29.9405774765529],[-82.5000372662047,29.9405407564807],[-82.4999733950897,29.9404952346883],[-82.4999198707701,29.9404439322518],[-82.4998417092555,29.9404308592922],[-82.4997636681152,29.9404118484628],[-82.4996854455153,29.9404017444336],[-82.4996036359423,29.940400494274],[-82.4995218254711,29.9403992441143],[-82.4994400141015,29.9403979939547],[-82.4993583832933,29.9403878369907],[-82.499348481164,29.9403876859752],[-82.4992765737204,29.9403865868309],[-82.4992195828022,29.940338199563],[-82.4991660584826,29.9402868962671],[-82.4991366961492,29.9402211141095],[-82.4991381325554,29.9401498634194],[-82.4991633707233,29.9400819467075],[-82.499184120908,29.9400674149164],[-82.4992195244117,29.9400026227814],[-82.4992549288136,29.9399378290473],[-82.4992801660832,29.9398699129691],[-82.4992951760333,29.9398018380438],[-82.4993000808348,29.9397276718109],[-82.4993015163426,29.939656419989],[-82.4993029518504,29.9395851688944],[-82.4993044475454,29.9395109495663],[-82.4992990666368,29.9394395948353],[-82.4992868073281,29.9393711047076],[-82.4992882437343,29.9392998534087],[-82.4992760437144,29.9392283942153],[-82.4992774792222,29.9391571435927],[-82.4992720983137,29.9390857886079],[-82.499253020792,29.939017193147],[-82.499232993751,29.9389723214348],[-82.4992236593569,29.9389514117067],[-82.4991597909368,29.938905889187],[-82.4991573277563,29.9389057623009],[-82.4990780424494,29.938901669251],[-82.4989962337748,29.9389004190725],[-82.498914364913,29.9389021378733],[-82.4988324349658,29.9389068240963],[-82.4987505068153,29.9389115118759],[-82.4986686981407,29.9389102609191],[-82.4985870691291,29.9389001022464],[-82.4985197314154,29.9388574973067],[-82.4985192139859,29.9388570574865],[-82.4984627422938,29.9388091108519],[-82.4983988756704,29.9387635882672],[-82.4983315370584,29.9387209832689],[-82.4982534033916,29.9387071511002],[-82.4981741010166,29.9387250358472],[-82.4981049765538,29.9387520859859],[-82.4980989497566,29.9387544454482],[-82.4980496816548,29.9387899370179],[-82.4980366462017,29.9387993289353],[-82.4980351154725,29.9388016004325],[-82.4979959552143,29.9388598209582],[-82.4979422647064,29.9389124748091],[-82.4979146504946,29.9389769881935],[-82.4978782669289,29.9390413668657],[-82.4978506518188,29.9391058793881],[-82.4978056516129,29.9391624860289],[-82.4977562694251,29.9392190249132],[-82.4977373464137,29.9392874902355],[-82.4976966554263,29.9393479827399],[-82.4976690394178,29.9394124966204],[-82.4976240419069,29.9394691023082],[-82.4975833500212,29.9395295947023],[-82.4975253520915,29.9395783630192],[-82.4974803518856,29.9396349717264],[-82.4974012013259,29.939645217509],[-82.497317898753,29.9396439432083],[-82.4972345961801,29.9396426689077],[-82.4971606783069,29.9396109818631],[-82.4970866831787,29.9395831114853],[-82.4970162175312,29.9395614491367],[-82.4970082270167,29.9395589939457],[-82.4969296935996,29.9395386930789],[-82.4968556984714,29.939510822681],[-82.4967770877991,29.9394943400415],[-82.496703169926,29.9394626513928],[-82.4966292520529,29.9394309635125],[-82.4965554096382,29.9393954566027],[-82.4964904165274,29.9393562637725],[-82.4964118058552,29.9393397811075],[-82.4964071651584,29.9393382748281],[-82.4963377334718,29.9393157296763],[-82.4962590464428,29.939303065249],[-82.4961757438699,29.9393017901655],[-82.4960965942085,29.9393120383178],[-82.4960342897553,29.9393569215533],[-82.4960153640489,29.9394253860023],[-82.4959745949081,29.9394896966603],[-82.4959697529887,29.9395072122872],[-82.4959556692017,29.9395581617963],[-82.495910592639,29.9396185848553],[-82.4959004362864,29.9396871845721],[-82.4958858970536,29.9397557165177],[-82.4958625875686,29.9398241137468],[-82.4958262022063,29.9398884918709],[-82.4957638959565,29.9399333748463],[-82.495710203652,29.939986028129],[-82.4956520494154,29.9400424326547],[-82.4955897440639,29.9400873155607],[-82.4955189002257,29.9401206083606],[-82.4954652079212,29.9401732607657],[-82.4953861346166,29.940179688282],[-82.495306830445,29.9401975727644],[-82.4952235269738,29.940196296914],[-82.4951402226042,29.9401950210635],[-82.4950797668839,29.9401482598481],[-82.4950147719765,29.9401090657577],[-82.4949677011539,29.9400510499127],[-82.4949206285347,29.9399930340338],[-82.4948720575256,29.9399369050459],[-82.4948085744828,29.939895188744],[-82.4948009810237,29.9398876527183],[-82.4947512493912,29.9398382874933],[-82.4946938174002,29.9397864802918],[-82.4946184397647,29.9397547668262],[-82.4945550609264,29.9397079594762],[-82.4944856292398,29.9396712445321],[-82.4944037891242,29.9396699904711],[-82.4943386612661,29.9397097366457],[-82.4942677931733,29.939744301536],[-82.4941911785577,29.9397736859258],[-82.4941432821834,29.939828972739],[-82.4941011260437,29.9398894423396],[-82.4940359981856,29.9399291884265],[-82.4939929607986,29.939958770484],[-82.4939707697162,29.9399740238992],[-82.4939055385518,29.9400188609085],[-82.4938403082858,29.940063698676],[-82.4937636954668,29.9400930806361],[-82.4936928237807,29.9401276453932],[-82.4936109827668,29.940126391338],[-82.4935712960959,29.9400646678254],[-82.4935492496422,29.9399981210989],[-82.4935448452023,29.9399267542624],[-82.4935278023648,29.9399055707259],[-82.4934992107859,29.9398700312912],[-82.4934239337617,29.9398332268869],[-82.4933604525155,29.9397915097631],[-82.4932911268301,29.9397497046587],[-82.4932216960418,29.9397129889515],[-82.4931461126921,29.939691458187],[-82.4930707341583,29.9396597446911],[-82.4929895111853,29.9396279440002],[-82.4929139260389,29.9396064132172],[-82.4928322907392,29.9395949748652],[-82.4927967758444,29.9395922160846],[-82.4927505512348,29.9395886282685],[-82.4926687111192,29.9395873734281],[-82.4925869707165,29.9395810276093],[-82.4925053372134,29.9395695892544],[-82.4924234926062,29.9395683344137],[-82.4923600131566,29.9395266164004],[-82.4922845322149,29.9394999938347],[-82.4922151041215,29.9394632795923],[-82.4921517252833,29.9394164705482],[-82.492112040409,29.9393547481521],[-82.4920664068909,29.9392980248548],[-82.4919969778992,29.9392613082026],[-82.4919654721855,29.9391989948742],[-82.4919632407704,29.9391945842327],[-82.4919353516741,29.9391279481819],[-82.491914800017,29.9390788480282],[-82.4919074616794,29.9390613128648],[-82.4918972119021,29.9389898535001],[-82.4918576294357,29.9389230390489],[-82.4918496128701,29.9389038846979],[-82.4918297385427,29.9388564020378],[-82.4917782596871,29.9387995920491],[-82.491732626169,29.9387428684353],[-82.4916929412947,29.9386811432859],[-82.4916592050642,29.9386144197054],[-82.4916135733427,29.938557695986],[-82.49157388757,29.9384959722786],[-82.4915459984737,29.9384293357599],[-82.4914885709742,29.9383775262677],[-82.4914254005452,29.9383205338491],[-82.4913502286239,29.9382786370481],[-82.4912867509709,29.9382369208294],[-82.4912112700292,29.93821029714],[-82.4911294308119,29.9382090415037],[-82.4910475888996,29.9382077850889],[-82.4909599043447,29.9382064391527],[-82.4909409247394,29.9382774491376],[-82.4909507055962,29.9383209277432],[-82.4909570198543,29.9383489969785],[-82.4909554738537,29.9384253664632],[-82.4910127989453,29.9384822693006],[-82.4910584315651,29.938538991506],[-82.4910686804442,29.9386104504162],[-82.4910207813749,29.938665736319],[-82.4909728823056,29.9387210245264],[-82.4909191370005,29.9387762224037],[-82.4908480613969,29.9388209657612],[-82.4907829326405,29.9388607107182],[-82.4907234444057,29.9389107272061],[-82.4906531763876,29.9389423015997],[-82.4906467291788,29.938945198961],[-82.490581599524,29.9389849430898],[-82.490510730533,29.9390195051182],[-82.4904341159173,29.9390488881652],[-82.4903518643733,29.9390679950033],[-82.4902697125422,29.9390820123908],[-82.4902102252058,29.9391320295459],[-82.4901337138964,29.9391563192243],[-82.490057304995,29.9391755178978],[-82.4899753624714,29.9391793532727],[-82.489893212437,29.9391933690877],[-82.4898280827823,29.939233112339],[-82.4897628516179,29.9392779481253],[-82.489691877524,29.9393176018223],[-82.4896152629083,29.9393469808891],[-82.4895386509876,29.9393763622824],[-82.4894620354737,29.9394057428887],[-82.489379782133,29.9394248519936],[-82.4892976312003,29.9394388693309],[-82.4892614075347,29.9394479692727],[-82.4892212240954,29.9394580656145],[-82.4891446085815,29.9394874461966],[-82.4890680981704,29.9395117365667],[-82.4889915859627,29.9395360261524],[-82.4889096425408,29.9395398599566],[-82.4888277997302,29.9395386020018],[-82.4887457539004,29.9395475275646],[-82.4886946756934,29.9395530840501],[-82.4886637053756,29.9395564523481],[-82.4885816577492,29.9395653779093],[-82.4884998158369,29.9395641199548],[-82.4884179748229,29.9395628627788],[-82.4883360296044,29.9395666965819],[-82.4882595191933,29.9395909845973],[-82.4881829036794,29.9396203643617],[-82.4881063932683,29.9396446531425],[-82.4880297759577,29.939674034448],[-82.4880178202796,29.939678617881],[-82.4879531622404,29.9397034141879],[-82.4878894123979,29.9397024341368],[-82.4878713203281,29.9397021562351],[-82.4877945862365,29.9397200197855],[-82.4877765822016,29.9397233592758],[-82.487730725003,29.9397318636882],[-82.4876485614939,29.9397292878439],[-82.4875667186833,29.9397280298914],[-82.4874848776693,29.9397267711605],[-82.4874028291445,29.939735695928],[-82.4873209881305,29.9397344371972],[-82.4872391462183,29.9397331792448],[-82.487157304306,29.939731920514],[-82.4870754623937,29.9397306617832],[-82.4869934156656,29.9397395865503],[-82.4869113662425,29.9397485105382],[-82.4868348549331,29.9397727992877],[-82.4867639823487,29.9398073594854],[-82.4866988535923,29.9398471001561],[-82.4866509509298,29.9399023869286],[-82.4866030482673,29.9399576721135],[-82.4865493011655,29.9400128669693],[-82.4864784276829,29.9400474278621],[-82.4863963791581,29.9400563518223],[-82.4863148471646,29.9400398178967],[-82.4862574196651,29.9399880045727],[-82.4862177401807,29.9399262809743],[-82.4861840057468,29.9398595527798],[-82.486173760461,29.9397880939885],[-82.4861752058503,29.9397168149645],[-82.4861766512396,29.9396455374464],[-82.4861487648382,29.9395788993623],[-82.486115032201,29.9395121732702],[-82.4861106313544,29.9394408029713],[-82.4860945416293,29.9393692559156],[-82.486066655228,29.9393026176465],[-82.4860031766767,29.9392608987433],[-82.4859398032284,29.9392140864903],[-82.4858763246771,29.9391723659932],[-82.4858128479225,29.9391306454785],[-82.4857494744742,29.9390838354996],[-82.4856800463808,29.9390471156545],[-82.4855982071635,29.9390458561365],[-82.4855163652512,29.9390445966186],[-82.4854399581464,29.9390637929782],[-82.4853580120296,29.9390676244653],[-82.4852928832732,29.93910736621],[-82.4852109380546,29.9391111976954],[-82.4851289946327,29.9391150276238],[-82.4850522758125,29.9391494977509],[-82.4849927848828,29.9391995117583],[-82.4849219114002,29.9392340721553],[-82.4848624195722,29.9392840845632],[-82.4848145178079,29.9393393700917],[-82.4847798661942,29.9393890671791],[-82.4847723571767,29.9393998345408],[-82.4847301956472,29.9394603020669],[-82.4846822920863,29.939515586719],[-82.4846343903221,29.939570870562],[-82.4845922287926,29.9396313379841],[-82.4845732437974,29.9397023453951],[-82.4844966291817,29.9397317235698],[-82.4844147863711,29.9397304632821],[-82.4843454651773,29.9396886519244],[-82.4842939890166,29.9396318385189],[-82.4842779001898,29.9396140808201],[-82.4842425128558,29.9395750227456],[-82.4842028333714,29.9395132957772],[-82.4842042805573,29.9394420181132],[-82.4842057277433,29.9393707396198],[-82.4842071749292,29.9392994602968],[-82.4842261581278,29.9392284518199],[-82.4842276053137,29.9391571731734],[-82.4842348987355,29.939085984775],[-82.4842363459214,29.939014705248],[-82.484237792209,29.9389434280053],[-82.4842333931591,29.9388720572984],[-82.4841819196933,29.9388152434265],[-82.4841362897684,29.9387585182647],[-82.4840788658622,29.9387067034949],[-82.4840215461606,29.9386497992291],[-82.4840058049818,29.9386355965108],[-82.483964121356,29.938597985181],[-82.4839007497043,29.9385511718376],[-82.4838433257981,29.9384993592952],[-82.483815440295,29.9384327212218],[-82.483816887481,29.9383614435621],[-82.4838183346669,29.938290163516],[-82.4838197818528,29.9382188857541],[-82.4838212290387,29.9381476063843],[-82.4838370277096,29.9381055530424],[-82.4838459560652,29.9380817799974],[-82.4838649419588,29.9380107698729],[-82.483883926954,29.9379397628114],[-82.4839029110509,29.9378687525855],[-82.4839160498102,29.9377976543439],[-82.4839524657152,29.9377320059908],[-82.483959759137,29.937660818908],[-82.4839787441322,29.937589808483],[-82.4840263377743,29.9375497991227],[-82.4840336302978,29.9374786103526],[-82.4840409237196,29.9374074215316],[-82.4840248330962,29.9373358722351],[-82.4840193866106,29.9372978922047],[-82.4840145887087,29.9372644139664],[-82.4839689596821,29.9372076886988],[-82.4839116417771,29.9371507851325],[-82.4838483725334,29.9370988800028],[-82.4837851023913,29.9370469756246],[-82.4837218358424,29.9369950727761],[-82.4836465633098,29.936958261859],[-82.4835711910642,29.9369265428211],[-82.4834996537266,29.9368924977402],[-82.4834906957266,29.9368590956544],[-82.4834332745153,29.9368072814523],[-82.4833818001512,29.9367504656228],[-82.4833597617823,29.9366839182362],[-82.4833141345524,29.9366271926377],[-82.4832804046101,29.9365604653443],[-82.4832466755661,29.9364937364491],[-82.4831834063224,29.9364418340905],[-82.4831377808891,29.9363851075755],[-82.4830684596952,29.9363432955904],[-82.482993088348,29.9363115786918],[-82.48292961339,29.936269856199],[-82.482860499707,29.9362178610865],[-82.482785231666,29.9361810522172],[-82.4827098576237,29.936149332153],[-82.4826282268155,29.9361378879543],[-82.4825588032138,29.9361011678004],[-82.4824835351727,29.9360643557741],[-82.4824080587226,29.9360377291679],[-82.4823386369174,29.936001008977],[-82.4822752652657,29.9359541944116],[-82.4822117930026,29.9359124725475],[-82.4821362123479,29.9358909362897],[-82.4820609461035,29.9358541257424],[-82.481979416805,29.9358375895615],[-82.4818975793843,29.9358363276675],[-82.4818157401669,29.9358350657736],[-82.4817336961337,29.9358439862193],[-82.4816685655807,29.9358837261378],[-82.4815974863838,29.935928465347],[-82.4815378921479,29.9359835698009],[-82.4815073197838,29.9360493057172],[-82.4815044361917,29.9360544996335],[-82.4814709002856,29.9361149528451],[-82.4814461705641,29.9361807789764],[-82.4814214444359,29.9362466066211],[-82.4813850249377,29.936312252062],[-82.481354348369,29.9363830812388],[-82.4813296186476,29.9364489071926],[-82.4813048907227,29.9365147346599],[-82.4812975964026,29.9365859217843],[-82.4812438484025,29.9366411161754],[-82.4811959439434,29.9366964008373],[-82.4811759824795,29.9367194346768],[-82.4811480394842,29.936751683133],[-82.4810942914842,29.9368068766537],[-82.4810521290563,29.9368673410851],[-82.48099263633,29.9369173531259],[-82.4809216604394,29.9369570015361],[-82.4808565307846,29.9369967402316],[-82.480791398435,29.9370364789112],[-82.4807147847176,29.9370658555378],[-82.4806329437037,29.937064592881],[-82.480551106283,29.9370633302241],[-82.4804898106379,29.9370552475071],[-82.4804636292389,29.9370517942726],[-82.4804469008117,29.9370366992146],[-82.4804062080277,29.9369999786139],[-82.4803835938387,29.9369617976133],[-82.4803666336462,29.9369331604909],[-82.4803329055005,29.9368664310673],[-82.4802873851701,29.9368046144525],[-82.4802539669432,29.9367226107913],[-82.4802378799131,29.9366510625592],[-82.4802041526658,29.9365843329465],[-82.4801939109732,29.936512874138],[-82.4801836692806,29.9364414144997],[-82.4801499429316,29.9363746870817],[-82.4801397012391,29.9363032273442],[-82.4801000253479,29.9362414999027],[-82.4800839374195,29.9361699505462],[-82.48004426063,29.936108223022],[-82.4800045865355,29.9360464954596],[-82.479964909746,29.9359847694158],[-82.4799074885348,29.9359329524228],[-82.4798320147795,29.9359063226677],[-82.4797566425339,29.9358746017375],[-82.4796812720849,29.9358428815757],[-82.479599744583,29.9358263446143],[-82.4795241675216,29.9358048060024],[-82.479448795276,29.9357730850399],[-82.4793732182145,29.935751545638],[-82.4792921021409,29.935714644737],[-82.4792286316745,29.9356729196585],[-82.4791595197882,29.9356209234555],[-82.4790900970847,29.9355841999969],[-82.479014727534,29.935552480521],[-82.4789574114257,29.9354955721156],[-82.4789000962156,29.9354386667916],[-82.478848626343,29.9353818486237],[-82.4788207453316,29.9353152092407],[-82.4787810685421,29.9352534827431],[-82.478747344888,29.935186752193],[-82.4787429503297,29.9351153842404],[-82.4787092230823,29.9350486535977],[-82.4786459592284,29.9349967489283],[-82.4785704863715,29.9349701181442],[-82.4784886471542,29.9349688539038],[-82.4784068106318,29.9349675904418],[-82.4783249714145,29.9349663262014],[-82.4782431357904,29.9349650619609],[-82.4781375010995,29.9349838021441],[-82.4780498183413,29.9349824483795],[-82.4780301299652,29.9349783754084],[-82.4779503505848,29.9349877163065],[-82.4778731026569,29.9350053214719],[-82.4777946500882,29.9350158588801],[-82.4777474103823,29.9350236116902],[-82.4777161490105,29.9350287449393],[-82.4776376712889,29.9350404562816],[-82.4775581066059,29.9350392270734],[-82.4774942148296,29.934997117146],[-82.4774956260829,29.9349278205754],[-82.4775104994891,29.9348599065263],[-82.4775157609217,29.9347908504089],[-82.4775172125992,29.9347195732539],[-82.4775186642767,29.9346482937125],[-82.4775201159542,29.934577015677],[-82.47752156853,29.934505736812],[-82.477522916003,29.9344395499159],[-82.477530213018,29.9343683604774],[-82.4775434595752,29.9342921715994],[-82.4775450154573,29.9342158012775],[-82.4775581578099,29.9341447035395],[-82.4775713019591,29.9340736049721],[-82.4775553209302,29.9339969643497],[-82.4774979042105,29.9339451478785],[-82.4774160658915,29.9339438828466],[-82.4773342311657,29.9339426185932],[-82.4772588607167,29.9339108947015],[-82.4772015482016,29.9338539876927],[-82.4771618741071,29.9337922579532],[-82.4771223033188,29.933725439233],[-82.4770767838868,29.9336636198883],[-82.4770547527044,29.9335970719941],[-82.4770445137068,29.9335256118187],[-82.4770107891544,29.9334588832236],[-82.4769533706381,29.9334070656938],[-82.4768839524262,29.9333703421966],[-82.4768204819598,29.9333286184705],[-82.4767390622557,29.9333069874566],[-82.4766804507767,29.9332716286091],[-82.4766697455534,29.933265172621],[-82.4766182774775,29.9332083532119],[-82.4765963496015,29.9331367144837],[-82.4766036457182,29.9330655264485],[-82.4766458090444,29.9330050628207],[-82.4766804534716,29.9329785934291],[-82.4767058919638,29.9329591568993],[-82.4767111462099,29.9329551430105],[-82.4767877581306,29.9329257706197],[-82.476850316807,29.9329100575937],[-82.4768641643371,29.9329065793037],[-82.476867705496,29.9329041457461],[-82.4769293963998,29.9328617507664],[-82.4770058035046,29.9328425602165],[-82.4770711406701,29.9327926411033],[-82.4770784376852,29.9327214520435],[-82.47710316561,29.9326556267376],[-82.4771453289362,29.9325951628607],[-82.4771939754038,29.9325542694606],[-82.4772048207642,29.9325451517614],[-82.4772527243251,29.9324898702424],[-82.4773179581844,29.932445042296],[-82.4773775533186,29.9323899413319],[-82.4773906956712,29.9323188422893],[-82.4773804566736,29.9322473843099],[-82.4773525774588,29.9321807443846],[-82.4773424426657,29.9321041941667],[-82.4773087181133,29.9320374638401],[-82.4772690440188,29.9319757368662],[-82.4772116290957,29.9319239193425],[-82.4771542123761,29.9318721017919],[-82.4770725851611,29.9318606539873],[-82.4769906462308,29.9318644810808],[-82.4769086039942,29.9318733987686],[-82.4768491130645,29.931923409427],[-82.4767570294597,29.9320052411033],[-82.4767282177936,29.932026216128],[-82.4766756331118,29.9320777689098],[-82.4766145386893,29.9321254509859],[-82.4765450872398,29.932161782581],[-82.4764756357902,29.9321981133843],[-82.4763808967654,29.9322668824798],[-82.4763197017316,29.932310819131],[-82.476248876758,29.9323431453084],[-82.4761738611436,29.9323658594164],[-82.4760945084629,29.9323712691677],[-82.4760224429159,29.9324028946816],[-82.4759468209386,29.9324246434445],[-82.4758641498813,29.9324233651589],[-82.4757853038506,29.9324188716968],[-82.4757107499702,29.9323882512229],[-82.4756360631391,29.9323641794274],[-82.4755692239904,29.9323238565683],[-82.4755360033929,29.9322938767657],[-82.4755073435421,29.9322246779599],[-82.4754672768838,29.9321618526455],[-82.4754157360444,29.9321086705162],[-82.4753641952049,29.9320554883583],[-82.4753332446501,29.9320215428153],[-82.4753127226375,29.9319990341518],[-82.4753329769522,29.9319273190388],[-82.4753532348601,29.9318556030956],[-82.475392080708,29.9317939966761],[-82.4754234777255,29.9317290021931],[-82.475477152962,29.9316774484521],[-82.475519689089,29.9316191731212],[-82.4755659828689,29.9315609561436],[-82.4756010692672,29.9314992927112],[-82.4756099868431,29.9314306764498],[-82.4755995942336,29.9313541793715],[-82.4755881622733,29.931282932452],[-82.4755680678587,29.9312152938407],[-82.4755609316421,29.9311441129944],[-82.4755623797263,29.9310730667784],[-82.4755465810554,29.9310054926403],[-82.4755480291396,29.9309344471038],[-82.4755451841751,29.9308633330082],[-82.4755380461619,29.9307921542457],[-82.4755394942461,29.9307211062214],[-82.4755064461251,29.9306570078776],[-82.4754820595601,29.9305893011107],[-82.4754576747917,29.9305215958548],[-82.4754375821738,29.930453955169],[-82.4753959479553,29.9303897227496],[-82.4753715622886,29.9303220173578],[-82.4753254814095,29.9302651978253],[-82.4752750338197,29.9302120497153],[-82.4752333223461,29.9301515578844],[-82.4751785035542,29.9301020827296],[-82.4751046234103,29.9300379435046],[-82.4750530852658,29.9299847617971],[-82.4750015444264,29.9299315785042],[-82.4749461821538,29.9298816104415],[-82.4748793448017,29.929841288912],[-82.4748239798341,29.929791320804],[-82.4747648590103,29.9297412958393],[-82.474701847583,29.9296977582101],[-82.4746311196274,29.9296639231904],[-82.4746069082339,29.9296523412272],[-82.4745603916718,29.9296300889378],[-82.4745050302975,29.9295801207237],[-82.4744381929454,29.929539799072],[-82.4743828971481,29.9294865587097],[-82.4743313581053,29.9294333767076],[-82.4742991876384,29.9293713951006],[-82.474298807651,29.9293706656302],[-82.4743039684723,29.9293019902909],[-82.4743204004555,29.9292334900708],[-82.4742954326805,29.9291676227533],[-82.4742246373513,29.9291370612249],[-82.4741499532152,29.9291129878644],[-82.4740830493877,29.92907593814],[-82.4740429198474,29.9290163837348],[-82.4740027876121,29.9289568292939],[-82.4739626544784,29.9288972748175],[-82.4739044571228,29.9288434829185],[-82.4735216391661,29.9281095979816],[-82.4731784000826,29.9276734663053],[-82.4725447653121,29.9268733029591],[-82.4725001828228,29.9268503976346],[-82.4724566396844,29.9268280256026],[-82.4724221821067,29.9267482138666],[-82.4723610310904,29.9266930202165],[-82.4722858007786,29.9266496642103],[-82.4722173644253,29.9266124391763],[-82.4721420092477,29.9265751059114],[-82.4720877770557,29.9265200196037],[-82.4720335466603,29.9264649332655],[-82.4719794366391,29.9264038209962],[-82.4719182856228,29.9263486271551],[-82.4718640552274,29.9262935407221],[-82.4718027820402,29.9262443711734],[-82.4717416328205,29.9261891772439],[-82.4716874006285,29.9261340907226],[-82.47164021033,29.9260730849105],[-82.4715576937829,29.9260476966284],[-82.4714746831625,29.9260464104755],[-82.4713847582093,29.9260450168836],[-82.4713019928289,29.9260316788846],[-82.4712194771801,29.9260062890349],[-82.4711363452871,29.9260110295847],[-82.471053335565,29.9260097426528],[-82.4709702027736,29.9260144800883],[-82.470893619599,29.9260374027331],[-82.4708235833462,29.9260785082391],[-82.4707739298672,29.9261380122399],[-82.4706905482426,29.9261548022803],[-82.4706076633862,29.926147489434],[-82.4705321887327,29.9261161826918],[-82.4704637523794,29.9260789574582],[-82.4703955630628,29.9260296803645],[-82.4703272515754,29.9259864299513],[-82.4702588170187,29.9259492031122],[-82.4701906277021,29.9258999259543],[-82.4701223153163,29.9258566747061],[-82.4700468388661,29.9258253670938],[-82.4699786495496,29.9257760906532],[-82.4699030509285,29.9257508081775],[-82.4698201651739,29.925743494523],[-82.4697369102117,29.9257542579115],[-82.469666997028,29.9257893375966],[-82.4696793524565,29.9258618582548],[-82.4696921264998,29.9258899590323],[-82.4697124625612,29.9259347003989],[-82.4697737348501,29.9259838716576],[-82.4698069662274,29.9260506893474],[-82.4698472377016,29.9261115869558],[-82.4698457590746,29.9261838925017],[-82.469844281346,29.9262561979951],[-82.469842802719,29.9263285026575],[-82.4698137799488,29.926394354726],[-82.469784752687,29.9264602067511],[-82.4697420180324,29.9265198179621],[-82.4696992806827,29.9265794291374],[-82.4696360383884,29.9266266654097],[-82.4695705826452,29.9266681887473],[-82.4695027571463,29.9267150084598],[-82.4694460635704,29.9267804312987],[-82.4693896143363,29.9268338015672],[-82.4693263702453,29.9268810392759],[-82.4692628818126,29.9269403279209],[-82.4692064325785,29.9269936996608],[-82.4691636934322,29.9270533097738],[-82.4691072459947,29.9271066798959],[-82.4690643846776,29.9271723173528],[-82.4690284412864,29.9272380598684],[-82.4690338805855,29.9273104743691],[-82.4690671137594,29.9273772896113],[-82.4691029295898,29.9273804496749],[-82.469149999514,29.9273846039243],[-82.4692327630978,29.927397943299],[-82.4693010763819,29.9274411938774],[-82.4693482657821,29.927502200408],[-82.4694024979741,29.9275572892862],[-82.4694427712449,29.9276181883085],[-82.4694970034369,29.9276732755655],[-82.4695231947174,29.9277460105037],[-82.4695286349147,29.9278184222993],[-82.4695271562878,29.9278907297195],[-82.4695049238828,29.9279627124409],[-82.4694757744501,29.9280345892305],[-82.4694330379988,29.9280942002771],[-82.469410683423,29.9281722094238],[-82.4693542332905,29.928225578946],[-82.4693114968392,29.9282851898782],[-82.4692550467067,29.9283385616754],[-82.4691851308282,29.9283736404497],[-82.4691021193094,29.9283723527698],[-82.469023237346,29.9283596394597],[-82.469019353929,29.9283590135257],[-82.4689438783771,29.9283277051434],[-82.4688826042916,29.9282785350426],[-82.4688070056706,29.9282532532025],[-82.4687239932535,29.9282519647425],[-82.4686409817347,29.928250677061],[-82.4685579720125,29.9282493886009],[-82.4684749613921,29.9282481001409],[-82.4683915806658,29.9282648874898],[-82.4683081981428,29.9282816740573],[-82.4682249413839,29.9282924379498],[-82.4681418076943,29.9282971737196],[-82.4681243606148,29.9283102054545],[-82.4680784405341,29.9283504380739],[-82.4680219895034,29.9284038075005],[-82.467938608777,29.9284205948232],[-82.4678686928984,29.92845567279],[-82.4678122418676,29.9285090444958],[-82.4677354071648,29.9285440142167],[-82.4676584520876,29.9285850120298],[-82.4675750695647,29.9286017985434],[-82.4674983597276,29.9286307440229],[-82.4674149790012,29.9286475320858],[-82.4673383913351,29.9286704525672],[-82.4672546405028,29.9287053155738],[-82.4671847237259,29.9287403942188],[-82.4671010959629,29.9287692322221],[-82.4670178365091,29.9287799937263],[-82.4669479206305,29.9288150731235],[-82.4668713338627,29.9288379920092],[-82.4667946231273,29.9288669381986],[-82.4667113654701,29.9288776981353],[-82.4666342828322,29.9289247200022],[-82.466557449926,29.9289596919126],[-82.466474067403,29.9289764768059],[-82.4663974806351,29.9289993979901],[-82.4663207681031,29.9290283425755],[-82.4662368933034,29.9290692311964],[-82.4661601807714,29.9290981757614],[-82.4660766751792,29.9291209879249],[-82.4660065113656,29.929168116334],[-82.4659432663763,29.9292153529348],[-82.4658666787101,29.9292382725069],[-82.4657966379658,29.9292793751339],[-82.4657200511979,29.9293022946913],[-82.4656365429108,29.9293251075864],[-82.4655732979215,29.9293723417772],[-82.4655099280664,29.9294256047776],[-82.4654197515849,29.92943625644],[-82.4653563808315,29.9294895170707],[-82.4652864631563,29.9295245962177],[-82.4652165454812,29.9295596737955],[-82.465139957815,29.9295825925098],[-82.4650569471945,29.9295813017314],[-82.46497405605,29.9295739852444],[-82.4648910454295,29.9295726944658],[-82.4648159238139,29.9295550898963],[-82.4648084040167,29.9295533281157],[-82.4647253915996,29.9295520373369],[-82.4646423791825,29.9295507465581],[-82.4645669027323,29.9295194362153],[-82.4645126732352,29.929464345309],[-82.4644794427562,29.9293975275753],[-82.4644392952496,29.9293306015829],[-82.464399025572,29.9292697004944],[-82.4643727121207,29.9292029900656],[-82.4643325664106,29.9291360654994],[-82.4643063769268,29.9290633292414],[-82.4642661081476,29.9290024287678],[-82.4642328785669,29.9289356099455],[-82.4641927301619,29.928868684421],[-82.4641525853502,29.9288017588514],[-82.4641402308201,29.9287292364426],[-82.4641280011558,29.928650692109],[-82.464122568145,29.9285782770263],[-82.4641240503652,29.9285059724413],[-82.464083778891,29.9284450716267],[-82.4640225101954,29.9283958992483],[-82.4639682806983,29.9283408100557],[-82.4638926802806,29.9283155243388],[-82.4638096705585,29.928314233544],[-82.463726659938,29.9283129419707],[-82.4636566182953,29.9283540434228],[-82.4635733615365,29.9283648026363],[-82.4634901011844,29.9283755618487],[-82.4634268552968,29.9284227972686],[-82.4633702785019,29.9284821908746],[-82.4633275384573,29.9285417993176],[-82.4632985067039,29.9286076491432],[-82.4632420538766,29.9286610168749],[-82.4632061068921,29.9287267591857],[-82.4631564471249,29.9287862608247],[-82.463106788256,29.9288457616497],[-82.4630640464148,29.9289053706534],[-82.4630572075405,29.9289795955571],[-82.4630537121958,29.9289829751124],[-82.4630175532089,29.9290179392172],[-82.4629842454748,29.9290849502785],[-82.4629620085783,29.9291569329147],[-82.4629055539543,29.9292102995732],[-82.4628491002286,29.9292636693173],[-82.462806360184,29.9293232780707],[-82.4627431107031,29.9293705130408],[-82.4627003697602,29.9294301217303],[-82.4626613613173,29.929456319585],[-82.46263020415,29.9294772468789],[-82.462587337443,29.9295428819939],[-82.4625813726295,29.9295709505914],[-82.4625720193707,29.9296149709554],[-82.4625358415193,29.9296362018367],[-82.4625019768297,29.9296560726483],[-82.4624729450764,29.9297219232938],[-82.4624676629825,29.9297339054052],[-82.4624439151196,29.9297877738957],[-82.4623942553524,29.9298472749004],[-82.4623720184559,29.9299192562067],[-82.462349780661,29.929991239018],[-82.4623275437645,29.9300632209987],[-82.4622985138078,29.9301290705962],[-82.4622488540406,29.9301885713969],[-82.4622061095044,29.9302481803748],[-82.4621838726078,29.9303201629482],[-82.4621479229285,29.9303859041629],[-82.4621256887269,29.9304578866367],[-82.4620897390475,29.9305236277605],[-82.4620399526178,29.9305891547513],[-82.461997211675,29.9306487634893],[-82.4619475510094,29.9307082632008],[-82.4619183943902,29.9307801380075],[-82.461875652549,29.9308397466312],[-82.4618603317818,29.9309118369888],[-82.4618038780561,29.9309652042634],[-82.4617748445061,29.9310310540426],[-82.4617526067113,29.9311030368282],[-82.4617235749579,29.9311688849592],[-82.4616671194356,29.9312222536529],[-82.4616587183911,29.9312944503883],[-82.4616159747532,29.9313540587038],[-82.4615595183325,29.9314074257412],[-82.4615030628102,29.9314607935286],[-82.4614584794226,29.9314831582912],[-82.4614331424401,29.9314958680883],[-82.4613565529773,29.9315187863567],[-82.4612735387635,29.9315174932679],[-82.4611907715865,29.9315041489959],[-82.4611080053078,29.9314908031651],[-82.4610395698528,29.9314535744922],[-82.4609712574671,29.931410318651],[-82.4609028229104,29.9313730876125],[-82.4608415542148,29.9313239127883],[-82.4607590349728,29.9312985188391],[-82.4606905977212,29.9312612877588],[-82.4606293281272,29.9312121136578],[-82.4605611406072,29.9311628328776],[-82.4604928291198,29.931119575353],[-82.4604245176323,29.9310763201451],[-82.4603563310107,29.9310270377406],[-82.4603021024119,29.9309719468904],[-82.4602618336327,29.9309110452494],[-82.4602146460291,29.9308500361373],[-82.4601815431109,29.930777192141],[-82.4601343564056,29.9307161821684],[-82.4600942124922,29.9306492547272],[-82.4600749445277,29.9305766254522],[-82.4600764294429,29.9305043207619],[-82.4600780383255,29.9304259888051],[-82.4600377695463,29.9303650876084],[-82.4599835418459,29.9303099948348],[-82.4599080671923,29.9302786816167],[-82.4598250556735,29.9302773877334],[-82.4597618043961,29.9303246206936],[-82.4597361530031,29.9303715289931],[-82.4597258529201,29.9303903626839],[-82.4596626043376,29.930437596369],[-82.4596403656444,29.9305095772484],[-82.4596112090252,29.9305814521986],[-82.4595821745769,29.9306473014533],[-82.4595462239992,29.9307130416734],[-82.4595102743199,29.9307787826287],[-82.4594674058162,29.9308444168853],[-82.4593974854461,29.9308794893268],[-82.4593547400116,29.9309390971124],[-82.4592714796595,29.930949853711],[-82.4591883432749,29.9309545854618],[-82.4591053281628,29.9309532908087],[-82.4590297295418,29.9309280026416],[-82.4589615438185,29.9308787201637],[-82.4589073143214,29.9308236268959],[-82.4589003694459,29.930813123298],[-82.4588670464405,29.9307627251641],[-82.4588267803562,29.9307018233949],[-82.4588004695998,29.9306351131475],[-82.4588020802791,29.9305567812936],[-82.4588035660926,29.930484476589],[-82.4587981357767,29.9304120612836],[-82.458799746456,29.9303337308112],[-82.4588012322695,29.9302614243874],[-82.4588028429488,29.930183094575],[-82.4587835758826,29.9301104641812],[-82.4587434310709,29.9300435378897],[-82.4587102050834,29.9299767174308],[-82.4586840209896,29.9299039810086],[-82.4586438770761,29.9298370530212],[-82.4586037349594,29.9297701265459],[-82.45859150799,29.9296915791411],[-82.458551242804,29.9296306774951],[-82.4585040569971,29.9295696675981],[-82.4584637900145,29.9295087643203],[-82.4584305649254,29.9294419435024],[-82.4583902970445,29.9293810417035],[-82.4583500300619,29.9293201398674],[-82.4583098870467,29.9292532130444],[-82.4582767850269,29.9291803678794],[-82.4582435599378,29.9291135476195],[-82.4581824170062,29.9290583474959],[-82.458135232996,29.928997337248],[-82.4580742122353,29.9289361120911],[-82.4580059034428,29.9288928528201],[-82.4579374706828,29.9288556223969],[-82.4578691618903,29.9288123630909],[-82.45782197788,29.9287513526922],[-82.4577678759437,29.9286902348201],[-82.4577277356235,29.9286233075735],[-82.4576805489183,29.9285622986159],[-82.4576123649916,29.9285130149666],[-82.4575986351408,29.9285011526009],[-82.4575532657274,29.9284633482589],[-82.4575457917442,29.9283853992868],[-82.4574986077339,29.9283243894049],[-82.4574584674137,29.9282574619123],[-82.4574112816068,29.9281964511735],[-82.4573570574996,29.9281413579779],[-82.4573028324941,29.9280862655303],[-82.4572415646968,29.9280370898605],[-82.4571735047376,29.927981781703],[-82.4571053208109,29.9279324977661],[-82.4570300967873,29.9278891321789],[-82.4569616649256,29.9278518990447],[-82.4569003980266,29.927802723259],[-82.4568391320259,29.9277535497847],[-82.4567707019608,29.9277163158211],[-82.4567025180341,29.9276670317528],[-82.4566343341074,29.9276177476601],[-82.4565659031441,29.9275805159814],[-82.456504636245,29.9275313400617],[-82.4564363283508,29.9274880817371],[-82.4563607333231,29.9274627911324],[-82.456292551193,29.9274135084956],[-82.4562243672663,29.9273642242774],[-82.4561559363029,29.9273269901682],[-82.4560947942697,29.9272717890537],[-82.4560194462786,29.9272344474723],[-82.4559511392827,29.9271911897972],[-82.4558757912917,29.9271538481856],[-82.4558001962639,29.9271285582745],[-82.4557317653005,29.9270913240772],[-82.4556637062396,29.9270360153941],[-82.4556094830307,29.9269809207776],[-82.4555552589235,29.9269258276876],[-82.4554799100341,29.9268884859764],[-82.4553973979787,29.9268630877814],[-82.4553292158486,29.9268138032906],[-82.4552607848852,29.9267765705326],[-82.4551853147232,29.9267452546457],[-82.4551100898014,29.9267018862057],[-82.4550488264956,29.9266527106304],[-82.4549732305695,29.9266274190349],[-82.4549048005044,29.9265901862072],[-82.4548435363004,29.9265410097981],[-82.454782271198,29.9264918325863],[-82.4546995103092,29.9264784845263],[-82.4546240374522,29.9264471685456],[-82.4545557331513,29.9264039089713],[-82.4544806348919,29.9263545160359],[-82.4544052869008,29.9263171733319],[-82.4543300628772,29.9262738062624],[-82.4542618816455,29.9262245214798],[-82.4541866612151,29.9261811543699],[-82.4541255200803,29.9261259518414],[-82.454042883159,29.9261065778137],[-82.4539744539922,29.926069343234],[-82.4539060248254,29.9260321094189],[-82.4538230168999,29.9260308115877],[-82.4537545877332,29.9259935769797],[-82.4536933244274,29.9259443994974],[-82.453625144094,29.9258951137731],[-82.4535497961029,29.9258577716752],[-82.4534816157695,29.9258084866867],[-82.4533988566773,29.9257951385349],[-82.4533160957885,29.9257817896029],[-82.4532549564502,29.9257265860743],[-82.4531654025013,29.9257071021939],[-82.4530758494506,29.9256876206453],[-82.4529932116309,29.9256682465322],[-82.4529176192981,29.9256429531296],[-82.4528280644508,29.925623472347],[-82.452752469423,29.9255981781543],[-82.4526697103308,29.9255848291959],[-82.4525943650347,29.9255474846459],[-82.4525113553126,29.9255461860298],[-82.4524282234195,29.9255509141448],[-82.4523583039477,29.925585986116],[-82.4522817144849,29.9256088964028],[-82.4521984586244,29.9256196489062],[-82.4521912936617,29.9256315902485],[-82.4521823662044,29.9256368290857],[-82.4521212502223,29.925672687358],[-82.452044536792,29.9257016243469],[-82.4519744924544,29.9257427198704],[-82.4519112429735,29.9257899495329],[-82.4518413226034,29.9258250198629],[-82.4517848652844,29.9258783828582],[-82.4517284070671,29.9259317450464],[-82.451665156688,29.9259789761763],[-82.4516224085585,29.9260385798901],[-82.4516102471662,29.9260500750771],[-82.4515659503412,29.9260919419925],[-82.4515369140963,29.9261577903248],[-82.4515078760547,29.9262236362781],[-82.4514650048561,29.9262892680888],[-82.4514295483519,29.9263309044556],[-82.451400509412,29.9263967518514],[-82.4513577630792,29.9264563560935],[-82.4513150149498,29.9265159610785],[-82.4512859787048,29.9265818075733],[-82.4512431057096,29.9266474383694],[-82.4512208607282,29.9267194180973],[-82.4511918253816,29.9267852660146],[-82.4511627882383,29.9268511123312],[-82.451140543257,29.926923095026],[-82.4511390511553,29.9269953992039],[-82.4511098882479,29.9270672720208],[-82.4510671419151,29.92712687664],[-82.4510656498134,29.9271991814483],[-82.451043404832,29.9272711638913],[-82.4510211598507,29.9273431439467],[-82.4509989157676,29.92741512395],[-82.4509698786243,29.927480971407],[-82.4509544276015,29.9275590853576],[-82.4509391005461,29.9276311749775],[-82.4509100616062,29.9276970207345],[-82.450881024463,29.9277628687835],[-82.4508519855231,29.9278287136749],[-82.4508297423384,29.9279006964411],[-82.4507732832227,29.9279540583236],[-82.4507670102871,29.9279655283765],[-82.4507373272552,29.9280197972088],[-82.4506876611997,29.9280792938208],[-82.4506654162184,29.9281512740702],[-82.4506362524127,29.9282231460525],[-82.4506072152694,29.9282889937535],[-82.4505712593019,29.9283547300818],[-82.4505422221586,29.9284205776957],[-82.4505268933066,29.9284926666916],[-82.4504977303992,29.9285645384274],[-82.4504962382975,29.9286368437483],[-82.4504807872747,29.9287149591273],[-82.4504517474365,29.9287808057243],[-82.4504225863257,29.9288526780305],[-82.4503935482842,29.9289185253149],[-82.4503645075476,29.9289843709988],[-82.4503216354507,29.9290500009891],[-82.4502925965108,29.9291158489216],[-82.4502360116311,29.9291752366642],[-82.4502206836774,29.9292473251136],[-82.4501916456358,29.9293131705799],[-82.4501693997561,29.9293851538296],[-82.4501334428903,29.9294508909909],[-82.4501044030521,29.9295167378795],[-82.4500616540243,29.9295763425888],[-82.4500326141861,29.9296421886159],[-82.4499898651584,29.9297017932501],[-82.449967620177,29.9297737746616],[-82.449945373399,29.9298457544641],[-82.4499094165331,29.9299114920996],[-82.4498597486811,29.9299709883593],[-82.449830586672,29.930042861363],[-82.4498152569217,29.9301149499624],[-82.4497655890696,29.9301744461004],[-82.4497365501298,29.9302402917318],[-82.4497075102916,29.9303061388767],[-82.4496784713517,29.930371985978],[-82.449656225472,29.9304439661262],[-82.4495996387956,29.930503353855],[-82.4495705998557,29.9305691992687],[-82.4495278490314,29.9306288049047],[-82.4494850991053,29.9306884097264],[-82.4494801107605,29.9307312291394],[-82.4494272682623,29.930808052112],[-82.4493708064517,29.9308614132141],[-82.4493485596737,29.9309333930085],[-82.4492920987615,29.9309867556004],[-82.4492819037813,29.9310347013336],[-82.4492767690111,29.9310588442946],[-82.4492564446278,29.9310707678572],[-82.4492067201819,29.9310999383846],[-82.4491570523299,29.9311594339338],[-82.4491497768744,29.9312218823072],[-82.4491486423022,29.9312316314932],[-82.4491114421679,29.931276191403],[-82.4490989717552,29.9312911269636],[-82.4490423859771,29.9313505134082],[-82.4490391044314,29.9313786679096],[-82.4490339750511,29.931422710829],[-82.4490117273748,29.9314946925528],[-82.4489756438464,29.9315664554661],[-82.448899052587,29.9315893643762],[-82.4488700100539,29.9316552114069],[-82.4487998363588,29.9317023316094],[-82.4487299114971,29.9317373990775],[-82.4486734487882,29.9317907612384],[-82.4486101930192,29.9318379880309],[-82.4485270557362,29.9318427135115],[-82.4484437926892,29.9318534630059],[-82.4483605278455,29.9318642124992],[-82.4483566731746,29.9318641517763],[-82.4482775154284,29.9318629108514],[-82.4481941275155,29.9318796859131],[-82.4481242026538,29.9319147556543],[-82.4481117726652,29.9319209883014],[-82.4480542768938,29.931949822269],[-82.4479710156434,29.9319605733089],[-82.4478944198924,29.9319834805713],[-82.4478112817111,29.931988206045],[-82.447728269294,29.9319869043989],[-82.4476452532837,29.9319856027528],[-82.4475553238389,29.9319841921171],[-82.4474723078286,29.9319828904709],[-82.4473895433465,29.9319695361408],[-82.4473067797627,29.9319561841444],[-82.4472240143824,29.9319428313678],[-82.4472119823474,29.9319391272798],[-82.4471414996319,29.9319174282346],[-82.4470587333532,29.9319040738957],[-82.4469759688712,29.9318907218905],[-82.4468929564541,29.9318894194646],[-82.4468103168378,29.9318700403309],[-82.4467349670501,29.9318326950253],[-82.446651954633,29.9318313925986],[-82.4465764808778,29.9318000712958],[-82.4464938403632,29.931780692923],[-82.4464182444371,29.9317553971812],[-82.4463286868949,29.9317359090315],[-82.4462459224128,29.9317225570038],[-82.4461632818982,29.931703177059],[-82.4460803925503,29.931695848272],[-82.4459976289666,29.9316824946819],[-82.4459148653828,29.931669142647],[-82.4458322239699,29.9316497626917],[-82.4457637939049,29.9316125239579],[-82.4456810303211,29.9315991703566],[-82.445605434395,29.9315738737901],[-82.4455372540616,29.9315245846256],[-82.4454688239965,29.9314873450664],[-82.4453932253754,29.93146204925],[-82.4453177534168,29.9314307278309],[-82.4452421574907,29.9314054320001],[-82.445166559768,29.9313801346059],[-82.4450840450176,29.9313547297721],[-82.4450156167491,29.9313174909278],[-82.4449332268645,29.9312860596945],[-82.4448577540076,29.93125473822],[-82.4447753650213,29.9312233077453],[-82.4446998921644,29.931191984694],[-82.4446172534465,29.9311726054244],[-82.4445417823862,29.9311412823572],[-82.4444696449739,29.9311296445137],[-82.4444590179041,29.9311279279142],[-82.4444428796701,29.9311177069451],[-82.4443907136032,29.9310846641463],[-82.4443152425429,29.93105334183],[-82.4442637124833,29.9310513838929],[-82.4441847640445,29.931044786073],[-82.444125980089,29.9309979395926],[-82.4440805792345,29.9309413524404],[-82.4440405260509,29.9308810237604],[-82.4440254604053,29.9308320464334],[-82.4440199438511,29.9308141135572],[-82.4440093006117,29.9307764408829],[-82.4439384091627,29.9307391231931],[-82.4433920035012,29.9301558412509],[-82.4432171239733,29.9300149672852],[-82.4431941351869,29.9299874998243],[-82.4431665164835,29.9299742020578],[-82.4431235913859,29.9299535364486],[-82.443053047585,29.9299195730613],[-82.442986768985,29.9298820261675],[-82.4429333623447,29.9298300806559],[-82.4428671592032,29.9297888840562],[-82.4428010324185,29.9297440385443],[-82.4427390935797,29.9296992599643],[-82.4426771565375,29.9296544805857],[-82.4426194837979,29.929606117682],[-82.4425575467557,29.92956133904],[-82.442482661397,29.9295346087082],[-82.4424560074842,29.9295137413721],[-82.4424208016099,29.9294861795725],[-82.4423762487651,29.929481384692],[-82.442341348318,29.9294776291303],[-82.4422621240964,29.9294581304139],[-82.4421959955151,29.9294132855314],[-82.4421647521095,29.9293955859546],[-82.4421297178135,29.9293757400035],[-82.4420591740125,29.9293417756405],[-82.4419930481261,29.9292969299271],[-82.4419353753866,29.9292485668497],[-82.4418819687463,29.929196620229],[-82.4418156919429,29.9291590707268],[-82.4417451490403,29.9291251070684],[-82.4416656220865,29.929120207849],[-82.4415860178776,29.9291189559906],[-82.441514113129,29.9291506790744],[-82.4414381713515,29.9291750389206],[-82.4413581898502,29.929192033199],[-82.441338506864,29.9292023220969],[-82.4412903993856,29.9292274705693],[-82.4412104924445,29.9292408151466],[-82.4411427019799,29.929276254835],[-82.4410626450201,29.9292968987864],[-82.4409867778027,29.929317608129],[-82.4409069481167,29.9293273030052],[-82.4408269657171,29.9293442972576],[-82.4407472878463,29.9293466943119],[-82.4406676836374,29.9293454416778],[-82.4405880812251,29.9293441898222],[-82.4405087797485,29.9293283399902],[-82.4404292527947,29.9293234376668],[-82.4403757230852,29.929322595311],[-82.4403496494841,29.9293221850324],[-82.4403174583559,29.9293298736692],[-82.4402704252626,29.929302685507],[-82.4401908210537,29.9293014328724],[-82.4401158620331,29.9292783506047],[-82.4400364105378,29.9292697993662],[-82.4399568081255,29.9292685459526],[-82.4398772039166,29.9292672933176],[-82.4397976015044,29.9292660399039],[-82.4397255449405,29.9293050615423],[-82.4396700191744,29.9293552938118],[-82.4396769577617,29.9294247632012],[-82.4396880878881,29.9294942971589],[-82.4396992207094,29.9295638318465],[-82.4397229946234,29.9296299161075],[-82.4397341265464,29.9296994499218],[-82.4397159293737,29.9297685212504],[-82.4397019201468,29.9298376610402],[-82.4396588126913,29.9298953901198],[-82.4396157034391,29.9299531183875],[-82.4395642919571,29.9300070677246],[-82.4395419041436,29.9300760742232],[-82.4395237069708,29.9301451468474],[-82.4395096995406,29.9302142848185],[-82.4394998809546,29.9302834912504],[-82.4394816837819,29.9303525629521],[-82.4394718660941,29.9304217677309],[-82.4394347135706,29.9305964049907],[-82.4394431065303,29.930701239515],[-82.4394531622716,29.930717162308],[-82.4394642932963,29.9307866969197],[-82.4394964475935,29.9308529127146],[-82.4395159590015,29.9309225787988],[-82.4395354668162,29.9309922463912],[-82.4395340277152,29.9310615815137],[-82.4395033367735,29.9311268076481],[-82.4394353935953,29.9311695435726],[-82.4393676013341,29.9312049817958],[-82.439283426497,29.9312219079978],[-82.4392039741033,29.9312133561479],[-82.4391376964017,29.9311758074066],[-82.4391265842416,29.9311611715523],[-82.4390928210617,29.9311166933339],[-82.4390352255772,29.93106467918],[-82.4389604929321,29.9310306492205],[-82.4388985567882,29.9309858665485],[-82.4388323527484,29.9309446696487],[-82.4387790233633,29.9308890727247],[-82.438725616723,29.9308371246248],[-82.4386680230352,29.9307851103247],[-82.4386146163949,29.9307331637276],[-82.4385612115513,29.9306812147678],[-82.4385120719086,29.9306256830911],[-82.4384586661666,29.9305737356322],[-82.4383967291244,29.9305289550901],[-82.4383433260774,29.9304770060237],[-82.4382899203354,29.9304250577087],[-82.438236590052,29.9303694604943],[-82.4381789200074,29.9303210956026],[-82.4381041101071,29.9302907134857],[-82.4380246604085,29.9302821599986],[-82.437945433492,29.9302626606613],[-82.4378658301814,29.9302614064818],[-82.4377859223419,29.9302747493634],[-82.4377061681144,29.9302807937139],[-82.4376263357334,29.9302904861608],[-82.4376130649217,29.9303001451308],[-82.4375625059409,29.9303369374914],[-82.4375110172037,29.9303945331564],[-82.4374348445592,29.930429837752],[-82.4373751272541,29.9304800048376],[-82.4373239412492,29.9305230033971],[-82.4372849453827,29.9305844471168],[-82.4372130397358,29.9306161681765],[-82.4371492836051,29.9306589689365],[-82.4370978712248,29.9307129155554],[-82.4370382284798,29.9307594320834],[-82.436974397789,29.930805883195],[-82.4369024903454,29.9308376041841],[-82.4368346971859,29.9308730401899],[-82.4367546366328,29.930893680696],[-82.4366748069468,29.9309033746403],[-82.4365952009413,29.9309021196903],[-82.436537531795,29.9308537542789],[-82.4364756720079,29.9308053226709],[-82.4364137367623,29.930760540676],[-82.4363604846322,29.9307012916749],[-82.4363114222447,29.9306421103687],[-82.4362833274342,29.930593796991],[-82.4362750027464,29.9305794779037],[-82.4362386614016,29.9305131957537],[-82.436198129416,29.9304468489434],[-82.4361659769153,29.9303806328783],[-82.4361169145278,29.9303214513814],[-82.4360889526679,29.9302553014063],[-82.4360525349663,29.9301926686978],[-82.4360497852232,29.9301232675749],[-82.4360302783068,29.9300535993742],[-82.4360149611329,29.9299839988552],[-82.4359996430607,29.9299143967306],[-82.4359608043994,29.9298580246103],[-82.4359589619548,29.9298553480821],[-82.4359436429842,29.9297857489816],[-82.4359283258103,29.9297161467182],[-82.4358929968668,29.9295641580444],[-82.4358621514149,29.9294314452083],[-82.4358167622385,29.9292361728439],[-82.4357929919178,29.9291700890999],[-82.4357734850014,29.9291004225675],[-82.4357497874442,29.9290306882551],[-82.4356554912889,29.928757208733],[-82.4356313059464,29.9286820229668],[-82.4355948900415,29.9286193900467],[-82.4355500182947,29.928560275234],[-82.4355009568055,29.9285010942116],[-82.4354347572572,29.9284598931691],[-82.4353684831488,29.9284223441675],[-82.4353022827023,29.9283811430924],[-82.4352362349693,29.9283326448851],[-82.4351567098122,29.928327740177],[-82.4350729185557,29.9283264182414],[-82.4349933152451,29.9283251624804],[-82.4349133337438,29.9283421522328],[-82.4348835563888,29.9283552890627],[-82.4348414280969,29.9283738724501],[-82.4347615966142,29.9283835658612],[-82.434677729001,29.9283858913144],[-82.4346441365009,29.9283890116411],[-82.4346243115809,29.9283850481722],[-82.4345648368209,29.9283731585429],[-82.4344852362053,29.9283719020039],[-82.4344056328947,29.9283706454649],[-82.4343261822977,29.9283620925914],[-82.4342466553439,29.9283571855493],[-82.4341674338173,29.9283376827207],[-82.4340878305067,29.9283364261812],[-82.4340082289928,29.9283351696418],[-82.4339287774975,29.9283266144297],[-82.4338491759835,29.9283253571117],[-82.4337695726729,29.9283241005721],[-82.4336935536403,29.9283521064528],[-82.4336544805187,29.9284171965642],[-82.4336530378244,29.9284865342593],[-82.4336809978876,29.9285526822961],[-82.433725868736,29.9286118002274],[-82.4337637399118,29.9286616957466],[-82.4337707386862,29.928670915788],[-82.4338198747356,29.9287264485555],[-82.4338474305569,29.928766445893],[-82.4338605576382,29.9287854986522],[-82.4338661370744,29.9287886617851],[-82.4341020499394,29.9290630995781],[-82.4342691940744,29.9292884168376],[-82.4343056099794,29.9293510501152],[-82.4343419504259,29.9294173330392],[-82.4343405077315,29.9294866684805],[-82.4343389895787,29.9295596558896],[-82.4343165990703,29.9296286611414],[-82.4342486540954,29.9296713945953],[-82.4341685180839,29.9296956834692],[-82.4340890674869,29.929687128374],[-82.4340141848231,29.9296603934049],[-82.4339307717574,29.9296408238795],[-82.4338558127369,29.9296177362408],[-82.4337896140869,29.9295765372176],[-82.433748021191,29.9295612790944],[-82.4337397180628,29.9295574962877],[-82.4336649881126,29.9295234619203],[-82.4335901809073,29.9294930772244],[-82.4335239067989,29.9294555262769],[-82.4334662385509,29.9294071601625],[-82.4334086475581,29.9293551435581],[-82.4333595115087,29.9292996088059],[-82.4333104500194,29.9292404266661],[-82.43326131397,29.9291848941855],[-82.4332206346607,29.9291258443257],[-82.4331714968147,29.9290703094456],[-82.4331305794518,29.929010340086],[-82.432833573961,29.9286372913989],[-82.4328327223581,29.9286342014423],[-82.4328255834465,29.928627256241],[-82.4327793211077,29.9285822513869],[-82.4327386409,29.9285231996125],[-82.4326767083494,29.9284784158121],[-82.4326275731983,29.9284228836848],[-82.4325742474064,29.9283672830164],[-82.432542098499,29.9283010671247],[-82.4325150340562,29.928245322361],[-82.4325099495917,29.9282348504106],[-82.432460889899,29.9281756676376],[-82.4324160199489,29.9281165517828],[-82.4323583543959,29.9280681834607],[-82.4323176732899,29.9280091321598],[-82.4322600068386,29.927960766121],[-82.4321980760846,29.9279159797319],[-82.4321275367752,29.9278820125352],[-82.4320699457823,29.9278299951336],[-82.4320080159267,29.9277852110213],[-82.4319461606311,29.9277367771416],[-82.4318713561208,29.9277063911216],[-82.4317916773517,29.9277087819871],[-82.4317078869936,29.9277074577077],[-82.4316244757245,29.9276878885767],[-82.4316081542341,29.9276876301047],[-82.4315448733122,29.927686630472],[-82.4314700697002,29.9276562444368],[-82.4313953415467,29.9276222086407],[-82.4313248040339,29.9275882390081],[-82.4312499986253,29.9275578529428],[-82.4311752704717,29.9275238163346],[-82.4311048102141,29.9274861976904],[-82.4310385361057,29.9274486459858],[-82.4309680740515,29.9274110265347],[-82.4309273956405,29.9273519764011],[-82.4308782604894,29.9272964405311],[-82.4308461124803,29.9272302254842],[-82.4307970545843,29.9271710405568],[-82.4307479975866,29.9271118571513],[-82.4307364937611,29.9270605696131],[-82.4307211801805,29.926990967001],[-82.430697410758,29.9269248817663],[-82.4306397479,29.9268765136435],[-82.4306034101484,29.926810231363],[-82.4305500106946,29.9267582803555],[-82.430500953697,29.9266990967046],[-82.4304713128859,29.9266742356524],[-82.4304432890423,29.9266507276935],[-82.4304111419315,29.9265845106599],[-82.430362008577,29.9265289766974],[-82.4303382391546,29.9264628911559],[-82.4303144733255,29.9263968063492],[-82.4302823262147,29.9263305899252],[-82.4302879586515,29.9262613192398],[-82.430326957213,29.9261998767437],[-82.4303451606739,29.9261308068312],[-82.4303502846643,29.9261175210062],[-82.4303717436198,29.9260618668874],[-82.4303731890091,29.9259925306174],[-82.4303872009309,29.9259233920492],[-82.4303634333051,29.9258573068842],[-82.4303185660499,29.9257981904309],[-82.4302694335938,29.9257426560297],[-82.4301944790648,29.9257195674868],[-82.430110689605,29.9257182424023],[-82.4300310889893,29.9257169834943],[-82.429951489272,29.9257157245861],[-82.4299165475024,29.9257151718188],[-82.4298718895547,29.925714465678],[-82.4297926698247,29.9256949592174],[-82.4297177907542,29.9256682223973],[-82.4296381910369,29.9256669634886],[-82.4295632374062,29.9256438749281],[-82.4294883583357,29.9256171357587],[-82.4294134056033,29.9255940487438],[-82.4293428689889,29.9255600784191],[-82.4292679908167,29.9255333384486],[-82.4291887701884,29.9255138342881],[-82.4291480944724,29.9254547814718],[-82.4290946959169,29.9254028305354],[-82.4290751943904,29.925333161366],[-82.4290217976316,29.9252812111447],[-82.4289811210172,29.9252221581903],[-82.4289404444029,29.925163106758],[-82.4289040329895,29.9251004724021],[-82.4288633563751,29.9250414201191],[-82.4288142230206,29.9249858860741],[-82.4287735482029,29.9249268329446],[-82.4287286809477,29.9248677151602],[-82.4286624113308,29.9248301616891],[-82.4286217356148,29.9247711092458],[-82.428568338856,29.9247191587311],[-82.4285192055015,29.9246636221707],[-82.428478770534,29.924604919978],[-82.4284785306838,29.9246045711857],[-82.4284777958619,29.9246039537922],[-82.4284208669274,29.9245562019353],[-82.4283632049676,29.924507831883],[-82.4283055430078,29.9244594625856],[-82.4282521471473,29.9244075119083],[-82.4282030155895,29.9243519759526],[-82.42815388493,29.9242964415231],[-82.4281256706435,29.9242554824285],[-82.4281132083156,29.9242373895416],[-82.4280810630015,29.9241711716811],[-82.4280277434978,29.9241155694161],[-82.4279870668834,29.9240565173273],[-82.4279336701246,29.9240045656612],[-82.4278929962052,29.9239455127281],[-82.427873495577,29.9238758456529],[-82.4278328189626,29.923816793422],[-82.4277708918018,29.923772007504],[-82.4277217620407,29.9237164719723],[-82.4276853515256,29.9236538359275],[-82.4276489419088,29.9235912014004],[-82.4274371101816,29.9232994581623],[-82.4274125888693,29.9232414309594],[-82.4274091555083,29.9232333058559],[-82.4273977307345,29.9232136502031],[-82.4273727458915,29.9231706710642],[-82.4273320719721,29.9231116191935],[-82.4273093302224,29.9230483793792],[-82.4273083061429,29.9230455329403],[-82.4272888055147,29.922975866014],[-82.4272482079521,29.9229131641035],[-82.427207532236,29.9228541128586],[-82.4271810660711,29.9228085829748],[-82.4271711226193,29.9227914778283],[-82.4271633297342,29.9227754229678],[-82.4271389791018,29.9227252590059],[-82.4271079099694,29.9226718063419],[-82.4271025703833,29.9226626238946],[-82.4271024518057,29.9226616039687],[-82.42707461571,29.9225964719435],[-82.4270634954651,29.9225269370599],[-82.4270271631034,29.922460651883],[-82.4270033972742,29.9223945659763],[-82.4269542684114,29.9223390312333],[-82.4269008725509,29.9222870786708],[-82.4268474775887,29.9222351260812],[-82.4267898174256,29.9221867564581],[-82.42673642426,29.9221348030376],[-82.4266744979976,29.9220900163629],[-82.4266211012388,29.9220380628919],[-82.4265592540281,29.9219896262156],[-82.4265058581676,29.9219376750279],[-82.4264397439593,29.9218928213071],[-82.4263822365098,29.9218371515906],[-82.4263074373893,29.921806762991],[-82.4262497799212,29.9217583923813],[-82.4261835112026,29.9217208361801],[-82.4261215867368,29.9216760493192],[-82.426059662271,29.9216312624381],[-82.4260020021079,29.9215828925216],[-82.4259357360843,29.92154533859],[-82.4258652030632,29.9215113653264],[-82.4257947472971,29.9214737436314],[-82.4257153775485,29.9214615347378],[-82.4256362404635,29.921438376687],[-82.4255614413431,29.9214079871872],[-82.4254951753196,29.9213704331895],[-82.4254158828261,29.9213545719662],[-82.4253366693843,29.9213350654298],[-82.4252618711622,29.9213046758984],[-82.4251869974816,29.9212779340063],[-82.4251121246992,29.9212511944427],[-82.4250374037322,29.9212171548994],[-82.424958263054,29.9211939967917],[-82.4249002238018,29.9211638727134],[-82.4248296925773,29.9211299008768],[-82.4247720342108,29.9210815291596],[-82.4246972359886,29.9210511372151],[-82.4244985160714,29.9209348216648],[-82.4243781714677,29.9208781556045],[-82.4242945167552,29.9208330102159],[-82.4242457921342,29.9207957456347],[-82.4241795270089,29.9207581882918],[-82.4241089948861,29.9207242155381],[-82.4240384636616,29.9206902419944],[-82.4239679333353,29.9206562684389],[-82.4239060106662,29.9206114803205],[-82.4238483522997,29.9205631083514],[-82.4237778974319,29.9205254878552],[-82.4237031010064,29.9204950972981],[-82.4236282291224,29.92046835441],[-82.4235534326969,29.9204379638354],[-82.4234829023707,29.9204039901939],[-82.4234209797016,29.920359201962],[-82.4233504493753,29.9203252282937],[-82.4232756529499,29.9202948376754],[-82.4232051226236,29.9202608632065],[-82.4231388583967,29.9202233079976],[-82.4230683271722,29.9201893342829],[-82.4230020629452,29.9201517767111],[-82.4229271147044,29.9201286853144],[-82.422856660735,29.9200910607611],[-82.4227903965081,29.9200535039309],[-82.4227156000826,29.9200231132298],[-82.4226450697564,29.9199891402253],[-82.4225701969741,29.9199623972012],[-82.4224996675462,29.9199284226188],[-82.4224248738156,29.9198980311009],[-82.4223543434894,29.9198640572752],[-82.422274746467,29.9198627936214],[-82.4221951521396,29.9198615299678],[-82.4221273607767,29.9198969597596],[-82.4220554569264,29.9199286725465],[-82.4219794387921,29.9199566691105],[-82.4219197969454,29.9200031782079],[-82.4218560426114,29.9200459718527],[-82.4218521897372,29.9200576802866],[-82.4217856578123,29.9200995185788],[-82.4217736347605,29.9201158627274],[-82.421748292388,29.9201503121851],[-82.4217406055041,29.9201607655213],[-82.4217173292568,29.9202271223026],[-82.4216777458921,29.9202884548113],[-82.4216164816881,29.9203399108994],[-82.4215606900207,29.9203914518268],[-82.4214940556879,29.9204380572658],[-82.4214382631222,29.9204896004782],[-82.4213716287894,29.9205362035356],[-82.4213050968645,29.9205780431838],[-82.4212385613463,29.9206198828144],[-82.421182769679,29.9206714259326],[-82.4211056933293,29.9206940329238],[-82.4210951632776,29.9206956944238],[-82.4210233492588,29.920707022832],[-82.420946375317,29.9207248648776],[-82.4208641309595,29.9207330914019],[-82.4207818857037,29.9207413155897],[-82.4206997410592,29.9207447771761],[-82.4206175964146,29.9207482379838],[-82.4205354508718,29.9207516995699],[-82.4205004363386,29.9207840458519],[-82.4204961145438,29.9207880392098],[-82.4204796574078,29.9208032426199],[-82.4204781608146,29.9208747119301],[-82.4204766642213,29.9209461819677],[-82.4204806365715,29.9210177399337],[-82.420469545971,29.9210813275069],[-82.4204682002947,29.9210890362449],[-82.4204339861604,29.9211552195623],[-82.4204160818385,29.921226428574],[-82.4203878334161,29.9212688760033],[-82.4203319384425,29.9213251813587],[-82.4202923541795,29.9213865155268],[-82.4202663039346,29.921445170567],[-82.420256395517,29.9214718913926],[-82.4202415778064,29.9215118418164],[-82.4202261384616,29.9215806938177],[-82.4202060772847,29.9216474389411],[-82.4201536614861,29.9216994440021],[-82.4201150276407,29.9217618290178],[-82.4200810928826,29.9218073523732],[-82.4200578184319,29.921873709614],[-82.4200236033993,29.9219398924098],[-82.4199840155431,29.9220012261991],[-82.4199547619058,29.9220620873562],[-82.4199092586434,29.9221182676912],[-82.4198476845206,29.9221619970506],[-82.4198424356644,29.9221667891694],[-82.4197929798147,29.9222119347317],[-82.4197659647792,29.9222765375791],[-82.4197609719428,29.9223084652725],[-82.4197551867924,29.9223454614588],[-82.4197351265138,29.9224122084052],[-82.4196827107153,29.9224642138452],[-82.4196394972586,29.9225224610581],[-82.4195756324317,29.9225641239147],[-82.4195559377675,29.9225854357141],[-82.4195001434051,29.9226369762576],[-82.4194389771175,29.9226836670666],[-82.4193778108298,29.9227303578537],[-82.4193220164675,29.9227818983222],[-82.4192662194102,29.9228334403211],[-82.4192266333506,29.9228947720027],[-82.4191708362934,29.9229463139432],[-82.4191150419311,29.9229978550784],[-82.4190808233053,29.9230640379054],[-82.4190196588142,29.9231107285141],[-82.4189584907299,29.9231574191009],[-82.4189208432346,29.9231502352763],[-82.418876744039,29.9231418189818],[-82.4188380589896,29.9231325034432],[-82.4187777838307,29.9230858081732],[-82.4187144849425,29.9230441463136],[-82.4186511869526,29.9230024867721],[-82.4185722421071,29.923011394354],[-82.4185015689488,29.9230433031261],[-82.4184680986196,29.9230596039703],[-82.4184308409932,29.9230777500137],[-82.4183545479744,29.9230994027151],[-82.4182760298287,29.9230879920512],[-82.4182364841933,29.9230263825402],[-82.4182226267817,29.9229975319732],[-82.4182057411493,29.9229623703332],[-82.4181867660356,29.9228934655663],[-82.4181736775819,29.9228221129334],[-82.4181400186065,29.9227580569952],[-82.4180945342087,29.9227014332368],[-82.4180696751299,29.9226349737765],[-82.4180389311876,29.9225709636535],[-82.4179875628247,29.9225167883931],[-82.4179091003745,29.9225028364078],[-82.4178278270958,29.9224837567532],[-82.4177525437835,29.9224571498706],[-82.4176708977039,29.9224558512141],[-82.4175863374896,29.9224545058434],[-82.41750792804,29.922438012593],[-82.4174295697944,29.9224189788617],[-82.4173572590073,29.9223898789757],[-82.4172969820517,29.922343184136],[-82.4172124209391,29.9223418387637],[-82.4171307218589,29.9223430798073],[-82.4170543758396,29.9223672739267],[-82.4169837008846,29.9223991782338],[-82.416912972929,29.9224336261229],[-82.4169047290897,29.9224649604948],[-82.4168736788219,29.9224952905006],[-82.4168023337237,29.9225256672114],[-82.4167277906231,29.922551695598],[-82.4166526537361,29.9225275824948],[-82.4166094717204,29.9224695984419],[-82.4165529299598,29.9224214298042],[-82.4165382811324,29.9224046438054],[-82.4165335577907,29.9223803624952],[-82.4164826808062,29.9223278042252],[-82.4165014493075,29.9222591061193],[-82.4165569732769,29.922208240403],[-82.416610237085,29.922169116325],[-82.4166173095212,29.9221639201268],[-82.4166752607385,29.9221152499397],[-82.4167063110063,29.9220510588533],[-82.4167348873138,29.9219868272397],[-82.4167388075617,29.921917891433],[-82.4167004845334,29.9218569079514],[-82.4166571641771,29.9217980008951],[-82.4166288277198,29.9217328628549],[-82.4166005361782,29.921665570449],[-82.4165497023129,29.9216108566987],[-82.4164734461251,29.9215880817429],[-82.4163942650227,29.9215868204468],[-82.4163867973277,29.9215888572064],[-82.4163171509438,29.9216049986804],[-82.4162379689431,29.9216037381631],[-82.4161655773076,29.9216327713212],[-82.4161641301217,29.9217017478113],[-82.4161701048166,29.92177084104],[-82.4162134251729,29.9218297473338],[-82.4162692949936,29.9218802294057],[-82.4162628540731,29.9219512821838],[-82.4162614068871,29.9220202576746],[-82.4163022514865,29.9220791241135],[-82.4163161645936,29.9221239076788],[-82.4163231193505,29.9221462986753],[-82.4163365195196,29.9222155122743],[-82.4163227007356,29.922284289046],[-82.4162897442428,29.9223470505241],[-82.4162441295893,29.922405053334],[-82.4161807615308,29.9224470167682],[-82.4161078030584,29.9224759360091],[-82.4160286587869,29.9224861345085],[-82.4159496950768,29.9224877414786],[-82.415872823543,29.9224678964858],[-82.4157952630014,29.922480985041],[-82.4157219523893,29.9224483045248],[-82.4156495643471,29.9224500173811],[-82.4156275619109,29.9224797471134],[-82.4155690375684,29.9225260845252],[-82.4154914455858,29.9225406040851],[-82.4154248292192,29.9225023023083],[-82.415386700227,29.9224386681499],[-82.4153766364009,29.922369752899],[-82.4153251153244,29.9223173651307],[-82.4152791745824,29.9222614387227],[-82.415278617627,29.9222607605861],[-82.4152136757201,29.9222210510418],[-82.4151821529385,29.9221560915718],[-82.4151654829018,29.9220885012581],[-82.4150988961796,29.9220487667308],[-82.415020173218,29.9220389177665],[-82.4149484472342,29.9220091279523],[-82.4148692733183,29.9220207575194],[-82.4147940771425,29.9219995063279],[-82.414715414368,29.9219867929824],[-82.4146364192168,29.9219898317594],[-82.4145558726752,29.9219885478897],[-82.4144767284038,29.921998746439],[-82.4143990474879,29.9220175630284],[-82.4143203847134,29.9220048489066],[-82.4142427343402,29.9220222321393],[-82.4141777538058,29.922062736687],[-82.4141566137523,29.9221297244022],[-82.4141568140765,29.9221984825475],[-82.4141553704839,29.9222672149523],[-82.4141869238082,29.922330742556],[-82.4142148227861,29.9223647069757],[-82.4142334206074,29.9223873478395],[-82.4142057363269,29.9224527976585],[-82.4141666344592,29.9225137675394],[-82.4141254485001,29.9225071107607],[-82.4140879707864,29.9225010534809],[-82.4140247329837,29.9224585076985],[-82.4139530078982,29.9224287148956],[-82.4138754464582,29.9224418026774],[-82.4138104946699,29.9224808760411],[-82.4137600363004,29.9225345016503],[-82.4136824146733,29.9225504529998],[-82.4136590441029,29.9225549430146],[-82.4136032398591,29.9225620825036],[-82.4135225118578,29.9225693893847],[-82.4134456124762,29.9225509746419],[-82.4134371934654,29.9224820851616],[-82.4134402818733,29.9224133793766],[-82.4134695804263,29.9223493877968],[-82.4134989104204,29.9222839659385],[-82.4135412390365,29.9222259116721],[-82.4136061899265,29.9221868397655],[-82.4136791205512,29.9221593545727],[-82.4137536654484,29.9221333276407],[-82.4137554315363,29.922133495034],[-82.4137936584448,29.9221081820474],[-82.4138295030213,29.922045727177],[-82.4138489991579,29.9219787152695],[-82.4138306870009,29.921911099921],[-82.4138040941735,29.9218462173277],[-82.4137442061885,29.9218008598268],[-82.4136636578502,29.9217995759547],[-82.413584483036,29.9218112047677],[-82.4135610504818,29.9218308840546],[-82.4134928997928,29.9218656085347],[-82.4134636012398,29.9219295988683],[-82.4134083108324,29.9219839722062],[-82.4133954110249,29.922044536737],[-82.413362824638,29.9221084763483],[-82.4133155921186,29.9221650179151],[-82.4132379426438,29.9221824011199],[-82.4131587687279,29.9221940306667],[-82.4130937396845,29.9221981290753],[-82.4130317406585,29.9222134903204],[-82.4129527769484,29.9222150972949],[-82.4128722304068,29.9222138126496],[-82.4127933565282,29.9222111226801],[-82.4127198967959,29.9221855994984],[-82.4126430261604,29.9221657528883],[-82.4125730051789,29.9221331220973],[-82.412514519464,29.9220992447988],[-82.4124862854147,29.9220343366352],[-82.4124630127606,29.9219680729304],[-82.4124841537125,29.9219010889993],[-82.4125362551006,29.9218474879634],[-82.4126044345358,29.9218113316756],[-82.4126789174492,29.9217881705918],[-82.4127502634457,29.9217577944345],[-82.4128087922797,29.9217114582223],[-82.4128522815193,29.9216763420642],[-82.4128978692233,29.9216197737481],[-82.4129434865718,29.9215617712592],[-82.4130052421543,29.9215183522889],[-82.4130653816676,29.9214734742431],[-82.4131239069084,29.9214271378986],[-82.413198661113,29.9213910865664],[-82.4132588015247,29.921346210799],[-82.413306002603,29.9212910990188],[-82.413325496943,29.9212240866033],[-82.4133269710783,29.9211539232246],[-82.4132637665133,29.9211099419405],[-82.4131849231774,29.9211058201297],[-82.4131058696358,29.921111721778],[-82.4130346952175,29.9211463873367],[-82.4129756552421,29.9211921453263],[-82.4129166170633,29.9212379025163],[-82.4128423982545,29.9212620143747],[-82.4127621319873,29.9212548958142],[-82.4126843064426,29.9212380893756],[-82.4126204065815,29.92119620874],[-82.4126263444455,29.9211262547801],[-82.4126678070858,29.9210665959599],[-82.4126956207236,29.9210019650769],[-82.4127418776725,29.9209432451532],[-82.4127522819602,29.9208733634237],[-82.4127537534006,29.92080333605],[-82.4127350882056,29.9207349366472],[-82.4126802855834,29.9206854178825],[-82.4126071699058,29.9206570088733],[-82.4125266197709,29.920663507723],[-82.4124631969152,29.9207053044955],[-82.4124305853755,29.9207689950414],[-82.4123963056642,29.9208252274927],[-82.4123259055937,29.9208607246784],[-82.4122455198505,29.9208594423514],[-82.412165133209,29.9208581600243],[-82.4120896208262,29.9208374979725],[-82.4120751184243,29.9208263291888],[-82.412030270932,29.9207917958779],[-82.4119523205216,29.9207808232923],[-82.4118768090371,29.9207601604458],[-82.4118082819539,29.9207259883752],[-82.4117397566674,29.9206918170715],[-82.4117120768786,29.9206271625876],[-82.4116481788141,29.9205852816949],[-82.4115677930709,29.9205839985858],[-82.4115000277591,29.9206198874859],[-82.411421545546,29.9206342017774],[-82.411345217493,29.9206524409144],[-82.4112674296776,29.9206336871325],[-82.4111919190914,29.920613025034],[-82.4111764518989,29.9206049947034],[-82.4111010625853,29.9205784963207],[-82.4110508503542,29.9205232128266],[-82.4110679120564,29.920455380821],[-82.4111115656876,29.9203977046602],[-82.4111772226534,29.920355942795],[-82.4112406446108,29.9203141482115],[-82.4112510246439,29.9202728916149],[-82.4112577081096,29.9202463183993],[-82.4112695766511,29.9202089570535],[-82.4112925537595,29.920184814575],[-82.4113564679936,29.9201434691656],[-82.4114343231826,29.9201243143143],[-82.411459955711,29.9201299396216],[-82.4115114201936,29.9201412353934],[-82.411555248098,29.9201984211918],[-82.4116004531197,29.9202552721645],[-82.4116563849242,29.9203013256485],[-82.4117225961506,29.9203393518735],[-82.4117980663125,29.9203619604973],[-82.4118759349763,29.9203768245084],[-82.4119564842129,29.9203703248614],[-82.4120286359982,29.9203383973251],[-82.4121028539087,29.9203142868001],[-82.412177074514,29.9202901754908],[-82.4122383045821,29.9202463993725],[-82.4123017265395,29.9202046024072],[-82.4123365290703,29.9201428922311],[-82.4123402328242,29.9200729024945],[-82.4123192948915,29.920006411693],[-82.4123118352814,29.919936242006],[-82.4122699486363,29.9198740450439],[-82.4122533612446,29.9198063114772],[-82.4122113677,29.919747583841],[-82.4121693723588,29.9196888585059],[-82.4121364796464,29.9196255713589],[-82.4121090208431,29.9195608032865],[-82.4120578923304,29.9195082069341],[-82.4119901943922,29.9194726064917],[-82.411918786412,29.9194672201757],[-82.4119110653921,29.9194666377871],[-82.4119083920058,29.9194705969396],[-82.4118762466917,29.9194955119566],[-82.4118553985906,29.9195442028894],[-82.4118377763397,29.9196113923977],[-82.4118040463974,29.9196736152173],[-82.4117348635441,29.9197086004997],[-82.4116550940452,29.9197253480234],[-82.4115829862773,29.9197553292761],[-82.4115025987375,29.9197540461562],[-82.4114222138926,29.9197527638148],[-82.4113442661771,29.9197417911147],[-82.4112663984116,29.9197269270088],[-82.4111885324428,29.9197120636792],[-82.4111154167652,29.9196836567281],[-82.4110515213957,29.91964177466],[-82.4109830356351,29.9196056565008],[-82.410916825307,29.919567629217],[-82.410868847186,29.9195123817555],[-82.4108321537016,29.9194514754384],[-82.4108313946252,29.9193814151421],[-82.4108439934971,29.919313512285],[-82.41088764623,29.9192558354628],[-82.4109576025327,29.9192219275986],[-82.4110275202079,29.9191899654357],[-82.4111072879102,29.9191823305174],[-82.4111395751581,29.9191722951849],[-82.4112094928333,29.9191403322275],[-82.411268570538,29.9190926306945],[-82.4113166896945,29.9190350245967],[-82.4113248607703,29.918965106491],[-82.4113308399569,29.9188932083591],[-82.4113300790838,29.9188231461127],[-82.4113215136476,29.9187959434017],[-82.4112998714358,29.9187751446669],[-82.4112495603899,29.9187219569418],[-82.4112346708141,29.9186931572936],[-82.4112168671035,29.9186587135605],[-82.4111705706287,29.918602834149],[-82.4111089812345,29.9185591180197],[-82.4111011883494,29.9185548629624],[-82.411006399019,29.9184949768068],[-82.4109309710778,29.9184704235894],[-82.4108829938551,29.9184151739618],[-82.4108620963467,29.9183467371026],[-82.4108274168851,29.9182827499164],[-82.4107386076395,29.9182708256004],[-82.410658386288,29.9182617610951],[-82.4105921768583,29.9182237340765],[-82.4105118315393,29.9182205059838],[-82.4104433493719,29.9181843880876],[-82.410362964527,29.9181831041689],[-82.4102824566129,29.918187656669],[-82.41022993122,29.9181362259412],[-82.410217967457,29.9180679329322],[-82.4102483448867,29.9180042063998],[-82.4103074234896,29.9179565043225],[-82.4103752714464,29.9179167261013],[-82.4104560632281,29.9178985580949],[-82.4105172932962,29.9178547832608],[-82.4105893615382,29.9178267456182],[-82.4106678392597,29.9178124317018],[-82.4107334540047,29.9177726176071],[-82.4107443739253,29.9177532551899],[-82.4108092807978,29.9177127683542],[-82.4108742613322,29.9176722659298],[-82.4109328467601,29.9176230656501],[-82.4109945987494,29.917579647298],[-82.4110547679071,29.9175333387283],[-82.4111084530251,29.917482629434],[-82.4111426545829,29.9174201483036],[-82.4111572477147,29.9173516258918],[-82.4111636248549,29.9172829726262],[-82.4111584954747,29.9172141347822],[-82.4111036335636,29.9171645582063],[-82.4110319408174,29.9171333327292],[-82.410954352428,29.9171478522969],[-82.4108783190224,29.917166690047],[-82.4107975353255,29.9171768602817],[-82.4107188159572,29.9171670092781],[-82.4106402780485,29.9171485670633],[-82.4105668515538,29.9171216114935],[-82.4104863077071,29.9171203252253],[-82.4104111178195,29.9170990698733],[-82.4103366259229,29.9170860210984],[-82.4102605287369,29.9170625645995],[-82.4101844683818,29.9170373998174],[-82.4101068871789,29.9170225929251],[-82.4100281687088,29.9170127411277],[-82.4099492993218,29.9170100486818],[-82.4099258739542,29.9170144322764],[-82.4098717118308,29.9170245667104],[-82.4097929026309,29.9170190097456],[-82.4097178331175,29.9169920276679],[-82.4097140413287,29.9169696939083],[-82.4097061289677,29.9169230852884],[-82.409707605798,29.9168529212145],[-82.4096611143888,29.9167963143416],[-82.4095822755445,29.9167921900163],[-82.4095017307995,29.9167909029651],[-82.4094256982922,29.91680974234],[-82.4093797117362,29.916856585376],[-82.4092869310387,29.91686704918],[-82.4091977346192,29.9168701036855],[-82.4091017226816,29.9168743354565],[-82.4090280760997,29.9168845796893],[-82.408936944709,29.9168534249783],[-82.4089096943149,29.916777598764],[-82.4088422739562,29.9167173409183],[-82.4088486519947,29.9166486872154],[-82.4088533879129,29.9165800077707],[-82.4088875894707,29.9165175291884],[-82.4089175455905,29.916462802487],[-82.4089217892319,29.9164550490096],[-82.4089588348559,29.9163947286793],[-82.4089592498776,29.9163940543957],[-82.4089950935557,29.9163316006125],[-82.4090064033451,29.9162630260628],[-82.4090078810738,29.9161928623024],[-82.4089909927464,29.9161447716044],[-82.408984612013,29.9161265993815],[-82.4089146242692,29.9160925362847],[-82.4088480168858,29.9160542289128],[-82.408774561645,29.9160287033741],[-82.4087413688953,29.9159651483906],[-82.4087067217731,29.9159155649639],[-82.4086998685258,29.9159057558812],[-82.4086771869632,29.9158896360633],[-82.4086616856346,29.9158449843955],[-82.4086958871924,29.9157825045734],[-82.40873988937,29.9157230465507],[-82.4087822197828,29.9156649954663],[-82.4088439717721,29.915621577039],[-82.4089229300923,29.9156199746297],[-82.4090015569342,29.9156341230144],[-82.4090784805703,29.9156511071466],[-82.4091485338911,29.9156847258],[-82.4091865389158,29.9157452100714],[-82.4092106568845,29.9158123157162],[-82.4092565841517,29.9158695063369],[-82.4093065098203,29.9159233387275],[-82.4093663960087,29.9159704858429],[-82.4093774012693,29.9159796081749],[-82.4094562095708,29.9159851644191],[-82.4095179912045,29.9159403134668],[-82.4095423912442,29.9158748126493],[-82.4095617759898,29.9158074610018],[-82.4095891602329,29.9157950458569],[-82.4096244685151,29.9157453634603],[-82.4095983526932,29.9156799364837],[-82.4095263644012,29.9156479926495],[-82.4094843969078,29.9155891543317],[-82.4094682056731,29.9155187533944],[-82.4095087637099,29.9154578119321],[-82.4095570679194,29.9154021284954],[-82.4095975918201,29.9153428983831],[-82.4096439332107,29.9152871814012],[-82.4096864190321,29.9152279823656],[-82.4096874628744,29.9151783868925],[-82.4096928644442,29.9151083313758],[-82.4096911181193,29.9150980379066],[-82.4096925940513,29.9150279184858],[-82.4096861809785,29.9149593850842],[-82.4096342556601,29.9149072316775],[-82.4095703001035,29.9148668628151],[-82.4095064155137,29.9148230710756],[-82.4094259246676,29.9148217855562],[-82.4093454356182,29.9148205000369],[-82.4092671986451,29.9148055643409],[-82.4092311932702,29.9147434007695],[-82.4091772692004,29.9146929252012],[-82.409133341583,29.9146340582883],[-82.4090893771346,29.9145768988821],[-82.4090376548355,29.9145246658545],[-82.4089568900033,29.9145268802869],[-82.4088764036488,29.9145255939851],[-82.4087959496336,29.9145225985837],[-82.4087239245108,29.9144923634783],[-82.4087176803212,29.9144778045917],[-82.4086958467682,29.9144269045332],[-82.4086578435402,29.914366419461],[-82.4085878189654,29.9143345055721],[-82.4085116876434,29.9143127598642],[-82.4084329467155,29.9143217663316],[-82.4083654068809,29.9143583232213],[-82.4083287735836,29.9144193284259],[-82.4083038103002,29.9144856493231],[-82.4082984087304,29.9145557060564],[-82.4082675911262,29.9146202235504],[-82.4082154331442,29.9146724222681],[-82.4081826895521,29.9147351986666],[-82.4081479822428,29.9147979431017],[-82.4080990492126,29.9148576391591],[-82.4079468404675,29.9148957180741],[-82.407912243651,29.9148951115212],[-82.4078623188807,29.9148412793534],[-82.407824316551,29.9147807937543],[-82.4078024344889,29.9147535455568],[-82.4077783892837,29.9147236025083],[-82.4077264648637,29.9146714505354],[-82.4076785397433,29.9146159371794],[-82.4076206891373,29.9145654000345],[-82.4075647672142,29.9145166031089],[-82.4075267648845,29.9144561188698],[-82.4075282426131,29.9143859997757],[-82.4075356096967,29.9143159748469],[-82.4075858776234,29.9142603234744],[-82.4076645844153,29.914253027663],[-82.4077433963102,29.9142406014234],[-82.4077974829751,29.9141901411729],[-82.4078302265672,29.9141273675453],[-82.4078210583614,29.914096425318],[-82.4078186104523,29.9140262444582],[-82.4077944942802,29.9139591368312],[-82.4077703772097,29.9138920314949],[-82.4077639659335,29.9138234980902],[-82.4077634817416,29.9137533474051],[-82.4078027201532,29.9137025832382],[-82.4078078944493,29.9136958908317],[-82.4078171884192,29.9136276064569],[-82.4078284461063,29.9135593562954],[-82.4077705236351,29.9135122384055],[-82.4076964287938,29.9134871023144],[-82.4076250729159,29.9135184659758],[-82.4076139248232,29.9135278275751],[-82.4075670965458,29.9135671528235],[-82.4074900660102,29.9135881621004],[-82.4074688262436,29.9135797520053],[-82.4074180067513,29.9135596366061],[-82.4073375895671,29.9135549281662],[-82.407273869369,29.9135966804258],[-82.4072450154821,29.9136612289081],[-82.4072376492968,29.9137312519613],[-82.4072617645706,29.9137983597419],[-82.407313655753,29.9138350312836],[-82.4073236836465,29.9138421200078],[-82.4073300940244,29.913910652621],[-82.4073051325375,29.9139769754142],[-82.4072587902487,29.9140326892361],[-82.4072260475549,29.9140954660379],[-82.4071936641872,29.9141411392821],[-82.4071595722239,29.9141752567723],[-82.4071415062052,29.9141933398081],[-82.4070912724145,29.9142472813352],[-82.4070333328753,29.9142942563873],[-82.4069545542181,29.9143049719596],[-82.4068784606254,29.914281514027],[-82.4068125063172,29.9142428220912],[-82.4067565852925,29.9141940265648],[-82.406718583861,29.9141335413512],[-82.4066626628362,29.914084744214],[-82.4066047412634,29.914037625794],[-82.4065588148945,29.9139804341213],[-82.4065108906724,29.9139249234946],[-82.4064788513594,29.9138611102177],[-82.4064646687577,29.9138328627755],[-82.4064759704623,29.9137636900676],[-82.406495116256,29.9137416164279],[-82.4065511657398,29.9136911886274],[-82.4065897645509,29.9136302180157],[-82.4065893827669,29.9135751338888],[-82.4065892776641,29.9135600671943],[-82.4065532776791,29.9134979036242],[-82.4064866918552,29.9134616345159],[-82.4064853246194,29.9134608901347],[-82.4064153027396,29.9134289759556],[-82.406341207,29.9134038398436],[-82.4062712192562,29.9133702134123],[-82.4062172978813,29.9133197387051],[-82.4061733343313,29.9132625793232],[-82.4061708873205,29.9131923970971],[-82.4061807068048,29.9131234474151],[-82.4062381935931,29.9130737185243],[-82.4062573043525,29.9130055933451],[-82.4062292643392,29.9129384227386],[-82.4062169646063,29.9128697952402],[-82.4061849261917,29.9128059820659],[-82.4061350023198,29.9127521487687],[-82.4060810800466,29.9127016737483],[-82.4060311579713,29.9126478403947],[-82.4060208219556,29.9125792422847],[-82.4060222996843,29.9125091249836],[-82.4059867111277,29.9124477035888],[-82.4058868660788,29.9124128636987],[-82.405811205474,29.9123688824468],[-82.4057613193313,29.9123133389972],[-82.4057233187982,29.91225285342],[-82.4057169093186,29.9121843204447],[-82.4057243850984,29.9121091642089],[-82.4057454236424,29.9120427802155],[-82.4058072169541,29.9119992885728],[-82.4058601789283,29.9119706209085],[-82.4058747558904,29.9119627323743],[-82.4059365833382,29.9119175307738],[-82.4059887431168,29.9118653306121],[-82.4059784421355,29.9117950228167],[-82.4059285559928,29.9117394798257],[-82.405860642459,29.9117007557561],[-82.4057802989366,29.9116926258175],[-82.4057662070648,29.9116924000075],[-82.4056958851477,29.9116912748507],[-82.4056155083876,29.9116848579529],[-82.405539306997,29.9116665291851],[-82.4054813890174,29.9116194111782],[-82.4054315019764,29.9115638673106],[-82.4053876507158,29.9115015755734],[-82.4053536126514,29.9114394434219],[-82.4053590187128,29.9113693868323],[-82.4053722392188,29.9113011678269],[-82.4054050187435,29.9112366824437],[-82.4054092345371,29.9112230629223],[-82.4054381243567,29.911156804481],[-82.405511336154,29.9111306033679],[-82.4055845452564,29.9111044038051],[-82.4056651403071,29.9111005603403],[-82.4056956713487,29.9110983933299],[-82.4057438084715,29.9110949765705],[-82.4058208372104,29.9110739691036],[-82.4058729933958,29.9110217692785],[-82.4059290051504,29.9109730523759],[-82.4059442253063,29.9109031535265],[-82.4059453221493,29.9108511358187],[-82.4059457039333,29.9108330342667],[-82.405986227834,29.9107738061089],[-82.4060033757745,29.91070564821],[-82.4060555319599,29.9106534481918],[-82.4061249968842,29.9106186325912],[-82.4062055551039,29.9106165006102],[-82.4062594746822,29.9106669759088],[-82.4062678505739,29.9107355418534],[-82.4062331432646,29.9107982849152],[-82.4062304447255,29.9108332577427],[-82.4062277381015,29.9108683419065],[-82.4062696993068,29.9109271798989],[-82.4063136610602,29.9109843406212],[-82.4063836101764,29.9110196739032],[-82.4064617743859,29.9110380323792],[-82.4065379362506,29.9110580688644],[-82.4066183516382,29.9110627782009],[-82.4066966227472,29.9110760052996],[-82.4067750007558,29.9110841025848],[-82.4068446839707,29.9110488526423],[-82.4068464662282,29.911049013825],[-82.4068928049238,29.9109918928514],[-82.4069099501693,29.910923736659],[-82.4068779126531,29.9108599245738],[-82.4068300243636,29.910802701487],[-82.4068059117847,29.9107355955812],[-82.4067916474363,29.9106669361969],[-82.4067950897805,29.9105968494747],[-82.4068356109863,29.9105376196191],[-82.4069012580706,29.9104976102856],[-82.4069630504841,29.9104541171896],[-82.4070381873711,29.9104296577653],[-82.407065368595,29.9104161564907],[-82.4070866712436,29.9103654233267],[-82.4070881489723,29.910295304467],[-82.4070342275973,29.9102448297588],[-82.4069642416502,29.9102112038182],[-82.406888115718,29.9101894579887],[-82.4068166520422,29.910225951766],[-82.4067405602461,29.9102024936513],[-82.4066600738916,29.9102012065149],[-82.4066061543133,29.910150731759],[-82.406611558578,29.9100806750416],[-82.4066521184114,29.9100197364809],[-82.4066653371208,29.9099515149937],[-82.4066233759156,29.9098926779823],[-82.4065854122134,29.9098304809762],[-82.4065575213204,29.9097650937192],[-82.4065570209588,29.9097649660173],[-82.4064254222613,29.9097309863983],[-82.4063962755236,29.909723463662],[-82.4063291911348,29.9097819020942],[-82.4062503801383,29.9097943273329],[-82.4061809520449,29.9098274324841],[-82.4061020682849,29.9098432791915],[-82.4060259064201,29.9098232401259],[-82.4059559222696,29.9097896156003],[-82.4058880096341,29.9097508923299],[-82.4058618965071,29.9096854645298],[-82.4058731523977,29.9096172116668],[-82.405905933719,29.9095527267506],[-82.4059677620651,29.9095075240562],[-82.4060466071975,29.9094933903746],[-82.4061253463288,29.9094843842493],[-82.4061966995119,29.9094530216536],[-82.4062320167773,29.9093942100439],[-82.4062332860967,29.9093919285315],[-82.4062479304325,29.9093656047024],[-82.4062840256389,29.909307218197],[-82.4062853569422,29.9093050682785],[-82.4062918490667,29.9092996160039],[-82.4062954593959,29.9092292783651],[-82.4062734830108,29.9091622344717],[-82.4062106503482,29.9091167699652],[-82.4061477404305,29.9090741608417],[-82.4060374389918,29.9090621279659],[-82.4059613462973,29.9090405321699],[-82.4058919783911,29.9090023715911],[-82.4058485511353,29.9089442480655],[-82.4058436175877,29.908875627159],[-82.4058259333531,29.9088068014129],[-82.4058612712797,29.9087443794694],[-82.4059197174687,29.90869529781],[-82.4059966698509,29.908676151658],[-82.4060613368733,29.9086345787679],[-82.4061239189058,29.9085911214561],[-82.4061823264673,29.9085438890858],[-82.4062007769649,29.90847564167],[-82.4061944725883,29.9084373422696],[-82.4062154033344,29.9083869553895],[-82.4062232240672,29.9083185365563],[-82.4062648600823,29.9082599236194],[-82.4062685925824,29.9081880154222],[-82.4062902536588,29.9081047960208],[-82.4063281984964,29.9080218374091],[-82.4063937791054,29.9079156715901],[-82.4064704314503,29.9078890047494],[-82.4065197435695,29.907861038276],[-82.4065219435436,29.9078597900437],[-82.4065371457332,29.9078511684412],[-82.4065947403193,29.9078111728237],[-82.4065997250708,29.9078077092303],[-82.4066161822068,29.9077810890818],[-82.4066371488855,29.907747175753],[-82.4066766990126,29.9076866765013],[-82.4066908968856,29.907618359195],[-82.406673209956,29.9075495341375],[-82.4066469818446,29.9074824237038],[-82.4066228782489,29.9074153474871],[-82.4065880712266,29.9073518056953],[-82.4065425176586,29.9072936485016],[-82.4064904701693,29.907240945219],[-82.4064120571265,29.9072285765062],[-82.4063955919056,29.9072314015938],[-82.406333095213,29.9072421334999],[-82.4062540569427,29.9072593931621],[-82.4061755657465,29.9072507271223],[-82.4061385937843,29.9071890026889],[-82.4060844199828,29.9071362650885],[-82.4060388664147,29.9070781085476],[-82.4060172520507,29.90703320842],[-82.4060083102204,29.9070146342869],[-82.4059863338352,29.9069475904603],[-82.4059277924248,29.9069003425154],[-82.4058736204199,29.9068476047621],[-82.4057927693494,29.9068259018051],[-82.4057079998276,29.9068394962308],[-82.4056083883407,29.9068056986067],[-82.4054570770126,29.9066173566339],[-82.4053949576123,29.9065565086191],[-82.4053686908734,29.906491249255],[-82.4053616328103,29.9064225939534],[-82.4053609905148,29.9063521888724],[-82.4053326001586,29.9062868958905],[-82.4053404217897,29.9062184787296],[-82.4053630853861,29.9061521499911],[-82.4054235761406,29.9061068063664],[-82.4054566844488,29.906094633745],[-82.405500488997,29.9060895114631],[-82.4055733441631,29.9060628900767],[-82.4056275772535,29.9060118891589],[-82.4056162692607,29.9059431642226],[-82.4055728824291,29.9058831902766],[-82.4055701147197,29.9058127497728],[-82.4055395980512,29.9057474237319],[-82.4054832215806,29.9056983561699],[-82.4054376311816,29.9056420489867],[-82.4053812556093,29.9055929821514],[-82.4053378678794,29.9055330079947],[-82.4052595734142,29.9055150814632],[-82.4051887259827,29.905547292528],[-82.405193884109,29.9055890099879],[-82.4051872419658,29.9056176631362],[-82.4051143859013,29.9056442854203],[-82.4050394044229,29.9056708718769],[-82.4049609904817,29.9056585021905],[-82.4049111501531,29.9056021295738],[-82.404852609641,29.905554877876],[-82.4048048920315,29.9054985394636],[-82.4047679218659,29.9054368147232],[-82.4047715303984,29.9053664774715],[-82.4047064600325,29.9053265314721],[-82.4046457545806,29.9052810994779],[-82.4045674610137,29.9052631721224],[-82.4044936123108,29.9052360544797],[-82.4044587666609,29.9051743630611],[-82.4044410824262,29.9051055370938],[-82.4044276499178,29.9050367796051],[-82.4044248813101,29.9049663385028],[-82.4044412063937,29.9048980574875],[-82.4044702462319,29.9048318322168],[-82.4045181794372,29.9047770235592],[-82.4045426818848,29.9047523439236],[-82.404610644826,29.9047172490397],[-82.4046720150313,29.904678044112],[-82.4046754852232,29.9046760155723],[-82.4047458170217,29.9046348669673],[-82.4048162664996,29.904601647956],[-82.4048838503517,29.9045604557124],[-82.4049424528475,29.9045138366128],[-82.4050187988669,29.9044886375114],[-82.405080376583,29.9044447064916],[-82.4051358062293,29.9044006812282],[-82.4051974701837,29.9043567509482],[-82.405264943543,29.9043208421701],[-82.4053294964793,29.9042796007515],[-82.4054085949367,29.9042676560698],[-82.4054848286666,29.9042477412553],[-82.4054974383183,29.9042497869354],[-82.4055725581373,29.9042739068008],[-82.405635778872,29.9043164595742],[-82.4057126944233,29.9043334479726],[-82.4057887179475,29.9043146101311],[-82.405858471231,29.9042813489625],[-82.4058994227298,29.9042561910741],[-82.405930685,29.9042443079079],[-82.4059907957673,29.9042059048692],[-82.4059952379363,29.9042030680151],[-82.4060508634154,29.9041537575122],[-82.4061005941495,29.9040964262251],[-82.4061383081201,29.9040336189807],[-82.4061549134781,29.9039651901489],[-82.4061442352043,29.9038963251891],[-82.4061289737259,29.9038760318443],[-82.4060999877867,29.9038374892734],[-82.4060212791981,29.9038309464962],[-82.4059423478273,29.9038349670103],[-82.4058636410354,29.9038284234542],[-82.4058070444776,29.9037799592314],[-82.4057933343897,29.9037110466417],[-82.4058069097303,29.9036425677505],[-82.4058386157682,29.9035770222453],[-82.4058913756215,29.9035197404643],[-82.4059500320163,29.9034704786825],[-82.4059787080368,29.9034048863409],[-82.4059619679315,29.9033359220963],[-82.4059238380409,29.903274544883],[-82.4059226630445,29.9032686343904],[-82.4059101288514,29.9032056296076],[-82.405887268524,29.9031392100888],[-82.4058337603741,29.9030881531636],[-82.4057647598788,29.9030527018172],[-82.4057187778144,29.9030492629775],[-82.4056440667288,29.9030994033664],[-82.4055347219958,29.9031453230567],[-82.4054121100444,29.9031717785763],[-82.4053556967428,29.9031525418096],[-82.4053100749028,29.9031206406807],[-82.4053053874937,29.9030435611692],[-82.4054158515275,29.9029444896678],[-82.4055266147004,29.9028811747478],[-82.405678599765,29.9028588557345],[-82.4057791940088,29.9028350329992],[-82.4058534200041,29.9028100133585],[-82.4058952590385,29.9027517125641],[-82.4059296636155,29.9026893615839],[-82.4059236107672,29.9026198120206],[-82.4058979261366,29.9025538788155],[-82.4058907396143,29.9025380371782],[-82.4058238250071,29.9025015849718],[-82.4057506769901,29.9024755163017],[-82.4057468609468,29.9024728873185],[-82.4056884111645,29.9024325850591],[-82.4056322979003,29.9023832012582],[-82.4055730126848,29.9023416296355],[-82.4055199608791,29.9022896720912],[-82.4054988145373,29.9022225020455],[-82.4055199051835,29.9021721525157],[-82.405532075559,29.9021430973306],[-82.4054861294272,29.9021109108633],[-82.4054543757785,29.9020475011872],[-82.4054150502303,29.9019865911975],[-82.4053680979853,29.9019308013304],[-82.4053287445894,29.9018712018753],[-82.4052711005959,29.9018231027045],[-82.4051948345266,29.9018022241093],[-82.4051522471956,29.9017905680404],[-82.4051217125608,29.9017748454278],[-82.405088456929,29.9017114121758],[-82.4050246612724,29.9016697662931],[-82.4049577475636,29.9016333129903],[-82.4049231866796,29.9016257795189],[-82.4048798941711,29.9016163420424],[-82.4048420741994,29.9015554551512],[-82.4048118539749,29.9014907602089],[-82.4047664315609,29.9014336835933],[-82.4047663929333,29.9013642297168],[-82.404775335662,29.9013183185503],[-82.4047664585103,29.901264903456],[-82.4047629200464,29.9012436127919],[-82.40483714694,29.9012185927516],[-82.4048997038198,29.9011763493713],[-82.4048966576327,29.9011068470336],[-82.4048558013552,29.9010472229447],[-82.4047873578154,29.9010120551117],[-82.4047495647931,29.9009498603482],[-82.4047899278955,29.9008902252629],[-82.4047717909099,29.9008231025557],[-82.4047126440349,29.9007749802955],[-82.4046641610607,29.9007204746726],[-82.4046111388994,29.9006672079973],[-82.4045657443332,29.9006088234024],[-82.4045172613589,29.9005543169098],[-82.4044855122019,29.9004909070218],[-82.4044309305652,29.9004402365536],[-82.4043837744027,29.9003837348277],[-82.4043513119833,29.9003764769371],[-82.4043016576059,29.9003228697668],[-82.4042900019651,29.9002541704982],[-82.4042991899338,29.9001889700842],[-82.4042996354982,29.9001858114939],[-82.4043321069008,29.9001221015543],[-82.4044032166404,29.900090411274],[-82.4044063302011,29.9000205219206],[-82.4043466694899,29.8999753180158],[-82.4042664849693,29.8999711789765],[-82.4041932031034,29.8999449172939],[-82.4041216082735,29.8999274655715],[-82.4040535483143,29.8998921197888],[-82.4039888857836,29.8998511179488],[-82.4039442359207,29.8997933083706],[-82.4039177805356,29.8997272253326],[-82.4039028496372,29.8996584758134],[-82.4038911939964,29.899589775308],[-82.4039090156733,29.8995215474567],[-82.4039430932636,29.8994592910202],[-82.403988513881,29.8994029250195],[-82.4040339659395,29.899345131535],[-82.4040550323312,29.8992783831455],[-82.4040913314552,29.8992135520005],[-82.4046708750692,29.8985933895428],[-82.4047343482305,29.8985270604003],[-82.4047619345945,29.898461843281],[-82.4047781186427,29.898393589737],[-82.4047861432932,29.8983237778482],[-82.4047876183268,29.8982538615566],[-82.4047413011908,29.8981974535997],[-82.4047427762245,29.8981275372195],[-82.4047097110355,29.8980642044421],[-82.4047010476829,29.8980458895221],[-82.4046716709765,29.898003647133],[-82.4046616529644,29.8979349743008],[-82.4046103618567,29.8978813408966],[-82.4045406076749,29.8978488220781],[-82.4044691853216,29.8978177034661],[-82.404390308748,29.8978292852385],[-82.4043255680638,29.8978696430945],[-82.4042544879687,29.897899905051],[-82.404174123785,29.8979043284248],[-82.4040952175671,29.8979173376595],[-82.4040148533835,29.8979217586963],[-82.4039382782937,29.8979019765606],[-82.403860888432,29.8979207206054],[-82.4037882308952,29.8979481026822],[-82.4037080427813,29.8979425501044],[-82.403707460673,29.8979414333588],[-82.403633289475,29.8979156454078],[-82.4035549554839,29.8979015451259],[-82.4034868982196,29.8978661978459],[-82.4034438868838,29.8978084159303],[-82.403432231243,29.8977397149281],[-82.4034808956769,29.8976848291653],[-82.4035566775543,29.8976646326796],[-82.4036277585478,29.8976343706517],[-82.403694074877,29.8975968925748],[-82.4037588164595,29.8975565377234],[-82.4038376310493,29.8975478085384],[-82.40391805542,29.8975405333083],[-82.403994602662,29.8975617414357],[-82.4040582653679,29.8976028104128],[-82.4041509697086,29.8976042121904],[-82.4042297268062,29.8975983371846],[-82.4043084812088,29.8975924613997],[-82.4043842936289,29.8975708389756],[-82.4044616511513,29.8975535231214],[-82.404515170081,29.8975015677528],[-82.4045035144402,29.8974328688755],[-82.4044737532548,29.8973681603537],[-82.4044423571356,29.8973034276482],[-82.4043960382029,29.8972470199321],[-82.4043296805512,29.8972088462693],[-82.4042949777335,29.8971454872086],[-82.404233652444,29.8971016830055],[-82.4042282347045,29.8970930589144],[-82.4041956141816,29.8970411258902],[-82.404139351797,29.8969902667629],[-82.4040864239588,29.8969366079295],[-82.4040698266856,29.8968692559366],[-82.4041022944949,29.896805545434],[-82.4041804371448,29.8967511318712],[-82.4042605587834,29.8967581229071],[-82.4043406813202,29.8967651170576],[-82.4044208927902,29.8967678279624],[-82.4044223444677,29.8967681106567],[-82.4045008338673,29.8967833823716],[-82.4045810767784,29.896784667345],[-82.4046568874019,29.8967630439668],[-82.4046909937383,29.8966993590959],[-82.4047234624459,29.8966356492634],[-82.4047242188274,29.896599811686],[-82.4047249374796,29.8965657325662],[-82.4047100056829,29.896496980087],[-82.4046703297918,29.8964363961259],[-82.4046273489987,29.8963771874444],[-82.4046124181004,29.8963084340564],[-82.4046138931341,29.8962385179084],[-82.4046371379404,29.8961461137573],[-82.4046467705751,29.8960777542711],[-82.4046268971461,29.8960103510771],[-82.4046463241124,29.8959435770904],[-82.4046949867497,29.8958886903383],[-82.4047009955806,29.8958656859907],[-82.4047128084266,29.8958204622892],[-82.4046697979891,29.8957626791875],[-82.4046085032424,29.895717449209],[-82.4045370817874,29.8956863322678],[-82.4044757870406,29.8956411022546],[-82.404399272138,29.8956184662132],[-82.404327850683,29.8955873484623],[-82.4042632195932,29.8955449204598],[-82.4041951641256,29.8955095731226],[-82.4041271392007,29.8954728013807],[-82.4040467480676,29.8954786492544],[-82.4039694192914,29.8954945379621],[-82.4038920626673,29.8955118541742],[-82.403840183163,29.8955638362798],[-82.4038386775866,29.8956351780699],[-82.4038701051468,29.895698484355],[-82.4039180868611,29.8957534934803],[-82.4039677080007,29.8958085274963],[-82.4039835623672,29.8958440569617],[-82.4040184852722,29.8958864186407],[-82.404030140913,29.8959551185842],[-82.4040286658793,29.8960250349311],[-82.4040255532168,29.8960949239717],[-82.4040191338558,29.8961661882827],[-82.4039785380898,29.8962269141453],[-82.4039493149953,29.8962921054702],[-82.4038845743111,29.8963324600549],[-82.4038043322983,29.8963311750757],[-82.4037277266658,29.8963128185621],[-82.4036475457385,29.8963086785919],[-82.4035760946391,29.8962789885523],[-82.4035012164669,29.8962563775766],[-82.4034465926095,29.8962055445272],[-82.4034047715414,29.8961513969784],[-82.4034019445432,29.8961477367279],[-82.4033321903614,29.896115216565],[-82.4032787540767,29.8960641443589],[-82.4031956581163,29.8960644987026],[-82.4031208113852,29.8960404617366],[-82.4030561201083,29.8960008858115],[-82.4030131716545,29.8959402493707],[-82.4029768015637,29.8958782897478],[-82.4029288791382,29.8958204295804],[-82.4028725871092,29.8957709957757],[-82.4028179641501,29.895720164815],[-82.4027931490887,29.8956541078908],[-82.4027716389292,29.8955866787105],[-82.4027786601614,29.8955173718422],[-82.4027770863131,29.8955156515135],[-82.4026210013375,29.8953449953881],[-82.4026144669921,29.8953378500539],[-82.4026360085926,29.895260494284],[-82.4026259914789,29.8951918226766],[-82.4026061189482,29.8951244188834],[-82.4026141453952,29.8950546085983],[-82.4026172598543,29.894984715713],[-82.4026334430042,29.8949164636814],[-82.4026332822057,29.8948465216357],[-82.4026245424963,29.894794996304],[-82.4026079434265,29.8947276436425],[-82.4025838640853,29.8947044201875],[-82.4025491612676,29.8946410610921],[-82.4025210413042,29.8945763811303],[-82.4025011696719,29.8945089753634],[-82.4025026456039,29.8944390595105],[-82.4024877165022,29.8943703079005],[-82.402476062658,29.8943016084221],[-82.4024578268577,29.8942342305057],[-82.4024299162018,29.8941699202062],[-82.4024298371501,29.8941684965742],[-82.4024044399804,29.8941248951061],[-82.4023597937108,29.8940670868787],[-82.4023184828858,29.8940064749614],[-82.4023002479838,29.8939390968456],[-82.4022968119279,29.8938691027135],[-82.4023113583473,29.8938008218813],[-82.4023713038245,29.8937546821582],[-82.4024500887699,29.8937473786146],[-82.4025302679005,29.89375151947],[-82.4026086593838,29.8937627683905],[-82.4026905363304,29.8937640814395],[-82.4027739619725,29.8937697004476],[-82.4028539308974,29.8937838277932],[-82.4029113323457,29.8937952129992],[-82.4029322316508,29.893799356189],[-82.4030124718669,29.8938006427584],[-82.4030882510494,29.8937804462645],[-82.4031481965266,29.8937343049743],[-82.4032001056753,29.8936808974966],[-82.4031917243937,29.8936122497223],[-82.4031806364881,29.8935611910307],[-82.4031767943937,29.8935434990995],[-82.4031437318996,29.8934801641877],[-82.4030940820139,29.8934265572015],[-82.4030494357443,29.8933687493478],[-82.4030397563971,29.8933585930371],[-82.4029597937604,29.8933473277162],[-82.4029289815461,29.893332560915],[-82.4028777245743,29.8932774998315],[-82.4028028787415,29.8932534629721],[-82.4027227301535,29.8932478953355],[-82.4026479454061,29.8932210049474],[-82.4025661888338,29.893213984069],[-82.4024843720744,29.8932098198273],[-82.4024042531308,29.8932028246485],[-82.402324013813,29.8932015380713],[-82.4022875610771,29.8932165315226],[-82.4022334771071,29.8932692445603],[-82.4021612004559,29.8932992984168],[-82.4020805748626,29.8933006067991],[-82.4020000049647,29.8932993147716],[-82.4019192688786,29.8933058239731],[-82.4018441742124,29.8933280290853],[-82.4017606174162,29.8933266887726],[-82.4016804328957,29.893307195438],[-82.4016308566718,29.8932517784291],[-82.4015903417541,29.8931913038636],[-82.4015467896325,29.8931333821687],[-82.4014790351005,29.8930906774261],[-82.4014294579783,29.8930352618544],[-82.4013768436521,29.8929823952691],[-82.4013393686334,29.892919369185],[-82.4013048769198,29.892856390568],[-82.4012674584949,29.8927907632025],[-82.4012599899017,29.8927204162447],[-82.401225498188,29.8926574359444],[-82.401197031475,29.8925919540843],[-82.4011985145935,29.8925217487288],[-82.4012000525093,29.8924489444495],[-82.4012007424154,29.8924424523257],[-82.4012075058312,29.8923788347864],[-82.4012209230683,29.8923088208671],[-82.4012610346423,29.892247038891],[-82.4013159010449,29.8921932965079],[-82.4013911088988,29.8921658918221],[-82.4014662583622,29.8921410875687],[-82.4015269826788,29.8920926410256],[-82.4015817933859,29.892041498223],[-82.4016159931471,29.891977021401],[-82.401627176274,29.891943310635],[-82.4016293591802,29.8919367273576],[-82.4016949290094,29.8919280786764],[-82.4017699787598,29.8919041863503],[-82.4018482310042,29.8918892020474],[-82.4019409030056,29.8918331129155],[-82.4020028086067,29.891789818056],[-82.4020380207692,29.8917269025878],[-82.4020546988908,29.8916592612502],[-82.4020152987824,29.8915995785493],[-82.4019465758666,29.8915645218675],[-82.4018672249826,29.8915514385951],[-82.4017874339241,29.8915590164417],[-82.4017189409769,29.8915933496088],[-82.4016586649197,29.8916396227305],[-82.4015984212018,29.8916844223191],[-82.4015251887432,29.8917146503285],[-82.4014507893731,29.8917428760053],[-82.4013700550835,29.8917493845296],[-82.4012991528548,29.8917144330402],[-82.4012404614257,29.8916666732016],[-82.4012359761375,29.8915963721792],[-82.4012464109678,29.8915263102028],[-82.4012500365683,29.8914693867577],[-82.4012508791881,29.8914561531619],[-82.4012404254931,29.8913857577545],[-82.4012059373727,29.8913227789473],[-82.4011253674749,29.8913214861154],[-82.4010473964032,29.8913384432403],[-82.4009897712743,29.8913838309689],[-82.4009378387694,29.8914361446657],[-82.4008596197627,29.8914496531853],[-82.4007801440129,29.8914424717465],[-82.4007235582348,29.8913943231496],[-82.4006961371608,29.8913289261292],[-82.4007195580369,29.8912628701886],[-82.4007748152066,29.8912135634066],[-82.4008367208078,29.891170268278],[-82.4009069088759,29.8911359645602],[-82.4009621660456,29.8910866577155],[-82.400975487163,29.8910174855684],[-82.40093781182,29.8909563546618],[-82.400888124205,29.8909024106478],[-82.4008792272904,29.8908879721456],[-82.4008504515569,29.890841278892],[-82.4007632224479,29.890800020212],[-82.4006962269923,29.8907635130885],[-82.4006361907852,29.8907182621497],[-82.4006053534181,29.8906542875892],[-82.4006589487046,29.8906034773835],[-82.4007307357739,29.8905736275439],[-82.4008029684076,29.8906028364146],[-82.4008120683414,29.8906089711798],[-82.4008900933121,29.8905894150081],[-82.4009178431695,29.890568443716],[-82.4009507610348,29.8905435689714],[-82.4010172884681,29.890503019674],[-82.4010603833472,29.8904412864231],[-82.4011181234604,29.8903927907669],[-82.4011476196428,29.8903278720651],[-82.401169376839,29.8902603131121],[-82.4011351195856,29.8901977596101],[-82.4011025870976,29.8901337590145],[-82.4010649845181,29.8900562270851],[-82.4010255448839,29.8900114680424],[-82.4009620295017,29.8899705898644],[-82.4008933083825,29.8899355326097],[-82.4008294812849,29.8899094108075],[-82.4006773048791,29.8898951598584],[-82.4005991496528,29.8899057145018],[-82.4005322880462,29.8899430256871],[-82.4004893845082,29.8899689107177],[-82.4004470451122,29.8899682308035],[-82.4003675388197,29.8899625259103],[-82.4002893835934,29.8899730813254],[-82.4002127321468,29.8899925192367],[-82.4001475018808,29.8900328078355],[-82.4000699700852,29.8900138489093],[-82.3999906515406,29.8899992887816],[-82.3999129930826,29.8899862310051],[-82.3998335811131,29.8899760992721],[-82.3997700980703,29.8899337444269],[-82.3997221370173,29.8898783535802],[-82.3996775958506,29.8898215374508],[-82.3996756743542,29.8897521222106],[-82.3996669795605,29.8896825978863],[-82.399654865779,29.8896144948742],[-82.3996495055316,29.8895450802687],[-82.3996486970479,29.8895445109452],[-82.3996374878698,29.8895366237507],[-82.3996329235298,29.8894502750126],[-82.399571167049,29.8894064713214],[-82.3995111631813,29.8893597438841],[-82.3994459248304,29.889320313284],[-82.3993910665126,29.8892707142585],[-82.3993344816329,29.8892225661701],[-82.3992548828139,29.8892212873299],[-82.3991863889684,29.8892556197445],[-82.3991730660544,29.889324789999],[-82.3991361911103,29.8893862015059],[-82.3991252020194,29.8894110936736],[-82.399107720804,29.8894506994744],[-82.3990775544785,29.8895151732576],[-82.3990057692058,29.8895450218566],[-82.3989275807418,29.8895570516377],[-82.3988479810245,29.8895557728018],[-82.3987703567024,29.8895412406451],[-82.3986907578834,29.8895399625878],[-82.3986130994254,29.8895269047511],[-82.3985547924753,29.8894802022927],[-82.3985392920451,29.8894120454031],[-82.3985407589939,29.8893426843959],[-82.3985591322364,29.8892750710359],[-82.3986122882467,29.8892449225063],[-82.3986808431776,29.8892076406552],[-82.3987076533973,29.8891416378271],[-82.3987612459888,29.8890908291869],[-82.398813179392,29.8890385181533],[-82.3988146463409,29.8889691545496],[-82.398749439431,29.8889282479063],[-82.398720325931,29.8888628251242],[-82.3986980216608,29.8887960338875],[-82.3986772984255,29.8887542790223],[-82.3986655224105,29.8887305565002],[-82.3986020726053,29.8886867244546],[-82.3985967662569,29.8886172546846],[-82.3985693478778,29.8885518574],[-82.3985487360336,29.8884850939931],[-82.3985552847521,29.8884158148976],[-82.3985612567521,29.8883561847733],[-82.3985833050024,29.8882886571952],[-82.398550258678,29.8882262364162],[-82.3985608983243,29.8881565295582],[-82.3986010997299,29.8880972816891],[-82.3986322263545,29.8880338934708],[-82.3986678894712,29.8879725745917],[-82.3987058450886,29.8879112930592],[-82.3987483380965,29.8878520816499],[-82.3987976187747,29.8877969708084],[-82.3988087659691,29.8877834244093],[-82.3988446500714,29.8877398287154],[-82.3988803131881,29.8876785088766],[-82.3989476194608,29.887637664011],[-82.3989650880998,29.8875700642926],[-82.3989551132069,29.8875000259669],[-82.3989405164819,29.8874319105599],[-82.3988936019661,29.8873752573724],[-82.3988303578752,29.8873323141726],[-82.3987600314666,29.8872992404894],[-82.3986967873756,29.8872562988145],[-82.3986168795361,29.8872430366209],[-82.3985367183718,29.887241749188],[-82.3984934519144,29.8872442804384],[-82.39845642785,29.8872464479676],[-82.3983762244648,29.8872471567177],[-82.3983072015116,29.8872601431992],[-82.3982980144412,29.8872618722376],[-82.3982197621968,29.8872785831589],[-82.3981414677316,29.8872972902594],[-82.3980653795287,29.8873200255462],[-82.3979872548451,29.8873307494719],[-82.3979515890334,29.8873920664092],[-82.3979501113047,29.8874619210034],[-82.3979486326778,29.887531773991],[-82.3979701419389,29.8875980045286],[-82.3980287210786,29.887644865195],[-82.398070759539,29.887684459236],[-82.3980826343687,29.8876956441974],[-82.3981458775613,29.8877385856829],[-82.3981650538977,29.8878067748704],[-82.3981407562659,29.8878722684414],[-82.3980937267658,29.887929412016],[-82.3980265031382,29.8879662636462],[-82.3979463410755,29.8879649754438],[-82.397866219437,29.8879616934093],[-82.3977862253592,29.8879524213107],[-82.3977062321798,29.8879431499901],[-82.3976310710383,29.8879219779792],[-82.3975751149792,29.8878886459162],[-82.3974144800368,29.8877956093926],[-82.397343743098,29.8877496538118],[-82.397285165755,29.8877027939735],[-82.3972474984968,29.8876422942338],[-82.3972329008734,29.8875741781451],[-82.397245832122,29.8875045074367],[-82.3972974026058,29.8874494353453],[-82.3973444330042,29.887392293832],[-82.3973959621655,29.8873392170808],[-82.3974676396403,29.8873084246391],[-82.3975393153186,29.887277632188],[-82.3976109505726,29.8872488359102],[-82.3976714727682,29.8872038894625],[-82.3977431053273,29.8871750923846],[-82.3978013772431,29.8871281138914],[-82.3978529046078,29.8870750369996],[-82.3979089289388,29.8870260248872],[-82.3979445947506,29.886964706167],[-82.398002951108,29.8869137344166],[-82.3980454441159,29.8868545224148],[-82.398090185607,29.8867973439546],[-82.3981144832388,29.8867318488987],[-82.3980791462104,29.8866693913177],[-82.3980391864517,29.8866088543448],[-82.3979922710376,29.8865521975743],[-82.3979383595442,29.886501420326],[-82.397896110878,29.8864408466451],[-82.397853859517,29.8863802729273],[-82.3978162344796,29.8863177761834],[-82.3977623643086,29.8862650033921],[-82.3977084519169,29.886214223661],[-82.3976380868806,29.8861831465899],[-82.397608837735,29.886175893896],[-82.3975605955093,29.886163932246],[-82.3974973954358,29.8861189930978],[-82.3974223205326,29.8860938282874],[-82.3973483963712,29.8861225890716],[-82.3972681516635,29.8861252924774],[-82.3971880327199,29.8861220072668],[-82.397112958715,29.8860968424573],[-82.3970328388732,29.8860935588036],[-82.3969731161781,29.8860735398847],[-82.3969217496118,29.8860085155611],[-82.3968509057736,29.8859766681371],[-82.3967723696616,29.8859654705213],[-82.3967153850315,29.8860133273329],[-82.3966502661566,29.886053827831],[-82.3966024542239,29.8861090572432],[-82.3965566958399,29.886165224366],[-82.396514008796,29.8862232466879],[-82.3964856912033,29.8862878222517],[-82.3964656075685,29.8863552390303],[-82.3964890796485,29.8864215505713],[-82.3965154101678,29.8864627736785],[-82.3965219534963,29.886484400849],[-82.3965070306829,29.8865528050786],[-82.3964480113687,29.8865988235192],[-82.3964155893734,29.8866615264824],[-82.3963596027717,29.8867112046911],[-82.3962975327788,29.8867544651504],[-82.3962334487631,29.8867949809244],[-82.3961554525385,29.8868072758463],[-82.3960757261587,29.886803281905],[-82.3960376142345,29.8867430588901],[-82.3960395905281,29.8867402643756],[-82.3960792852839,29.886684117048],[-82.396129132799,29.886630725264],[-82.3961769438334,29.8865754961407],[-82.3962145086836,29.8865146833972],[-82.3961941654357,29.8864475175169],[-82.3961424116955,29.8863952035387],[-82.3960917152725,29.8863420008613],[-82.3960784866816,29.8863192209567],[-82.3960557143892,29.8862800041175],[-82.3960280588548,29.8862154324429],[-82.3959773606351,29.8861622304485],[-82.3958985020279,29.8861663825229],[-82.3958249839051,29.8861890666633],[-82.3958233840056,29.8861895596782],[-82.3958217751229,29.8861913339088],[-82.395755525269,29.8862301769328],[-82.395702056645,29.886283480142],[-82.3956550666707,29.8863397359557],[-82.395627515341,29.8864048581988],[-82.3955707750527,29.8864581083527],[-82.3955269956573,29.8865172668492],[-82.3954575370213,29.8865532085238],[-82.3953817793984,29.8865776457709],[-82.3953135164199,29.8866257351651],[-82.3952811842562,29.8866584134156],[-82.395265752098,29.8866740122392],[-82.3952616171527,29.8866781915521],[-82.3952265190763,29.8866950567836],[-82.3951925061647,29.8867114001826],[-82.39511385417,29.8867056203333],[-82.3950472890074,29.8866675166239],[-82.3950414715176,29.8866445296194],[-82.3950300736933,29.8865994995622],[-82.3950573537318,29.8865349078444],[-82.3950908123829,29.8864722195997],[-82.3951134310635,29.8864279441729],[-82.3951191308739,29.8864076449342],[-82.3951566957242,29.8863468320883],[-82.3951963150215,29.8862869553875],[-82.3952171307832,29.8862340011068],[-82.3952330704896,29.8861665157071],[-82.3951946737995,29.8861480046659],[-82.3951633028331,29.8861328785249],[-82.3950846714996,29.8861261936126],[-82.3950058110958,29.8861303449097],[-82.3949396923959,29.8861690212826],[-82.3949103372491,29.8862335805256],[-82.3948974850523,29.8863020176391],[-82.3948918696835,29.8863714734454],[-82.3948903964464,29.8864409969637],[-82.394881688178,29.8865095001372],[-82.394853372382,29.8865740755156],[-82.3947953501978,29.8866219156792],[-82.394727217475,29.8866578510853],[-82.3946560888708,29.8866883189472],[-82.3945776812179,29.8867015391566],[-82.394498954663,29.8867116727802],[-82.3944206512146,29.8867018616008],[-82.394385828921,29.8866845757911],[-82.3943833127399,29.8866833272935],[-82.3943590770918,29.8866176039592],[-82.3943210397278,29.8865832098856],[-82.3943041594852,29.886567945954],[-82.3942428898913,29.8865245093932],[-82.3941943036108,29.8864695341169],[-82.3941457173304,29.886414560368],[-82.3940918552443,29.8863640182634],[-82.3940558570559,29.8863020207545],[-82.3940227954602,29.8862395722505],[-82.3939380016839,29.8862387030493],[-82.393865047703,29.8862086283714],[-82.3937870694448,29.8861747271717],[-82.393739411124,29.8861510679019],[-82.3937182791553,29.8861405775058],[-82.3936624722165,29.8860901162632],[-82.3936291267532,29.8860234960749],[-82.393592505134,29.8859623293939],[-82.3935908073181,29.8858934652337],[-82.3935954237604,29.8858247022773],[-82.3936346711551,29.8857620050187],[-82.3936423858868,29.8857547655347],[-82.3936894782689,29.8857105707905],[-82.3937004134609,29.8856419105174],[-82.3936797045986,29.8855754933119],[-82.3936589921431,29.885509076062],[-82.3936255900859,29.8854452095355],[-82.3935889693651,29.8853840432786],[-82.3935427564336,29.8853282293188],[-82.3935125119546,29.8852644133025],[-82.3934404464076,29.8852357184742],[-82.3934174082138,29.8852294579815],[-82.3933650445176,29.8852152297292],[-82.3932898788845,29.8851837309822],[-82.3932178133374,29.8851550345729],[-82.3931716022026,29.8850992212637],[-82.3931253883728,29.8850434079232],[-82.3930791754413,29.8849875945516],[-82.3930329634082,29.8849317795909],[-82.3929739405007,29.884884020397],[-82.3928875001125,29.8848588661791],[-82.3928160804542,29.8848293619932],[-82.3927371751346,29.8848240415653],[-82.3926712648439,29.884863484848],[-82.3926053554514,29.8849029265573],[-82.3925327320506,29.8849301097058],[-82.3924645813616,29.8849654670256],[-82.3923855053621,29.8849682444549],[-82.392308365232,29.8849892784553],[-82.3922291158576,29.8850001537312],[-82.3921576970976,29.8849706488082],[-82.3920982367106,29.8849251366568],[-82.392060029565,29.8848637629027],[-82.3920428618616,29.8847966543252],[-82.3920419976823,29.8847277831288],[-82.3920643253086,29.8846613084571],[-82.3920820490692,29.8845927370311],[-82.3920718936149,29.8845237161513],[-82.3920733542756,29.8844548805944],[-82.3920421611757,29.8843915952074],[-82.3919437237868,29.8842895532487],[-82.3919080094661,29.8842517188837],[-82.3918556493631,29.8842002433751],[-82.3917835775279,29.884157291019],[-82.3917197028196,29.8841164361432],[-82.3916406160403,29.8841105151679],[-82.3915625174078,29.8841298334974],[-82.3914910591219,29.8841592132711],[-82.3914292038264,29.8842026851327],[-82.3913667125236,29.8842401752559],[-82.3912942346499,29.8842688688131],[-82.3912180997346,29.8842934250082],[-82.3911546256749,29.8843411050403],[-82.3910784898613,29.8843656612177],[-82.3909993123522,29.8843787080474],[-82.390923240319,29.8844004003161],[-82.3908407749759,29.884413395736],[-82.3907585557712,29.8844149340011],[-82.3906795606201,29.8844193914647],[-82.3906098172181,29.8844526444641],[-82.3906076738378,29.8844529972913],[-82.3905306397089,29.8844656912825],[-82.3904515834723,29.8844730110835],[-82.3903728308663,29.8844660121761],[-82.3902999218012,29.8844934836248],[-82.3902207433938,29.8845065319956],[-82.3901416269701,29.884516714132],[-82.390065615124,29.884535543254],[-82.3899866810583,29.8845371344801],[-82.3899077469926,29.8845387257063],[-82.3898316102807,29.8845632810561],[-82.3897618659803,29.8845965340075],[-82.3896858532359,29.8846153623356],[-82.3896035711492,29.8846197637119],[-82.3895421048242,29.8845729358937],[-82.3895139866575,29.8845037265142],[-82.3895155084036,29.8844321298556],[-82.389474061933,29.8843712994485],[-82.3894023682885,29.8843414944748],[-82.3893236165808,29.8843344947793],[-82.3892484572359,29.8843132285377],[-82.3891696435444,29.8843090927423],[-82.3890971450094,29.8843297647077],[-82.3890935706129,29.8843307826895],[-82.3890175569702,29.8843496110678],[-82.3889389867222,29.8843340181114],[-82.3888638273773,29.8843127526487],[-82.3887853191131,29.884294296563],[-82.3887170965588,29.8842559520402],[-82.3886954902796,29.8841897130514],[-82.3886970120257,29.8841181161673],[-82.3887083316966,29.8840495435889],[-82.3887490469385,29.8839900378091],[-82.3887800235445,29.8839246483932],[-82.3888466039784,29.8838856144261],[-82.3889067336102,29.8838407482438],[-82.3889016195013,29.8837719098788],[-82.3889293118666,29.883706464241],[-82.3890085495629,29.8836905534035],[-82.3890845614089,29.8836717272374],[-82.3891636769343,29.8836615450147],[-82.389206927222,29.8836508315987],[-82.3892396896787,29.8836427165065],[-82.3893030442625,29.883600766322],[-82.3893392517583,29.8835576524805],[-82.3893333875561,29.8834885615643],[-82.3893304563533,29.883419515775],[-82.3893275242523,29.8833504714957],[-82.3893229913533,29.8832877898164],[-82.389310650298,29.8832427862827],[-82.3892989641144,29.8831738415774],[-82.3892807058563,29.8831047908969],[-82.389281913192,29.8830995903243],[-82.3892693897786,29.8830306992626],[-82.3892512761493,29.8829621960355],[-82.3892331634182,29.8828936935401],[-82.3891654798531,29.8828556537998],[-82.3891045022116,29.8828091959004],[-82.3890230537614,29.882805038234],[-82.3889665425435,29.8828552846105],[-82.3889228907089,29.8829142653234],[-82.3889148597703,29.8829851893412],[-82.3889394942703,29.8830537977012],[-82.388977288191,29.8831169351715],[-82.3890020789979,29.8831671276482],[-82.3890275830671,29.8832058526821],[-82.3890489566827,29.8832744094845],[-82.389014963534,29.8833392307466],[-82.3889364741344,29.8833493312202],[-82.3888550885662,29.8833423353495],[-82.3887737604903,29.88333249502],[-82.3887093997935,29.883291667067],[-82.3886868179438,29.8832799340609],[-82.3886123745563,29.883253153921],[-82.3885378700832,29.8832292143408],[-82.388480332091,29.8831742839802],[-82.3883882574693,29.883056270642],[-82.388389766639,29.8829852407472],[-82.3884042582611,29.8829172640118],[-82.3884607101902,29.8828698582436],[-82.3885011640224,29.8828079839617],[-82.3885262108492,29.8827857157534],[-82.3885313087884,29.8827811826653],[-82.3885931712704,29.882736927408],[-82.3885886105237,29.8826575211879],[-82.388563612206,29.8825919540919],[-82.3885782960676,29.8825219161635],[-82.3885724327638,29.8824528245296],[-82.3885797612199,29.8823839462621],[-82.3885613466549,29.8822900158938],[-82.3884724727305,29.8822813617024],[-82.3883940668742,29.8822674624979],[-82.3883392399975,29.8822160420447],[-82.3883012457526,29.8821522590863],[-82.3882902800179,29.8820835005597],[-82.3882480295551,29.8820250622396],[-82.3882079260659,29.8819630511282],[-82.3881572808468,29.8819098912612],[-82.3880787582095,29.8819014044978],[-82.3879997397022,29.8819163731665],[-82.3879206430414,29.8819349504199],[-82.3878417772477,29.8819427011316],[-82.3877607581922,29.8819414105147],[-82.3877141248491,29.881996877429],[-82.3876976793913,29.8820033336253],[-82.3876186698671,29.882002057808],[-82.3875399702616,29.8819862868982],[-82.3874742863464,29.8819453509075],[-82.3873952768222,29.8819440750895],[-82.3873162681963,29.8819427992715],[-82.3872771366842,29.8819421668147],[-82.3872372613671,29.8819415234534],[-82.3871584054548,29.8819329993061],[-82.3870841731713,29.881902801044],[-82.3870099417861,29.881872601215],[-82.3869313167409,29.8818532061172],[-82.3868656328256,29.8818122700718],[-82.386804181772,29.8817677776022],[-82.3867251749428,29.881766501003],[-82.3866461654186,29.8817652244038],[-82.3865671585893,29.8817639485835],[-82.386488305372,29.881755424421],[-82.3864830340579,29.8817553395221],[-82.3864092958478,29.8817541478217],[-82.3863306734975,29.8817347527007],[-82.3862564421123,29.8817045528208],[-82.386182053522,29.8816816012798],[-82.3860992728702,29.8816621383814],[-82.3860336662101,29.8816175796392],[-82.3859548893496,29.8816054312876],[-82.3858848926226,29.8815716749542],[-82.385827755279,29.8815200017814],[-82.3857663051237,29.8814755084026],[-82.3857090932198,29.8814274578054],[-82.3856303936144,29.881411685247],[-82.3855560840758,29.8813851102329],[-82.3854770772466,29.8813838328499],[-82.3853980686207,29.8813825562459],[-82.3853190608931,29.8813812788628],[-82.3852402849309,29.8813691297035],[-82.3851612763051,29.8813678530993],[-82.3850781111744,29.8813665079525],[-82.3849949451454,29.8813651635845],[-82.3849157838059,29.8813711337931],[-82.3848661024791,29.8813703307553],[-82.3848470572968,29.881370022314],[-82.3847724333478,29.881407731592],[-82.3846936115715,29.8814189086896],[-82.3846192409475,29.881444684552],[-82.3845426218403,29.8814641981208],[-82.3844637991656,29.8814753752122],[-82.3843828618569,29.8814740658958],[-82.3843019218531,29.8814727573583],[-82.3842209845443,29.8814714480419],[-82.3841376667001,29.8814701005598],[-82.3840543479575,29.8814687530778],[-82.3839761433238,29.8814508876443],[-82.3839078587858,29.8814145024987],[-82.3838420895306,29.8813719337153],[-82.3837688220377,29.8813458470561],[-82.3837079432109,29.8812971312221],[-82.3836321649268,29.8812772281742],[-82.3835512698388,29.8812738446635],[-82.3834703334283,29.8812725353445],[-82.3833919087074,29.8812650400575],[-82.3833187759618,29.8812327284558],[-82.3832455075706,29.8812066409813],[-82.3831772257275,29.8811702557466],[-82.3831162606625,29.8811256897745],[-82.3830455524698,29.881091341319],[-82.3829723739101,29.8810611046362],[-82.3828940372241,29.8810494609405],[-82.3828183487715,29.8810254078914],[-82.3827426136066,29.8810034298129],[-82.3826615882629,29.8810062688852],[-82.3825808261256,29.8809966619938],[-82.3825020914858,29.8810036876271],[-82.3824439426392,29.8810504766191],[-82.3824615289575,29.8811192444259],[-82.3824959083817,29.8811820575436],[-82.3825568294294,29.8812286976833],[-82.3826080971809,29.8812814092711],[-82.3826642122418,29.8813300480024],[-82.382717903648,29.881380721955],[-82.3827643204971,29.8814375039503],[-82.3828059313593,29.881496284548],[-82.3827830934899,29.8815623228145],[-82.3827179332924,29.8816027737138],[-82.3826527739933,29.8816432230389],[-82.3825876164908,29.8816836731265],[-82.3825110405027,29.8817011116867],[-82.3824301022956,29.8816998015945],[-82.3823513676559,29.8817068271783],[-82.382272677932,29.8817117793578],[-82.3821917397249,29.8817104692657],[-82.3821108024161,29.8817091583946],[-82.3820364290971,29.8817349326242],[-82.3819931428768,29.8817387959151],[-82.3819576953557,29.8817419582055],[-82.3818767131311,29.8817427222959],[-82.3817957758224,29.8817414122042],[-82.3817618069282,29.8817205130453],[-82.3817299598548,29.8817009161855],[-82.3816811184527,29.8816461695799],[-82.3816003563154,29.8816365604134],[-82.3815193300734,29.8816393994676],[-82.3814383927647,29.8816380885957],[-82.3813601890293,29.881620220077],[-82.381279295738,29.8816168342413],[-82.3812188085766,29.8816615105962],[-82.3811653291728,29.8817125247551],[-82.3810500025583,29.8817604638336],[-82.3809971169409,29.881734772173],[-82.380979295264,29.881726114039],[-82.3809159065443,29.8816835827753],[-82.3808525142313,29.8816410514935],[-82.3807767368455,29.8816211461775],[-82.3806979581883,29.8816302451724],[-82.3806192684644,29.8816351965768],[-82.3805404448915,29.8816463705334],[-82.3804818962945,29.8817118299857],[-82.3804166911813,29.8817543542273],[-82.3803468606427,29.88179057724],[-82.3803145410554,29.8818543853541],[-82.3802610176342,29.8819074743719],[-82.3802005295745,29.8819521498177],[-82.3801540606232,29.8820095031907],[-82.3801288395233,29.882075502173],[-82.3801059971622,29.8821415384981],[-82.3801044915858,29.8822120728438],[-82.380062739688,29.8822715765692],[-82.3800351344593,29.8823375372126],[-82.3799910469418,29.8823949308659],[-82.379977681807,29.8824631961444],[-82.3799629898606,29.8825324980696],[-82.3799618948142,29.8825339849574],[-82.3799047314194,29.8826115803742],[-82.3799013959748,29.8826902350099],[-82.3798385731937,29.8827327962206],[-82.379775748616,29.8827753589708],[-82.3796991277122,29.8827948691637],[-82.3796181886067,29.8827935575281],[-82.3795398519207,29.8827819109191],[-82.3794589110187,29.8827805992833],[-82.379378016829,29.882777213487],[-82.3793023696989,29.882751083578],[-82.3792266354323,29.8827291035432],[-82.3791483427637,29.882715382765],[-82.3790776336727,29.8826810340781],[-82.3789993419025,29.8826673125144],[-82.3789186678001,29.8826535527835],[-82.3788428895159,29.8826336461119],[-82.3787671094352,29.8826137409941],[-82.3786988257955,29.8825773539362],[-82.3786451361859,29.8825266790339],[-82.37861075766,29.8824638652055],[-82.3785958662875,29.8824312284188],[-82.3785957782526,29.8823847617539],[-82.3786375310487,29.882325258875],[-82.3786745676896,29.8822636015641],[-82.3787280470934,29.882212588466],[-82.3788047120147,29.8821910039865],[-82.3788813311219,29.8821714936755],[-82.3789897865228,29.8821234504237],[-82.3790122399133,29.8821081764626],[-82.3790145647533,29.8820774197919],[-82.3790395226468,29.8820121903514],[-82.3790410291215,29.8819416566432],[-82.3790269848604,29.8819131571383],[-82.3790090742502,29.8818768056536],[-82.3789602337466,29.8818220591445],[-82.3789378459331,29.8817552888943],[-82.3789488305323,29.8816869826289],[-82.3789264427188,29.8816202115093],[-82.3789040549053,29.881553440345],[-82.3789055604817,29.88148290787],[-82.3788885922043,29.8814546060724],[-82.3788397597855,29.8813997183521],[-82.3787750936615,29.8813596015152],[-82.3786959952041,29.8813493030014],[-82.3786212993899,29.8813751388564],[-82.3785633562574,29.8814237861098],[-82.3784953313325,29.8814602491412],[-82.3784323154137,29.8815043071268],[-82.3783912606085,29.8815086985148],[-82.3783449578455,29.8815136522619],[-82.3782830477528,29.8814700522686],[-82.3782353534994,29.8814145126243],[-82.3782152366269,29.8813756490308],[-82.3781948017508,29.8813547474586],[-82.3781946714951,29.8813546127103],[-82.37815884219,29.8812915707068],[-82.3781016698121,29.8812439920302],[-82.3780227761706,29.8812325695616],[-82.3779436669334,29.8812312859456],[-82.377873127624,29.8812646241287],[-82.3778786360933,29.8813336784202],[-82.3779145651115,29.8813951119851],[-82.3778806474213,29.8814574404586],[-82.3778146320277,29.8814969372588],[-82.3777396559391,29.8815200609771],[-82.3776605458036,29.8815187773648],[-82.3775806999479,29.8815216024024],[-82.3775023201427,29.8815120298318],[-82.3774213819356,29.8815107166215],[-82.3773431350811,29.8814949199306],[-82.3772716956598,29.881464412316],[-82.3772077158487,29.8814310967875],[-82.3771445211651,29.8813885311267],[-82.3770813561259,29.8813445338436],[-82.3770079961065,29.8813161276352],[-82.3769514947701,29.881267940655],[-82.3769166625949,29.8812057803041],[-82.3768685317603,29.8811505692058],[-82.3768502519426,29.8810829471744],[-82.3768517521291,29.8810127835628],[-82.3768351144317,29.8809451902571],[-82.3768283689823,29.8808763249682],[-82.3768210360346,29.8808161108356],[-82.3768199787175,29.8808074323705],[-82.3768033419185,29.8807398373678],[-82.3767916647181,29.8806708924896],[-82.3767452092415,29.8806142744053],[-82.3766769327883,29.8805787885821],[-82.37656685503,29.8805306962712],[-82.3765161927429,29.8804738078293],[-82.3764555932922,29.8804106414239],[-82.3764153667338,29.880358247167],[-82.3763672358992,29.8803030332628],[-82.3763023362131,29.8802633054351],[-82.3762234362834,29.8802634580996],[-82.3761901240578,29.8802949178982],[-82.3761697547587,29.8803141536245],[-82.3761192981858,29.8803677653253],[-82.3760463567814,29.880396660953],[-82.3759658443757,29.8803953539592],[-82.3759026496921,29.8803527894141],[-82.3758595413382,29.8802933600971],[-82.3758379449405,29.880227117697],[-82.3758279125554,29.880158198947],[-82.3758345861397,29.8800893884168],[-82.3758672452901,29.8800098655897],[-82.3759225698335,29.8799591971717],[-82.3759426004677,29.8798839940411],[-82.3758899250561,29.8798313152074],[-82.3758140237028,29.8798054065143],[-82.3757843110265,29.8797382937533],[-82.375752563666,29.8797031666937],[-82.3757345174103,29.8796831963417],[-82.3756614978524,29.8796548652138],[-82.3756088233391,29.8796021885958],[-82.3755561479274,29.8795495103922],[-82.3755006401277,29.8794967854264],[-82.3754335494507,29.8794562129422],[-82.3753542883983,29.8794549254087],[-82.3752750291424,29.8794536378752],[-82.3751981234726,29.8794745982639],[-82.3751405459545,29.8795067164875],[-82.3751293430646,29.8795129640981],[-82.3751270469707,29.8795140374315],[-82.3750578380663,29.8795463511479],[-82.3750409650103,29.8795568009557],[-82.3749918343508,29.8795872304845],[-82.3749960178051,29.8796563949843],[-82.3749300652936,29.8796948090407],[-82.3748508051394,29.8796935215103],[-82.3747739021646,29.8797144795119],[-82.3746945890098,29.8797156595531],[-82.3746128144712,29.8796995245329],[-82.3745982312209,29.8796849395318],[-82.3745601390596,29.8796468471596],[-82.3745559565036,29.8795776826532],[-82.3745404497852,29.8795083342767],[-82.3744645493302,29.8794824223841],[-82.3743852864811,29.8794811348509],[-82.3743181958041,29.8794405615814],[-82.3742451780428,29.8794122303847],[-82.3741809700596,29.8793692354628],[-82.3741397760156,29.8793093389936],[-82.3740985819716,29.8792494448251],[-82.374060172705,29.8792379753935],[-82.374019479921,29.8792407560979],[-82.3739400095611,29.8792493365568],[-82.3738607503052,29.8792480482417],[-82.3737813311493,29.8792541611173],[-82.3737020197911,29.8792553380483],[-82.3736250629174,29.8792787660609],[-82.3735536100214,29.8793096848289],[-82.3734794298401,29.8793356224704],[-82.3734026319682,29.8793516500601],[-82.3733311224783,29.8793850348272],[-82.3732542204018,29.8794059936725],[-82.3731882678903,29.8794444062675],[-82.3731113119148,29.87946783112],[-82.3730828038793,29.8794787404911],[-82.3730370796313,29.8794962378549],[-82.3729933496433,29.8795547508742],[-82.3729692783869,29.8796209898264],[-82.372939546846,29.879687134487],[-82.3729154746913,29.8797533717934],[-82.3728801331714,29.8798169584445],[-82.3728391825709,29.8798779855772],[-82.3727623308,29.8798964767521],[-82.3727293024419,29.8798959400875],[-82.3726830706458,29.8798951884454],[-82.37260381139,29.8798938993598],[-82.3725290374224,29.8799166604809],[-82.3725268518213,29.8799173256645],[-82.3724474335636,29.8799234377201],[-82.3723684375142,29.8799098131399],[-82.3722893884641,29.8798986576823],[-82.3722163707029,29.8798703250579],[-82.3721433547383,29.8798419924253],[-82.372064199687,29.8798357682025],[-82.3719852575365,29.8798196791572],[-82.3719060503829,29.8798159217229],[-82.371836022215,29.879780235437],[-82.3718125636097,29.8797590149584],[-82.3717804650079,29.8797299758275],[-82.371701310855,29.8797237531555],[-82.3716221028031,29.8797199964965],[-82.3715429495485,29.8797137730449],[-82.3714639543973,29.8797001499938],[-82.3713909878401,29.8796693497405],[-82.3713209614687,29.8796336618444],[-82.3712417543152,29.8796299044032],[-82.3711687374523,29.8796015717023],[-82.3711303497452,29.879589722205],[-82.3710927839967,29.8795781250719],[-82.3710138409478,29.8795620352061],[-82.3709343696896,29.8795706125217],[-82.3708551104337,29.879569322653],[-82.3707761143843,29.8795556988033],[-82.3707137317777,29.8795596182598],[-82.3706407167114,29.8795312839812],[-82.370561139452,29.8795447956718],[-82.3704939939777,29.8795066868891],[-82.3704179354193,29.8794881746114],[-82.3703388863692,29.87947701677],[-82.3702596271134,29.8794757261212],[-82.3701835667583,29.8794572138378],[-82.370116423979,29.8794191042427],[-82.370049282098,29.879380994633],[-82.3699821375221,29.8793428873455],[-82.3699028773679,29.8793415966949],[-82.3698236181121,29.8793403060444],[-82.3697444648575,29.8793340794535],[-82.3696686174031,29.8793056999341],[-82.3695926109469,29.8792847208161],[-82.3695133516911,29.8792834301648],[-82.3694311567409,29.8792870279429],[-82.3693596481493,29.8793204111739],[-82.3692801750945,29.8793289869524],[-82.3692168429686,29.8793773096206],[-82.3691953876064,29.8794534610633],[-82.3691995665691,29.879522624877],[-82.3692037473284,29.8795917894217],[-82.3691994363134,29.8796608160521],[-82.3691528730389,29.8797192814616],[-82.3691035366652,29.8797752372062],[-82.3690430854365,29.8798211380449],[-82.368966180665,29.8798420952407],[-82.3689002272552,29.8798805061099],[-82.3688425536173,29.8799289196425],[-82.3687710980263,29.8799598366511],[-82.3686915728692,29.8799708791609],[-82.3686123136133,29.8799695885184],[-82.3685330534592,29.8799682970971],[-82.3685049038514,29.8799604356277],[-82.3684334473622,29.8799913510687],[-82.3683729979301,29.8800372533656],[-82.3683208794739,29.8800906946357],[-82.3682493699841,29.8801240775976],[-82.3681833635736,29.8801649535817],[-82.3681228081403,29.8802157878012],[-82.3680623560132,29.8802616915526],[-82.3680242342075,29.8803227628104],[-82.367977724832,29.8803787618348],[-82.3679311615576,29.880437229939],[-82.3678569813764,29.8804631649506],[-82.3677779332246,29.8804520048816],[-82.3677107886487,29.8804138964455],[-82.3676348360914,29.8803904476694],[-82.3675579816256,29.8804089364126],[-82.3674920821147,29.8804448787313],[-82.3674151216477,29.8804683017909],[-82.3673361785988,29.8804522073954],[-82.367261996621,29.880478143182],[-82.3671850909512,29.8804990986819],[-82.367109033291,29.8804805858096],[-82.3670295602361,29.8804891599306],[-82.3669501940808,29.8804928028414],[-82.3668708279254,29.8804964434153],[-82.3667978110625,29.8804681078451],[-82.3667480219379,29.8804130061633],[-82.366677942566,29.8803797814148],[-82.3665990004154,29.8803636877838],[-82.3665248184376,29.8803896220356],[-82.3664670926974,29.8804405044323],[-82.3664261376053,29.8805015296255],[-82.3664076700397,29.8805703250723],[-82.366407787719,29.8805712402779],[-82.366151799304,29.8808064969158],[-82.3661250654412,29.8808075530995],[-82.366048261281,29.8808235750004],[-82.3659822539723,29.8808644506978],[-82.3659054534054,29.8808804702528],[-82.3658261923529,29.8808791772854],[-82.3657503457968,29.8808507950902],[-82.3656743393407,29.8808298131817],[-82.3656014293773,29.8807965418383],[-82.3655221692231,29.8807952488699],[-82.3654452608584,29.8808162043032],[-82.3653710779822,29.8808421392162],[-82.3653050715717,29.8808830133481],[-82.3652473970356,29.8809314271729],[-82.3652176574098,29.8809975717432],[-82.3651999471239,29.8810294301043],[-82.3651823113983,29.8810611544854],[-82.3651469635902,29.8811247395238],[-82.3651032291106,29.8811832500297],[-82.3650263755431,29.8812017394048],[-82.364974254392,29.881255178493],[-82.3649000203118,29.8812835784877],[-82.3648258365373,29.8813095148369],[-82.3647466293838,29.8813057535643],[-82.3646910748717,29.881255491608],[-82.3646411267453,29.8812077898492],[-82.3645913412139,29.8811526877972],[-82.364524196638,29.8811145749555],[-82.3644628758401,29.8810691537324],[-82.3643899658767,29.8810358832478],[-82.3643228239957,29.8809977711404],[-82.3642438800485,29.8809816768303],[-82.3641678762873,29.8809606926126],[-82.3640888802378,29.8809470650585],[-82.3640095661847,29.880948238075],[-82.3639353833086,29.8809741721748],[-82.3638721517941,29.8810175574099],[-82.3638116969721,29.8810634592344],[-82.3637347913023,29.8810844130536],[-82.3636553703497,29.8810905172488],[-82.3635824073857,29.8810597150882],[-82.3635239683832,29.8810118714768],[-82.3634479637236,29.8809908888233],[-82.3633687556718,29.8809871283176],[-82.3633630423866,29.8809895016111],[-82.363299810872,29.8810328891762],[-82.3632757324291,29.8810991240309],[-82.3632770772071,29.8811682423063],[-82.3632812516783,29.8812374072674],[-82.3632910909256,29.8813066648687],[-82.3632782809496,29.8813755524482],[-82.3632373231626,29.8814365770692],[-82.3631908119904,29.8814925754681],[-82.3631526856931,29.8815536451932],[-82.3630922308711,29.881599546771],[-82.3630179958927,29.8816279458887],[-82.3629465358101,29.8816588600339],[-82.362875022727,29.8816922393552],[-82.3627981691595,29.8817107255203],[-82.3627952846691,29.88171314553],[-82.3627238263832,29.8817440596487],[-82.3626661482538,29.8817924722766],[-82.3625865152988,29.8818084449492],[-82.3625075201476,29.8817948159532],[-82.3624281512973,29.881798453364],[-82.3623581267226,29.8817627607776],[-82.3622813243591,29.8817787809672],[-82.362202275309,29.8817676179299],[-82.3621668017368,29.8817053441726],[-82.3621796117127,29.8816364575999],[-82.3622317867627,29.8815805519698],[-82.3622922397881,29.8815346527199],[-82.3623690421516,29.8815186348277],[-82.3623700455698,29.8815182835479],[-82.3624432259261,29.8814927000907],[-82.36248135402,29.8814316303283],[-82.3624344520807,29.8813741068243],[-82.3623701928935,29.8813335717119],[-82.3623001683188,29.8812978789592],[-82.362220906368,29.8812965836606],[-82.3621419642175,29.881280487062],[-82.3620629690663,29.8812668579938],[-82.3620016473701,29.8812214376189],[-82.3619286844061,29.8811906316043],[-82.3618492113512,29.8811992025487],[-82.3617998668927,29.8812551543473],[-82.3617505233324,29.8813111068934],[-82.361671527283,29.8812974770505],[-82.3615973174574,29.8812753424745],[-82.3615927432359,29.8812739794119],[-82.3615908989946,29.8812701698466],[-82.361560208053,29.881206818569],[-82.3615046544392,29.8811565550051],[-82.3614639625534,29.8810969041822],[-82.3615098754476,29.8810455929495],[-82.3615592190079,29.8809896410333],[-82.3615691983923,29.8809207080113],[-82.3615706851041,29.8808516355192],[-82.3615380969206,29.8807869411578],[-82.3614825433068,29.8807366781612],[-82.3614095803428,29.8807058743335],[-82.361333683481,29.880679954963],[-82.3612544754292,29.8806761928878],[-82.3611785237702,29.8806527410578],[-82.361125216843,29.8806296599776],[-82.3610459027899,29.8806308306612],[-82.3609815411947,29.8805952311247],[-82.3609546671947,29.8805281609558],[-82.3609816840269,29.8804570396867],[-82.3610114254493,29.8803908963157],[-82.3610383353819,29.8803247085035],[-82.3610709073958,29.8802586109998],[-82.3611478166589,29.8802376593438],[-82.361227076813,29.8802389554351],[-82.3613065489696,29.8802303836292],[-82.3613780072555,29.8801994721568],[-82.36144123877,29.8801560857869],[-82.3615044702845,29.880112700177],[-82.3615454280716,29.8800516770825],[-82.3615508601841,29.8799308466496],[-82.3614981928573,29.8798781623884],[-82.3614397565498,29.8798303205468],[-82.3613607613987,29.8798166905015],[-82.3612815012445,29.8798153944047],[-82.3612020829868,29.8798214994564],[-82.3611251225198,29.8798449179891],[-82.3610459692652,29.879838689093],[-82.3609701227091,29.879810303486],[-82.3608941728468,29.8797868514523],[-82.3608443873155,29.8797317478363],[-82.3607648621583,29.8797427856978],[-82.360703543157,29.8796973646288],[-82.3606306349902,29.8796640905708],[-82.3605591767043,29.879695003767],[-82.3604987227807,29.879740900748],[-82.3604137475447,29.8797419803102],[-82.3603407881739,29.8797111730597],[-82.3602678270065,29.8796803665785],[-82.3602122751894,29.8796301030241],[-82.3602137627995,29.8795610304169],[-82.3601982659625,29.8794916804711],[-82.3601282952867,29.8794535218181],[-82.3600669762854,29.8794080982805],[-82.3600229624298,29.8793481535424],[-82.3600074655928,29.8792788026696],[-82.3599862545723,29.8792118266422],[-82.3599678741433,29.8791448973045],[-82.3599410019399,29.8790778277179],[-82.3598649972803,29.8790568423207],[-82.359789047418,29.8790333901098],[-82.3597120878493,29.8790568096065],[-82.3596378519725,29.8790852078905],[-82.3595584337149,29.8790913122081],[-82.3594791735607,29.879090015323],[-82.3593995963013,29.8791035177264],[-82.3593200181435,29.8791170224647],[-82.3592407579894,29.87911572558],[-82.3591615526325,29.8791119626668],[-82.3590820804759,29.8791205314532],[-82.3590380109247,29.8790630517929],[-82.3590281770673,29.8789937949701],[-82.3590353276569,29.8789248153915],[-82.3590678457719,29.8788611868892],[-82.3591060286631,29.8787976502579],[-82.3591720368701,29.8787567799446],[-82.3592045567818,29.8786931505562],[-82.3592278977078,29.8786357423096],[-82.3592314676127,29.878626962396],[-82.3592464245622,29.8785612244043],[-82.3592569294611,29.8784965893124],[-82.3592128626049,29.8784391100714],[-82.3591601961764,29.8783864242432],[-82.3590989319723,29.878338534951],[-82.3590204731154,29.8783257654039],[-82.3589553650203,29.8782991708734],[-82.3588969835099,29.8782488598878],[-82.3588529157554,29.878191380504],[-82.3588340592192,29.8781466519648],[-82.3588071870158,29.8780795832647],[-82.3587973540567,29.8780103265378],[-82.3587761421379,29.8779433488796],[-82.3587577644038,29.8778764202484],[-82.3587564214225,29.8778073012492],[-82.3587579099309,29.8777382289374],[-82.3587763837847,29.8776694354315],[-82.3587778722931,29.8776003622452],[-82.3587765311084,29.8775312446126],[-82.3587296336607,29.8774737188588],[-82.3587226294964,29.8774045068887],[-82.3586699621696,29.8773518220718],[-82.3586531924199,29.877341676592],[-82.3585918743169,29.8772962544294],[-82.3585159792518,29.8772703333938],[-82.3584547168444,29.8772224443445],[-82.3583756713876,29.8772112776814],[-82.3582933695379,29.8772198030114],[-82.3582164647664,29.8772407529646],[-82.3581522630714,29.8771977508752],[-82.3580701741224,29.877196406451],[-82.358023608153,29.8772548694107],[-82.3579798718768,29.8773133790716],[-82.3579923243233,29.8773925504179],[-82.3580135335471,29.877459527667],[-82.3580205359148,29.8775287388201],[-82.3579936232872,29.8775949269301],[-82.3579193353081,29.8776257901378],[-82.3578399179488,29.8776318929869],[-82.357760872492,29.8776207279275],[-82.3576819330364,29.8776046291777],[-82.3576206176284,29.8775592055769],[-82.3575680059971,29.8775040532157],[-82.3574854786703,29.8773916538772],[-82.3574442972027,29.8773317531045],[-82.3573829808964,29.8772863286006],[-82.35731295722,29.8772506336203],[-82.3572339656621,29.8772370016645],[-82.3571547073046,29.8772357031975],[-82.3570754498454,29.8772344047304],[-82.356996086385,29.8772380399708],[-82.3569191807152,29.8772589899202],[-82.3568448918378,29.8772898524529],[-82.3567788836307,29.8773307233674],[-82.3567407007396,29.8773942601543],[-82.3567675720447,29.8774613285363],[-82.3568030393287,29.8775236026072],[-82.3567564715627,29.8775820669329],[-82.3566769473039,29.8775931019167],[-82.3565977428453,29.8775893350515],[-82.3565306045576,29.877551220848],[-82.3564605835761,29.8775155244046],[-82.356454984377,29.87751578067],[-82.3564209013968,29.8775173416303],[-82.3563812192174,29.8775191596348],[-82.3563043135476,29.8775401087462],[-82.3562249491889,29.8775437431966],[-82.3561456908314,29.8775424439546],[-82.3560797347266,29.8775808463625],[-82.3560298557704,29.8776614662897],[-82.3559972819599,29.8777275608412],[-82.3559901304719,29.877796540469],[-82.3559886401669,29.8778656119615],[-82.3560125173871,29.8779400353584],[-82.3559924768714,29.8780390686228],[-82.3559301706217,29.8780818156433],[-82.3558642136186,29.8781202178436],[-82.3557873079488,29.8781411668287],[-82.355707729791,29.8781546693606],[-82.3556282585328,29.8781632366714],[-82.3555512989641,29.8781866540356],[-82.3554753482034,29.8781631985044],[-82.3553959308441,29.8781692997627],[-82.3553164595859,29.8781778662933],[-82.3552396599173,29.8781938831643],[-82.3551652632421,29.878229679845],[-82.3550857919839,29.8782382463704],[-82.3550197801835,29.8782791161173],[-82.3549429805149,29.8782951314142],[-82.3548637212591,29.8782938314031],[-82.3547844629016,29.8782925321709],[-82.3547051515435,29.8782936982084],[-82.3546335854597,29.8783295408094],[-82.3545620211726,29.8783653833975],[-82.3544851119096,29.8783863307733],[-82.3544056936519,29.878392432018],[-82.3543395767487,29.8784382361287],[-82.3542627752835,29.8784542490633],[-82.354183463027,29.8784554166567],[-82.3541041507706,29.8784565819134],[-82.3540299139955,29.8784849780317],[-82.353958453913,29.878515885362],[-82.3538816542444,29.8785319006209],[-82.353802341988,29.8785330682134],[-82.3537230836304,29.8785317674265],[-82.3536617673241,29.8784863419113],[-82.3536148725713,29.8784288135927],[-82.3535765755941,29.8783664917944],[-82.3535325087379,29.8783090109206],[-82.3534884445766,29.8782515284558],[-82.3534415498238,29.8781940031175],[-82.3533974856624,29.8781365213653],[-82.3533361702544,29.8780910956701],[-82.3532748548464,29.878045671512],[-82.3531957042867,29.8780394347143],[-82.3531137204406,29.8780331542969],[-82.3530368668731,29.878051634909],[-82.3529573956149,29.8780602022286],[-82.3528832109421,29.8780861292902],[-82.3528008012945,29.8780995835367],[-82.3527184976482,29.8781081033382],[-82.3526427103809,29.8780772472901],[-82.3525755765848,29.8780391285995],[-82.3525026181124,29.8780083169284],[-82.3524207420641,29.8779971036181],[-82.3523565421657,29.8779540971813],[-82.3522952294526,29.8779086706241],[-82.3522222727768,29.8778778596915],[-82.3521463247111,29.8778544040877],[-82.3520702706442,29.8778358805985],[-82.3519943216802,29.8778124234269],[-82.3519183754112,29.8777889685866],[-82.3518542294117,29.8777434952189],[-82.3517841572263,29.8777102641286],[-82.3517050596672,29.8777015620257],[-82.3516258013097,29.877700260449],[-82.3515498541423,29.8776768032456],[-82.3514707565832,29.8776681003608],[-82.3514007382967,29.8776324024014],[-82.3513292782142,29.8776633084382],[-82.3512715982881,29.8777117160369],[-82.3512701043898,29.8777807875882],[-82.3513055680805,29.8778430637963],[-82.3513069047737,29.8779121827707],[-82.3512687182893,29.8779757168504],[-82.351241803865,29.878041903106],[-82.3511785669606,29.8780852841644],[-82.351118110342,29.8781311779917],[-82.3510439256692,29.8781571050349],[-82.350972466485,29.8781880124669],[-82.3509092313772,29.8782313919039],[-82.3508432725774,29.8782697932676],[-82.3507130923197,29.8783315768955],[-82.3506484917727,29.8783727044252],[-82.3505797562804,29.8784085921748],[-82.3505004970246,29.8784072898285],[-82.3504217722664,29.8783813176732],[-82.3503425678078,29.8783775492799],[-82.3502927894629,29.8783224409906],[-82.3502780382276,29.8782903846988],[-82.3502630399556,29.8782577909444],[-82.350218977591,29.8782003084501],[-82.3501547794892,29.8781573013221],[-82.3501193166967,29.8780950253102],[-82.350095281373,29.8780280017527],[-82.3500569861924,29.8779656797038],[-82.349986914007,29.8779324463508],[-82.3499514494179,29.8778701694196],[-82.3498959586861,29.8778174357767],[-82.3498168611271,29.8778087321252],[-82.3497408591625,29.8777877410086],[-82.3496996821865,29.8777278389159],[-82.3496983454933,29.8776587190348],[-82.3496657662929,29.8775940218232],[-82.3496303035004,29.8775317462385],[-82.3495862393391,29.8774742625468],[-82.3495070887794,29.8774680272712],[-82.349430235212,29.8774865048724],[-82.3493780565687,29.8775424057874],[-82.3493065937912,29.8775733102942],[-82.3492244527399,29.877574428826],[-82.3491452491796,29.8775706580654],[-82.3490722395032,29.8775423130957],[-82.3490687522433,29.8775401173144],[-82.3490158935754,29.8775290472732],[-82.348942883899,29.8775007022917],[-82.3488844556762,29.877452854636],[-82.3488346782297,29.8773977458356],[-82.3488202225402,29.8773450734779],[-82.3488163076822,29.8773308145015],[-82.3487780133999,29.877268491238],[-82.3487425497091,29.8772062146711],[-82.3486927749575,29.8771511057345],[-82.3486430514099,29.8770935291313],[-82.3485788012059,29.8770529891631],[-82.3485029618363,29.8770245965318],[-82.3484417138019,29.8770480219526],[-82.3484287241629,29.8770529883842],[-82.3483493598042,29.8770566189577],[-82.3482733605345,29.8770356269037],[-82.3481941030753,29.8770343229816],[-82.3481120680253,29.8770305046861],[-82.3480328105661,29.8770292007639],[-82.347953713007,29.8770204962647],[-82.3478836956188,29.8769847965157],[-82.3478107398413,29.876953982961],[-82.347821209706,29.8768628500587],[-82.3478283683805,29.876793871343],[-82.3478270334839,29.8767247515936],[-82.3477800147637,29.8766777074202],[-82.347774374242,29.8766720633018],[-82.3477799276271,29.8766770889507],[-82.3477330373659,29.8766195603674],[-82.3476659044681,29.8765814395619],[-82.3475928965883,29.8765530927531],[-82.3475140658288,29.8765320538574],[-82.3474380153552,29.8765135277858],[-82.3473651134766,29.876480247992],[-82.3473038025602,29.8764348192055],[-82.3472247058994,29.8764261138755],[-82.3471454484402,29.8764248099454],[-82.3470933210009,29.8764782422463],[-82.347100316182,29.8765474540802],[-82.3471243488108,29.8766144794117],[-82.3471143604432,29.8766834115157],[-82.3471128638499,29.8767524837791],[-82.3471368955804,29.8768195074149],[-82.3471493893494,29.8768507026856],[-82.3471637579023,29.876886580078],[-82.347222186125,29.8769344287844],[-82.3472806125511,29.8769822759098],[-82.3472706241835,29.8770512093175],[-82.3471964395107,29.8770771335257],[-82.3471196389438,29.8770931443421],[-82.3470454012704,29.8771215346171],[-82.34697383339,29.8771573737447],[-82.3468943621318,29.8771659372465],[-82.3468243447436,29.8771302359917],[-82.3467450872844,29.8771289312919],[-82.3466661505237,29.8771128262313],[-82.346596080135,29.8770795902573],[-82.3465167696752,29.8770807524144],[-82.3464370298206,29.8771016509878],[-82.3463580939583,29.8770855435861],[-82.3462791041971,29.8770719045974],[-82.3462048117264,29.8771027625145],[-82.3461360753358,29.8771386468266],[-82.3460601820674,29.8771127195186],[-82.3459871750859,29.877084372082],[-82.345891361676,29.8770630513272],[-82.3458212912872,29.8770298176733],[-82.3457512217968,29.8769965824506],[-82.3456870263899,29.8769535740245],[-82.3456079827298,29.8769424018788],[-82.3455310204661,29.8769658117405],[-82.3454516552091,29.8769694407592],[-82.345374694742,29.8769928498356],[-82.3452954363845,29.876991544355],[-82.3452239224031,29.8770249151126],[-82.3451470661406,29.877043390459],[-82.3450674879829,29.8770568853503],[-82.3449881227258,29.8770605151447],[-82.3449088661649,29.8770592088861],[-82.3448295557051,29.8770603702645],[-82.3447535034349,29.8770418419542],[-82.3447008459895,29.8769891522721],[-82.3446654379943,29.8769244071115],[-82.3446243185105,29.8768620360795],[-82.3445659441867,29.8768117189165],[-82.3444929390019,29.8767833713943],[-82.3444108500529,29.8767820183964],[-82.3443503359421,29.8768303757926],[-82.3442734814763,29.8768488511751],[-82.3442179395406,29.8767985815199],[-82.3441739346681,29.8767386305397],[-82.3441183909357,29.8766883608289],[-82.3440392412744,29.8766821208307],[-82.343982523444,29.8766463282681],[-82.3439749937653,29.8766415775796],[-82.3438990492928,29.8766181170114],[-82.3438230500231,29.8765971209706],[-82.3437500978389,29.876566307296],[-82.3436709481776,29.8765600649534],[-82.3435972387135,29.8765640951358],[-82.3435204085022,29.8765813375221],[-82.3434517116375,29.87661536817],[-82.3433728413522,29.8766288748031],[-82.3432968977781,29.876605414232],[-82.3432185476173,29.8765948683066],[-82.343147011178,29.8765640748836],[-82.3430842063632,29.8765223226851],[-82.3430148294738,29.876489715111],[-82.3429341185405,29.8764902338786],[-82.3428571284291,29.8765148768927],[-82.3427782581437,29.8765283812027],[-82.3426993878584,29.8765418878476],[-82.3426809175979,29.8766100621035],[-82.3426736250744,29.8766525114067],[-82.3426152597337,29.8766996693156],[-82.3425444796759,29.8767318164743],[-82.3424778237835,29.8767695851469],[-82.342461476242,29.8768377942989],[-82.3424135663929,29.8768925287447],[-82.342368768308,29.8769437065811],[-82.3423656556456,29.8769472623816],[-82.3423009778434,29.876991745318],[-82.3422806067477,29.8770605089133],[-82.3422452822958,29.8771224412862],[-82.3421875969798,29.8771708452528],[-82.3421522743245,29.8772327791151],[-82.3421244247541,29.8772981246258],[-82.3420704440904,29.8773498809943],[-82.3420538468172,29.8774187043197],[-82.3420110447888,29.8774772232315],[-82.3419570632268,29.8775289771702],[-82.3418923306274,29.8775542329392],[-82.3418199057542,29.8775859420685],[-82.3417360075983,29.8775809585272],[-82.3416553370892,29.8775796273499],[-82.3415907221691,29.877621129851],[-82.3415592847274,29.8776471894433],[-82.3414811456707,29.8777119637337],[-82.3414087207976,29.8777436728129],[-82.3413291058089,29.8777588103524],[-82.3412531218106,29.8777805881846],[-82.341249550109,29.8777820735854],[-82.3411848947647,29.877825424379],[-82.3411079468741,29.8778482155711],[-82.3410433319541,29.8778897187393],[-82.3409745102235,29.877929299518],[-82.3409161439845,29.8779764576021],[-82.340855616399,29.8780254305435],[-82.340807623905,29.8780838634183],[-82.3407597122593,29.8781385964013],[-82.3406950973392,29.8781800994486],[-82.3406143028626,29.8781843180634],[-82.3405374331254,29.8782034077605],[-82.3404606029141,29.8782206467478],[-82.340387776494,29.8782490577326],[-82.3403107468567,29.8782755479017],[-82.3402338753229,29.8782946383602],[-82.340120245626,29.878311373373],[-82.3400414885284,29.8782870400326],[-82.3399622292726,29.8782857314532],[-82.3398950802051,29.8782484299259],[-82.3398319196574,29.8782013210422],[-82.3397523046688,29.8782164585122],[-82.3396909155989,29.8782615094916],[-82.3396443370531,29.8783199655956],[-82.3396014622612,29.8783817741177],[-82.3395736108941,29.8784471212124],[-82.3395345099247,29.87850899119],[-82.3395103632099,29.8785776890893],[-82.3394489732417,29.8786227399054],[-82.3393697148842,29.8786214305516],[-82.339294802576,29.8785938718047],[-82.3392158298828,29.8785794058156],[-82.339156444056,29.8785323594014],[-82.3391009748838,29.8784787981223],[-82.3390569727062,29.8784188465942],[-82.3389976587447,29.8783685115226],[-82.338930651611,29.8783246289655],[-82.3389071579713,29.8783115782279],[-82.3388635043401,29.8782873258948],[-82.3387842459826,29.8782860165366],[-82.3387227850475,29.8783343568463],[-82.3387099598002,29.8784032418056],[-82.3386670832117,29.8784650502761],[-82.3386093969974,29.8785134520333],[-82.3385301377416,29.8785121418991],[-82.3384707528131,29.8784650962321],[-82.3384267506355,29.8784051415801],[-82.3383789737371,29.8783451284733],[-82.3383311977371,29.8782851137727],[-82.3382679671208,29.8782412934922],[-82.3381888524938,29.8782334054035],[-82.3381139401856,29.8782058442125],[-82.3380588779502,29.8781560052037],[-82.3380584000465,29.8781555713468],[-82.3380181716915,29.8780956811589],[-82.3379703229279,29.8780389556797],[-82.3379110107629,29.8779886204163],[-82.3378318952375,29.8779807299708],[-82.3377487202254,29.8779859378207],[-82.3376763681158,29.878014352767],[-82.3376186801048,29.878062753964],[-82.3375683969068,29.8781178600601],[-82.3375106388273,29.878169551353],[-82.3374603583242,29.8782246542744],[-82.3373879316544,29.8782563608538],[-82.337326469821,29.8783046996201],[-82.3372577487018,29.8783397570699],[-82.3372037626481,29.8783915097821],[-82.337134967867,29.8784298557812],[-82.3370516482262,29.8784416392085],[-82.3369865554023,29.8784833368584],[-82.3369070823475,29.8784918947939],[-82.3368346556777,29.8785235997305],[-82.3367659327618,29.8785586571034],[-82.3367497136794,29.8785764303643],[-82.3367156495638,29.8786137613677],[-82.3366579642478,29.8786621614949],[-82.3365928696274,29.8787038606103],[-82.3365168137639,29.8787289252482],[-82.3364373371157,29.8787374816048],[-82.3363578640608,29.8787460379608],[-82.3362855101546,29.8787744542483],[-82.3362061808302,29.878776431907],[-82.3361228611893,29.8787882152934],[-82.3360436028317,29.8787869043839],[-82.3359643426776,29.8787855934744],[-82.3358850843201,29.8787842825649],[-82.3358050022075,29.8787727242837],[-82.3357311301484,29.8787455417934],[-82.3356601353931,29.8787114635797],[-82.3355813064303,29.8786904173502],[-82.3355063950205,29.8786628547277],[-82.3354314836106,29.8786352936554],[-82.3353521533879,29.878637270538],[-82.3352731806946,29.8786228022185],[-82.3351982710814,29.8785952411352],[-82.3351194403219,29.8785741925444],[-82.3350486638574,29.8785302477647],[-82.3349696192989,29.8785190687854],[-82.3348985535767,29.8784882798511],[-82.3348353247572,29.878444458881],[-82.334775940727,29.878397412403],[-82.3347204032829,29.8783471380761],[-82.3346412877575,29.8783392461011],[-82.3346289422105,29.8783323885259],[-82.3345741413849,29.8783019414781],[-82.3345147564564,29.8782548933751],[-82.3344669112861,29.8781981664286],[-82.334399908644,29.8781542830176],[-82.3343249262672,29.8781300088366],[-82.3342656141023,29.8780796736192],[-82.3342139223459,29.8780261705158],[-82.3341889375029,29.8779599515352],[-82.3341866674602,29.8778908177944],[-82.3341312036779,29.877837253834],[-82.334071820546,29.8777902055118],[-82.3340124356176,29.8777431571675],[-82.333983676952,29.8776768741274],[-82.3339776357817,29.8776076770978],[-82.3339450296319,29.8775446218206],[-82.3339045883761,29.8774534349335],[-82.3338488227599,29.8774029513792],[-82.333825923805,29.8773353127858],[-82.3337784325709,29.8772778881791],[-82.3337143916743,29.8772343486478],[-82.3336627627999,29.8771803940935],[-82.3336234686928,29.8771195647148],[-82.3335883149208,29.8770552636267],[-82.3335366869448,29.8770013081965],[-82.3334685075097,29.8769612402203],[-82.3334127409951,29.8769107571959],[-82.3333611121208,29.8768568024664],[-82.3333504733729,29.8767858281331],[-82.3333398355233,29.8767148529704],[-82.333296483726,29.8766539555411],[-82.3332939648499,29.8765831142604],[-82.333218360839,29.8765110640299],[-82.3331408254502,29.8765274792018],[-82.333063291858,29.8765438951498],[-82.3329908984259,29.8765108350244],[-82.3329516052171,29.8764500052375],[-82.3329164505467,29.8763857044965],[-82.3328730987494,29.8763248068662],[-82.3328049202126,29.8762847386183],[-82.332728157375,29.8762657677305],[-82.3326682532203,29.8762187544979],[-82.3325871227737,29.8762138713706],[-82.3325103590377,29.8761948996904],[-82.3324337507103,29.8761688498446],[-82.3324067967602,29.876101144205],[-82.3324124004509,29.8760304380661],[-82.3324139446549,29.8759596656677],[-82.3324397730159,29.8758928338511],[-82.332473647587,29.8758296770071],[-82.332475191791,29.8757589036873],[-82.3324645548397,29.8756879293516],[-82.3324212012458,29.8756270312953],[-82.3323529463522,29.8755905014793],[-82.3322930430958,29.8755434894863],[-82.3322122216696,29.8755244506899],[-82.3321523202099,29.8754774378868],[-82.3320799276761,29.8754443789657],[-82.3319987181777,29.8754430329601],[-82.3319172014556,29.8754558410443],[-82.3318359928556,29.8754544950388],[-82.3317678152171,29.8754144264413],[-82.331720326678,29.8753569991707],[-82.3317218708819,29.8752862262945],[-82.3316825794697,29.8752253957606],[-82.3316268938036,29.8751713739095],[-82.3315754203378,29.8751103415599],[-82.3315155961331,29.8750597921674],[-82.3314845036445,29.8749955559613],[-82.3314886996752,29.8749861229739],[-82.3314850013112,29.8749151823618],[-82.3314336958304,29.8748617437709],[-82.3313551678032,29.8748535820059],[-82.3312786609853,29.8748728927814],[-82.3312588064209,29.8749411561986],[-82.3312468184035,29.8750095527683],[-82.3312316144173,29.8750196377277],[-82.3311829284238,29.8750519349847],[-82.33110157789,29.8750528728303],[-82.3310259693875,29.8750310398766],[-82.3309906503255,29.8749664336544],[-82.3309842794735,29.8748977348255],[-82.3310102803111,29.874878776137],[-82.3310455984748,29.8748530227248],[-82.3310654539375,29.8747847569104],[-82.3310114759687,29.8747335600505],[-82.3309301245366,29.8747344971201],[-82.3308601376911,29.8747267030063],[-82.3307865791441,29.8747001075161],[-82.3307670443799,29.8746334758232],[-82.3307130691061,29.8745822788857],[-82.3306483517781,29.8745423353479],[-82.3305718961642,29.8745593584212],[-82.3304953920414,29.8745786684747],[-82.3304238825515,29.8746094921106],[-82.3304092723517,29.8746778445078],[-82.330360183913,29.8746952243144],[-82.3303352403925,29.8747040544265],[-82.3302538898587,29.8747049907175],[-82.3301810562521,29.8746763458187],[-82.3301291120691,29.8746354418798],[-82.330121732409,29.8746296317306],[-82.3300783967814,29.87457175222],[-82.3300191250406,29.8745227526564],[-82.3299544095093,29.8744828090949],[-82.3298950874628,29.874436096474],[-82.3298250260572,29.8744006364945],[-82.3297603087292,29.874360693663],[-82.3296955931978,29.8743207500365],[-82.3296173149023,29.8743011587331],[-82.3295388856898,29.8742884252796],[-82.3294661014905,29.8742574932708],[-82.3294608571259,29.8742574060286],[-82.3293824791173,29.8742423871366],[-82.3293231588675,29.8741956751821],[-82.3292477003837,29.8741669834001],[-82.3292440047146,29.8740960422055],[-82.3292165539961,29.8740315654622],[-82.3291518393631,29.873991621704],[-82.3290952401103,29.8739403800369],[-82.3290168108978,29.8739276457583],[-82.328960163136,29.8738786902786],[-82.328916877814,29.8738185241106],[-82.3289052625974,29.8737497364695],[-82.3288539104042,29.8736985819207],[-82.3287945901544,29.8736518689326],[-82.3287299734377,29.8736073525695],[-82.3286653091102,29.8735651239719],[-82.3286273184586,29.8735027570709],[-82.3285468464771,29.8735032711802],[-82.3284542750871,29.8735131927118],[-82.328375311377,29.8735097287054],[-82.3283145726873,29.8734635157173],[-82.3282436282378,29.873432202544],[-82.3281828428358,29.8733881394344],[-82.3281092887803,29.8733632401506],[-82.3280333595792,29.8733339950712],[-82.3279624627404,29.8733005288251],[-82.3279168220357,29.8732416507011],[-82.3278407509008,29.8732188607931],[-82.3277618356998,29.8732132445215],[-82.3276882816443,29.873188345194],[-82.3275963121255,29.8731877734403],[-82.3275179691513,29.8731768275491],[-82.327472722807,29.8731201288725],[-82.3274664965838,29.873050574256],[-82.3274955687613,29.8729864294519],[-82.327531237268,29.872924322361],[-82.3275327554208,29.8728548945782],[-82.3275364870225,29.872785505695],[-82.3275396535839,29.8727708799558],[-82.3275512607157,29.8727172641713],[-82.3275847373331,29.8726541567279],[-82.3275087973522,29.8726345682129],[-82.3275028037927,29.8726341950909],[-82.3274267353527,29.8726114050442],[-82.3273584014074,29.872573675303],[-82.3273450919681,29.872504572103],[-82.3273465975445,29.8724357134492],[-82.3273505716914,29.872366894475],[-82.3273619560409,29.8722982000874],[-82.3274057821487,29.8722432045045],[-82.3274076677125,29.8722408395714],[-82.3274052934652,29.8722364937342],[-82.3274043304712,29.8721675943893],[-82.327361204151,29.8721066046027],[-82.3273205499946,29.8720456568428],[-82.3272623274861,29.8719973314013],[-82.3271990268012,29.8719553809919],[-82.3271229592596,29.87193259079],[-82.3270440925675,29.8719248229421],[-82.3269731499146,29.8718935085068],[-82.3269048168676,29.8718557792731],[-82.3268440808729,29.8718095639607],[-82.3267908916249,29.8717570195184],[-82.3267402176597,29.8717023617091],[-82.3267820755587,29.8715954265285],[-82.326847163891,29.8715556079876],[-82.3268708443802,29.8714892694236],[-82.3268723508549,29.8714204108479],[-82.326859042314,29.87135130607],[-82.3268258423777,29.8712883286296],[-82.3268174727742,29.8712193055522],[-82.3267867881207,29.8711542177935],[-82.3267361141555,29.8710995604329],[-82.3266702981879,29.8710597206619],[-82.3265967450308,29.87103481846],[-82.3265460737606,29.8709801625919],[-82.3265648638214,29.8709115911062],[-82.3266264729785,29.8708049830262],[-82.3266131653359,29.8707358801589],[-82.3265924501854,29.8706666518287],[-82.3265592969615,29.8706015216447],[-82.3265211113754,29.87054061503],[-82.3264804554223,29.8704796655345],[-82.3264347707002,29.8704229380607],[-82.3264090698999,29.8703557792583],[-82.326362830019,29.8702669196196],[-82.3263435575629,29.8701443074903],[-82.3263423331592,29.8700750522643],[-82.3263438477187,29.87000584295],[-82.326348099445,29.8699366811056],[-82.3263550883379,29.8698675620572],[-82.3263620799257,29.8697984445189],[-82.3263690706153,29.8697293261537],[-82.3263842746015,29.8696603456208],[-82.3263885263277,29.8695911811999],[-82.3263653453018,29.869523950171],[-82.3263200486519,29.869465900216],[-82.3262830721982,29.8694032129259],[-82.3262294032499,29.8693521862389],[-82.3261757351998,29.8693011587467],[-82.3261088268808,29.8692645650741],[-82.3260350186022,29.8692224250006],[-82.3259571930575,29.8692164454959],[-82.3259557153289,29.8692163317638],[-82.3258964669443,29.8691699866958],[-82.3258811264142,29.8691301718608],[-82.3258705478534,29.8691027086438],[-82.325836307668,29.8690400678648],[-82.3257965401487,29.8689797219479],[-82.3257540354628,29.8689193308131],[-82.3257197952774,29.868856687582],[-82.3256828188237,29.8687940014671],[-82.3256522823922,29.8687364519785],[-82.3256132514914,29.86867601162],[-82.3255413332681,29.8686431631095],[-82.325469338688,29.8686138309572],[-82.325429606203,29.8685988018676],[-82.3253731470873,29.868550114862],[-82.3253333804663,29.8684897694277],[-82.3252685535439,29.8684481065496],[-82.3252008798603,29.8684111713651],[-82.3251987885823,29.868407995409],[-82.3251611141376,29.8683508250677],[-82.3251074460875,29.8682997978424],[-82.3250897429883,29.8682326555277],[-82.3250939956128,29.868163492454],[-82.3250514388245,29.8681054876681],[-82.3249894002727,29.8680614837464],[-82.3249468434844,29.8680034796802],[-82.3249386185097,29.8679348539556],[-82.3249253342233,29.867859877016],[-82.3248772483044,29.8678041693191],[-82.3248402736473,29.8677414817639],[-82.3248253580203,29.86767199896],[-82.3248049159577,29.8676048118199],[-82.3247679404023,29.8675421256974],[-82.3247254366147,29.8674817344714],[-82.3247270041748,29.8674101388355],[-82.3247395230966,29.8673387246555],[-82.3247437766195,29.8672695625202],[-82.3247370769841,29.8672002164922],[-82.3247194250888,29.8671306881292],[-82.3246962449612,29.8670634562213],[-82.3246369992716,29.8670171101532],[-82.3245805419526,29.8669684223756],[-82.3245778559899,29.8669659926601],[-82.3245592563719,29.8669008787563],[-82.3221288868286,29.8669036333185],[-82.3141581559739,29.8669123519436],[-82.3140151783166,29.8597853789103],[-82.3054862693786,29.8597938153583],[-82.3054710707823,29.8530933588731],[-82.3008912699194,29.8532073313446],[-82.3008890771318,29.8532066846815],[-82.3008253236961,29.8531653465455],[-82.3007457581147,29.8531704505106],[-82.3006695684022,29.8531901082921],[-82.3005900396518,29.8531936026101],[-82.3004766138724,29.8531589679523],[-82.3003962838248,29.8531576169713],[-82.3003161469149,29.8531475111033],[-82.3002535208649,29.8531026770634],[-82.3002078891434,29.8530464531466],[-82.3001272985843,29.8530567725019],[-82.3000577213706,29.8530234965704],[-82.2999882699211,29.8529843819493],[-82.2999221682892,29.8529453265256],[-82.2998457665743,29.8529177715935],[-82.2997715486638,29.8529427920674],[-82.299697266973,29.8529707303165],[-82.2996262659295,29.853001643993],[-82.2995458065245,29.8530061277919],[-82.2994658627524,29.8529872677867],[-82.2993893972571,29.8529626306481],[-82.2993163417666,29.8529351333753],[-82.299236011719,29.8529337816122],[-82.2991556816713,29.8529324298491],[-82.2990754791845,29.8529252417413],[-82.2990090334978,29.8529413335657],[-82.298926902328,29.8529399514173],[-82.2988508958718,29.8529587249498],[-82.2987869187556,29.8529891812901],[-82.2987811434867,29.8529919307825],[-82.2987019785539,29.8530049232823],[-82.2986235125105,29.8529864130989],[-82.2986111777433,29.8529722379019],[-82.2985754373714,29.8529311708006],[-82.2985106203304,29.8528899712328],[-82.2984458023911,29.852848770869],[-82.2984103018694,29.8528301570344],[-82.2983308018651,29.8528335937105],[-82.2982562479847,29.8528609866099],[-82.2981778565014,29.8528712195026],[-82.2981157487793,29.8529119718664],[-82.2980396174573,29.8529364734517],[-82.2979574835925,29.8529350905241],[-82.2978823664685,29.8529137723997],[-82.2978242463679,29.8528669554079],[-82.2977974541146,29.8528361686855],[-82.2977761730255,29.8528117130434],[-82.2977180529249,29.852764897562],[-82.2976465371468,29.8527293145715],[-82.2975817210041,29.8526881133622],[-82.2975028102946,29.8526896497791],[-82.2974820394486,29.8527049679794],[-82.2974298985346,29.8527170715453],[-82.2973513687108,29.8527014230017],[-82.2973132783461,29.8526406192124],[-82.2972950901566,29.8525715559669],[-82.2972957549099,29.8525415459333],[-82.2972966765813,29.8524999613207],[-82.2972949140867,29.8524311745648],[-82.2972468407443,29.8523759319592],[-82.2972417940091,29.8523070898004],[-82.2971836748068,29.852260271745],[-82.2971052087634,29.8522417606445],[-82.2970537865016,29.8521893274408],[-82.2969786702758,29.8521680091572],[-82.2969088541103,29.852204074623],[-82.2968518613954,29.852254682342],[-82.2967884888453,29.852296588833],[-82.2967795964223,29.8523072183551],[-82.2967412257833,29.8523530913175],[-82.296662124631,29.8523632167438],[-82.296598347839,29.8523218712464],[-82.2965562500899,29.8522468389458],[-82.2964811320675,29.8522255183372],[-82.2964050627292,29.8522471544892],[-82.2963321500709,29.8522745755978],[-82.2962561454113,29.8522933500346],[-82.2961769166982,29.8523092043296],[-82.2961052760543,29.8522793477036],[-82.2960292695981,29.8522981213604],[-82.2959690555246,29.8523458088945],[-82.2959818008219,29.852423980188],[-82.2960022231215,29.852491172095],[-82.2960088994007,29.8525605189947],[-82.2959476118405,29.8526072332868],[-82.2958681109378,29.8526106684124],[-82.2957919302085,29.8525878979449],[-82.2957444219064,29.8525313106695],[-82.2957442979389,29.852531161079],[-82.2957447479948,29.8525311104363],[-82.2957166415062,29.8524647452002],[-82.2956885350176,29.8523983783618],[-82.2956818587384,29.852367460603],[-82.2956736328653,29.8523293702662],[-82.2956718721674,29.8522605826136],[-82.2956635411914,29.8521916850579],[-82.2956288006445,29.8521280730079],[-82.2955571600005,29.8520982171069],[-82.2954782492911,29.8520997519746],[-82.295399149037,29.8521098766476],[-82.2953203658883,29.8521056849786],[-82.295290550804,29.8521019241631],[-82.2952417103003,29.8520957644348],[-82.2951936378562,29.8520405208645],[-82.2951918196661,29.8520349259953],[-82.2951721034422,29.8519742659375],[-82.2951505672316,29.8519080101875],[-82.2951158284813,29.8518443979568],[-82.2951272092376,29.8517758327994],[-82.2951549510102,29.8517104066844],[-82.2952151022016,29.851665583686],[-82.2952569987281,29.8516343649582],[-82.2952752542914,29.8516207598883],[-82.2953160117541,29.8515612846279],[-82.2953273925104,29.8514927184969],[-82.2952992869201,29.8514263533496],[-82.2952445175356,29.8513767269099],[-82.2952424127829,29.8513758503928],[-82.2951728768917,29.8513468707842],[-82.2951012362478,29.8513170138704],[-82.2950498175792,29.8512645786228],[-82.295044770844,29.8511957364768],[-82.2950199503927,29.8511294264502],[-82.2949166028125,29.8510474660185],[-82.2948734477462,29.8510145228846],[-82.2948551993696,29.8510005928333],[-82.2948237439616,29.8509370361218],[-82.2948384116535,29.8508685264386],[-82.2948596478268,29.8508001281241],[-82.2948644583052,29.8507314508337],[-82.2948230845981,29.8506705913053],[-82.2947444299085,29.8506606698399],[-82.2946715190468,29.8506880882677],[-82.2946017028812,29.8507241550473],[-82.2945351089726,29.8507631396599],[-82.2944560087185,29.8507732660266],[-82.2943808933911,29.8507519443241],[-82.2942988269,29.8507476965007],[-82.2942195999835,29.850763550262],[-82.2941530051766,29.8508025340801],[-82.2941024560772,29.8508589781963],[-82.2940812190056,29.8509273780287],[-82.2940567587787,29.8509928584168],[-82.293977910053,29.8509916858271],[-82.2939017481882,29.8509681194991],[-82.2938368925197,29.8509288272102],[-82.2937585800881,29.8509127140248],[-82.2936792902896,29.8509113762587],[-82.2936000013894,29.8509100392716],[-82.2935294216558,29.8509417732307],[-82.293522475882,29.8509458044478],[-82.2934701714746,29.850999036133],[-82.293410706596,29.8510457807627],[-82.2933300468667,29.851060335669],[-82.293277741561,29.8511135688514],[-82.2932041003689,29.8511409746888],[-82.2931235134031,29.8511523476221],[-82.2930639775576,29.8512022741375],[-82.293039854199,29.8512056789255],[-82.2926656070685,29.8389825111688],[-82.2924726579286,29.8317308972856],[-82.2902339933585,29.8296886432821],[-82.2883250823629,29.8280201092928],[-82.2883677828816,29.8241218804702],[-82.2904826757752,29.8240737554993],[-82.2904740178125,29.8219587449237],[-82.2883425662733,29.8219648675427],[-82.2883374773172,29.8210056178349],[-82.2883166058599,29.8163397784011],[-82.2880089167054,29.8103110738602],[-82.2878404906745,29.8053285422537],[-82.2877321547495,29.8016172208101],[-82.2874769918863,29.801620822946],[-82.287469711041,29.8002446440533],[-82.2871643404382,29.8000715971348],[-82.2865516885161,29.7995380083238],[-82.2856139587506,29.7995270473439],[-82.2848572547862,29.7990551199314],[-82.2834481170073,29.7988722916797],[-82.2832837854975,29.7988444489973],[-82.2829653542888,29.7959936461081],[-82.2846922028275,29.7962246873984],[-82.2851345189003,29.7962838611674],[-82.2865112724132,29.7964680209506],[-82.2865004531039,29.7962996573078],[-82.2864581882681,29.7947448593821],[-82.286537262471,29.7947537347624],[-82.2864872056484,29.7931481442177],[-82.2873617676798,29.7931964789675],[-82.2872836151484,29.7903462893101],[-82.2873242001346,29.7903460959687],[-82.287188871632,29.7865769439269],[-82.2877871558994,29.7865737349634],[-82.2885144068006,29.7865686603415],[-82.2890976074561,29.7865645836477],[-82.2914401639854,29.7865477272307],[-82.2915912947522,29.7716414272775],[-82.2959468132382,29.7714833894203],[-82.2979931215565,29.7676400214108],[-82.2986366036591,29.7682354003942],[-82.298962603174,29.7683374018457],[-82.2992766038917,29.7684254031522],[-82.2994646033144,29.7684304030558],[-82.2997186028593,29.7683064035026],[-82.2999616034319,29.7681284043787],[-82.3001866035628,29.7679434056638],[-82.3003686040359,29.7678234049869],[-82.300512603976,29.7677824058339],[-82.3005436039381,29.7678094064192],[-82.300758603125,29.7678424066048],[-82.300834603293,29.7678154068081],[-82.3008716040012,29.7677764062227],[-82.3008656041534,29.7677214069108],[-82.3010526046495,29.7677004074775],[-82.3014836037464,29.7676664091283],[-82.3014836046447,29.7676394092843],[-82.3017736041746,29.7676004101899],[-82.3017856029718,29.7676334104443],[-82.3020966033165,29.7675984108357],[-82.3027386031989,29.7675364129027],[-82.303556604605,29.7674454156783],[-82.3038316040663,29.7674124161418],[-82.3042776041302,29.7673814198517],[-82.3052846038856,29.7672984207073],[-82.3057356048706,29.7672304221649],[-82.30642860301,29.7671584248506],[-82.3066316042979,29.7671584256304],[-82.3068196037206,29.7672574260181],[-82.307605603543,29.7677764280564],[-82.3078676034838,29.7679614294191],[-82.3079296034081,29.7680024308382],[-82.3081166048025,29.7681064303115],[-82.3082356037299,29.768195431492],[-82.3085006031454,29.76818443199],[-82.3086766037708,29.7680684318511],[-82.3088156018914,29.7680794337052],[-82.308891603856,29.7680464328179],[-82.3092126042464,29.7676504337991],[-82.3096856031761,29.7672324355624],[-82.3097046034426,29.7671394363593],[-82.3097046034426,29.766968435285],[-82.309584603792,29.7666934338663],[-82.3093836048489,29.7663964338568],[-82.3097676040901,29.7662864352472],[-82.3102846042991,29.7660824358613],[-82.3106506057936,29.7658954378789],[-82.3110536035048,29.7657964384845],[-82.3115396037516,29.7657254398355],[-82.3119426050561,29.7657084411069],[-82.3123526042366,29.7657914431283],[-82.3124916041537,29.7657524433145],[-82.3143896042119,29.7647734488926],[-82.3146036044721,29.7647074496079],[-82.3151766047576,29.7646694514179],[-82.3155686043947,29.76448645197],[-82.3154936040517,29.7642714513267],[-82.3154166049571,29.7639764513616],[-82.3154046052615,29.7637064512269],[-82.315424605353,29.7634444504527],[-82.3155796051637,29.7628934504046],[-82.3156976051645,29.7625414510111],[-82.3158066049444,29.762164450863],[-82.3159726064224,29.7615674511936],[-82.3160026056613,29.7614584509196],[-82.3161266046116,29.7611014516745],[-82.3161996062031,29.7609524518079],[-82.3161896070557,29.7610104509449],[-82.3162196062946,29.761056452361],[-82.316280606394,29.7610774524071],[-82.3164126057402,29.7611544520186],[-82.3165076052764,29.7612474520984],[-82.3166586066858,29.7614894529412],[-82.3167656059176,29.7615944534538],[-82.3171626055776,29.7616714550075],[-82.3172696048094,29.7617374555123],[-82.3174526060058,29.7617264568609],[-82.3178056061832,29.7616164570231],[-82.3179256058338,29.7615994575974],[-82.3182726052652,29.7617644585065],[-82.3183856052431,29.7617864589192],[-82.3187646071564,29.7617204600063],[-82.3188586059694,29.76175945983],[-82.3188716036933,29.7620504603745],[-82.3188716045915,29.7629034616811],[-82.3188776044394,29.7629524621782],[-82.319054605788,29.7632274629484],[-82.3191106049662,29.7635914627757],[-82.3192936052643,29.7637014635645],[-82.3194196038643,29.7638714642625],[-82.3197036044448,29.7641464648496],[-82.3197036044448,29.7642954654252],[-82.3195836056925,29.7644054646613],[-82.3197476039274,29.7644714664844],[-82.32071260385,29.7646584686843],[-82.3213746047222,29.7649874713698],[-82.3214876047001,29.7650814722729],[-82.3214686044335,29.7653014712376],[-82.3214876038018,29.7654724720381],[-82.3215636039698,29.7656704721489],[-82.3224526028261,29.7680964780381],[-82.3227386021581,29.7694304793399],[-82.3238046005664,29.7718674852781],[-82.3243315999227,29.7732864883317],[-82.3247506002224,29.7736914889062],[-82.32501159944,29.774093489786],[-82.3252986003935,29.7745344916998],[-82.3254355997625,29.7748614923689],[-82.3255115999305,29.7751474919333],[-82.3256065994667,29.7757194932901],[-82.3255805995275,29.7762964924501],[-82.3255305984004,29.7765164932935],[-82.3252995993201,29.7767504925331],[-82.3252815979801,29.7772364935249],[-82.3254935985905,29.7775534942725],[-82.3256375976323,29.7778144952146],[-82.3255815984541,29.778133494056],[-82.3254995966417,29.7784304943491],[-82.3254815970983,29.7785284949429],[-82.3286585968984,29.7784795044042],[-82.332755595517,29.7784305177399],[-82.335496597994,29.7783605268361],[-82.3370055960931,29.7783685311901],[-82.3439105962375,29.7782625533673],[-82.3460595963658,29.7782365598491],[-82.3460785957341,29.7795975599449],[-82.3460955945542,29.7802775606872],[-82.3460955954525,29.7813185621986],[-82.3460965943791,29.7815935616646],[-82.346101594402,29.7826535623345],[-82.3461195939453,29.7837915631345],[-82.3461545923088,29.785427563973],[-82.3465905923269,29.7853955659629],[-82.3471265919041,29.7853755689555],[-82.3476345918922,29.7853615697227],[-82.3492125922832,29.7853395744882],[-82.3498785924551,29.7853365767679],[-82.3503895919179,29.7852965772682],[-82.3508795923627,29.7852935787668],[-82.3513875923508,29.7852845809235],[-82.3524255929667,29.78525758427],[-82.3529725924145,29.7852505854252],[-82.3535215924105,29.7852515880446],[-82.3540355922464,29.78524558948],[-82.3542115919735,29.7852385898547],[-82.3555685915333,29.7851875942406],[-82.3559985917036,29.785184595736],[-82.3565675917911,29.7851685974731],[-82.357586591242,29.7851606006795],[-82.3584525923288,29.785139602564],[-82.3588335920953,29.7851346042743],[-82.3594015923578,29.7851126058714],[-82.3599195914934,29.7851036072322],[-82.3604795922584,29.7851136084922],[-82.3609755916526,29.7851086109809],[-82.3614965920595,29.7851286127194],[-82.3615177967918,29.7851286127194],[-82.3616771471434,29.7850259056403],[-82.3689325234863,29.7849707575337],[-82.3762545530266,29.7849770687521],[-82.376269874692,29.7849573289438],[-82.3765664471949,29.7849773283736],[-82.3768357495407,29.7849954893992],[-82.3798207524151,29.7851967456822],[-82.3870448036057,29.7854595611932],[-82.3920625358646,29.785641777765],[-82.3946684380111,29.7855841928454],[-82.3989505883928,29.7854627304308],[-82.4012445882861,29.7853747370787],[-82.4050805876871,29.7852177492432],[-82.4095025877923,29.7851127633593],[-82.4095285877316,29.7856997633856],[-82.4095895869326,29.785461763677],[-82.4096745873214,29.7852297635276],[-82.4097825881748,29.7850057643251],[-82.4098825877339,29.7848377626451],[-82.4106485874649,29.7838277655462],[-82.4109655903522,29.7834177670504],[-82.4110795883584,29.7832287673077],[-82.4111725882448,29.7830297673003],[-82.4112405898135,29.7828237678827],[-82.4112855891211,29.7826137683733],[-82.4113025906361,29.782455768103],[-82.4114235901116,29.7808367686609],[-82.4116005923586,29.7784657685235],[-82.4116045916582,29.7784147679001],[-82.4116485920392,29.7778117686045],[-82.4116505925873,29.7777877678824],[-82.4116655926559,29.7775877676191],[-82.4117315936765,29.7767177681804],[-82.4117705940345,29.7765097690753],[-82.4118355934335,29.7763067690484],[-82.4119225925739,29.7761097685022],[-82.4120185937316,29.7759477689501],[-82.4091725943676,29.7759357597895],[-82.4091715936444,29.7758767595627],[-82.4091715945427,29.7757697592347],[-82.4090827457712,29.77031487482],[-82.409083203912,29.7702510679687],[-82.4085031895808,29.7702620898568],[-82.4073714282055,29.7702833390555],[-82.4065687313969,29.7702988461099],[-82.4065645991466,29.7701037503953],[-82.4065605980503,29.7699467495333],[-82.4056755975953,29.7699577457228],[-82.4033745980293,29.7699857399166],[-82.4033026007543,29.7658767384513],[-82.403265602741,29.7632537364158],[-82.4032406035249,29.7615117372711],[-82.4033546338705,29.7606968025909],[-82.3961331581498,29.7526646192664],[-82.3886487617152,29.7443267073038],[-82.3886487617152,29.7443266550465],[-82.388650744297,29.7438860341698],[-82.3886520495491,29.7436017884298],[-82.3889391915381,29.743387756161],[-82.3894109364196,29.7430435394437],[-82.3903685099698,29.7429049097525],[-82.3904406482804,29.743022328147],[-82.3904975538587,29.7431149675458],[-82.3906350751489,29.7432998600021],[-82.3907757324578,29.7431777652365],[-82.3908725933033,29.7431503961088],[-82.3911946671804,29.7427629696661],[-82.391417213114,29.7426684884252],[-82.3916382462845,29.742562100791],[-82.3919206173211,29.7423689961713],[-82.3919618176533,29.7423923236796],[-82.3920279704891,29.7423906958708],[-82.3920761597142,29.7423548676918],[-82.3920810330746,29.7423390497826],[-82.3920872018057,29.7423186323524],[-82.3920943092762,29.7422955629991],[-82.3920959334302,29.7422903082993],[-82.3923788479475,29.7422529045318],[-82.3923993385191,29.742151530931],[-82.392358086983,29.7420859597763],[-82.3923689673777,29.7420721908268],[-82.3923798801118,29.7420584234354],[-82.3924553421889,29.7420517749023],[-82.3925356345073,29.7420446817812],[-82.3924509503255,29.7418960677545],[-82.39243679108,29.7418712238506],[-82.3924091705799,29.7418227317334],[-82.3926168458023,29.7418052906019],[-82.3926289299395,29.7418150278719],[-82.3926437108191,29.7418269280251],[-82.3926913071562,29.7418652094285],[-82.3926908840497,29.7418241684564],[-82.3926908112861,29.7418156963147],[-82.3927824178855,29.7417565862983],[-82.3928336676708,29.7417235291639],[-82.3928849174561,29.7416904735787],[-82.3929123960223,29.7417679513919],[-82.3929215552449,29.7417937858961],[-82.3929530205344,29.7418824399551],[-82.3930160301651,29.7418819431082],[-82.393045496703,29.7418462247246],[-82.3930552964244,29.7418343643526],[-82.3930845365869,29.741798918165],[-82.3931698783356,29.7418257611752],[-82.3932247653994,29.7419959791538],[-82.3932902067695,29.7420443112916],[-82.3933127715512,29.7420934374235],[-82.3933817064694,29.7421092631712],[-82.3943364054107,29.7422634880327],[-82.3946060877438,29.7424195385791],[-82.3948881237087,29.7425189939518],[-82.3949478410139,29.7425400610598],[-82.3950075574207,29.7425611000842],[-82.3952025681942,29.7426298633601],[-82.3954532610405,29.7427182514892],[-82.3963306159341,29.7423172330754],[-82.3965496009458,29.7425220498917],[-82.397174125901,29.7428044072599],[-82.3973637683424,29.7431362240611],[-82.3981275698958,29.7436868210711],[-82.3982555447895,29.7437216090808],[-82.3983649928288,29.7437367622417],[-82.3986232656595,29.743978346746],[-82.3986330312449,29.744084498109],[-82.3985617678935,29.7441519429848],[-82.3985837604482,29.7443819433041],[-82.3986979120663,29.7444251702362],[-82.3988430834095,29.7445306386622],[-82.3989238536317,29.7444981104746],[-82.3989268710727,29.7444969491156],[-82.3989902795553,29.7445478032143],[-82.3989258326203,29.7446774587815],[-82.3990157333189,29.7447034914253],[-82.3989645598904,29.7447642742723],[-82.3989638565096,29.7447647578457],[-82.398798930315,29.7448767908053],[-82.3989895312587,29.7450771862909],[-82.3991866943956,29.7450309349747],[-82.3991907493908,29.7450299280529],[-82.3992841894517,29.745080907454],[-82.3993182796184,29.745235112146],[-82.3992893799174,29.7453351130327],[-82.3992935247441,29.7453387827094],[-82.399294823708,29.7453399315795],[-82.399333462045,29.7453742986213],[-82.3993344519885,29.7453751667082],[-82.3994102823749,29.7453243239485],[-82.3994138298219,29.7453219606919],[-82.3994586126355,29.7453653096713],[-82.3994476325278,29.7454301213482],[-82.3995937435087,29.7454464418387],[-82.3997333982977,29.7455028120512],[-82.3997358363254,29.7455037862103],[-82.3997821507665,29.745443255736],[-82.3997852616323,29.7454391804882],[-82.3999007526385,29.7456131204959],[-82.3999699893907,29.7456267462282],[-82.3999774247463,29.7456611896069],[-82.4001688440553,29.7457183638267],[-82.4001727948459,29.7457223602882],[-82.4002148521709,29.7457649229057],[-82.4002407488039,29.7457892666775],[-82.4003235582017,29.7458945293222],[-82.4004346411748,29.7458875963624],[-82.4004382074865,29.7458873787568],[-82.4004995237928,29.7458835507707],[-82.4005113896394,29.7458678995472],[-82.4006687115951,29.7456606389622],[-82.4007600235471,29.7456959901908],[-82.4008393843126,29.7458870316799],[-82.4009007922471,29.7460297940879],[-82.4009034683283,29.7460403701707],[-82.4009102128795,29.7460672120455],[-82.4009507116274,29.7460746550781],[-82.4009530975528,29.7460751058874],[-82.401098516831,29.7461018650785],[-82.4011267580669,29.7460927748006],[-82.4012288749552,29.7461433972258],[-82.4013355130642,29.7462082286785],[-82.4014246331269,29.746262410716],[-82.401428314423,29.7463821876305],[-82.4014548641312,29.7464070085783],[-82.4015190873858,29.7464670603652],[-82.4015392707336,29.7464859217432],[-82.4016731358806,29.7465584229344],[-82.4016809638,29.7465608313985],[-82.4017356990486,29.7465776898655],[-82.4018866690169,29.7465011821186],[-82.4019113259748,29.7464887069218],[-82.4021017508488,29.7464840646974],[-82.4022492443369,29.746538026642],[-82.4022596351498,29.7466042274187],[-82.4022746379134,29.7466998475661],[-82.4022899496974,29.7467972591471],[-82.4024114270767,29.7468385375256],[-82.4025058804372,29.7468385422052],[-82.4025697973663,29.7468385234867],[-82.4025985569301,29.7468272416415],[-82.4027460405368,29.7468428654173],[-82.4027858844129,29.7415411929222],[-82.4043510676415,29.7415592151863],[-82.4054282033627,29.7415715950586],[-82.4052898277746,29.7410369839482],[-82.4052157140688,29.7407506772032],[-82.4052111667968,29.7407331399467],[-82.4064461401067,29.7407385538457],[-82.4064466692144,29.7407403774583],[-82.4066927141774,29.7415861159793],[-82.4068338978991,29.7415877180617],[-82.4077846927621,29.7415865574489],[-82.4086333150413,29.7415855153933],[-82.4086281784745,29.7406065103181],[-82.4086220384896,29.7394429217174],[-82.4096214627522,29.7394465970697],[-82.4220727809366,29.7394916489846],[-82.4220731833819,29.7393863757185],[-82.4220941734168,29.7345050359891],[-82.4221022304066,29.7326254027367],[-82.4221022366948,29.7326198160084],[-82.4220987530281,29.7326198456504],[-82.4221115189866,29.7218749813363],[-82.422114651412,29.7192410378844],[-82.4236030412602,29.7192531568184],[-82.4237834310541,29.7192512391966],[-82.4238532049988,29.7192504777649],[-82.4240880425804,29.71803712051],[-82.4271879929803,29.7180501633045],[-82.4304692494557,29.718063887181],[-82.430596066421,29.7180638622157],[-82.4305973905377,29.7180638278884],[-82.4309308739172,29.7180512352508],[-82.4314858998122,29.7180302971883],[-82.4322555934156,29.7180013140593],[-82.4332013002208,29.7179655957546],[-82.4333590533679,29.7179596493339],[-82.4343828641955,29.7179209780872],[-82.4350833138602,29.7178945140825],[-82.4360405909663,29.7178583260797],[-82.4369964469376,29.7178221918953],[-82.437930136081,29.7177869104202],[-82.4389723569821,29.7177475314954],[-82.4488829700485,29.7180031950373],[-82.4494790166125,29.7180185471245],[-82.4495428787444,29.7180201831305],[-82.4554097399324,29.7181544580095],[-82.4553940418728,29.7128766399822],[-82.4553937445304,29.7127806801927],[-82.4553933393902,29.7126409070307],[-82.4553680239672,29.7041368340179],[-82.4553663369311,29.7035706508522],[-82.4586038652151,29.7036153498035],[-82.4586042910165,29.7036153412205],[-82.4591070196905,29.7036224565651],[-82.4591227357164,29.7036226742623],[-82.4593058716601,29.7036251235512],[-82.4594135904425,29.7036265701844],[-82.466131827246,29.7162543664477],[-82.4728721994365,29.7181356864841],[-82.4960991481189,29.7182427623821],[-82.4961048542175,29.7123737420379],[-82.4963582716541,29.7123758922934],[-82.5002796720925,29.712409161952],[-82.508114263266,29.7124627177934],[-82.5156069592355,29.7124567655853],[-82.5166445960337,29.7124559034553],[-82.5166701881378,29.712173706438],[-82.5167023226722,29.7050745560634],[-82.5173588483127,29.7050738163717],[-82.5235078326022,29.7051331742755],[-82.5235089078856,29.7053202184679],[-82.5235499438261,29.712449933302],[-82.5238785394722,29.7124525228131],[-82.5238782762658,29.712534913547],[-82.5259203885534,29.7125414828946],[-82.5276718868635,29.712547116773],[-82.5306637816128,29.712556741412],[-82.5308055070185,29.7125571970531],[-82.5544969727377,29.7126334092436],[-82.5567133536988,29.7126402594592],[-82.5567144208974,29.7125840065363],[-82.556954897204,29.7125859250657],[-82.556958233547,29.7121279338251],[-82.5570343873269,29.7016368711845],[-82.5569221500186,29.7016345724435],[-82.5569904758791,29.6980328145329],[-82.5573474762545,29.6981218139192],[-82.5575494741242,29.6981598131334],[-82.5577504766606,29.6981838126297],[-82.558031476868,29.6982038122055],[-82.5583724764516,29.6982018106875],[-82.558721476431,29.6982158096082],[-82.5588734758687,29.698217808785],[-82.5590224776282,29.6982288081583],[-82.5610724780223,29.6982508014391],[-82.563513479127,29.6982537939608],[-82.5636734789606,29.6982537939608],[-82.5652094804172,29.6982757887968],[-82.5655424814014,29.6982767876042],[-82.566500480753,29.6982807843948],[-82.5680819163017,29.6983686380551],[-82.5681084022295,29.6983334262155],[-82.5684893471988,29.6983256721961],[-82.568855293896,29.6983182217198],[-82.5696800775826,29.6983251532847],[-82.569686956881,29.6983252110282],[-82.5698044960461,29.7019517763554],[-82.5718364968969,29.701970770168],[-82.5738494992777,29.7019907643082],[-82.5738495136507,29.7020018912359],[-82.5738568816327,29.7020019755071],[-82.5738607300154,29.7056495640869],[-82.5780368504475,29.7056491591314],[-82.578030455341,29.7092587794142],[-82.5780304355781,29.7092700818693],[-82.5786722540008,29.7092547713571],[-82.5821905309639,29.7092327399137],[-82.5821925297154,29.7091707410012],[-82.5821931791974,29.7092438699402],[-82.5821980049471,29.7092438395111],[-82.5821962801817,29.7095925648915],[-82.5821843595379,29.7120036578809],[-82.5822259497389,29.7129973969061],[-82.5822275217907,29.7165583563644],[-82.5821163642574,29.7201714953378],[-82.5821642498519,29.7273548579149],[-82.5819264855592,29.7274561333573],[-82.581987395827,29.7314503989676],[-82.5820709445383,29.7322662500471],[-82.5821596046636,29.733730845711],[-82.5822050315692,29.7420319416173],[-82.5820355033054,29.7421518460418],[-82.5741102864929,29.7543284813807],[-82.5671027768965,29.7651886594739],[-82.5646916510632,29.7651909224479],[-82.5643290209459,29.7651912445045],[-82.5626648442714,29.7651927900642],[-82.561555517422,29.7651937741693],[-82.5618055500066,29.7678319872184],[-82.5618290292732,29.7680797417165],[-82.5596797551587,29.7680868626268],[-82.5596232681953,29.7680896323893],[-82.5596743176562,29.7685188698046],[-82.5597334824975,29.7692624343719],[-82.5599824011711,29.7709362255273],[-82.5602217078713,29.7710935858636],[-82.5603521109112,29.7711315052013],[-82.5603198110868,29.7714536458875],[-82.5603197931205,29.7715115983983],[-82.5603193062336,29.7715381036178],[-82.5602530159555,29.7751323996613],[-82.5602479988647,29.7757052143483],[-82.5602459803502,29.7759542125089],[-82.5602419864405,29.7761832151055],[-82.5601940182009,29.7783304952991],[-82.5601879869121,29.7796662011283],[-82.5601859872623,29.7798382221814],[-82.560180743796,29.7801669278477],[-82.5601680092785,29.7819285028085],[-82.5601678035643,29.7819584217739],[-82.5601952596727,29.7838820278175],[-82.5602196668989,29.7855918457842],[-82.560119892817,29.8004041869822],[-82.5600887185817,29.8040061231993],[-82.5600785864836,29.805335131244],[-82.5600503012302,29.8056793365923],[-82.5600771339078,29.8074556870918],[-82.5600466567651,29.8091566576553],[-82.5600355823343,29.8097742924782],[-82.56002965525,29.810105572549],[-82.5599920257211,29.8110416956086],[-82.5599888906008,29.811118323975],[-82.5599885734955,29.8111264597727],[-82.5595894466248,29.8110298356348],[-82.5578610889165,29.8106742314088],[-82.5575329064955,29.8106122617115],[-82.557423597695,29.8108594029178],[-82.5573793251246,29.8109104610547],[-82.5573525481426,29.8109413417603],[-82.557184137383,29.8110502694583],[-82.5568442427273,29.8111147143868],[-82.5567751092813,29.8111133908971],[-82.5566129804405,29.8111102871655],[-82.5529562434478,29.8110086551025],[-82.5507444762339,29.8109434072808],[-82.5504165875619,29.8109180567162],[-82.5500685901024,29.8108648488812],[-82.5497331394123,29.8107925742886],[-82.5493637943883,29.8107039266537],[-82.5476274102329,29.8102644060422],[-82.5443235988574,29.8094491806832],[-82.5442190133988,29.8094274300356],[-82.5440681629064,29.8093960297463],[-82.5440616950363,29.8093946859681],[-82.5441216494967,29.8101221529701],[-82.5441671231147,29.8106736951515],[-82.5444135372853,29.8136626467115],[-82.5444274459009,29.8140521699165],[-82.5444564111789,29.8148627241508],[-82.5444676212553,29.8151762207445],[-82.5444580829436,29.816475729764],[-82.544445952094,29.8181312653785],[-82.5444428043973,29.8185574138411],[-82.5444322321247,29.8199029468118],[-82.5444148703852,29.8221002173876],[-82.5444127270049,29.8238957768405],[-82.5443557720193,29.8266337736722],[-82.5443729010951,29.8277942467168],[-82.5443774384856,29.8281025273722],[-82.5443919777185,29.8290868678986],[-82.5443692584266,29.8290905158029],[-82.5442124727652,29.8291157557745],[-82.5433120671014,29.8291066566673],[-82.5422942866643,29.8291171631904],[-82.5397699075282,29.8290828903501],[-82.5395150806349,29.8290780797295],[-82.5395137250771,29.8290780594677],[-82.5394505950722,29.8290771679481],[-82.5393878881738,29.8290756771466],[-82.5393865829217,29.8290762896767],[-82.5392720468247,29.8291758343317],[-82.5391329067703,29.8294736268401],[-82.5391501157962,29.8301026595432],[-82.5390574743376,29.830580846186],[-82.5388969840239,29.8309502914113],[-82.5387695975267,29.8311270324717],[-82.5386758735982,29.8312474871554],[-82.5382279448514,29.8315476050986],[-82.5345401117767,29.832449808192],[-82.5342472600958,29.8327276852253],[-82.5338582554418,29.8337713063305],[-82.5336410095684,29.8344605073629],[-82.533544359827,29.8343520438973],[-82.5304133043621,29.8344016710048],[-82.5288210162665,29.8344268776853],[-82.528853290938,29.8345363813787],[-82.5292522462304,29.8360387696272],[-82.5292524753008,29.8360399010924],[-82.5292532613267,29.8360432121086],[-82.5293131448202,29.8365055407914],[-82.5293133119068,29.8365098336375],[-82.5293133424495,29.8365115113462],[-82.5293133783821,29.8365160496534],[-82.5293039308003,29.8366743728583],[-82.5291097249173,29.8369822988353],[-82.5289545086127,29.837465201988],[-82.5285793389123,29.8381001743176],[-82.5283245919691,29.8384345545666],[-82.5281735465423,29.8386328162935],[-82.5280984294183,29.8387320701269],[-82.5280403748947,29.8388088003829],[-82.5280224984205,29.8388323493207],[-82.5273467955453,29.8397225934353],[-82.5269904742963,29.840313044356],[-82.5267078705961,29.8410337293154],[-82.5265686191506,29.8417093829104],[-82.5265466760032,29.8419550018114],[-82.5264533706896,29.8436306266527],[-82.5264498439038,29.8436938825739],[-82.5263599719512,29.8461289697671],[-82.5263223684734,29.8498016833255],[-82.5262814358392,29.8546061564607],[-82.5262645735629,29.8575011553461],[-82.5262398950455,29.8598810101245],[-82.5262456289919,29.8604437554893],[-82.5264614654086,29.8614006375895],[-82.5269456115327,29.8621804679216],[-82.5273855309004,29.8625929480007],[-82.5275614165414,29.8627163609125],[-82.5278819129769,29.8629412626475],[-82.5284855152708,29.8633023849441],[-82.5298703688926,29.8641425851293],[-82.5311998431738,29.8649491269015],[-82.5337863632696,29.8665182595123],[-82.5342649488221,29.8668941964498],[-82.5344692553621,29.8671289688688],[-82.5346021682949,29.867281702491],[-82.5346610959809,29.867371859489],[-82.5346696425525,29.867384939702],[-82.5347643681026,29.8675298977313],[-82.5348300645943,29.8676304393474],[-82.5348678710913,29.8677179957325],[-82.5350387333533,29.868113701399],[-82.5350505039785,29.8681409662443],[-82.5350552470832,29.8681578151361],[-82.5351077850526,29.8683445159964],[-82.5351102060123,29.8683531316685],[-82.5351118580141,29.8683649279711],[-82.53520098167,29.869002877391],[-82.5352149594558,29.8710218804986],[-82.5352259018343,29.8726017459327],[-82.5352284647278,29.8729700331712],[-82.5352694647357,29.8788884184195],[-82.5360120597603,29.8786148985817],[-82.5364208084859,29.8784465642882],[-82.5367918369528,29.878254615302],[-82.5381893711931,29.8773623858323],[-82.5386726441547,29.8769944263825],[-82.5391922018673,29.8766009922498],[-82.539772833341,29.8761364166361],[-82.5405433345299,29.8755710841283],[-82.5409430084745,29.8752553545734],[-82.5415939861199,29.8747720242976],[-82.5425131836411,29.8740805559197],[-82.5427722065651,29.8756146547642],[-82.5427877851487,29.8757064688186],[-82.5435655581998,29.8802932331363],[-82.5435738182089,29.8803417594091],[-82.5445031792692,29.8857965325602],[-82.5450549029571,29.8890344682255],[-82.5454274495768,29.8912207510924],[-82.545842855717,29.8939598812967],[-82.5461918116791,29.8959002731136],[-82.5462377551159,29.8961557082859],[-82.5463815646131,29.8968306576987],[-82.5463818637521,29.8968320898593],[-82.5465070664449,29.8974196905851],[-82.5465469022361,29.8975898860225],[-82.5466509064848,29.898034189403],[-82.5470443551045,29.8994931947103],[-82.5473367899671,29.9003634244138],[-82.5474641297519,29.9007423697512],[-82.5478055632217,29.9016225384284],[-82.5482190245094,29.9026509704054],[-82.5487773903405,29.9039665334333],[-82.5493526678552,29.9052640022224],[-82.5497466518708,29.9061525938493],[-82.550404808852,29.9076369573547],[-82.5528420064897,29.9133472668275],[-82.554859118663,29.9175197333045],[-82.5575465411248,29.9234890088367],[-82.5585804615927,29.9267493879011],[-82.5585172893669,29.9267679910518],[-82.5584628604439,29.9267984466481],[-82.5584128377573,29.9268328735513],[-82.5583539217494,29.9268632613951],[-82.5583039008594,29.9268976882759],[-82.5582449839532,29.9269280776568],[-82.558181736269,29.9269505859102],[-82.5581228193628,29.926980973718],[-82.5580683131846,29.9270153343826],[-82.5580095489919,29.9270379087917],[-82.5579463031044,29.9270604170202],[-82.5578831299803,29.9270790185557],[-82.5578243675843,29.9271015929503],[-82.5577656033917,29.9271241681184],[-82.557702662033,29.9271310495848],[-82.5576394134505,29.9271535577923],[-82.5575805737994,29.9271800380756],[-82.5575217332499,29.9272065206875],[-82.5574580462896,29.9272124149673],[-82.5573999504435,29.9272398824156],[-82.5573587456197,29.9272822556557],[-82.5573042376449,29.9273166169948],[-82.5572498060269,29.9273470724232],[-82.5572041931701,29.9273854712095],[-82.5571585785165,29.927423871538],[-82.5571217817259,29.9274702198833],[-82.5570716817842,29.9275085540039],[-82.5570172501662,29.9275390078165],[-82.5569672283779,29.9275734344635],[-82.5569172029963,29.9276078618773],[-82.5568627713783,29.9276383156595],[-82.5568083424553,29.9276687702109],[-82.556749576466,29.9276913444718],[-82.5566864823937,29.9277060384475],[-82.556623310168,29.9277246383053],[-82.5565643932618,29.9277550266553],[-82.5565054745589,29.9277854142175],[-82.5564422268747,29.9278079214985],[-82.5563747975328,29.927814735964],[-82.5563117034606,29.9278294299216],[-82.5562486066933,29.9278441238769],[-82.5561855862829,29.9278549103941],[-82.5561224140571,29.9278735117811],[-82.5560593190865,29.9278882080655],[-82.5559961459625,29.9279068071107],[-82.5559372290563,29.9279371946266],[-82.5558784639653,29.9279597680481],[-82.5558152162811,29.9279822752896],[-82.5557607828665,29.9280127281787],[-82.5556932026077,29.9280273551536],[-82.5556387709896,29.9280578088074],[-82.555584337575,29.928088262452],[-82.5555255742807,29.9281108358392],[-82.5554624002583,29.9281294356213],[-82.5554167847065,29.9281678364414],[-82.55536227763,29.9282021974747],[-82.5553034343857,29.9282286767005],[-82.5552490018693,29.9282591302928],[-82.5551945711496,29.9282895846542],[-82.5551400613782,29.92832394331],[-82.5550856288619,29.9283543968731],[-82.5550444231398,29.9283967696387],[-82.5549943977582,29.9284311959891],[-82.554944373275,29.9284656231061],[-82.5549030902978,29.9285119032347],[-82.5548443270035,29.9285344749688],[-82.5547854837591,29.9285609564418],[-82.5547223115334,29.9285795553613],[-82.5546591366127,29.9285981566129],[-82.5545961925591,29.9286050364203],[-82.5545289177275,29.9286040360183],[-82.5544659727755,29.9286109166039],[-82.5544029532634,29.9286217014809],[-82.5543356011766,29.9286246077065],[-82.5542683254467,29.9286236073047],[-82.5542009742583,29.9286265150873],[-82.5541336967317,29.9286255146856],[-82.5540664219001,29.9286245142837],[-82.5539991461701,29.928623513882],[-82.5539318713385,29.9286225142587],[-82.5538645965069,29.9286215138569],[-82.553797318082,29.9286205134551],[-82.5537300432504,29.9286195130533],[-82.5536628447755,29.9286146052453],[-82.5535956463007,29.9286096989941],[-82.5535283696724,29.9286086985921],[-82.5534610930442,29.9286076974117],[-82.5533849248912,29.9286026580327],[-82.5533176491613,29.9286016576307],[-82.5532545523941,29.928616348358],[-82.5531916074421,29.9286232273856],[-82.5531285124715,29.9286379204452],[-82.5530612358432,29.9286369192651],[-82.552993959215,29.9286359188634],[-82.5529266843833,29.9286349176832],[-82.5528549224669,29.9286338503286],[-82.5527919793116,29.928640729355],[-82.5527247044799,29.9286397281749],[-82.552661605916,29.9286544204536],[-82.5525985873022,29.9286652076615],[-82.5525356423503,29.9286720874642],[-82.5524683675186,29.9286710862844],[-82.5524010908904,29.9286700851046],[-82.5523381477351,29.9286769641285],[-82.5522750500695,29.9286916564017],[-82.5522077743396,29.9286906552221],[-82.5521404977113,29.9286896540424],[-82.5520732219814,29.9286886528628],[-82.5520059471497,29.9286876516831],[-82.5519386723181,29.9286866497249],[-82.5518713193331,29.9286895543916],[-82.5517994819581,29.9286923921052],[-82.5517365370061,29.9286992703491],[-82.5516734393406,29.928713962619],[-82.5516060881522,29.9287168688419],[-82.5515431432002,29.9287237470841],[-82.5514843781093,29.9287463187701],[-82.5514214331573,29.9287531977888],[-82.5513540819689,29.928756101675],[-82.5512868071372,29.9287550997175],[-82.551219530509,29.9287540985385],[-82.5511522538807,29.928753096581],[-82.5510849781508,29.9287520946234],[-82.5510259552434,29.9287512156724],[-82.5510177033191,29.9287510926659],[-82.5509552192029,29.9287345311704],[-82.5508926596282,29.9287218770742],[-82.5508302518688,29.928701408171],[-82.5508025271642,29.9286897591429],[-82.5507918587719,29.928685275633],[-82.5507724066527,29.9286771003699],[-82.5507520077092,29.9286650737556],[-82.5505683938618,29.9285568294898],[-82.5505595768973,29.9285488823235],[-82.5503269330016,29.9282875036558],[-82.5503211999535,29.9282276879727],[-82.5499781010071,29.927519801448],[-82.5499572520077,29.9274652723135],[-82.5499359017484,29.9274102456669],[-82.5499009429108,29.9273628314824],[-82.5498795926514,29.9273078032222],[-82.5498582405954,29.9272527780456],[-82.5498368903361,29.927197750503],[-82.5498109775334,29.92714656344],[-82.5497941880207,29.927087696105],[-82.5497818083378,29.9270328039363],[-82.5497604571801,29.9269777762721],[-82.5497300599875,29.9269265221418],[-82.5497042235416,29.9268714282432],[-82.5496739045025,29.9268162681385],[-82.5496389447666,29.9267688528926],[-82.5496085466757,29.9267175994333],[-82.5495735896347,29.9266701849189],[-82.5495387062556,29.9266188644545],[-82.5494992612315,29.9265713829387],[-82.549464379649,29.9265200632019],[-82.5494249364215,29.9264725808605],[-82.5493717301055,29.9264405260436],[-82.5493230872312,29.9264046314565],[-82.5492730995789,29.9263586329583],[-82.549111571711,29.9262099970074],[-82.5490630042952,29.926170194835],[-82.5490189230659,29.926130461937],[-82.5489610796464,29.9261061527295],[-82.5489125122306,29.9260663505155],[-82.5488593059146,29.9260342947893],[-82.5488061031919,29.9260022398313],[-82.548752896876,29.9259701840845],[-82.5486886044511,29.9259618170766],[-82.5486660145166,29.9259388975285],[-82.548353105252,29.9257313250804],[-82.5482959786882,29.9257074120551],[-82.5482366916761,29.9256804774877],[-82.5481773031543,29.9256587498288],[-82.5481118312415,29.925642142663],[-82.5480586267221,29.9256100868002],[-82.5479992382004,29.9255883599044],[-82.5479336629813,29.9255769604255],[-82.5472900910471,29.925452731556],[-82.5470402686683,29.9253812702037],[-82.5469744904299,29.9253802884545],[-82.5469087112932,29.9253793067052],[-82.5468429339532,29.925378324956],[-82.5467835445331,29.9253565980096],[-82.5467179702123,29.925345196947],[-82.5466521919739,29.9253442151974],[-82.545733445407,29.9252210837922],[-82.5456676671686,29.9252201020413],[-82.5456021979507,29.9252034932453],[-82.5455365203237,29.9251973014406],[-82.5454708453916,29.9251911096355],[-82.5454114577682,29.9251693810912],[-82.5453457801411,29.9251631908414],[-82.545280002801,29.9251622083115],[-82.5452145308882,29.9251455995058],[-82.5451490616703,29.9251289906973],[-82.5450835915541,29.9251123811075],[-82.5450178115191,29.9251113985771],[-82.5449520350773,29.9251104160466],[-82.5448863574503,29.9251042257933],[-82.5448205801102,29.9251032424842],[-82.5447548018719,29.9251022599537],[-82.5446890227352,29.9251012774231],[-82.5446232462935,29.9251002948926],[-82.5445574662585,29.9250993123621],[-82.5444916889184,29.925098329053],[-82.5444257058642,29.9251077627473],[-82.5443596186054,29.9251224064987],[-82.5442994108201,29.9251423475024],[-82.5442333253579,29.9251569912487],[-82.5441674429149,29.9251612187746],[-82.5441015622686,29.9251654439647],[-82.5440357858269,29.9251644606563],[-82.543969800976,29.9251738959014],[-82.5439038179217,29.9251833303672],[-82.5438378339692,29.9251927656106],[-82.5437718500166,29.9252021985174],[-82.5437058678607,29.925211633759],[-82.5436399863161,29.925215858947],[-82.5436242181879,29.9252127478633],[-82.5435584130001,29.9252117637768],[-82.5434924182677,29.925220332492],[-82.5434265178585,29.9252241255846],[-82.5433604297013,29.9252374722558],[-82.5432943406459,29.9252508181467],[-82.543228441135,29.9252546112382],[-82.5431626359471,29.925253627152],[-82.5430965468917,29.9252669745978],[-82.5430307417038,29.9252659905118],[-82.542969948217,29.9252889717202],[-82.5429037666351,29.9253070955578],[-82.5428377710044,29.9253156642648],[-82.542777072739,29.9253338706237],[-82.5427109827852,29.925347215723],[-82.542650191095,29.9253701976913],[-82.5425841954643,29.9253787679499],[-82.5425182025286,29.9253873358722],[-82.5424467244798,29.9253958243818],[-82.5423751512095,29.9254090877254],[-82.5423093460217,29.9254081036408],[-82.5422486477563,29.9254263076471],[-82.5421825587008,29.9254396550697],[-82.542116753513,29.9254386702069],[-82.5420509456302,29.9254376861226],[-82.5419851404424,29.9254367012597],[-82.5419193343563,29.9254357171754],[-82.5418478545108,29.9254442025667],[-82.5417871571437,29.9254624073451],[-82.5417212558361,29.9254662004285],[-82.5416605575707,29.9254844036456],[-82.5415944676169,29.925497750282],[-82.5415282851366,29.9255158717459],[-82.5414728806432,29.9255437118078],[-82.5414069811323,29.9255475041096],[-82.5413515757405,29.9255753449412],[-82.541301467714,29.9256128187194],[-82.541251361484,29.9256502940405],[-82.5412012516608,29.9256877709047],[-82.5411619234177,29.9257349640016],[-82.5411334656878,29.9257870985012],[-82.5410887466547,29.9258294310969],[-82.5410386404247,29.9258669071151],[-82.540999310385,29.9259141009057],[-82.5409599794469,29.9259612946738],[-82.5409261345202,29.9260085678311],[-82.5408975851622,29.9260654801047],[-82.540874517324,29.9261224725356],[-82.5408297057644,29.9261695844581],[-82.5408012489328,29.9262217171731],[-82.5407673087848,29.9262737696709],[-82.5407225897516,29.9263161036168],[-82.5407050061282,29.9263731792081],[-82.5406656769868,29.92642037198],[-82.5406426109452,29.9264773642078],[-82.5406032818038,29.9265245577089],[-82.5405911823952,29.9265817141487],[-82.5405463672423,29.9266288250752],[-82.5405287872122,29.9266858989301],[-82.5404894562741,29.9267330938894],[-82.5404339574575,29.9267657091589],[-82.540405500626,29.9268178438973],[-82.5403988854322,29.926875081915],[-82.5403813027071,29.9269321564072],[-82.5403692032986,29.92698931417],[-82.5403462306818,29.9270415297588],[-82.5403231628437,29.9270985239665],[-82.5403110652317,29.9271556800767],[-82.5403099333545,29.9272130019818],[-82.5402814765229,29.9272651349288],[-82.5402748604308,29.9273223750248],[-82.5402355312894,29.9273695665682],[-82.5402125586726,29.9274217842932],[-82.5402004592641,29.9274789402177],[-82.5401720024325,29.9275310745824],[-82.5401599030239,29.9275882320013],[-82.5401532878302,29.9276454719116],[-82.5401303161117,29.9276976863777],[-82.54011273159,29.9277547603982],[-82.5401061163963,29.9278120009912],[-82.540094017886,29.9278691566917],[-82.5400763408379,29.9279310099986],[-82.5400478840063,29.9279831425695],[-82.5400194253781,29.9280352782273],[-82.5399800953384,29.9280824694326],[-82.5399462486151,29.9281297446964],[-82.539912308467,29.928181796975],[-82.5398893340536,29.9282340119382],[-82.5398772355434,29.9282911689534],[-82.5398651352365,29.9283483267143],[-82.5398530358279,29.9284054828853],[-82.5398245789963,29.9284576175433],[-82.5398289322322,29.9285150196649],[-82.5398113477105,29.9285720955523],[-82.5397720176708,29.9286192865031],[-82.5397380757261,29.9286713393042],[-82.5396879650046,29.9287088150309],[-82.5396649905912,29.9287610297176],[-82.5396311438679,29.9288083046591],[-82.5395810322481,29.9288457795557],[-82.539520332186,29.9288639821548],[-82.5394702214645,29.9289014578089],[-82.5394363738429,29.9289487326837],[-82.5393862631215,29.9289862075274],[-82.5393254687363,29.9290091870982],[-82.5392699672248,29.9290418024004],[-82.5392144657133,29.9290744184704],[-82.5391642597703,29.929116670259],[-82.5391141508455,29.9291541450394],[-82.5390587436571,29.9291819840837],[-82.5389928414512,29.9291857746898],[-82.5389269374487,29.9291895660743],[-82.5388610352428,29.9291933566802],[-82.5387952255634,29.929192371076],[-82.5387294176807,29.9291913846932],[-82.5386636106962,29.9291903983104],[-82.5386444783773,29.9291901118157],[-82.5385978010168,29.9291894127062],[-82.538531993134,29.9291884263234],[-82.5384661834546,29.9291874399406],[-82.5384003755719,29.9291864535579],[-82.5383346602156,29.9291806901861],[-82.53827471384,29.9291606799247],[-82.5382089059572,29.9291596935416],[-82.5381489586834,29.9291396809406],[-82.5380890105112,29.9291196714495],[-82.5380232978499,29.9291139072953],[-82.5379575842902,29.9291081439193],[-82.5378976370164,29.9290881328648],[-82.5378318291336,29.929087146481],[-82.5377661137773,29.9290813831035],[-82.5377061674018,29.9290613712651],[-82.5376518929889,29.9290318879538],[-82.5375919475117,29.929011875327],[-82.5375261378323,29.9290108889425],[-82.5374604251709,29.9290051271175],[-82.5374237253983,29.9289938564856],[-82.537394992784,29.9289850327407],[-82.5373238902309,29.9289744098353],[-82.5372525981333,29.9289733401487],[-82.537186882777,29.9289675783216],[-82.5371211701157,29.9289618141585],[-82.5370553622329,29.9289608269951],[-82.5369898355228,29.9289455088313],[-82.5369187311732,29.9289348859216],[-82.5368529214938,29.9289338987577],[-82.5367871145093,29.9289329115939],[-82.5367214009496,29.9289271482074],[-82.5366555921686,29.9289261610435],[-82.5365897842858,29.9289251738796],[-82.5365184921882,29.9289241041926],[-82.5364526834071,29.9289231170287],[-82.536386592555,29.9289364600898],[-82.5363204999063,29.9289498039276],[-82.5362544090542,29.9289631462066],[-82.5361883182022,29.9289764900408],[-82.5361276145468,29.9289946902804],[-82.5360669108915,29.9290128936308],[-82.5360009143625,29.9290214604618],[-82.5359348235105,29.9290348019526],[-82.5358794154237,29.9290626386947],[-82.5358240082353,29.9290904785431],[-82.5357686028436,29.9291183152695],[-82.5357078982899,29.9291365162617],[-82.5356471973295,29.9291547195862],[-82.5355917892428,29.9291825555162],[-82.5355310864858,29.9292007572752],[-82.5347567979997,29.9295188281944],[-82.5338644062066,29.9299832444769],[-82.5329652923201,29.9305096691124],[-82.5320844196239,29.9309455766066],[-82.5313549256294,29.9312165207606],[-82.5311568237531,29.9315241221965],[-82.5308362707238,29.9319206683391],[-82.5306974738258,29.9320961678772],[-82.530428040326,29.9324042889629],[-82.5302710723065,29.9325739403956],[-82.5300895120078,29.9328770130546],[-82.5299754044072,29.9330982774351],[-82.5298470495261,29.9333002154052],[-82.5298663435418,29.9335053836768],[-82.5297791997727,29.9337706410528],[-82.5296427762238,29.9340106827366],[-82.5295734810811,29.9340825450379],[-82.5294187265105,29.9342430332493],[-82.5292742289037,29.9345211771191],[-82.5292013369067,29.9348768515686],[-82.5291826663218,29.9350804394044],[-82.5291837865209,29.9353926304315],[-82.5292016782665,29.935596769146],[-82.5292195709103,29.9358009082201],[-82.529141262072,29.9360609367576],[-82.5291365845443,29.9362965893924],[-82.5291755310035,29.936545641116],[-82.5292714593977,29.9368720024932],[-82.5293963863077,29.9372115420541],[-82.5295406566406,29.9374774551276],[-82.5296148314319,29.9377608009089],[-82.5296629703514,29.9378550487426],[-82.529703482574,29.9379551901305],[-82.5297731981283,29.9381282533797],[-82.5297793722493,29.9381856841747],[-82.5298076116885,29.9382370765188],[-82.5298284139756,29.93829472833],[-82.5298566543131,29.9383461206178],[-82.5298848937524,29.9383975121007],[-82.52991313409,29.9384489043354],[-82.5299413735293,29.9385002965436],[-82.5299621740197,29.9385579489807],[-82.5299977257454,29.9386094516717],[-82.5300259660829,29.9386608437969],[-82.5300542064205,29.9387122351172],[-82.5300676946245,29.9387697768924],[-82.5300884960132,29.9388274276165],[-82.5300946710325,29.9388848603432],[-82.5301229113701,29.9389362523262],[-82.5301437145555,29.9389939029537],[-82.5301572018611,29.9390514437877],[-82.530156064594,29.9391087658465],[-82.5301768650844,29.9391664155956],[-82.5302124186067,29.93921791875],[-82.5302332190971,29.9392755715497],[-82.5302320818299,29.9393328911441],[-82.5302309445628,29.9393902114838],[-82.5302224959076,29.9394474235877],[-82.5302213586404,29.9395047438614],[-82.5302202213732,29.9395620664375],[-82.5302190841061,29.9396193866452],[-82.5302179468389,29.9396767068199],[-82.5302168104701,29.9397340285184],[-82.530215673203,29.939791348627],[-82.5302145359358,29.9398486710379],[-82.5302060845856,29.9399058813212],[-82.5301975092679,29.9399694614975],[-82.530189058816,29.9400266724897],[-82.5301877957848,29.9400903623479],[-82.5301865318552,29.9401540521652],[-82.5301634568305,29.9402110450903],[-82.5301476931938,29.9402681446279],[-82.5301465559267,29.9403254652072],[-82.5301306665259,29.9403889353566],[-82.5301222151758,29.9404461476644],[-82.5301063266733,29.9405096177367],[-82.530090563935,29.9405667178814],[-82.5300894266679,29.9406240382887],[-82.5300809771143,29.9406812496829],[-82.5300362158603,29.9407251717204],[-82.5299986384337,29.9407755733711],[-82.5299538762814,29.9408194977022],[-82.5299091141291,29.9408634196787],[-82.5298429190725,29.9408815352309],[-82.5297839105381,29.9409061304038],[-82.5297174630548,29.9409369864548],[-82.5296515195264,29.9409423638246],[-82.5296010890047,29.9409033786654],[-82.5295580956352,29.9408581357158],[-82.5295076642152,29.940819151302],[-82.5294647984064,29.9407675384398],[-82.5293991064063,29.9407601799618],[-82.529333291337,29.9407591890231],[-82.5292674744711,29.9407581980845],[-82.5292016594018,29.9407572071458],[-82.5291710816479,29.9407567470949],[-82.5290767082374,29.9407871797276],[-82.5290106380466,29.9407989269783],[-82.5289372564676,29.9408105636908],[-82.5288713147359,29.9408159410675],[-82.5288123053032,29.9408405354782],[-82.5287463635714,29.94084591441],[-82.5286802933806,29.9408576616538],[-82.5286140983239,29.9408757764285],[-82.5285480281331,29.9408875228903],[-82.5283891790414,29.9409114369384],[-82.5282320556134,29.9409592151982],[-82.5281657347926,29.9409836998154],[-82.5281067244616,29.9410082941846],[-82.528047461704,29.9410456274836],[-82.5279881998447,29.9410829599902],[-82.527929190412,29.9411075551133],[-82.5279134258771,29.9411646549148],[-82.5279269131827,29.9412221976068],[-82.5279551535203,29.9412735899391],[-82.5279826114253,29.9412891163795],[-82.5280344657768,29.9413215735287],[-82.5281060668948,29.941386129721],[-82.5281132686884,29.9414553135925],[-82.5281097517841,29.9415243370611],[-82.528093379988,29.9415931666548],[-82.5280557271029,29.9416542081008],[-82.5280201780722,29.9417171480765],[-82.5279676724421,29.9417704994361],[-82.5279236639764,29.941827710171],[-82.5279045999294,29.941840415533],[-82.5278606624305,29.9418697012227],[-82.5277997683324,29.9419135892635],[-82.5277430496036,29.9419631441712],[-82.5276675255428,29.9419881422973],[-82.5275982447731,29.9420225709512],[-82.5275268951834,29.9420532328299],[-82.5274494145918,29.9420688665702],[-82.5273719690345,29.9420826367765],[-82.5272902753442,29.9420944733921],[-82.5272088044362,29.9420951124729],[-82.5271416293176,29.9421314388706],[-82.5270624500118,29.942124643289],[-82.5269833434696,29.94211411831],[-82.5269110380723,29.9420850234045],[-82.5268318946992,29.9420763627313],[-82.5267523084566,29.9420900986863],[-82.5266731309474,29.9421070565086],[-82.5266075099142,29.9421492132453],[-82.5265418197108,29.9421946891326],[-82.5264836825422,29.9422435978148],[-82.5264755896198,29.9422874950315],[-82.526470868973,29.9423131041325],[-82.5264656731174,29.9423827232718],[-82.526479527834,29.9424526319327],[-82.5265202484658,29.9425129878467],[-82.526518864162,29.9425826644488],[-82.5265250328931,29.9426557769171],[-82.5265342711674,29.9427200201],[-82.5265350778546,29.9427256277835],[-82.5265416068101,29.942745847045],[-82.5265566158618,29.9427923314815],[-82.5265742812319,29.9428622966785],[-82.5265767057848,29.942932032195],[-82.5266174264167,29.9429923878182],[-82.526623661623,29.943062180846],[-82.5266337056862,29.943132031427],[-82.5266323204841,29.9432017075954],[-82.5266309361802,29.9432713868287],[-82.5266257412229,29.9433410076325],[-82.5266053063469,29.9434103972007],[-82.5265735095791,29.9434762994591],[-82.5265719545953,29.943488314164],[-82.5265645048666,29.9435458632959],[-82.5265516903991,29.9436153671468],[-82.52650859552,29.9436744597824],[-82.526491970399,29.9437439090551],[-82.5264677922432,29.9438099224043],[-82.5264398052305,29.943875880443],[-82.5264346093749,29.9439455016022],[-82.5263952586738,29.9440079684162],[-82.526359715033,29.9440704935711],[-82.5263166210522,29.9441295859362],[-82.5262622271634,29.9441818695925],[-82.526207834173,29.9442341532212],[-82.5261571853606,29.9442898127443],[-82.5260914933605,29.9443352884314],[-82.5260112872804,29.9443440360886],[-82.5259382398747,29.9443761232797],[-82.5258726808253,29.9444149622955],[-82.525799634318,29.9444470525774],[-82.5257303310904,29.944482514872],[-82.5256684497438,29.9445280480725],[-82.5255954670168,29.944556816893],[-82.5255335856702,29.944602349281],[-82.5254568587651,29.9446277452834],[-82.5253838131561,29.9446598323829],[-82.525318186733,29.9447019895945],[-82.5253015616121,29.9447714381498],[-82.5253192251855,29.9448414042899],[-82.5253507210177,29.9448957853478],[-82.5253560695869,29.9449050194528],[-82.5253661145484,29.9449748695181],[-82.5253647284479,29.9450445482876],[-82.5253557228372,29.9451141102491],[-82.5252900955158,29.9451562672681],[-82.5252097573833,29.9451716514348],[-82.5251298163062,29.9451671258559],[-82.5250540146658,29.9451460695352],[-82.5250171693662,29.9450824521912],[-82.5249532587253,29.9450383413711],[-82.5249511719389,29.9450328427932],[-82.5249279091663,29.9449715784646],[-82.5248639994237,29.9449274683737],[-82.5248117174742,29.9448735753872],[-82.5247516830637,29.9448262037736],[-82.5246799570799,29.9447919302125],[-82.5245998821538,29.9447940404448],[-82.524519873703,29.9447928331523],[-82.5244395373671,29.9448082158184],[-82.5244115467612,29.9448741747519],[-82.5243721942635,29.944936641761],[-82.5243480134127,29.9450026558753],[-82.5243456697081,29.9450081809203],[-82.5243200255017,29.9450686131231],[-82.5243072083393,29.9451381190235],[-82.5243020124836,29.9452077385207],[-82.5242664697411,29.9452702636998],[-82.5242469161123,29.9452867126897],[-82.5242127945046,29.9453154159058],[-82.5242083298776,29.9453191708697],[-82.5242063221429,29.945319223022],[-82.5241282549515,29.9453212818692],[-82.5240564606957,29.9452903259872],[-82.5240041787461,29.9452364347541],[-82.5239363271961,29.9451989006458],[-82.5238684747477,29.9451613673018],[-82.5237886001459,29.9451535234312],[-82.5237088557999,29.9451390429767],[-82.5236288491457,29.9451378356883],[-82.5235488406949,29.9451366276214],[-82.5234688322441,29.9451354195545],[-82.5233931644528,29.9451077250848],[-82.5233408825033,29.945053832196],[-82.5233232198282,29.944983865427],[-82.5233473997807,29.944917852857],[-82.5233525965346,29.9448482316001]]]},"properties":{"OBJECTID":10,"code_elem":"010161","link":"http://alachua.sbac.edu/pages/ALA0161","Facility":"Irby Elementary School","Address":"13800 NW 152ND PL","Descrip":"Irby(Grades K-2),Alachua(Grades 3-5)","EntityID":"0571","Entity":571,"Label":"Irby K-2/ Alachua 3-5","Capacity2025":536,"Attendance2025":372,"PctCap2025":69,"Shape__Area":618949743.11523438,"Shape__Length":161333.60452424645}},{"type":"Feature","id":11,"geometry":{"type":"Polygon","coordinates":[[[-82.3431363275143,29.6739698459591],[-82.3432282925415,29.6739696399052],[-82.3444253865908,29.6739776408831],[-82.3447331368308,29.6740060029435],[-82.3447395085811,29.6740065898847],[-82.344745998909,29.6740078792818],[-82.3448540105421,29.6740293065326],[-82.3451167444065,29.6741136191647],[-82.3451474209752,29.6741125030412],[-82.3453675154063,29.6741537465298],[-82.3456864218237,29.674213504367],[-82.346229421972,29.6744455069281],[-82.346459423024,29.6745805066075],[-82.3467024226983,29.674744507969],[-82.3469734237583,29.6749665087672],[-82.3470214234388,29.6750205099419],[-82.3472244229301,29.6752495104099],[-82.3473524238749,29.6754425100006],[-82.3473575712215,29.6754512211123],[-82.3473608500723,29.6754561663322],[-82.3473738549827,29.6754781630359],[-82.3474418592463,29.6755971611939],[-82.347560229353,29.6758062062708],[-82.3475658734679,29.6758161755052],[-82.3476758658862,29.6759611675404],[-82.3478398470532,29.6762121663117],[-82.3482268646337,29.6768031716563],[-82.3482708470484,29.6768621747513],[-82.348858851894,29.6776521727354],[-82.3488600421618,29.6776521579063],[-82.3489748773978,29.6776507842641],[-82.3489776810398,29.6776507475816],[-82.3507799305701,29.6776323829205],[-82.3518873817372,29.6776266276706],[-82.3537766474759,29.6776405662389],[-82.3557264039691,29.6776549208002],[-82.3557261892718,29.6776575853537],[-82.3557240746376,29.6778975946826],[-82.3574559833863,29.6779194558298],[-82.3579513270104,29.6779256598367],[-82.358142828066,29.6779280590211],[-82.3581486841833,29.6779281269226],[-82.3588413786922,29.677937096937],[-82.3589672605112,29.6779387492053],[-82.3590302360059,29.6779394243173],[-82.3591592331824,29.6779411827303],[-82.3596022140086,29.6779467959154],[-82.3598809630379,29.677950320546],[-82.3598846344524,29.6773751352642],[-82.3628873206632,29.6774113971695],[-82.3640013465999,29.6774248440649],[-82.3640011013598,29.6773569906483],[-82.3646412300515,29.6773937551895],[-82.3646940671599,29.6770125248582],[-82.3660801335073,29.6770071356197],[-82.3660719812961,29.6752716671607],[-82.3660702484459,29.6748999953708],[-82.366735821918,29.674908204668],[-82.3667321136725,29.6741523985965],[-82.3673974850237,29.6741521597618],[-82.3675547620636,29.674152252642],[-82.3681673511037,29.6741519997581],[-82.3687110770906,29.674029002135],[-82.3695580168253,29.6740313584845],[-82.3699213997308,29.6740323629965],[-82.370125151112,29.6740329124731],[-82.3721246895433,29.6740384564114],[-82.3723375031291,29.6740394226785],[-82.3723515590683,29.6740346046115],[-82.3723574250671,29.6740346451978],[-82.3723536916688,29.6740372208695],[-82.3723888166947,29.6750201782299],[-82.372511103456,29.6782380411213],[-82.3725147290565,29.6785841385804],[-82.3725186169651,29.6789313399916],[-82.3725222838881,29.6792652535516],[-82.3725261888646,29.6796160302542],[-82.3725299833484,29.6799572076287],[-82.372533851494,29.6803068018646],[-82.372538381698,29.6807137770553],[-82.3725454550325,29.6813496154221],[-82.3725453238785,29.6813616078131],[-82.3725522975,29.6813621712978],[-82.3729687807203,29.6813615024524],[-82.3775024054827,29.6813542231976],[-82.37753024607,29.6813451902716],[-82.3775651033979,29.6813467699021],[-82.377569411718,29.6813448601413],[-82.3785434594722,29.6813413364103],[-82.3787691324412,29.6813410109627],[-82.3792927891664,29.6813402859247],[-82.3793176653133,29.6812693266166],[-82.379325528267,29.681282365601],[-82.3793256728957,29.681282382771],[-82.3793177147206,29.6812691861356],[-82.3792348370508,29.6811317463802],[-82.3792495694215,29.6810241751324],[-82.3793019079649,29.6809710177298],[-82.3793062603024,29.6809665980258],[-82.3793018720323,29.6809598236955],[-82.3792991698999,29.680955653736],[-82.3792723515954,29.6809142600686],[-82.3792726192934,29.6809141086607],[-82.3793513215937,29.6808694206819],[-82.3793166430305,29.6807852502944],[-82.3793145894817,29.6807857724182],[-82.3791615686596,29.6808246725884],[-82.3791573241199,29.6808128370046],[-82.379113586047,29.6806908629016],[-82.3791933151218,29.6806339895748],[-82.3792178463155,29.6806164738137],[-82.3792269471477,29.6806099796434],[-82.379167507422,29.6806363325018],[-82.3791864475014,29.680622822819],[-82.3792109777969,29.6806052891054],[-82.3792621790731,29.6805687715822],[-82.3792975161015,29.6804453736297],[-82.3792526335749,29.6804205433929],[-82.3792022812066,29.6804999782765],[-82.3790708433075,29.6803317273454],[-82.3790386306197,29.6803905543276],[-82.3789905635655,29.6804011045482],[-82.3789889690559,29.6803887787874],[-82.3789809641684,29.6803268838247],[-82.3789645267953,29.6801995825014],[-82.3789842520023,29.680117890292],[-82.3791382735477,29.6800642594515],[-82.379126313378,29.6800548658372],[-82.3790073333152,29.6799614174331],[-82.3790076845565,29.6799559229905],[-82.3790134724019,29.6798654784902],[-82.3791292239195,29.6798163968265],[-82.3791248904466,29.6797936362192],[-82.3791106180133,29.6797184870774],[-82.3791052182402,29.6797150624081],[-82.379067049722,29.6796908540196],[-82.3788784762759,29.6798050894967],[-82.3788367531242,29.6797647801979],[-82.3788383718884,29.6797618121004],[-82.3788714963662,29.6797010702756],[-82.3789925416558,29.6795809531073],[-82.3790524116745,29.6794850340933],[-82.3790439917653,29.6794763506474],[-82.3790205107021,29.6794521351772],[-82.3789949967514,29.679425823373],[-82.3789971113856,29.6794239221609],[-82.3791039165813,29.6793278687571],[-82.3791167032011,29.6792805522446],[-82.3791140819171,29.6792705583788],[-82.3791098337841,29.6792693861189],[-82.3791020660518,29.6791505850825],[-82.3809313647537,29.6791477558901],[-82.3809316890455,29.6791603026751],[-82.3809373816695,29.6791602979923],[-82.3809366279829,29.6793513334495],[-82.3809386051749,29.6794277878027],[-82.3819277895416,29.6794187695325],[-82.3819293256607,29.6794099245246],[-82.3819434588551,29.6793285633714],[-82.3819644776361,29.6793117693135],[-82.3820308622373,29.6792587764642],[-82.3820577065929,29.6792198007634],[-82.3821201350136,29.6790937787851],[-82.3822339246106,29.679000603432],[-82.3822997217136,29.6789870388965],[-82.3823587068918,29.6788940203187],[-82.3823783710133,29.6788757745159],[-82.382413275952,29.6788635242736],[-82.3824621281338,29.6788218526782],[-82.3824683184244,29.6787840826337],[-82.3825218687952,29.6788014254499],[-82.3825608197459,29.6787707319178],[-82.3825618761646,29.6787210237825],[-82.3826293962363,29.6787035264194],[-82.3826589121816,29.6786588749206],[-82.3827290535373,29.6786647144021],[-82.3827746798689,29.6786382049327],[-82.3827842208756,29.6786326612481],[-82.3828634855213,29.6785383202235],[-82.3828955886146,29.6784652984911],[-82.3829880063927,29.6783536526622],[-82.3830612613092,29.6783537673918],[-82.3831662932305,29.6782932050056],[-82.3831624493394,29.6782177019679],[-82.3832226355651,29.6781762697105],[-82.3832164830037,29.6781264176739],[-82.3833517441327,29.6780246796072],[-82.3835895003406,29.67794308319],[-82.383842264702,29.6779762784003],[-82.3839126072804,29.6779800028317],[-82.383908628642,29.6780457243494],[-82.3840431908816,29.6780730987417],[-82.3841640609998,29.6780171097739],[-82.3841931286857,29.6780839161279],[-82.3841264620135,29.6781294256238],[-82.3842619531112,29.6781590696133],[-82.3843761253905,29.6780462886331],[-82.3843313353905,29.6780005410545],[-82.3843920201812,29.6779519369122],[-82.3844286301223,29.6778979380923],[-82.3846744612863,29.6778631428785],[-82.3853613032711,29.6775217070832],[-82.3855206841654,29.6774424766736],[-82.385516939089,29.6766845714126],[-82.3855169354957,29.6766837971704],[-82.3855126478369,29.6758160654558],[-82.3854981939439,29.6754777821542],[-82.3855007370745,29.6745489735272],[-82.3855051792436,29.6742007017395],[-82.3859175877057,29.6742020886974],[-82.3860835280983,29.6742026467587],[-82.3863396395824,29.6742035084365],[-82.3863568557948,29.6731743445235],[-82.3863590171414,29.6730451570071],[-82.387630981278,29.6736396120868],[-82.3888097290343,29.6741904989737],[-82.3889062530116,29.6741052958487],[-82.4013694675853,29.6741117920002],[-82.4015028081162,29.6741118544407],[-82.4015026464195,29.6742101856589],[-82.4015027470308,29.6742102598069],[-82.4014335336348,29.6850820238925],[-82.3993616745348,29.6850650427144],[-82.3993336120637,29.688713918158],[-82.3974387875501,29.6886900818429],[-82.3973883417569,29.6886894153874],[-82.3972635154583,29.6886878647469],[-82.3961848975169,29.6886861658317],[-82.3936528907857,29.6886771624391],[-82.3931479513578,29.6886755368807],[-82.3869741394305,29.6887835611518],[-82.3869650170388,29.6906789931195],[-82.386792733642,29.6906634714126],[-82.3867884109489,29.6906805047104],[-82.3866744641467,29.6911294805493],[-82.3863640504019,29.6923770151404],[-82.3862103953692,29.6930078845304],[-82.3858859256852,29.6943245043161],[-82.3858550209445,29.6943544572295],[-82.3857178985063,29.6949263982207],[-82.3842967754049,29.694925925332],[-82.3807360817907,29.6949196115654],[-82.380609648406,29.6949193876066],[-82.3806209276528,29.6926601152569],[-82.3806226811642,29.6923081159834],[-82.3722979547987,29.6923070406408],[-82.3723290077614,29.6886513470384],[-82.3719228174377,29.6886434642873],[-82.3718510402499,29.6886431739811],[-82.3696848751131,29.6886341674631],[-82.369132880134,29.6886411652491],[-82.3689033749519,29.6886325309785],[-82.3688222750481,29.6886294710565],[-82.3688220172316,29.6886294687153],[-82.3688217351606,29.6886294585702],[-82.3686797204973,29.6886290722755],[-82.3660764710759,29.688622138481],[-82.3660762563785,29.6886221369202],[-82.3660760650374,29.6886221275555],[-82.365592584565,29.6886208313221],[-82.3649085210694,29.6886189966174],[-82.3598199180227,29.6886052515482],[-82.3473865203299,29.6885708073159],[-82.3426564582693,29.6885525023988],[-82.3390398382405,29.6885266978916],[-82.3389523989257,29.688526072796],[-82.3391150092635,29.6739788186682],[-82.3431363275143,29.6739698459591]]]},"properties":{"OBJECTID":11,"code_elem":"010331","link":"http://www.edline.net/pages/GLS0331","Facility":"Glen Springs Elementary School","Address":"2826 NW 31ST AV","Descrip":"Glen Springs,(Grades K-5)","EntityID":"0331","Entity":331,"Label":"Glen Springs Elementary","Capacity2025":463,"Attendance2025":467,"PctCap2025":84,"Shape__Area":11782924.751953125,"Shape__Length":22124.369620882313}},{"type":"Feature","id":12,"geometry":{"type":"Polygon","coordinates":[[[-82.3859175877057,29.6742020886974],[-82.3855051792436,29.6742007017395],[-82.3855061260679,29.6744112685797],[-82.3854981939439,29.6754777821542],[-82.3855126478369,29.6758160654558],[-82.3855169354957,29.6766837971704],[-82.385516939089,29.6766845714126],[-82.3855206841654,29.6774424766736],[-82.3853613032711,29.6775217070832],[-82.3846744612863,29.6778631428785],[-82.3844286301223,29.6778979380923],[-82.3843920201812,29.6779519369122],[-82.3843313353905,29.6780005410545],[-82.3843761253905,29.6780462886331],[-82.3842619531112,29.6781590696133],[-82.3841264620135,29.6781294256238],[-82.3841931286857,29.6780839161279],[-82.3841640609998,29.6780171097739],[-82.3840431908816,29.6780730987417],[-82.383908628642,29.6780457243494],[-82.3839126072804,29.6779800028317],[-82.383842264702,29.6779762784003],[-82.3835895003406,29.67794308319],[-82.3833517441327,29.6780246796072],[-82.3832164830037,29.6781264176739],[-82.3832226355651,29.6781762697105],[-82.3831624493394,29.6782177019679],[-82.3831662932305,29.6782932050056],[-82.3830612613092,29.6783537673918],[-82.3829880063927,29.6783536526622],[-82.3828955886146,29.6784652984911],[-82.3828634855213,29.6785383202235],[-82.3827842208756,29.6786326612481],[-82.3827746798689,29.6786382049327],[-82.3827290535373,29.6786647144021],[-82.3826589121816,29.6786588749206],[-82.3826293962363,29.6787035264194],[-82.3825618761646,29.6787210237825],[-82.3825608197459,29.6787707319178],[-82.3825218687952,29.6788014254499],[-82.3824683184244,29.6787840826337],[-82.3824621281338,29.6788218526782],[-82.382413275952,29.6788635242736],[-82.3823783710133,29.6788757745159],[-82.3823587068918,29.6788940203187],[-82.3822997217136,29.6789870388965],[-82.3822339246106,29.679000603432],[-82.3821201350136,29.6790937787851],[-82.3820577065929,29.6792198007634],[-82.3820308622373,29.6792587764642],[-82.3819644776361,29.6793117693135],[-82.3819434588551,29.6793285633714],[-82.3819293256607,29.6794099245246],[-82.3819277895416,29.6794187695325],[-82.3809386051749,29.6794277878027],[-82.3809366279829,29.6793513272058],[-82.3809373816695,29.6791602979923],[-82.3809316890455,29.6791603026751],[-82.3791089435536,29.6791617652698],[-82.3791098337841,29.6792693861189],[-82.3791140819171,29.6792705583788],[-82.3791167032011,29.6792805522446],[-82.3791039165813,29.6793278687571],[-82.3789971113856,29.6794239221609],[-82.3789949967514,29.679425823373],[-82.3790205107021,29.6794521351772],[-82.3790439917653,29.6794763506474],[-82.3790524116745,29.6794850340933],[-82.3789925416558,29.6795809531073],[-82.3788714963662,29.6797010702756],[-82.3788383718884,29.6797618121004],[-82.3788367531242,29.6797647801979],[-82.3788784762759,29.6798050894967],[-82.379067049722,29.6796908540196],[-82.3791052182402,29.6797150624081],[-82.3791106180133,29.6797184870774],[-82.3791248904466,29.6797936362192],[-82.3791292239195,29.6798163968265],[-82.3790134724019,29.6798654784902],[-82.3790076845565,29.6799559229905],[-82.3790073333152,29.6799614174331],[-82.379126313378,29.6800548658372],[-82.3791382735477,29.6800642594515],[-82.3789842520023,29.680117890292],[-82.3789645267953,29.6801995825014],[-82.3789809641684,29.6803268838247],[-82.3789889690559,29.6803887787874],[-82.3789905635655,29.6804011045482],[-82.3790386306197,29.6803905543276],[-82.3790708433075,29.6803317273454],[-82.3792022812066,29.6804999782765],[-82.3792526335749,29.6804205433929],[-82.3792975161015,29.6804453736297],[-82.3792621790731,29.6805687715822],[-82.3792109777969,29.6806052891054],[-82.3791864475014,29.680622822819],[-82.379167507422,29.6806363325018],[-82.3792269471477,29.6806099796434],[-82.3792178463155,29.6806164738137],[-82.3791933151218,29.6806339895748],[-82.379113586047,29.6806908629016],[-82.3791573241199,29.6808128370046],[-82.3791615686596,29.6808246725884],[-82.3793145894817,29.6807857724182],[-82.3793166430305,29.6807852502944],[-82.3793513215937,29.6808694206819],[-82.3792726192934,29.6809141086607],[-82.3792723515954,29.6809142600686],[-82.3792991698999,29.680955653736],[-82.3793018720323,29.6809598236955],[-82.3793062603024,29.6809665980258],[-82.3793019079649,29.6809710177298],[-82.3792495694215,29.6810241751324],[-82.3792348370508,29.6811317463802],[-82.3793177147206,29.6812691861356],[-82.3793256728957,29.681282382771],[-82.379325528267,29.681282365601],[-82.3793176653133,29.6812693266166],[-82.3792927891664,29.6813402859247],[-82.3787691324412,29.6813410109627],[-82.3785434594722,29.6813413364103],[-82.377569411718,29.6813448601413],[-82.3775651033979,29.6813467699021],[-82.37753024607,29.6813451902716],[-82.3775024054827,29.6813542231976],[-82.3729687807203,29.6813615024524],[-82.3725522975,29.6813621712978],[-82.3725453238785,29.6813616078131],[-82.3725454550325,29.6813496154221],[-82.372538381698,29.6807137770553],[-82.372533851494,29.6803068018646],[-82.3725299833484,29.6799572076287],[-82.3725261888646,29.6796160302542],[-82.3725222838881,29.6792652535516],[-82.3725186169651,29.6789313399916],[-82.3725147290565,29.6785841385804],[-82.372511103456,29.6782380411213],[-82.3723888166947,29.6750201782299],[-82.3723574250671,29.6740346467588],[-82.3723515590683,29.6740346046115],[-82.372352241788,29.6737210996031],[-82.3721294218682,29.673547391707],[-82.3681795053095,29.6723225027885],[-82.3681770924346,29.6726396236113],[-82.3677163519153,29.6724673578068],[-82.3675029319667,29.6723875520744],[-82.3674816248265,29.6723795853128],[-82.367257301127,29.6722956958298],[-82.3671929107857,29.6722715957083],[-82.3670239179178,29.6722083844738],[-82.3670162633733,29.672205537134],[-82.366809967065,29.672128403699],[-82.3667449514963,29.672104074064],[-82.3666516857085,29.672079805304],[-82.3663789032893,29.6720087902871],[-82.3662795657886,29.6718607703662],[-82.3662673585822,29.671842584168],[-82.3662343320208,29.6718465546914],[-82.3661509441079,29.6718566054929],[-82.3661523059539,29.6717548126897],[-82.3661524874136,29.6717419722839],[-82.3661214937396,29.671717180485],[-82.3659265359668,29.6717340702548],[-82.3658989487044,29.671807547238],[-82.3658359750063,29.6718025565681],[-82.3657485410814,29.671795654395],[-82.365713126798,29.6717083043591],[-82.3656084658809,29.6716881925786],[-82.3655870635192,29.6716420229651],[-82.3656100496107,29.6714923727654],[-82.3656060009037,29.6714887854664],[-82.3655655434783,29.6714530030102],[-82.3655018268735,29.6714547950993],[-82.365425537448,29.6714569298396],[-82.3654098483715,29.6713425919949],[-82.3653532922379,29.6713321243403],[-82.365334157224,29.6712844793656],[-82.3648675920284,29.6709261898686],[-82.3647172724403,29.6708853095642],[-82.364884498322,29.6704271836379],[-82.3647737656919,29.6703965765305],[-82.3648396418466,29.6701046131535],[-82.3650363118084,29.6701721584688],[-82.3649572250291,29.6692577221628],[-82.3640492465675,29.6692032643973],[-82.3640772263936,29.6669859889652],[-82.3640782882023,29.6669027280189],[-82.3642242590461,29.6667511849267],[-82.3643186153886,29.6666274538886],[-82.3643289487093,29.6637982580552],[-82.3643291562201,29.6637401754127],[-82.3643998805824,29.6633365489466],[-82.364400682778,29.6631200334511],[-82.3640888784412,29.6631195245055],[-82.3640913227571,29.6621071916383],[-82.3659822404975,29.6604668935652],[-82.3693152857473,29.6604761016625],[-82.3693155264958,29.6604162599438],[-82.3693189472805,29.6596236332716],[-82.3694002645766,29.659349357152],[-82.3694019426296,29.6591590666627],[-82.3694230638185,29.6567857681808],[-82.3694494679997,29.6567834762204],[-82.3695445726388,29.6568109914507],[-82.3695912176599,29.65685754414],[-82.3696385184512,29.6568749555303],[-82.3697179735398,29.6569671482611],[-82.3697779495597,29.6570367468902],[-82.3698540701019,29.6570508600525],[-82.3698681206513,29.6570534829974],[-82.3699573610883,29.657007744605],[-82.3700447402159,29.6568885160224],[-82.3700484834957,29.6568622295404],[-82.370042646243,29.6568509680294],[-82.3700184537141,29.6568043411763],[-82.3699928328639,29.6567905847321],[-82.3699884005763,29.6567770078334],[-82.3699764628645,29.6567403723679],[-82.3699959329499,29.6567060366577],[-82.3700325509758,29.6566413987771],[-82.3700444195174,29.6566385666094],[-82.3700597061486,29.6566349381873],[-82.3701420241679,29.6564240429528],[-82.37024627186,29.6563022851721],[-82.3702495632872,29.6562455448141],[-82.3702397249382,29.656209439213],[-82.3702343835556,29.6561897427594],[-82.3702278716681,29.6561850424954],[-82.3701421014231,29.6561230553525],[-82.3700408478158,29.656031222507],[-82.3700487916179,29.6559793157605],[-82.3700569878465,29.6559258476932],[-82.3700589291059,29.6559131731059],[-82.3700592309398,29.6559122980004],[-82.3701048536781,29.6557740164003],[-82.3700998240108,29.6557544908235],[-82.3700936031775,29.6557303516097],[-82.3699385539595,29.6556141800985],[-82.3699413908391,29.6555743201259],[-82.3699127282934,29.65546430933],[-82.3698603628005,29.6553628223476],[-82.3698086270267,29.6552981445715],[-82.3698028517577,29.6552266539995],[-82.3698236100273,29.6552056232181],[-82.3698603008168,29.6551684610205],[-82.3698579409425,29.6550992256644],[-82.3697782235459,29.6550310660019],[-82.3697679306493,29.6550265241566],[-82.3697382341427,29.6550134442966],[-82.3696613724903,29.6549119147041],[-82.3696533640096,29.6548682745204],[-82.3696722519867,29.6548404753809],[-82.3696941978291,29.6548081601403],[-82.3697121973725,29.6547851323535],[-82.3697713217895,29.6547134345431],[-82.3698562592963,29.6546406187806],[-82.3699001186417,29.6546201031106],[-82.369952696137,29.654589497439],[-82.3699807038109,29.6545505160812],[-82.36998025106,29.6545068897926],[-82.3699790949282,29.6543975749583],[-82.3699667547712,29.6543724018263],[-82.3699972229307,29.6543641252775],[-82.3701121264387,29.654332914517],[-82.3701538442005,29.6542947894436],[-82.3701457252269,29.6542253778378],[-82.3701190389748,29.6541878413418],[-82.3701116727894,29.6541774897818],[-82.3700570884578,29.6541208785961],[-82.370075315275,29.6540872102383],[-82.3700830192268,29.6540730076649],[-82.3702738204949,29.6540470233443],[-82.3703845692947,29.6540584288108],[-82.3704322887009,29.6540429529742],[-82.3704397375312,29.6540318254215],[-82.3704486497171,29.6540184948398],[-82.370470887512,29.6540107725319],[-82.3705609561956,29.6539762134016],[-82.3706541555081,29.6539336477845],[-82.370743846001,29.6539181961292],[-82.3709042752293,29.6539328600959],[-82.3709175442443,29.6538910517035],[-82.3708909891462,29.6537737874817],[-82.3708820985198,29.6537345333561],[-82.370873693882,29.6536475431366],[-82.3708565594163,29.6536139300476],[-82.370869134932,29.6536059945872],[-82.3708733794717,29.6536033418871],[-82.3708902318664,29.6535927256216],[-82.370992697301,29.653618984073],[-82.3710473229551,29.6536221301529],[-82.3710915209654,29.6536682580745],[-82.3711051070857,29.6536513176508],[-82.3711320484594,29.6536356965479],[-82.3712100006665,29.6535905155583],[-82.3713782937468,29.6535951854976],[-82.3713986244183,29.6535529436955],[-82.3714823905219,29.65337864982],[-82.3715732757742,29.6532837355171],[-82.3717645783021,29.6530839679441],[-82.3718783346615,29.6530474021751],[-82.3718832825821,29.6530457221745],[-82.3719727925136,29.6530151410056],[-82.3722124621331,29.6529772714927],[-82.3722630750128,29.6529692680637],[-82.3723910310419,29.6529417752031],[-82.3724250241906,29.6521272744301],[-82.3723598612982,29.6504171722568],[-82.3724446424981,29.6455594498645],[-82.3724508795011,29.6452021492846],[-82.3724545527123,29.6449180099045],[-82.3724778577057,29.6422401430601],[-82.3724858607965,29.6412671488216],[-82.3725013908712,29.6393703889339],[-82.3725447884826,29.6393689413761],[-82.3725018840463,29.6393101575512],[-82.3725058671763,29.6387611596766],[-82.3725048718429,29.6376641465501],[-82.3725618358117,29.6350328541433],[-82.3725712815969,29.6343548737288],[-82.3725724889327,29.634166841736],[-82.3725651622732,29.6302297031088],[-82.376007039318,29.6303530314703],[-82.377230909451,29.6302376810158],[-82.3790987054544,29.6301778751986],[-82.3850318371575,29.6302666597797],[-82.3849365223126,29.6343821444485],[-82.3858885658338,29.6346216550089],[-82.3874709877327,29.6352633823106],[-82.3897068944748,29.6365966098383],[-82.3908447967334,29.6371986798325],[-82.3924702650024,29.6381951353635],[-82.3924858471793,29.6381463308476],[-82.3928536758471,29.6378344770299],[-82.3929311528454,29.6377687893634],[-82.3929831922498,29.6376944099169],[-82.3929087973713,29.6374207416146],[-82.3928586911414,29.6373886667308],[-82.3927300721556,29.6373063330807],[-82.3926734243938,29.6369769517406],[-82.3926819260496,29.6369612218622],[-82.3928023595865,29.6367384219955],[-82.3928023685697,29.6367383931061],[-82.3928023802478,29.636738362655],[-82.3928384278435,29.6363974181736],[-82.3927060979173,29.63605281995],[-82.392699774676,29.6360126734854],[-82.392688312173,29.6359398949477],[-82.3926458739623,29.6356704421244],[-82.3925025809964,29.6355643612304],[-82.3924523642737,29.6352729581314],[-82.392508654506,29.6351389683911],[-82.3924010471148,29.6348907514655],[-82.392032967817,29.6347420960183],[-82.3922228015995,29.634472750085],[-82.392223788848,29.6344260667981],[-82.3922114594707,29.6343065334983],[-82.3926056878281,29.6340599885922],[-82.3925264357588,29.6338148946243],[-82.3926591672319,29.6337309878252],[-82.3928401660836,29.6336785464306],[-82.3929970307968,29.633647081737],[-82.3931297631682,29.6334687805794],[-82.3931780287501,29.6333009671154],[-82.3933107611216,29.6331436421782],[-82.3934917590749,29.6331121773175],[-82.3936124252754,29.6331226653452],[-82.3937210235084,29.6329968050361],[-82.3938537558799,29.6328814326226],[-82.3939623550112,29.6329863169952],[-82.3941916194448,29.6329233863848],[-82.3945187930578,29.6327895582731],[-82.3946018818317,29.632755572012],[-82.3948070130251,29.63265068818],[-82.3950074433347,29.632658612799],[-82.3951022856657,29.6325959591777],[-82.3952058147056,29.6325275640853],[-82.3953143311919,29.632528175474],[-82.3955275301549,29.6325293763883],[-82.3958710405297,29.6325312909799],[-82.3957204478538,29.6323580343507],[-82.3954243325934,29.6320173537982],[-82.3953809834911,29.6319674866984],[-82.3954329680982,29.631871309122],[-82.3957732894537,29.6312416241642],[-82.3958625487553,29.6311248434485],[-82.3958858582403,29.6310943469791],[-82.4023473107216,29.6399096480498],[-82.4058238941774,29.6440258668433],[-82.4085033270231,29.6471726713723],[-82.4119708033585,29.6512717265575],[-82.415930426214,29.6559520423034],[-82.4191151003215,29.6597159554084],[-82.4081363490598,29.6596438458223],[-82.4082293642176,29.6608516814028],[-82.4083133665782,29.6614206812264],[-82.4081413742355,29.6640326825974],[-82.4081343754612,29.6647166835773],[-82.4081323758113,29.6649206837633],[-82.4081263768619,29.6654976840816],[-82.4081273784834,29.6659626842985],[-82.4081283792066,29.6661736844298],[-82.4081393862638,29.6681296866257],[-82.4081443880833,29.6692306872489],[-82.4098873874325,29.6692546920923],[-82.4102643878993,29.6692576932827],[-82.4103702624404,29.6692885161666],[-82.4103314794746,29.6707989086447],[-82.4103170192935,29.6715198511907],[-82.4103213940889,29.6715496969435],[-82.4102843987706,29.6730546956715],[-82.4102783980245,29.6733286963665],[-82.410273943279,29.6741767636391],[-82.4097774013023,29.6741706959894],[-82.4078564852213,29.6741576880833],[-82.4049831698861,29.6741375822563],[-82.4015169170561,29.6741119590285],[-82.4015028081162,29.6741119465404],[-82.4013695241792,29.6741118325865],[-82.4012462699323,29.6741117272182],[-82.3889062530116,29.6741052958487],[-82.3888097290343,29.6741904989737],[-82.3877938188896,29.6737194659976],[-82.3875992446974,29.6736280230788],[-82.3863590171414,29.6730451570071],[-82.3863568557948,29.6731743445235],[-82.3863396395824,29.6742035084365],[-82.3860835280983,29.6742026467587],[-82.3859175877057,29.6742020886974]]]},"properties":{"OBJECTID":12,"code_elem":"010091","link":"http://www.edline.net/pages/LIT0091","Facility":"Littlewood Elementary School","Address":"812 NW 34TH ST","Descrip":"Littlewood,(Grades K-5)","EntityID":"0091","Entity":91,"Label":"Littlewood Elementary","Capacity2025":822,"Attendance2025":760,"PctCap2025":92,"Shape__Area":23885076.228515625,"Shape__Length":25849.354394080652}},{"type":"Feature","id":13,"geometry":{"type":"MultiPolygon","coordinates":[[[[-82.4071537610223,29.6456494841016],[-82.405855881388,29.6441415786026],[-82.4047044001956,29.6427971472853],[-82.4047662384231,29.6427736646969],[-82.4050899113014,29.6426507520695],[-82.4058550684127,29.6423895752179],[-82.405855929897,29.6423096667709],[-82.4058808015523,29.6400814652214],[-82.4064630787397,29.6400882204431],[-82.4073439703005,29.6400827058649],[-82.4077810662633,29.6400831407538],[-82.407807722871,29.6401045525874],[-82.4079980165909,29.6400975280011],[-82.4081879716459,29.6400853963982],[-82.408377411068,29.6400681679268],[-82.4083818819832,29.640045659884],[-82.4084582477655,29.6400372033609],[-82.4085090951055,29.6400310602597],[-82.4086062703614,29.6400181510014],[-82.4087075715793,29.640003602904],[-82.4089106564106,29.6399694473077],[-82.4091123165138,29.6399293625238],[-82.4093123246151,29.6398833922684],[-82.4095104534409,29.6398315872835],[-82.4097064829039,29.6397740084604],[-82.4099001920185,29.6397107182511],[-82.4102824323584,29.639643421073],[-82.4102631113933,29.6413685235332],[-82.4119628362003,29.6413828317402],[-82.4119660306094,29.6421121533173],[-82.4119796876967,29.6452302180959],[-82.4119925713345,29.6452301876474],[-82.4119797128495,29.6452358104651],[-82.4103309593501,29.6452394533513],[-82.4100274527516,29.6452109145431],[-82.4086392313458,29.6458239560944],[-82.4086349463819,29.645818769735],[-82.4084631902962,29.6456167341679],[-82.4082713083549,29.6457014742481],[-82.4078451475841,29.6458896627084],[-82.4078495241761,29.6458948092472],[-82.4078485926232,29.6458952214699],[-82.4075282596811,29.6460275526934],[-82.4074861125246,29.6460449636151],[-82.4071537610223,29.6456494841016]]],[[[-82.4389575895771,29.6832811180325],[-82.4306227966905,29.6832141364125],[-82.4306165965184,29.6826014217945],[-82.4306224463476,29.6814291923938],[-82.4306247972387,29.6809579966554],[-82.4306309084776,29.6797333767392],[-82.4287931790868,29.6797398709663],[-82.4275180510837,29.6797443773555],[-82.4263357082696,29.6797353396021],[-82.4223979575948,29.6797053862337],[-82.4222911326361,29.6797044223624],[-82.4222438210651,29.6816068076427],[-82.4218717828918,29.681594140974],[-82.419580795948,29.6815497116259],[-82.415924420078,29.6814787204673],[-82.4157414197799,29.6814937199116],[-82.4151410622008,29.6814959184355],[-82.4146851788722,29.6814975846934],[-82.4141024201878,29.6814997137573],[-82.413966136776,29.6814981333488],[-82.4139627555173,29.6810210673712],[-82.4139382539679,29.6775640293567],[-82.4139147468536,29.6742469568143],[-82.4103504006895,29.6741776979042],[-82.410273943279,29.6741767636391],[-82.4102859537544,29.6734177863158],[-82.4102843987706,29.6730546956715],[-82.4103213940889,29.6715496969435],[-82.4103645814945,29.6694647260316],[-82.4103702624404,29.6692885161666],[-82.4102643878993,29.6692576932827],[-82.4098873874325,29.6692546920923],[-82.4081443880833,29.6692306872489],[-82.4081393862638,29.6681296866257],[-82.4081283792066,29.6661736844298],[-82.4081273784834,29.6659626842985],[-82.4081263768619,29.6654976840816],[-82.4081323758113,29.6649206837633],[-82.4081343754612,29.6647166835773],[-82.4081413742355,29.6640326825974],[-82.4083133665782,29.6614206812264],[-82.4082293642176,29.6608516814028],[-82.4081873634865,29.6605706813249],[-82.4081773625424,29.6604466803993],[-82.4081663626718,29.660292680359],[-82.4081583622759,29.659905680459],[-82.4081543620779,29.6596576799382],[-82.4081363490598,29.6596438458223],[-82.4191151003215,29.6597159554084],[-82.4139945980992,29.6536639441217],[-82.4140427280355,29.6531805077871],[-82.4140481511648,29.6491714544681],[-82.4140483550824,29.6490339731925],[-82.4164830455222,29.6490378524935],[-82.4196352401424,29.6490471295575],[-82.4202196643033,29.6490479399246],[-82.4216938419054,29.6490499705265],[-82.4222811388786,29.649050774648],[-82.4223971643823,29.6490514257521],[-82.42239919188,29.6513007406447],[-82.4378894585683,29.6512006406421],[-82.439142626356,29.6511679237418],[-82.4390569432475,29.6553078964755],[-82.4568960304177,29.6555438263775],[-82.4567989405018,29.6588066292532],[-82.4567655492244,29.6599287086351],[-82.4555469890331,29.6599283378425],[-82.4555769110168,29.6602080719975],[-82.4555310457334,29.6642360776579],[-82.4555067975089,29.6663727422392],[-82.4554975089289,29.6671910984077],[-82.455650512683,29.6672722461419],[-82.4555789501925,29.6743966380375],[-82.4555083399163,29.6788429191068],[-82.4552658064676,29.6788417257693],[-82.4550660957086,29.6788407431584],[-82.4546534312267,29.6788387061336],[-82.4545941729606,29.6790081263631],[-82.4545498958986,29.6791320177739],[-82.4543838513015,29.6795966248138],[-82.4541137835911,29.6799797340608],[-82.4539811356613,29.6801677522675],[-82.4536429909237,29.6806479495788],[-82.4530320736485,29.6807170565261],[-82.4529737801731,29.6806708731078],[-82.452603756921,29.6803776447835],[-82.4524503237722,29.6802560713079],[-82.4523391069501,29.6800148891146],[-82.4522444685366,29.6797953266996],[-82.4522140641575,29.6796203836782],[-82.4521783174974,29.6794147025304],[-82.4521727138066,29.6794110983437],[-82.4521713977747,29.6794035262735],[-82.4519685779465,29.6792730652353],[-82.4516643005935,29.679077425652],[-82.4512852708324,29.6788336112299],[-82.4512616487337,29.6788184365635],[-82.4511173173153,29.6784766707508],[-82.4510994776721,29.6784344269087],[-82.4511025813514,29.6780219682348],[-82.4511520506758,29.6779633162542],[-82.4514027965227,29.677666023106],[-82.4513922062838,29.6776592095294],[-82.4516069449592,29.6774045796731],[-82.451821715974,29.6771499780498],[-82.4518590337875,29.6771057082976],[-82.4520738021073,29.6768510778202],[-82.4520989809864,29.676821221153],[-82.4521000409985,29.6766747607029],[-82.4521070775021,29.6766748005076],[-82.4521100554172,29.6762760922989],[-82.4521124170881,29.6759598812902],[-82.4521142846856,29.675709802091],[-82.4521072841146,29.6757097630663],[-82.4521073667596,29.6756986262028],[-82.4517232507374,29.6756964517474],[-82.4512761861699,29.6756939744604],[-82.4508322692992,29.6756914893684],[-82.4506827438219,29.6757431572593],[-82.4504809408866,29.6760380311075],[-82.4502789394236,29.6763332053596],[-82.4499263057588,29.676597574501],[-82.4494141304012,29.6766734955349],[-82.4490383228971,29.6766714155394],[-82.4486605004717,29.6766693293],[-82.4482827103857,29.676667187646],[-82.4479221859195,29.6767273615494],[-82.4475368445952,29.6767920950112],[-82.4475730817355,29.6769179372414],[-82.4474204004765,29.67695145513],[-82.4474238131763,29.6769631522422],[-82.4477130859691,29.6779546092626],[-82.4478685816499,29.6784875177515],[-82.4479911693468,29.678862871021],[-82.4480945079438,29.6791484013362],[-82.4481852925847,29.6793594409229],[-82.448024636981,29.6793848356981],[-82.4478672377702,29.67940971536],[-82.4473605223729,29.6794064093108],[-82.4398650739654,29.6793574202984],[-82.437823709076,29.6793328801259],[-82.4373066100524,29.6794969861226],[-82.4391409411165,29.6814606757089],[-82.4389552880934,29.6817691406551],[-82.4389575895771,29.6832811180325]]]]},"properties":{"OBJECTID":13,"code_elem":"010482","link":"http://www.edline.net/pages/HID0482","Facility":"Hidden Oak Elementary School","Address":"2100 FORT CLARKE BLVD","Descrip":"Hidden Oak,(Grades K-5)","EntityID":"0482","Entity":482,"Label":"Hidden Oak Elementary","Capacity2025":744,"Attendance2025":611,"PctCap2025":82,"Shape__Area":17917937.982421875,"Shape__Length":25213.040254435233}},{"type":"Feature","id":14,"geometry":{"type":"MultiPolygon","coordinates":[[[[-82.4045103155852,29.6424706617554],[-82.4025340560961,29.6401307622458],[-82.402951831992,29.6401239164576],[-82.4044025833281,29.6401330569276],[-82.4044031483684,29.6400643101417],[-82.4058808015523,29.6400814652214],[-82.405855929897,29.6423096667709],[-82.4058550684127,29.6423895752179],[-82.4050899113014,29.6426507520695],[-82.4047044001956,29.6427971472853],[-82.4045103155852,29.6424706617554]]],[[[-82.4558897565011,29.6160908496557],[-82.4558889156779,29.6184766386961],[-82.4558871343187,29.6235311171245],[-82.4558857311503,29.6275109826911],[-82.4558846316123,29.6306319006531],[-82.4560000462617,29.6306318865979],[-82.4558985402279,29.6379490098896],[-82.4558945139788,29.6379492082093],[-82.4475302797071,29.6379016145748],[-82.44745099979,29.6451028864068],[-82.4557968976501,29.6452754855955],[-82.4557953462596,29.6453873094504],[-82.4557585027566,29.6555288550693],[-82.4390569432475,29.6553078964755],[-82.439142626356,29.6511679237418],[-82.4378894585683,29.6512006406421],[-82.42239919188,29.6513007406447],[-82.422397149111,29.649033763184],[-82.4222811388786,29.649050774648],[-82.4202196643033,29.6490479399246],[-82.4196352401424,29.6490471295575],[-82.4164830455222,29.6490378524935],[-82.4140483550824,29.6490339731925],[-82.4140439964567,29.6522425912232],[-82.4140436218592,29.6525192302956],[-82.4140427280355,29.6531805077871],[-82.4139945980992,29.6536639441217],[-82.4119708033585,29.6512717265575],[-82.4085033270231,29.6471726713723],[-82.4075282596811,29.6460275526934],[-82.4078485926232,29.6458952214699],[-82.4078495241761,29.6458948092472],[-82.4084666362336,29.645622291383],[-82.4086383905227,29.645824326939],[-82.4086392313458,29.6458239560944],[-82.4100274527516,29.6452109145431],[-82.4100964873828,29.6452225372732],[-82.4101661014275,29.6452311573141],[-82.4102361233072,29.6452367528063],[-82.4103309593501,29.6452394533513],[-82.4112477943021,29.6452374336028],[-82.4117957414726,29.6452362195676],[-82.4119797128495,29.6452358104651],[-82.4119925713345,29.6452301876474],[-82.4119796876967,29.6452302180959],[-82.4119628362003,29.6413828317402],[-82.4102631113933,29.6413685235332],[-82.4102832219776,29.639572880515],[-82.41027721135,29.6395683114259],[-82.4102797778368,29.6395672964197],[-82.4104679560242,29.6394857562564],[-82.4106528859035,29.6393987287384],[-82.410834357269,29.6393063122295],[-82.4110121644065,29.6392086113387],[-82.4111861060932,29.6391057384828],[-82.4113559855983,29.6389978076394],[-82.4115216097838,29.6388849429364],[-82.4116827900037,29.6387672724049],[-82.4118393447982,29.6386449287609],[-82.4119910971991,29.6385180509667],[-82.4121423303738,29.6383747375271],[-82.4122880371129,29.6382271186386],[-82.4124280557196,29.6380753574665],[-82.412562232582,29.6379196202997],[-82.4126904194781,29.6377600796738],[-82.4128124744741,29.6375969112483],[-82.4129282646193,29.6374302938066],[-82.4133450829111,29.6367750139892],[-82.413907510924,29.6357873448407],[-82.4141174319345,29.6354187027306],[-82.4141896933143,29.6352918333646],[-82.4142213310803,29.6352362898536],[-82.4142259241663,29.6352281647698],[-82.4142319662349,29.6352207978497],[-82.4142392928944,29.6352143827336],[-82.4142485491351,29.6352080628757],[-82.4142588168788,29.6352030766371],[-82.4140922279026,29.6351593779375],[-82.4141798989827,29.6350051572779],[-82.4145626693287,29.6343439306145],[-82.4152448993628,29.6331653685975],[-82.4152975729778,29.6330743729344],[-82.415324900627,29.6330271611618],[-82.4153944598744,29.6329448848506],[-82.4158609011025,29.6323931560722],[-82.4163178929522,29.6319631374591],[-82.4170209117986,29.6314661446615],[-82.417778894964,29.6310651560649],[-82.4193174117033,29.6306128316783],[-82.420157735346,29.6305341772921],[-82.4210065363899,29.6305153058524],[-82.421606050451,29.6305272113824],[-82.4226462187016,29.6305382657912],[-82.4259411107047,29.6305237241328],[-82.425944146112,29.6304244374154],[-82.4259442557065,29.6303979816073],[-82.4259446994742,29.6302996130407],[-82.4259467548196,29.6298214344153],[-82.4259516039255,29.6287132747739],[-82.4259565599309,29.6275652404698],[-82.4259587859562,29.626991244571],[-82.4259609167601,29.6264172485255],[-82.4259652421482,29.6252692310062],[-82.4259739863491,29.6229429982624],[-82.4325680202849,29.6229851545127],[-82.4326005662476,29.6229852568109],[-82.4326856438916,29.6229855309077],[-82.4326870560432,29.6228682002365],[-82.4327256934819,29.6196558528215],[-82.4327682763213,29.6160038370691],[-82.4339857324831,29.6160081588829],[-82.4392065414884,29.616026618352],[-82.439385918881,29.6160275172328],[-82.4393867902468,29.6160275219186],[-82.4390867250942,29.6148380011099],[-82.4389982149875,29.614486772912],[-82.4388888082708,29.6124773751557],[-82.4395311953271,29.6124702838213],[-82.4398934921694,29.6123900603327],[-82.4406985039365,29.6120398904341],[-82.4414779119214,29.6118707510859],[-82.4422867388335,29.6118644125819],[-82.4427120165604,29.6119093170783],[-82.4433957458827,29.6121397333665],[-82.4441091007448,29.6125234039956],[-82.4447237415369,29.6129246139873],[-82.4455334613744,29.6134052875787],[-82.4463030310104,29.6137134355415],[-82.4470854995554,29.613926288317],[-82.4475403893473,29.6140065808706],[-82.4477388370751,29.6140416090247],[-82.4490162791383,29.6140998952776],[-82.4497593781177,29.6141020249865],[-82.450797129002,29.6140962661036],[-82.4517225698144,29.6140996430238],[-82.452350406858,29.6139867980646],[-82.4529999049781,29.6137515876938],[-82.4534658476413,29.6134409899245],[-82.453930216456,29.6128961175678],[-82.4542635632917,29.6122041787943],[-82.4543151283856,29.6115580185398],[-82.4542524987423,29.611188932423],[-82.4540791409605,29.6106173276009],[-82.4539632933231,29.6103533763679],[-82.453891099317,29.610211061595],[-82.4541681388523,29.6101705221422],[-82.4544452197101,29.61016785424],[-82.4553926306195,29.6081033164649],[-82.4554542631328,29.6079690102076],[-82.455914744039,29.6079685533116],[-82.4560721163004,29.6079684119472],[-82.4560901095555,29.6054148649806],[-82.4561003656211,29.603959274925],[-82.456102425458,29.6036639618607],[-82.4561032033991,29.603553992774],[-82.4561051311837,29.6032789984567],[-82.4561187990507,29.6014898366457],[-82.4561187424569,29.6014768357506],[-82.457147170625,29.6014847636021],[-82.4570853728217,29.6101231817065],[-82.4570562081177,29.6141997759992],[-82.4570192056128,29.616101806467],[-82.4558897565011,29.6160908496557]]]]},"properties":{"OBJECTID":14,"code_elem":"010510","link":"http://www.edline.net/pages/CHI0510","Facility":"Chiles Elementary School","Address":"2525 SCHOOL HOUSE RD","Descrip":"Chiles,(Grades K-5)","EntityID":"0510","Entity":510,"Label":"Chiles Elementary","Capacity2025":727,"Attendance2025":613,"PctCap2025":84,"Shape__Area":19416909.3984375,"Shape__Length":28589.710154442069}},{"type":"Feature","id":15,"geometry":{"type":"Polygon","coordinates":[[[-82.4806922648518,29.6695355765895],[-82.47281064328,29.6694914705211],[-82.4728086759695,29.6701643616888],[-82.4728187164394,29.6747098318612],[-82.4710292840716,29.6746974335965],[-82.4710267319578,29.6746951693618],[-82.4706548932106,29.6746893530648],[-82.4693261007507,29.6746685667466],[-82.4639505228018,29.6745844739009],[-82.4630686889082,29.6745706340329],[-82.4561813810833,29.6744624586799],[-82.4555780554705,29.6744529669792],[-82.4555789501925,29.6743966380375],[-82.455650512683,29.6672722461419],[-82.4554975089289,29.6671910984077],[-82.4555067975089,29.6663727422392],[-82.4555310457334,29.6642360776579],[-82.4555769110168,29.6602080719975],[-82.4555469890331,29.6599283378425],[-82.4567655492244,29.6599287086351],[-82.4567989405018,29.6588066292532],[-82.4568960304177,29.6555438263775],[-82.4557585027566,29.6555288550693],[-82.4557696751038,29.6524538597955],[-82.4557837490093,29.6485799549743],[-82.4557953462596,29.6453873094504],[-82.4557968976501,29.6452754855955],[-82.44745099979,29.6451028864068],[-82.4475302797071,29.6379016145748],[-82.4558985429228,29.6379490098896],[-82.4559825371986,29.631894132106],[-82.4559357673116,29.630685892826],[-82.4558850744818,29.6293762617428],[-82.4558897565011,29.6160908496557],[-82.4570192056128,29.616101806467],[-82.4570562081177,29.6141997759992],[-82.457147170625,29.6014847636021],[-82.4561091709075,29.6014767623301],[-82.4561088367342,29.6014055366093],[-82.4560673480428,29.6014447861352],[-82.4507278715885,29.6014714947996],[-82.4449816119224,29.6014137331544],[-82.4396868050938,29.6013994661354],[-82.4390258732168,29.601438258738],[-82.4390725730352,29.600416372594],[-82.4390028269382,29.5966984547258],[-82.4367290517152,29.5967366867402],[-82.4367257063891,29.596615066923],[-82.4366257598306,29.5929810137908],[-82.436543401387,29.5910851033742],[-82.4362731827597,29.591233043629],[-82.4362788807735,29.5911592211659],[-82.4362395579203,29.5910767583526],[-82.4459214006265,29.5858914777525],[-82.4459505797036,29.5859626074043],[-82.4481076808391,29.5848330818599],[-82.4515772206048,29.5830062275195],[-82.4524557379184,29.5825491767508],[-82.4533420984227,29.5819844366903],[-82.4544836110104,29.5812091813892],[-82.4562737970648,29.5799933675675],[-82.4562631071129,29.5812713146226],[-82.4562562475774,29.5816290004659],[-82.4561936448836,29.5868815286589],[-82.4563813981678,29.5868829410362],[-82.4563833780547,29.5869768570537],[-82.4924793229011,29.587292799916],[-82.4945168268313,29.5871849206045],[-82.4962507379247,29.5870930913138],[-82.4962430869735,29.5945177210351],[-82.4962431651269,29.5945311618183],[-82.4962500857478,29.5957244473645],[-82.5019494461696,29.5957563332016],[-82.5092751462262,29.5957909833881],[-82.5212094291674,29.5958201556177],[-82.5237141711314,29.5958282549776],[-82.5237434876507,29.600302325862],[-82.5238106591761,29.610552721054],[-82.528674333957,29.6105813915176],[-82.5402015210727,29.6106496710803],[-82.5404369201014,29.6106578051752],[-82.5405859739632,29.6107164503005],[-82.5470496345034,29.6108863132259],[-82.5472253144303,29.6108909296947],[-82.5513514669731,29.6109993639337],[-82.5567510820424,29.611152108553],[-82.5568221172218,29.6111900804841],[-82.5570089766824,29.6545837588257],[-82.5569502385409,29.6562999955427],[-82.556841335779,29.65948178856],[-82.5569343356654,29.6594747895251],[-82.5570413348972,29.6594587891645],[-82.5570453377902,29.6600397894574],[-82.5570553396325,29.6605057906669],[-82.5570633409268,29.6609727904575],[-82.5570933437589,29.6614557896872],[-82.5570983437818,29.6618897906374],[-82.5570763485321,29.6629337912221],[-82.5570703504809,29.6636327924153],[-82.5570743524755,29.6642607916815],[-82.5571183519581,29.6641997922678],[-82.5571213532295,29.6645827923504],[-82.5571213532295,29.6646517916905],[-82.5571173557265,29.6650527924849],[-82.5571163567999,29.6651837918354],[-82.5571223566477,29.6655217936321],[-82.5571233582692,29.6655477921621],[-82.5571243580941,29.6655977924987],[-82.557125357919,29.665668792528],[-82.5571303588402,29.6659177929713],[-82.5571333601116,29.6660527923897],[-82.5571343599365,29.6661247935666],[-82.5571293635069,29.6669937937972],[-82.557142364824,29.667560794219],[-82.5571223656308,29.667979794692],[-82.5570983680363,29.6684967945875],[-82.5571013720026,29.6694217962094],[-82.5571033734491,29.6700157957989],[-82.5571013755959,29.6706157965215],[-82.5571003766693,29.6709427972192],[-82.5571083806585,29.6720917972395],[-82.5571083833534,29.6727587976226],[-82.5571083842517,29.6729357983132],[-82.557107390715,29.6747357983571],[-82.5571073943083,29.6754247989915],[-82.5571064016699,29.6777478008189],[-82.5571054036416,29.67828680122],[-82.5571054072349,29.6792488021078],[-82.557099410082,29.6801628025966],[-82.5570994109804,29.6803878024353],[-82.5571024185399,29.6823918039545],[-82.5571094209076,29.6831298040966],[-82.5571090786495,29.6832118310065],[-82.5569572094675,29.6832238270775],[-82.5528685238586,29.6831540303875],[-82.5461378148456,29.683037604128],[-82.5403828621825,29.6829383489204],[-82.5403820581903,29.6831109807595],[-82.5360131682813,29.6831056855002],[-82.5230806324806,29.6832013310288],[-82.5228511560447,29.6832362664342],[-82.5066727061868,29.6830345299878],[-82.5065288805199,29.6720275774574],[-82.4960949188505,29.6718678302006],[-82.4958864890433,29.6718719818045],[-82.4958982857196,29.6672834721418],[-82.4958667961756,29.6672832168991],[-82.4959327891114,29.6601592843985],[-82.4890901913365,29.6601013784158],[-82.4890600214177,29.6668168201159],[-82.4806894683963,29.666773932875],[-82.4806922648518,29.6695355765895]]]},"properties":{"OBJECTID":15,"code_elem":null,"link":null,"Facility":"Terwilliger Elementary School","Address":null,"Descrip":null,"EntityID":null,"Entity":null,"Label":"Terwilliger Elementary","Capacity2025":962,"Attendance2025":723,"PctCap2025":75,"Shape__Area":119086595.05078125,"Shape__Length":58373.395591482251}},{"type":"Feature","id":16,"geometry":{"type":"Polygon","coordinates":[[[-82.3307335632709,29.6739245531225],[-82.3196049146294,29.6738431110406],[-82.296902331443,29.6737915732988],[-82.2891584521469,29.6849541940021],[-82.2891581934321,29.6849540800605],[-82.2890760937034,29.6849129182642],[-82.2890760874152,29.6849112021159],[-82.2890750570475,29.6846375849574],[-82.2890933233905,29.6798035738398],[-82.2890988489278,29.6772651124068],[-82.2891289820157,29.6751705147007],[-82.2891385454802,29.6674881571352],[-82.2891531745446,29.659387707471],[-82.2891536443635,29.6591776251689],[-82.2891748805368,29.6573603374167],[-82.2891963969845,29.6555190727414],[-82.289203259215,29.6549306246601],[-82.2892371831934,29.6520269917903],[-82.2892375443161,29.6518320564672],[-82.299277584852,29.6518889453005],[-82.2999340988145,29.6518899203678],[-82.3071679093023,29.6519331652586],[-82.3072518469841,29.6519391678921],[-82.3100882244932,29.651879006483],[-82.311126521553,29.6518919321761],[-82.311516440692,29.6518967833116],[-82.3117284017765,29.6518994212237],[-82.311848110373,29.6519526384907],[-82.311944713402,29.6519955945038],[-82.3203431456383,29.6519718736123],[-82.3203444374156,29.6519718681476],[-82.3250094300086,29.6519637178712],[-82.3250114961337,29.6522468919655],[-82.3250148549346,29.6527071546334],[-82.3250148549346,29.6529521776338],[-82.3250136475988,29.6529982527768],[-82.3250048432107,29.6533341635088],[-82.3250053193178,29.653367653346],[-82.3250055456933,29.6533835898799],[-82.3250067593172,29.6534690182145],[-82.3250148450531,29.6540381550272],[-82.3250148252902,29.6546891740778],[-82.3250148396632,29.6546971773699],[-82.3250143734376,29.6552504443826],[-82.32501383894,29.655873155561],[-82.3250150310044,29.6559786490882],[-82.325024837014,29.6568371764629],[-82.3250359159364,29.6574818347463],[-82.3250359356994,29.6574823304495],[-82.324970470973,29.6592251127285],[-82.3247981237959,29.6596074182645],[-82.3245710629297,29.6600250327068],[-82.3245814025386,29.6607782877475],[-82.3245855725182,29.661360133622],[-82.324581566032,29.6614135386952],[-82.3245804143918,29.6617161864229],[-82.3245753335206,29.6630518050656],[-82.3245651654899,29.665188423769],[-82.3245593668647,29.6658536418399],[-82.3245555580079,29.6662906930054],[-82.3245432708515,29.6666008304057],[-82.3246231158088,29.6665989156815],[-82.3308380562031,29.6666190901443],[-82.3391617252515,29.6667015855926],[-82.3391069298158,29.6739787663742],[-82.3307335632709,29.6739245531225]]]},"properties":{"OBJECTID":16,"code_elem":"010101","link":"http://www.edline.net/pages/MET0101","Facility":"Metcalfe Elementary School","Address":"1250 NE 18TH AV","Descrip":"Duval(Grades PK-K),Metcalfe(Grades 1-5)","EntityID":"0101","Entity":101,"Label":"Metcalfe Elementary","Capacity2025":624,"Attendance2025":382,"PctCap2025":61,"Shape__Area":13247620.728515625,"Shape__Length":19046.602308951253}},{"type":"Feature","id":17,"geometry":{"type":"Polygon","coordinates":[[[-82.363577233988,29.7034198489002],[-82.3642677258277,29.7034151313368],[-82.3679288735485,29.7034182095352],[-82.3679349075323,29.7034193752712],[-82.3707495485064,29.7033499039399],[-82.3722328988058,29.7033132425271],[-82.3811542592336,29.7034330090748],[-82.3811580770735,29.7032540598909],[-82.3811578327318,29.7032491854835],[-82.3812071232914,29.7009587465521],[-82.3812200698113,29.6989789351109],[-82.3807168533521,29.6988879037671],[-82.3807204834441,29.6983327668469],[-82.3809973154686,29.6983341526915],[-82.381275594679,29.6982427610365],[-82.3818748868562,29.6976116248725],[-82.38154770426,29.6971518603248],[-82.3807659606554,29.6971466890971],[-82.3806032820456,29.6971456114652],[-82.3806077772153,29.6959966512175],[-82.3806079155559,29.6959618966039],[-82.3806131105131,29.6949249397571],[-82.3807363081661,29.6949249842367],[-82.3809904505432,29.6949250536873],[-82.3827140346041,29.6949255226743],[-82.384951795469,29.6949260915453],[-82.3852651305351,29.6949261742618],[-82.3852656048455,29.6949248039771],[-82.3857178985063,29.6949263982207],[-82.3860808888479,29.6934123509519],[-82.3866040461098,29.6914097779641],[-82.3867631449332,29.6907764871767],[-82.3867885977985,29.6906805031497],[-82.3869650170388,29.6906789931195],[-82.3869741394305,29.6887835673949],[-82.3885067632216,29.688756778092],[-82.3890103039726,29.688747972145],[-82.3890090714841,29.6903786074753],[-82.3890087705484,29.690483326572],[-82.389008527105,29.6905682255153],[-82.3892407649621,29.6905671446915],[-82.3893115746644,29.6905668153719],[-82.3903274713344,29.6905726596243],[-82.3914560598601,29.6905791523706],[-82.392307883735,29.690572411464],[-82.3923402266785,29.6905830636258],[-82.3925107466823,29.6905778561625],[-82.3926330532066,29.690581150919],[-82.3928205396912,29.6905861882596],[-82.3930637729275,29.6905927239259],[-82.3930986706796,29.6905928753192],[-82.3930974283096,29.6909795183332],[-82.3930938844558,29.6920690275592],[-82.3930921758601,29.6925961661334],[-82.3930903873144,29.6931479745299],[-82.3930847342163,29.6943227914499],[-82.3930799282295,29.6959799075452],[-82.3930813134317,29.6960142446727],[-82.3931112722464,29.6960143250474],[-82.3932057956756,29.6960145778762],[-82.3932055315709,29.6961178240691],[-82.3931283959324,29.696199252006],[-82.3931239169324,29.6963453016437],[-82.3931321760431,29.6963986241486],[-82.393153963782,29.6964497179955],[-82.3930616555983,29.6964785067999],[-82.3930551877283,29.6964805216179],[-82.3929655223882,29.6964737678416],[-82.3928992518731,29.6965061687965],[-82.3928677874819,29.6965565400016],[-82.3928412207057,29.6965854013462],[-82.3927915438705,29.696592823859],[-82.3927717216454,29.6966497638471],[-82.3927650175185,29.6967045781825],[-82.3927066629576,29.6967573214918],[-82.392679570667,29.6967871917453],[-82.3926396369593,29.6967793143144],[-82.3925559903316,29.6967724357054],[-82.392595407508,29.6968701563883],[-82.3926949201802,29.6969221746851],[-82.3927302320557,29.6969832221353],[-82.392825280101,29.6970615709777],[-82.3928921776402,29.6971334968857],[-82.3929463747979,29.6971461155566],[-82.3929952179966,29.6971021565982],[-82.3930380361946,29.6971238676472],[-82.3931087884047,29.6971597642576],[-82.3932161406744,29.6972015125252],[-82.3933024148743,29.6972211939234],[-82.3934598293565,29.69726259414],[-82.3935931923452,29.6972140586171],[-82.3937117097756,29.6972849738938],[-82.3936289417002,29.697358638207],[-82.3937509266276,29.6973252379298],[-82.3937775482011,29.6974426628396],[-82.3938574479557,29.6974658985694],[-82.393942757365,29.6974254715018],[-82.3939708395991,29.6975319740981],[-82.3939771098398,29.6975557552537],[-82.3939796161394,29.6975652556973],[-82.3940271082718,29.6975544341652],[-82.3941229279699,29.6975519012336],[-82.394154762467,29.6975577669288],[-82.3941772113659,29.6975851094758],[-82.3942130487559,29.6976287560935],[-82.3942679115652,29.6976084614409],[-82.3943069325845,29.6975940215526],[-82.3944265154168,29.6975997179151],[-82.3944965067539,29.697665450794],[-82.3946841908679,29.6976817322341],[-82.3947598999817,29.6976469251415],[-82.3949113963628,29.6975824813454],[-82.3950825415941,29.6975884032222],[-82.3952089704872,29.6975712712139],[-82.3953936901607,29.6976071146024],[-82.3955152798294,29.697652005826],[-82.3954784327331,29.6975174741139],[-82.3955551659263,29.6975399700792],[-82.3956162289078,29.6975169731457],[-82.3956396938013,29.6975117925729],[-82.3957041164819,29.697497569601],[-82.3957934754965,29.6974488453531],[-82.3959703771321,29.6973210311937],[-82.3960575011383,29.6972483703525],[-82.3961165500968,29.6972327380738],[-82.3961990136433,29.6971793645099],[-82.3962566935694,29.6971688254146],[-82.3963121717247,29.697055308847],[-82.396350132732,29.697003005019],[-82.3963814228499,29.6969414355409],[-82.3964040325473,29.696903049603],[-82.3964186930528,29.6968637093076],[-82.3964974923712,29.6967973500797],[-82.396634100973,29.6966815646709],[-82.3966602590158,29.6966064094283],[-82.3967359142307,29.6965874684443],[-82.396855462927,29.6965858461351],[-82.396958838355,29.6965982097064],[-82.3971181635538,29.6968042123001],[-82.3972383491557,29.6968066976504],[-82.3972364950329,29.6974695481477],[-82.3972371606845,29.6974695309806],[-82.3973809234693,29.6994067836629],[-82.4042770949711,29.6993564006217],[-82.4043683458377,29.6969493270049],[-82.4048433794515,29.6969512497348],[-82.4047853518774,29.6966311529513],[-82.4047011689555,29.696574933979],[-82.4047653742438,29.6965581162716],[-82.405534580062,29.696356432318],[-82.4055343482967,29.6960485373095],[-82.4082162955269,29.6960558591987],[-82.4097191581326,29.6960599317701],[-82.4116840081192,29.6960646309508],[-82.4118107720839,29.6960649329407],[-82.4122299565382,29.6960660254104],[-82.4139024093915,29.6960703968499],[-82.4166262621314,29.6960771693814],[-82.4180870126149,29.6960808580269],[-82.4180768122448,29.6987869061659],[-82.4180754207544,29.6991593206617],[-82.4180736771245,29.699625789791],[-82.4222498334892,29.6995361191112],[-82.422273387316,29.6984077850227],[-82.4304173906126,29.698537116295],[-82.4304461816175,29.7010002084325],[-82.4304748504515,29.7034526471171],[-82.430551188386,29.7034531511767],[-82.4334220432356,29.7034718560025],[-82.4347111445329,29.7034802595962],[-82.4353065901241,29.703484119631],[-82.4356350582094,29.7034860672046],[-82.4388772101221,29.7035074405742],[-82.4471931976765,29.7035349976386],[-82.4472130738005,29.7035350631819],[-82.4495125848581,29.703545173237],[-82.4553663369311,29.7035706508522],[-82.4553680239672,29.7041368340179],[-82.4553933393902,29.7126409070307],[-82.4553937445304,29.7127806801927],[-82.4553940418728,29.7128766399822],[-82.4554097399324,29.7181544580095],[-82.4495428787444,29.7180201831305],[-82.4494790166125,29.7180185471245],[-82.4488829700485,29.7180031950373],[-82.4389723569821,29.7177475314954],[-82.437930136081,29.7177869104202],[-82.4369964469376,29.7178221918953],[-82.4360405909663,29.7178583260797],[-82.4350833138602,29.7178945140825],[-82.4343828641955,29.7179209780872],[-82.4333590533679,29.7179596493339],[-82.4332013002208,29.7179655957546],[-82.4322555934156,29.7180013140593],[-82.4314858998122,29.7180302971883],[-82.4309308739172,29.7180512352508],[-82.4305973905377,29.7180638278884],[-82.430596066421,29.7180638622157],[-82.4304692494557,29.718063887181],[-82.4271879929803,29.7180501633045],[-82.4240880425804,29.71803712051],[-82.4238532049988,29.7192504777649],[-82.422114651412,29.7192410378844],[-82.4221121900281,29.7213110576198],[-82.4221070220203,29.728612380017],[-82.4220987530281,29.7326198456504],[-82.4220941734168,29.7345050359891],[-82.4220731833819,29.7393863757185],[-82.4220727809366,29.7394916489846],[-82.4096214627522,29.7394465970697],[-82.4086220384896,29.7394429217174],[-82.4086281784745,29.7406065103181],[-82.4086333150413,29.7415855153933],[-82.4077846927621,29.7415865574489],[-82.4068338978991,29.7415877180617],[-82.4066927141774,29.7415861159793],[-82.4064466692144,29.7407403774583],[-82.4064461401067,29.7407385538457],[-82.4052111667968,29.7407331399467],[-82.4052157140688,29.7407506772032],[-82.4052898277746,29.7410369839482],[-82.4054282033627,29.7415715950586],[-82.4043510676415,29.7415592151863],[-82.4027858844129,29.7415411929222],[-82.4027460405368,29.7468428654173],[-82.4025985569301,29.7468272416415],[-82.4025697973663,29.7468385234867],[-82.4025058804372,29.7468385422052],[-82.4024114270767,29.7468385375256],[-82.4022899496974,29.7467972591471],[-82.4022746379134,29.7466998475661],[-82.4022596351498,29.7466042274187],[-82.4022492443369,29.746538026642],[-82.4021017508488,29.7464840646974],[-82.4019113259748,29.7464887069218],[-82.4018866690169,29.7465011821186],[-82.4017356990486,29.7465776898655],[-82.4016809638,29.7465608313985],[-82.4016731358806,29.7465584229344],[-82.4015392707336,29.7464859217432],[-82.4015190873858,29.7464670603652],[-82.4014548641312,29.7464070085783],[-82.401428314423,29.7463821876305],[-82.4014246331269,29.746262410716],[-82.4013355130642,29.7462082286785],[-82.4012288749552,29.7461433972258],[-82.4011267580669,29.7460927748006],[-82.401098516831,29.7461018650785],[-82.4009530975528,29.7460751058874],[-82.4009507116274,29.7460746550781],[-82.4009102128795,29.7460672120455],[-82.4009034683283,29.7460403701707],[-82.4009007922471,29.7460297940879],[-82.4008393843126,29.7458870316799],[-82.4007600235471,29.7456959901908],[-82.4006687115951,29.7456606389622],[-82.4005113896394,29.7458678995472],[-82.4004995237928,29.7458835507707],[-82.4004382074865,29.7458873787568],[-82.4004346411748,29.7458875963624],[-82.4003235582017,29.7458945293222],[-82.4002407488039,29.7457892666775],[-82.4002148521709,29.7457649229057],[-82.4001727948459,29.7457223602882],[-82.4001688440553,29.7457183638267],[-82.3999774247463,29.7456611896069],[-82.3999699893907,29.7456267462282],[-82.3999007526385,29.7456131204959],[-82.3997852616323,29.7454391804882],[-82.3997821507665,29.745443255736],[-82.3997358363254,29.7455037862103],[-82.3997333982977,29.7455028120512],[-82.3995937435087,29.7454464418387],[-82.3994476325278,29.7454301213482],[-82.3994586126355,29.7453653096713],[-82.3994138298219,29.7453219606919],[-82.3994102823749,29.7453243239485],[-82.3993344519885,29.7453751667082],[-82.399333462045,29.7453742986213],[-82.399294823708,29.7453399315795],[-82.3992935247441,29.7453387827094],[-82.3992893799174,29.7453351130327],[-82.3993182796184,29.745235112146],[-82.3992841894517,29.745080907454],[-82.3991907493908,29.7450299280529],[-82.3991866943956,29.7450309349747],[-82.3989895312587,29.7450771862909],[-82.398798930315,29.7448767908053],[-82.3989638565096,29.7447647578457],[-82.3989645598904,29.7447642742723],[-82.3990157333189,29.7447034914253],[-82.3989258326203,29.7446774587815],[-82.3989902795553,29.7445478032143],[-82.3989268710727,29.7444969491156],[-82.3989238536317,29.7444981104746],[-82.3988430834095,29.7445306386622],[-82.3986979120663,29.7444251702362],[-82.3985837604482,29.7443819433041],[-82.3985617678935,29.7441519429848],[-82.3986330312449,29.744084498109],[-82.3986232656595,29.743978346746],[-82.3983649928288,29.7437367622417],[-82.3982555447895,29.7437216090808],[-82.3981275698958,29.7436868210711],[-82.3973637683424,29.7431362240611],[-82.397174125901,29.7428044072599],[-82.3965496009458,29.7425220498917],[-82.3963306159341,29.7423172330754],[-82.3954532610405,29.7427182514892],[-82.3952025681942,29.7426298633601],[-82.3950075574207,29.7425611000842],[-82.3949478410139,29.7425400610598],[-82.3948881237087,29.7425189939518],[-82.3946060877438,29.7424195385791],[-82.3943364054107,29.7422634880327],[-82.3933817064694,29.7421092631712],[-82.3933127715512,29.7420934374235],[-82.3932902067695,29.7420443112916],[-82.3932247653994,29.7419959791538],[-82.3931698783356,29.7418257611752],[-82.3930845365869,29.741798918165],[-82.3930552964244,29.7418343643526],[-82.393045496703,29.7418462247246],[-82.3930160301651,29.7418819431082],[-82.3929530205344,29.7418824399551],[-82.3929215552449,29.7417937858961],[-82.3929123960223,29.7417679513919],[-82.3928849174561,29.7416904735787],[-82.3928336676708,29.7417235291639],[-82.3927824178855,29.7417565862983],[-82.3926908112861,29.7418156963147],[-82.3926908840497,29.7418241684564],[-82.3926913071562,29.7418652094285],[-82.3926437108191,29.7418269280251],[-82.3926289299395,29.7418150278719],[-82.3926168458023,29.7418052906019],[-82.3924091705799,29.7418227317334],[-82.39243679108,29.7418712238506],[-82.3924509503255,29.7418960677545],[-82.3925356345073,29.7420446817812],[-82.3924553421889,29.7420517749023],[-82.3923798801118,29.7420584234354],[-82.3923689673777,29.7420721908268],[-82.392358086983,29.7420859597763],[-82.3923993385191,29.742151530931],[-82.3923788479475,29.7422529045318],[-82.3920959334302,29.7422903082993],[-82.3920943092762,29.7422955629991],[-82.3920872018057,29.7423186323524],[-82.3920810330746,29.7423390497826],[-82.3920761597142,29.7423548676918],[-82.3920279704891,29.7423906958708],[-82.3919618176533,29.7423923236796],[-82.3919206173211,29.7423689961713],[-82.3916382462845,29.742562100791],[-82.391417213114,29.7426684884252],[-82.3911946671804,29.7427629696661],[-82.3908725933033,29.7431503961088],[-82.3907757324578,29.7431777652365],[-82.3906350751489,29.7432998600021],[-82.3904975538587,29.7431149675458],[-82.3904406482804,29.743022328147],[-82.3903685099698,29.7429049097525],[-82.3894109364196,29.7430435394437],[-82.3889391915381,29.743387756161],[-82.3886520495491,29.7436017884298],[-82.388650744297,29.7438860341698],[-82.3886487626135,29.7443266550465],[-82.3879538977749,29.7435521927171],[-82.3866748854565,29.7419522028494],[-82.3860551179791,29.7412696870376],[-82.3855342478279,29.7413232064176],[-82.3850585198164,29.7413463313735],[-82.3848524947992,29.7413443307156],[-82.3819705223996,29.7413164455182],[-82.3814200698278,29.7413201075421],[-82.3813450856544,29.7413206051717],[-82.373322277666,29.7413736861739],[-82.3733178220222,29.7413737368728],[-82.3732817393922,29.7392497424513],[-82.3722192120741,29.739242529792],[-82.3722256026891,29.7360508385784],[-82.3722268791951,29.7329067739035],[-82.3722314067041,29.7325182875811],[-82.3722282428377,29.7324058858912],[-82.3715877700913,29.7324031931479],[-82.3715804551099,29.7324018849988],[-82.3715854533362,29.7317472349654],[-82.3770524734928,29.7318770576326],[-82.3724291546442,29.7278879911348],[-82.3700997638237,29.7258603918256],[-82.3537444419746,29.7116205419952],[-82.3537051990714,29.7115872868994],[-82.3526232717365,29.7106704349739],[-82.3438688048138,29.7032513741682],[-82.3621863715353,29.7032965008546],[-82.363195047547,29.7032989860443],[-82.3634467132688,29.7034188072285],[-82.3635662943044,29.703419761509],[-82.363577233988,29.7034198489002]]]},"properties":{"OBJECTID":17,"code_elem":"010561","link":"http://www.edline.net/pages/TAL0561","Facility":"Talbot Elementary School","Address":"5701 NW 43RD ST","Descrip":"Talbot,(Grades K-5)","EntityID":"0561","Entity":561,"Label":"Talbot Elementary","Capacity2025":726,"Attendance2025":529,"PctCap2025":73,"Shape__Area":43734009.025390625,"Shape__Length":40945.139187449837}},{"type":"Feature","id":18,"geometry":{"type":"Polygon","coordinates":[[[-82.3426564582693,29.6885525023988],[-82.3473865203299,29.6885708073159],[-82.3598199180227,29.6886052515482],[-82.3649085210694,29.6886189966174],[-82.365592584565,29.6886208313221],[-82.3660760650374,29.6886221275555],[-82.3660762563785,29.6886221369202],[-82.3660764710759,29.688622138481],[-82.3686797204973,29.6886290722755],[-82.3688217351606,29.6886294585702],[-82.3688220172316,29.6886294687153],[-82.3688222750481,29.6886294710565],[-82.3689033749519,29.6886325309785],[-82.369132880134,29.6886411652491],[-82.3696848751131,29.6886341674631],[-82.3718510402499,29.6886431739811],[-82.3719228174377,29.6886434642873],[-82.3723290077614,29.6886513470384],[-82.3722979547987,29.6923070406408],[-82.3806226793675,29.6923081159834],[-82.3806131105131,29.6949249397571],[-82.3806079155559,29.6959618966039],[-82.3806077772153,29.6959966512175],[-82.3806032820456,29.6971456114652],[-82.3807659606554,29.6971466890971],[-82.38154770426,29.6971518603248],[-82.3818748868562,29.6976116248725],[-82.381275594679,29.6982427610365],[-82.3809973154686,29.6983341526915],[-82.3807204834441,29.6983327668469],[-82.3807168533521,29.6988879037671],[-82.3812200698113,29.6989789351109],[-82.3812071232914,29.7009587465521],[-82.3811578327318,29.7032491854835],[-82.3811580770735,29.7032540598909],[-82.3811542592336,29.7034330090748],[-82.3722328988058,29.7033132425271],[-82.3683361220877,29.703409446228],[-82.3678578230978,29.7034180285107],[-82.3671756325896,29.7034162916109],[-82.3646621976286,29.7034154629552],[-82.364095505313,29.7034163079968],[-82.363577233988,29.7034198489002],[-82.3635662943044,29.703419761509],[-82.3634467132688,29.7034188072285],[-82.363195047547,29.7032989860443],[-82.3621863715353,29.7032965008546],[-82.3438688048138,29.7032513741682],[-82.3526232717365,29.7106704349739],[-82.3537051990714,29.7115872868994],[-82.3537444419746,29.7116205419952],[-82.3724291546442,29.7278879911348],[-82.3770524734928,29.7318770576326],[-82.3715854533362,29.7317472349654],[-82.3715804551099,29.7324018849988],[-82.3722282428377,29.7324058858912],[-82.3722263357144,29.7356044473524],[-82.3722226741813,29.7392480896315],[-82.3732817393922,29.7392497424513],[-82.373322277666,29.7413736861739],[-82.3813450856544,29.7413206051717],[-82.3814200698278,29.7413201075421],[-82.3819705223996,29.7413164455182],[-82.3848524947992,29.7413443307156],[-82.3850585198164,29.7413463313735],[-82.3855342478279,29.7413232064176],[-82.3860551179791,29.7412696870376],[-82.3866748854565,29.7419522028494],[-82.3879538977749,29.7435521927171],[-82.3879982449055,29.7436019732817],[-82.3961331581498,29.7526646192664],[-82.4033546338705,29.7606968025909],[-82.4032406035249,29.7615117372711],[-82.403265602741,29.7632537364158],[-82.4033026007543,29.7658767384513],[-82.4033745980293,29.7699857399166],[-82.4056755975953,29.7699577457228],[-82.4065605980503,29.7699467495333],[-82.4065645991466,29.7701037503953],[-82.4065687313969,29.7702988461099],[-82.4073714282055,29.7702833390555],[-82.4085031895808,29.7702620898568],[-82.409083203912,29.7702510679687],[-82.4090825975492,29.7703057594466],[-82.4091715945427,29.7757697592347],[-82.4091715936444,29.7758767595627],[-82.4091725943676,29.7759357597895],[-82.4120185937316,29.7759477689501],[-82.4119225925739,29.7761097685022],[-82.4118355934335,29.7763067690484],[-82.4117705940345,29.7765097690753],[-82.4117315936765,29.7767177681804],[-82.4116655926559,29.7775877676191],[-82.4116505925873,29.7777877678824],[-82.4116485920392,29.7778117686045],[-82.4116045916582,29.7784147679001],[-82.4116005923586,29.7784657685235],[-82.4114235901116,29.7808367686609],[-82.4113025906361,29.782455768103],[-82.4112855891211,29.7826137683733],[-82.4112405898135,29.7828237678827],[-82.4111725882448,29.7830297673003],[-82.4110795883584,29.7832287673077],[-82.4109655903522,29.7834177670504],[-82.4106485874649,29.7838277655462],[-82.4098825877339,29.7848377626451],[-82.4097825881748,29.7850057643251],[-82.4096745873214,29.7852297635276],[-82.4095895869326,29.785461763677],[-82.4095285877316,29.7856997633856],[-82.4095025877923,29.7851127633593],[-82.4050805876871,29.7852177492432],[-82.4012445882861,29.7853747370787],[-82.3989505883928,29.7854627304308],[-82.3943004485448,29.7855923283809],[-82.3920625358646,29.785641777765],[-82.3855007316846,29.7854034457915],[-82.3798207524151,29.7851967456822],[-82.3768357486423,29.7849954893992],[-82.3765813852797,29.7849783364533],[-82.3765664471949,29.7849773283736],[-82.37656536203,29.7849783879098],[-82.3616771471434,29.7850259056403],[-82.3615177967918,29.7851286127194],[-82.3614965920595,29.7851286127194],[-82.3609755916526,29.7851086109809],[-82.3604795922584,29.7851136084922],[-82.3599195914934,29.7851036072322],[-82.3594015923578,29.7851126058714],[-82.3588335920953,29.7851346042743],[-82.3584525923288,29.785139602564],[-82.357586591242,29.7851606006795],[-82.3565675917911,29.7851685974731],[-82.3559985917036,29.785184595736],[-82.3555685915333,29.7851875942406],[-82.3542115919735,29.7852385898547],[-82.3540355922464,29.78524558948],[-82.3535215924105,29.7852515880446],[-82.3529725924145,29.7852505854252],[-82.3524255929667,29.78525758427],[-82.3513875923508,29.7852845809235],[-82.3508795923627,29.7852935787668],[-82.3503895919179,29.7852965772682],[-82.3498785924551,29.7853365767679],[-82.3492125922832,29.7853395744882],[-82.3476345918922,29.7853615697227],[-82.3471265919041,29.7853755689555],[-82.3465905923269,29.7853955659629],[-82.3461545923088,29.785427563973],[-82.3461195939453,29.7837915631345],[-82.346101594402,29.7826535623345],[-82.3460965943791,29.7815935616646],[-82.3460955954525,29.7813185621986],[-82.3460955945542,29.7802775606872],[-82.3460785957341,29.7795975599449],[-82.3460595963658,29.7782365598491],[-82.3439105962375,29.7782625533673],[-82.3370055960931,29.7783685311901],[-82.335496597994,29.7783605268361],[-82.332755595517,29.7784305177399],[-82.3286585968984,29.7784795044042],[-82.3254815970983,29.7785284949429],[-82.3254995966417,29.7784304943491],[-82.3255815984541,29.778133494056],[-82.3256375976323,29.7778144952146],[-82.3254935985905,29.7775534942725],[-82.3252815979801,29.7772364935249],[-82.3252995993201,29.7767504925331],[-82.3255305984004,29.7765164932935],[-82.3255805995275,29.7762964924501],[-82.3256065994667,29.7757194932901],[-82.3255115999305,29.7751474919333],[-82.3254355997625,29.7748614923689],[-82.3252986003935,29.7745344916998],[-82.32501159944,29.774093489786],[-82.3247506002224,29.7736914889062],[-82.3243315999227,29.7732864883317],[-82.3238046005664,29.7718674852781],[-82.3227386021581,29.7694304793399],[-82.3224526028261,29.7680964780381],[-82.3215636039698,29.7656704721489],[-82.3214876038018,29.7654724720381],[-82.3214686044335,29.7653014712376],[-82.3214876047001,29.7650814722729],[-82.3213746047222,29.7649874713698],[-82.32071260385,29.7646584686843],[-82.3197476039274,29.7644714664844],[-82.3195836056925,29.7644054646613],[-82.3197036044448,29.7642954654252],[-82.3197036044448,29.7641464648496],[-82.3194196038643,29.7638714642625],[-82.3192936052643,29.7637014635645],[-82.3191106049662,29.7635914627757],[-82.319054605788,29.7632274629484],[-82.3188776044394,29.7629524621782],[-82.3188716045915,29.7629034616811],[-82.3188716036933,29.7620504603745],[-82.3188586059694,29.76175945983],[-82.3187646071564,29.7617204600063],[-82.3183856052431,29.7617864589192],[-82.3182726052652,29.7617644585065],[-82.3179256058338,29.7615994575974],[-82.3178056061832,29.7616164570231],[-82.3174526060058,29.7617264568609],[-82.3172696048094,29.7617374555123],[-82.3171626055776,29.7616714550075],[-82.3167656059176,29.7615944534538],[-82.3166586066858,29.7614894529412],[-82.3165076052764,29.7612474520984],[-82.3164126057402,29.7611544520186],[-82.316280606394,29.7610774524071],[-82.3162196062946,29.761056452361],[-82.3161896070557,29.7610104509449],[-82.3161996062031,29.7609524518079],[-82.3161266046116,29.7611014516745],[-82.3160026056613,29.7614584509196],[-82.3159726064224,29.7615674511936],[-82.3158066049444,29.762164450863],[-82.3156976051645,29.7625414510111],[-82.3155796051637,29.7628934504046],[-82.315424605353,29.7634444504527],[-82.3154046052615,29.7637064512269],[-82.3154166049571,29.7639764513616],[-82.3154936040517,29.7642714513267],[-82.3155686043947,29.76448645197],[-82.3151766047576,29.7646694514179],[-82.3146036044721,29.7647074496079],[-82.3143896042119,29.7647734488926],[-82.3124916041537,29.7657524433145],[-82.3123526042366,29.7657914431283],[-82.3119426050561,29.7657084411069],[-82.3115396037516,29.7657254398355],[-82.3110536035048,29.7657964384845],[-82.3106506057936,29.7658954378789],[-82.3102846042991,29.7660824358613],[-82.3097676040901,29.7662864352472],[-82.3093836048489,29.7663964338568],[-82.309584603792,29.7666934338663],[-82.3097046034426,29.766968435285],[-82.3097046034426,29.7671394363593],[-82.3096856031761,29.7672324355624],[-82.3092126042464,29.7676504337991],[-82.308891603856,29.7680464328179],[-82.3088156018914,29.7680794337052],[-82.3086766037708,29.7680684318511],[-82.3085006031454,29.76818443199],[-82.3082356037299,29.768195431492],[-82.3081166048025,29.7681064303115],[-82.3079296034081,29.7680024308382],[-82.3078676034838,29.7679614294191],[-82.307605603543,29.7677764280564],[-82.3068196037206,29.7672574260181],[-82.3066316042979,29.7671584256304],[-82.30642860301,29.7671584248506],[-82.3057356048706,29.7672304221649],[-82.3052846038856,29.7672984207073],[-82.3042776041302,29.7673814198517],[-82.3038316040663,29.7674124161418],[-82.303556604605,29.7674454156783],[-82.3027386031989,29.7675364129027],[-82.3020966033165,29.7675984108357],[-82.3017856029718,29.7676334104443],[-82.3017736041746,29.7676004101899],[-82.3015602030906,29.7676291084032],[-82.3015264497922,29.7675388910428],[-82.3014836046447,29.7676394092843],[-82.3014836037464,29.7676664091283],[-82.3010526046495,29.7677004074775],[-82.3008656041534,29.7677214069108],[-82.3008716040012,29.7677764062227],[-82.300834603293,29.7678154068081],[-82.300758603125,29.7678424066048],[-82.3005436039381,29.7678094064192],[-82.300512603976,29.7677824058339],[-82.3003686040359,29.7678234049869],[-82.3001866035628,29.7679434056638],[-82.2999616034319,29.7681284043787],[-82.2997186028593,29.7683064035026],[-82.2994646033144,29.7684304030558],[-82.2992766038917,29.7684254031522],[-82.298962603174,29.7683374018457],[-82.2986366036591,29.7682354003942],[-82.2979931215565,29.7676400214108],[-82.2996159909993,29.7645914540207],[-82.3000903544699,29.7637003429781],[-82.3009996597432,29.7619922637645],[-82.3036583972014,29.756997802997],[-82.3081530126227,29.7423360195763],[-82.3126993970554,29.7275006796979],[-82.3132198854226,29.7258020166263],[-82.3145742672916,29.7213815112011],[-82.3157341612067,29.7175953964621],[-82.3163792342257,29.7154896441062],[-82.3167959537028,29.7141293057795],[-82.3169917343325,29.7134902216837],[-82.3170335158747,29.7119302141857],[-82.3170338428614,29.7119181723888],[-82.317094846554,29.7096412403359],[-82.3171594551859,29.7072285020317],[-82.3171999674086,29.7057735623202],[-82.3171767639248,29.703177315453],[-82.3171834554754,29.7028751155659],[-82.3172284341216,29.7008242621848],[-82.3172321459604,29.7006549887538],[-82.3173280824395,29.6982138705159],[-82.3173297209666,29.6981721757306],[-82.317469322755,29.6976900457947],[-82.3174695293675,29.6976892795177],[-82.3174697683193,29.6976884578376],[-82.3177942577663,29.6965680233624],[-82.3177962008222,29.6965613171922],[-82.3183472004681,29.6950271460914],[-82.3185478167289,29.6945619587888],[-82.3188468613954,29.6938685468925],[-82.318951728925,29.6934198837294],[-82.3191264198067,29.6926724387325],[-82.3193116964358,29.6926613802237],[-82.3224688883839,29.6927087903233],[-82.3245505840362,29.6927146001153],[-82.3285146553489,29.692752219778],[-82.328994220065,29.6927567638215],[-82.3305814407641,29.6927717756293],[-82.3299492621627,29.6922310978589],[-82.3304941954854,29.69224678242],[-82.3321198488073,29.6922080521079],[-82.3326817261529,29.6919539577609],[-82.3316851154137,29.6903937335738],[-82.3314391072816,29.690008579617],[-82.3312882451111,29.6897724027983],[-82.3310902743888,29.6894402885969],[-82.3309064530305,29.6890671567946],[-82.3308106486038,29.688825080343],[-82.3306776476361,29.6884666496712],[-82.330677650331,29.6884661275872],[-82.3426564582693,29.6885525023988]]]},"properties":{"OBJECTID":18,"code_elem":null,"link":null,"Facility":"Norton Elementary School","Address":null,"Descrip":null,"EntityID":null,"Entity":null,"Label":"Norton Elementary","Capacity2025":679,"Attendance2025":485,"PctCap2025":71,"Shape__Area":92540393.58984375,"Shape__Length":56031.1079183277}},{"type":"Feature","id":19,"geometry":{"type":"Polygon","coordinates":[[[-82.582225947044,29.7129973984666],[-82.5822223160536,29.7129887288395],[-82.5822039832353,29.712472532031],[-82.5821850027316,29.7118736074287],[-82.58219628108,29.7095925648915],[-82.5821980049471,29.7092438395111],[-82.5821931791974,29.7092438699402],[-82.5821925297154,29.7091707410012],[-82.5821905309639,29.7092327399137],[-82.5786722540008,29.7092547713571],[-82.5780304355781,29.7092700818693],[-82.578030455341,29.7092587794142],[-82.5780368504475,29.7056491591314],[-82.5738607300154,29.7056495640869],[-82.5738568816327,29.7020019755071],[-82.5738495136507,29.7020018912359],[-82.5738494992777,29.7019907643082],[-82.5718364968969,29.701970770168],[-82.5698044960461,29.7019517763554],[-82.569686956881,29.6983252110282],[-82.5696800775826,29.6983251532847],[-82.568855293896,29.6983182217198],[-82.5684893471988,29.6983256714158],[-82.5681084022295,29.6983334262155],[-82.5680819163017,29.6983686380551],[-82.5675145268935,29.6983371178995],[-82.566500480753,29.6982807843948],[-82.5655424814014,29.6982767876042],[-82.5652094804172,29.6982757887968],[-82.5636734789606,29.6982537939608],[-82.563513479127,29.6982537939608],[-82.5610724780223,29.6982508014391],[-82.5590224776282,29.6982288081583],[-82.5588734758687,29.698217808785],[-82.558721476431,29.6982158096082],[-82.5583724764516,29.6982018106875],[-82.558031476868,29.6982038122055],[-82.5577504766606,29.6981838126297],[-82.5577010217093,29.698177907955],[-82.5570908823751,29.6980279531377],[-82.5570639221367,29.6980277440118],[-82.5569991041974,29.6980272539706],[-82.5569905172016,29.6980253975887],[-82.5569974701619,29.6967648142216],[-82.557004468038,29.6961848134759],[-82.5570674606007,29.6941188118995],[-82.5570724588269,29.6935918116328],[-82.5570814500646,29.6910018089631],[-82.5570823268203,29.6907507776662],[-82.5571064241278,29.683847804976],[-82.5571094209076,29.6831298040966],[-82.5571024185399,29.6823918039545],[-82.5570994109804,29.6803878024353],[-82.557099410082,29.6801628025966],[-82.5571054072349,29.6792488021078],[-82.5571054036416,29.67828680122],[-82.5571064016699,29.6777478008189],[-82.5571073943083,29.6754247989915],[-82.557107390715,29.6747357983571],[-82.5571083842517,29.6729357983132],[-82.5571083833534,29.6727587976226],[-82.5571083806585,29.6720917972395],[-82.5571003766693,29.6709427972192],[-82.5571013755959,29.6706157965215],[-82.5571033734491,29.6700157957989],[-82.5571013720026,29.6694217962094],[-82.5570983680363,29.6684967945875],[-82.5571223656308,29.667979794692],[-82.557142364824,29.667560794219],[-82.5571293635069,29.6669937937972],[-82.5571343599365,29.6661247935666],[-82.5571333601116,29.6660527923897],[-82.5571303588402,29.6659177929713],[-82.557125357919,29.665668792528],[-82.5571243580941,29.6655977924987],[-82.5571233582692,29.6655477921621],[-82.5571223566477,29.6655217936321],[-82.5571163567999,29.6651837918354],[-82.5571173557265,29.6650527924849],[-82.5571213532295,29.6646517916905],[-82.5571213532295,29.6645827923504],[-82.5571183519581,29.6641997922678],[-82.5570743524755,29.6642607916815],[-82.5570703504809,29.6636327924153],[-82.5570763485321,29.6629337912221],[-82.5570983437818,29.6618897906374],[-82.5570933437589,29.6614557896872],[-82.5570633409268,29.6609727904575],[-82.5570553396325,29.6605057906669],[-82.5570453377902,29.6600397894574],[-82.5570413348972,29.6594587891645],[-82.5569343356654,29.6594747895251],[-82.556841335779,29.65948178856],[-82.5570089766824,29.6545837588257],[-82.5568221172218,29.6111900804841],[-82.5594322001276,29.6111086430921],[-82.5646757104585,29.6110235279281],[-82.5661593140828,29.6109407548988],[-82.5866259518995,29.6105390035892],[-82.6060880513446,29.6101503105944],[-82.6395407843158,29.6093359971686],[-82.6562942260241,29.6072964124832],[-82.6562763764994,29.6217831228391],[-82.6562834183929,29.6364814180088],[-82.6564028422234,29.6516383222336],[-82.6565223019865,29.6667952266296],[-82.6566417985806,29.6819521310095],[-82.6568468453324,29.6966075978729],[-82.6570412434548,29.7185714976574],[-82.6486731212746,29.7188347453633],[-82.6447028075689,29.718957854317],[-82.640256507137,29.7190946642308],[-82.6361859863614,29.7191802528338],[-82.6320369438468,29.7192673977734],[-82.6278802872119,29.719499095814],[-82.6237473622702,29.71972935472],[-82.6174836280847,29.7217402059064],[-82.6171687164753,29.7217481804566],[-82.6113817586352,29.7219125300062],[-82.6113987772183,29.7243924859146],[-82.6097762006262,29.7244433782909],[-82.6097620018548,29.7223710086555],[-82.6088472806387,29.7223969573737],[-82.6088444698102,29.7219845028665],[-82.6073459775083,29.7220269858417],[-82.6071878317975,29.7220257664926],[-82.6071692636206,29.7186140585329],[-82.6071378881626,29.7128611451113],[-82.6057605992538,29.7128642222399],[-82.6053933329314,29.7128650274115],[-82.6029662152894,29.712838045578],[-82.5976498075716,29.7128829580814],[-82.5938156793614,29.7129055426693],[-82.5904751394671,29.7129098213117],[-82.5874890936486,29.7129221477644],[-82.5839736284124,29.7129577999859],[-82.5822265578984,29.7129973953458],[-82.582225947044,29.7129973984666]]]},"properties":{"OBJECTID":19,"code_elem":null,"link":null,"Facility":"Newberry K-8","Address":null,"Descrip":null,"EntityID":null,"Entity":null,"Label":"Oakview K-8","Capacity2025":null,"Attendance2025":null,"PctCap2025":null,"Shape__Area":147200743.12304688,"Shape__Length":51396.302119680666}},{"type":"Feature","id":20,"geometry":{"type":"Polygon","coordinates":[[[-82.3306776494327,29.6884661275872],[-82.3306776476361,29.6884666496712],[-82.3308106486038,29.688825080343],[-82.3309064530305,29.6890671567946],[-82.3310902743888,29.6894402885969],[-82.3312882451111,29.6897724027983],[-82.3314391072816,29.690008579617],[-82.3316851154137,29.6903937335738],[-82.3326817261529,29.6919539577609],[-82.3321198488073,29.6922080521079],[-82.3304941954854,29.69224678242],[-82.3299492621627,29.6922310978589],[-82.3305814407641,29.6927717756293],[-82.328994220065,29.6927567638215],[-82.3285146553489,29.692752219778],[-82.3245505840362,29.6927146001153],[-82.3237214093845,29.6927122863432],[-82.3224688883839,29.6927087903233],[-82.321307906609,29.6926913562634],[-82.3195175911972,29.6926644720177],[-82.3191264198067,29.6926724387325],[-82.318951728925,29.6934198837294],[-82.3188468613954,29.6938685468925],[-82.3185478167289,29.6945619587888],[-82.3183472004681,29.6950271460914],[-82.3177962008222,29.6965613171922],[-82.3177942577663,29.6965680233624],[-82.3174697683193,29.6976884578376],[-82.3174695293675,29.6976892795177],[-82.317469322755,29.6976900457947],[-82.3173297209666,29.6981721757306],[-82.3173280824395,29.6982138705159],[-82.3172321459604,29.7006549887538],[-82.3172284341216,29.7008242621848],[-82.3171834554754,29.7028751155659],[-82.3171767639248,29.703177315453],[-82.3128964658691,29.7031270927],[-82.3114298377087,29.703109863321],[-82.3059365472199,29.7030366027293],[-82.3057634625259,29.7030372854755],[-82.2892031954346,29.7031015993666],[-82.2882952457191,29.7030942889148],[-82.2849475390655,29.7030673060165],[-82.2773904419749,29.703006077337],[-82.277121130646,29.7030038870864],[-82.2773521926084,29.7026744282334],[-82.2775035497506,29.7024522498675],[-82.2792279656515,29.6999208323477],[-82.2797226840482,29.6991593799654],[-82.2816775312941,29.6962639151829],[-82.2826623166109,29.6948188838759],[-82.28352977207,29.6935322252879],[-82.283770146867,29.6931756842649],[-82.2845518527424,29.6920548607835],[-82.2849629218164,29.6914506077827],[-82.2853710255517,29.6908463035454],[-82.2862729152323,29.6895220918485],[-82.287368691894,29.6878786854367],[-82.2880133103654,29.686909042672],[-82.288504697809,29.6860601720584],[-82.2890766991679,29.6850720321643],[-82.2968697576324,29.6737919315522],[-82.3024270054746,29.6737639542222],[-82.3207390565402,29.6738480774133],[-82.3307335632709,29.6739245531225],[-82.3317582283964,29.6739312108507],[-82.3331963503179,29.6739405543043],[-82.3391150092635,29.6739788186682],[-82.3389524016206,29.6885257941953],[-82.3306776494327,29.6884661275872]]]},"properties":{"OBJECTID":20,"code_elem":null,"link":null,"Facility":"Rawlings Elementary School","Address":null,"Descrip":null,"EntityID":null,"Entity":null,"Label":"Rawlings Elementary","Capacity2025":null,"Attendance2025":null,"PctCap2025":null,"Shape__Area":18127841.166015625,"Shape__Length":19851.415995978805}}]}